hitter_id,player,team,opponent,game_start_time,game_status,batting_order,pitcher,pitcher_id,pitcher_hand,hitter_hand,barrel_pct,iso,avg_exit_velocity,ev50,xslg,xiso,xwoba,bat_speed,fast_swing_pct,pull_pct,fb_pct,hard_hit_pct,hr_total,pitcher_barrel_pct_allowed,pitcher_hard_hit_pct_allowed,pitcher_avg_exit_velocity_allowed,pitcher_xslg_allowed,pitcher_xiso_allowed,pitcher_fb_pct_allowed,pitcher_hr_allowed,pitcher_hr_allowed_vs_lhh,pitcher_hr_allowed_vs_rhh,ballpark,park_hr_factor,weather_temp,wind_speed,wind_direction,weather_source,weather_url,weather_humidity,weather_precip_pct,confirmed_lineup,rotowire_confirmed_lineup,rotowire_batting_order,rotowire_player_found,lineup_disagreement,lineup_sources_used,source_warnings,stat_years_used,bvp_pa,bvp_hr,bvp_note,recent_games,recent_hits,recent_abs,recent_hr,recent_form_note,split_matchup_note,pitch_mix_note,public_attention,odds
695578,James Wood,WSH,DET,2026-09-23T17:10:00Z,Warmup,1,Framber Valdez,664285,L,L,18.29,0.2365,95.0,106.3577,0.5371,0.2687,0.3925,76.56,66.29,32.92,24.03,57.98,30.3,6.0,43.15,90.24,0.3826,0.1297,18.04,15.7,15.7,15.7,Comerica Park,100,59,4,In From LF,Open-Meteo forecast; MLB fallback,https://forecast.weather.gov/MapClick.php?lat=42.3390&lon=-83.0485,68,0,Yes,Yes,1,Yes,No,MLB Stats API; RotoWire,,H:2026/2025 P:2026/2025,,,Direct BvP not yet weighted; 2026/2025 Statcast baseline active,7,5,25,0,"Last 7 games: 5/25, 0 HR","same-side matchup; pitcher baseline 6.0% barrel, 15.7 HR allowed",EV profile; pitcher fly-ball pressure modest,,
665953,Andrés Chaparro,WSH,DET,2026-09-23T17:10:00Z,Warmup,2,Framber Valdez,664285,L,R,12.01,0.195,88.45,100.7392,0.4027,0.1876,0.3154,74.0,41.04,49.29,26.44,41.51,8.0,6.0,43.15,90.24,0.3826,0.1297,18.04,15.7,15.7,15.7,Comerica Park,100,59,4,In From LF,Open-Meteo forecast; MLB fallback,https://forecast.weather.gov/MapClick.php?lat=42.3390&lon=-83.0485,68,0,Yes,Yes,2,Yes,No,MLB Stats API; RotoWire,,H:2026/2025 P:2026/2025,,,Direct BvP not yet weighted; 2026/2025 Statcast baseline active,7,6,18,1,Contact streak: 6/18 over last 7 games,"platoon edge; pitcher baseline 6.0% barrel, 15.7 HR allowed",neutral batted-ball profile; pitcher fly-ball pressure modest,,
691781,Brady House,WSH,DET,2026-09-23T17:10:00Z,Warmup,3,Framber Valdez,664285,L,R,8.29,0.1335,90.01,101.9665,0.4176,0.1546,0.319,73.17,30.32,31.77,25.79,47.63,8.2,6.0,43.15,90.24,0.3826,0.1297,18.04,15.7,15.7,15.7,Comerica Park,100,59,4,In From LF,Open-Meteo forecast; MLB fallback,https://forecast.weather.gov/MapClick.php?lat=42.3390&lon=-83.0485,68,0,Yes,Yes,3,Yes,No,MLB Stats API; RotoWire,,H:2026/2025 P:2026/2025,,,Direct BvP not yet weighted; 2026/2025 Statcast baseline active,7,4,15,0,"Last 7 games: 4/15, 0 HR","platoon edge; pitcher baseline 6.0% barrel, 15.7 HR allowed",neutral batted-ball profile; pitcher fly-ball pressure modest,,
682928,CJ Abrams,WSH,DET,2026-09-23T17:10:00Z,Warmup,4,Framber Valdez,664285,L,L,9.49,0.2201,89.33,99.8793,0.4248,0.1784,0.3244,72.82,26.98,44.36,28.59,40.32,28.8,6.0,43.15,90.24,0.3826,0.1297,18.04,15.7,15.7,15.7,Comerica Park,100,59,4,In From LF,Open-Meteo forecast; MLB fallback,https://forecast.weather.gov/MapClick.php?lat=42.3390&lon=-83.0485,68,0,Yes,Yes,4,Yes,No,MLB Stats API; RotoWire,,H:2026/2025 P:2026/2025,,,Direct BvP not yet weighted; 2026/2025 Statcast baseline active,7,7,28,3,Hot streak: 3 HR in last 7 games,"same-side matchup; pitcher baseline 6.0% barrel, 15.7 HR allowed",neutral batted-ball profile; pitcher fly-ball pressure modest,,
686611,Dylan Crews,WSH,DET,2026-09-23T17:10:00Z,Warmup,5,Framber Valdez,664285,L,R,9.52,0.1454,89.98,100.9906,0.4126,0.172,0.3147,73.83,37.44,34.08,26.65,41.5,11.4,6.0,43.15,90.24,0.3826,0.1297,18.04,15.7,15.7,15.7,Comerica Park,100,59,4,In From LF,Open-Meteo forecast; MLB fallback,https://forecast.weather.gov/MapClick.php?lat=42.3390&lon=-83.0485,68,0,Yes,Yes,5,Yes,No,MLB Stats API; RotoWire,,H:2026/2025 P:2026/2025,,,Direct BvP not yet weighted; 2026/2025 Statcast baseline active,7,7,27,1,"Last 7 games: 7/27, 1 HR","platoon edge; pitcher baseline 6.0% barrel, 15.7 HR allowed",neutral batted-ball profile; pitcher fly-ball pressure modest,,
691002,Yohandy Morales,WSH,DET,2026-09-23T17:10:00Z,Warmup,6,Framber Valdez,664285,L,R,14.3,0.333,92.2,103.7639,0.493,0.208,0.331,73.5,34.9,50.0,32.1,64.3,3.0,6.0,43.15,90.24,0.3826,0.1297,18.04,15.7,15.7,15.7,Comerica Park,100,59,4,In From LF,Open-Meteo forecast; MLB fallback,https://forecast.weather.gov/MapClick.php?lat=42.3390&lon=-83.0485,68,0,Yes,Yes,6,Yes,No,MLB Stats API; RotoWire,,H:2026 P:2026/2025,,,Direct BvP not yet weighted; 2026/2025 Statcast baseline active,7,5,20,1,"Last 7 games: 5/20, 1 HR","platoon edge; pitcher baseline 6.0% barrel, 15.7 HR allowed",lift-pull EV profile; pitcher fly-ball pressure modest,,
695670,Harry Ford,WSH,DET,2026-09-23T17:10:00Z,Warmup,7,Framber Valdez,664285,L,R,14.71,0.1106,87.46,99.2332,0.3574,0.1717,0.2856,69.62,5.49,33.26,36.63,38.66,2.1,6.0,43.15,90.24,0.3826,0.1297,18.04,15.7,15.7,15.7,Comerica Park,100,59,4,In From LF,Open-Meteo forecast; MLB fallback,https://forecast.weather.gov/MapClick.php?lat=42.3390&lon=-83.0485,68,0,Yes,Yes,7,Yes,No,MLB Stats API; RotoWire,,H:2026/2025 P:2026/2025,,,Direct BvP not yet weighted; 2026/2025 Statcast baseline active,7,2,12,0,"Last 7 games: 2/12, 0 HR","platoon edge; pitcher baseline 6.0% barrel, 15.7 HR allowed",fly-ball profile; pitcher fly-ball pressure modest,,
696285,Jacob Young,WSH,DET,2026-09-23T17:10:00Z,Warmup,8,Framber Valdez,664285,L,R,4.49,0.1162,87.74,97.8388,0.3689,0.1097,0.3096,69.21,2.3,35.0,24.21,32.1,7.6,6.0,43.15,90.24,0.3826,0.1297,18.04,15.7,15.7,15.7,Comerica Park,100,59,4,In From LF,Open-Meteo forecast; MLB fallback,https://forecast.weather.gov/MapClick.php?lat=42.3390&lon=-83.0485,68,0,Yes,Yes,8,Yes,No,MLB Stats API; RotoWire,,H:2026/2025 P:2026/2025,,,Direct BvP not yet weighted; 2026/2025 Statcast baseline active,7,6,18,0,Contact streak: 6/18 over last 7 games,"platoon edge; pitcher baseline 6.0% barrel, 15.7 HR allowed",neutral batted-ball profile; pitcher fly-ball pressure modest,,
683083,Nasim Nuñez,WSH,DET,2026-09-23T17:10:00Z,Warmup,9,Framber Valdez,664285,L,S,2.04,0.0741,86.08,96.0731,0.3012,0.0748,0.275,68.6,4.56,30.8,19.66,27.64,1.9,6.0,43.15,90.24,0.3826,0.1297,18.04,15.7,15.7,15.7,Comerica Park,100,59,4,In From LF,Open-Meteo forecast; MLB fallback,https://forecast.weather.gov/MapClick.php?lat=42.3390&lon=-83.0485,68,0,Yes,Yes,9,Yes,No,MLB Stats API; RotoWire,,H:2026/2025 P:2026/2025,,,Direct BvP not yet weighted; 2026/2025 Statcast baseline active,7,2,15,0,"Last 7 games: 2/15, 0 HR","switch hitter; pitcher baseline 6.0% barrel, 15.7 HR allowed",neutral batted-ball profile; pitcher fly-ball pressure modest,,
805808,Kevin McGonigle,DET,WSH,2026-09-23T17:10:00Z,Warmup,1,Richard Lovelady,663992,L,L,7.1,0.149,87.9,98.3944,0.446,0.18,0.357,71.3,15.9,37.2,35.4,37.3,17.0,8.35,35.23,87.52,0.4319,0.1597,20.0,3.7,3.7,3.7,Comerica Park,100,59,4,In From LF,Open-Meteo forecast; MLB fallback,https://forecast.weather.gov/MapClick.php?lat=42.3390&lon=-83.0485,68,0,Yes,Yes,1,Yes,No,MLB Stats API; RotoWire,,H:2026 P:2026/2025,,,Direct BvP not yet weighted; 2026/2025 Statcast baseline active,7,9,28,0,Contact streak: 9/28 over last 7 games,"same-side matchup; pitcher baseline 8.3% barrel, 3.7 HR allowed",fly-ball profile; pitcher fly-ball pressure modest,,
701678,Hao-Yu Lee,DET,WSH,2026-09-23T17:10:00Z,Warmup,2,Richard Lovelady,663992,L,R,9.0,0.167,89.8,100.451,0.4,0.165,0.304,71.4,21.5,27.0,26.6,42.1,10.0,8.35,35.23,87.52,0.4319,0.1597,20.0,3.7,3.7,3.7,Comerica Park,100,59,4,In From LF,Open-Meteo forecast; MLB fallback,https://forecast.weather.gov/MapClick.php?lat=42.3390&lon=-83.0485,68,0,Yes,Yes,2,Yes,No,MLB Stats API; RotoWire,,H:2026 P:2026/2025,,,Direct BvP not yet weighted; 2026/2025 Statcast baseline active,7,12,31,2,Hot streak: 2 HR in last 7 games,"platoon edge; pitcher baseline 8.3% barrel, 3.7 HR allowed",neutral batted-ball profile; pitcher fly-ball pressure modest,,
701162,Ben Malgeri,DET,WSH,2026-09-23T17:10:00Z,Warmup,3,Richard Lovelady,663992,L,R,6.5,0.153,89.6,99.9911,0.341,0.103,0.315,68.7,3.0,36.4,24.7,40.3,4.0,8.35,35.23,87.52,0.4319,0.1597,20.0,3.7,3.7,3.7,Comerica Park,100,59,4,In From LF,Open-Meteo forecast; MLB fallback,https://forecast.weather.gov/MapClick.php?lat=42.3390&lon=-83.0485,68,0,Yes,Yes,3,Yes,No,MLB Stats API; RotoWire,,H:2026 P:2026/2025,,,Direct BvP not yet weighted; 2026/2025 Statcast baseline active,7,4,12,1,Contact streak: 4/12 over last 7 games,"platoon edge; pitcher baseline 8.3% barrel, 3.7 HR allowed",neutral batted-ball profile; pitcher fly-ball pressure modest,,
682985,Riley Greene,DET,WSH,2026-09-23T17:10:00Z,Warmup,4,Richard Lovelady,663992,L,L,15.77,0.2084,90.04,102.5068,0.5015,0.2452,0.3607,75.6,58.36,39.12,33.17,46.34,25.5,8.35,35.23,87.52,0.4319,0.1597,20.0,3.7,3.7,3.7,Comerica Park,100,59,4,In From LF,Open-Meteo forecast; MLB fallback,https://forecast.weather.gov/MapClick.php?lat=42.3390&lon=-83.0485,68,0,Yes,Yes,4,Yes,No,MLB Stats API; RotoWire,,H:2026/2025 P:2026/2025,,,Direct BvP not yet weighted; 2026/2025 Statcast baseline active,7,7,25,1,"Last 7 games: 7/25, 1 HR","same-side matchup; pitcher baseline 8.3% barrel, 3.7 HR allowed",neutral batted-ball profile; pitcher fly-ball pressure modest,,
693307,Dillon Dingler,DET,WSH,2026-09-23T17:10:00Z,Warmup,5,Richard Lovelady,663992,L,R,9.83,0.1897,89.02,100.5314,0.4657,0.1955,0.3427,71.77,15.9,41.36,28.36,43.67,22.8,8.35,35.23,87.52,0.4319,0.1597,20.0,3.7,3.7,3.7,Comerica Park,100,59,4,In From LF,Open-Meteo forecast; MLB fallback,https://forecast.weather.gov/MapClick.php?lat=42.3390&lon=-83.0485,68,0,Yes,Yes,5,Yes,No,MLB Stats API; RotoWire,,H:2026/2025 P:2026/2025,,,Direct BvP not yet weighted; 2026/2025 Statcast baseline active,7,6,26,0,"Last 7 games: 6/26, 0 HR","platoon edge; pitcher baseline 8.3% barrel, 3.7 HR allowed",neutral batted-ball profile; pitcher fly-ball pressure modest,,
703601,Max Clark,DET,WSH,2026-09-23T17:10:00Z,Warmup,6,Richard Lovelady,663992,L,L,2.3,0.153,87.5,98.3617,0.36,0.085,0.326,73.5,30.6,34.6,26.2,38.5,3.0,8.35,35.23,87.52,0.4319,0.1597,20.0,3.7,3.7,3.7,Comerica Park,100,59,4,In From LF,Open-Meteo forecast; MLB fallback,https://forecast.weather.gov/MapClick.php?lat=42.3390&lon=-83.0485,68,0,Yes,Yes,6,Yes,No,MLB Stats API; RotoWire,,H:2026 P:2026/2025,,,Direct BvP not yet weighted; 2026/2025 Statcast baseline active,7,8,25,0,Contact streak: 8/25 over last 7 games,"same-side matchup; pitcher baseline 8.3% barrel, 3.7 HR allowed",neutral batted-ball profile; pitcher fly-ball pressure modest,,
679529,Spencer Torkelson,DET,WSH,2026-09-23T17:10:00Z,Warmup,7,Richard Lovelady,663992,L,R,12.52,0.2034,89.71,100.2128,0.4126,0.1964,0.3207,73.07,25.88,48.26,36.04,42.86,26.8,8.35,35.23,87.52,0.4319,0.1597,20.0,3.7,3.7,3.7,Comerica Park,100,59,4,In From LF,Open-Meteo forecast; MLB fallback,https://forecast.weather.gov/MapClick.php?lat=42.3390&lon=-83.0485,68,0,Yes,Yes,7,Yes,No,MLB Stats API; RotoWire,,H:2026/2025 P:2026/2025,,,Direct BvP not yet weighted; 2026/2025 Statcast baseline active,7,6,17,1,Contact streak: 6/17 over last 7 games,"platoon edge; pitcher baseline 8.3% barrel, 3.7 HR allowed",fly-ball profile; pitcher fly-ball pressure modest,,
807726,John Peck,DET,WSH,2026-09-23T17:10:00Z,Warmup,8,Richard Lovelady,663992,L,R,9.1,0.017,89.6,99.7214,0.37,0.137,0.326,72.1,16.7,24.4,17.8,42.2,0.0,8.35,35.23,87.52,0.4319,0.1597,20.0,3.7,3.7,3.7,Comerica Park,100,59,4,In From LF,Open-Meteo forecast; MLB fallback,https://forecast.weather.gov/MapClick.php?lat=42.3390&lon=-83.0485,68,0,Yes,Yes,8,Yes,No,MLB Stats API; RotoWire,,H:2026 P:2026/2025,,,Direct BvP not yet weighted; 2026/2025 Statcast baseline active,7,1,22,0,"Last 7 games: 1/22, 0 HR","platoon edge; pitcher baseline 8.3% barrel, 3.7 HR allowed",neutral batted-ball profile; pitcher fly-ball pressure modest,,
656716,Zach McKinstry,DET,WSH,2026-09-23T17:10:00Z,Warmup,9,Richard Lovelady,663992,L,L,3.23,0.1202,85.7,95.6671,0.3258,0.0886,0.2896,67.85,3.65,40.61,26.67,24.83,6.4,8.35,35.23,87.52,0.4319,0.1597,20.0,3.7,3.7,3.7,Comerica Park,100,59,4,In From LF,Open-Meteo forecast; MLB fallback,https://forecast.weather.gov/MapClick.php?lat=42.3390&lon=-83.0485,68,0,Yes,Yes,9,Yes,No,MLB Stats API; RotoWire,,H:2026/2025 P:2026/2025,,,Direct BvP not yet weighted; 2026/2025 Statcast baseline active,7,0,13,0,"Last 7 games: 0/13, 0 HR","same-side matchup; pitcher baseline 8.3% barrel, 3.7 HR allowed",neutral batted-ball profile; pitcher fly-ball pressure modest,,
664770,Nathan Lukes,TOR,BAL,2026-09-23T17:35:00Z,Pre-Game,1,Chris Bassitt,605135,R,L,3.26,0.124,87.13,96.9445,0.3584,0.1029,0.2968,67.3,3.69,31.98,21.02,31.26,10.6,6.05,37.02,87.98,0.407,0.1364,23.77,13.6,13.6,13.6,Oriole Park at Camden Yards,108,59,8,In From CF,Open-Meteo forecast; MLB fallback,https://forecast.weather.gov/MapClick.php?lat=39.2840&lon=-76.6217,92,58,Yes,No,5,Yes,Yes,MLB Stats API; RotoWire,RotoWire not confirmed; order MLB 1 vs RotoWire 5,H:2026/2025 P:2026/2025,,,Direct BvP not yet weighted; 2026/2025 Statcast baseline active,7,6,20,0,"Last 7 games: 6/20, 0 HR","platoon edge; pitcher baseline 6.0% barrel, 13.6 HR allowed",neutral batted-ball profile; pitcher fly-ball pressure modest,,
669701,Josh Smith,TOR,BAL,2026-09-23T17:35:00Z,Pre-Game,2,Chris Bassitt,605135,R,L,6.19,0.1192,86.15,97.1474,0.3359,0.1176,0.2897,68.86,2.9,36.58,29.63,30.82,7.2,6.05,37.02,87.98,0.407,0.1364,23.77,13.6,13.6,13.6,Oriole Park at Camden Yards,108,59,8,In From CF,Open-Meteo forecast; MLB fallback,https://forecast.weather.gov/MapClick.php?lat=39.2840&lon=-76.6217,92,58,Yes,No,7,Yes,Yes,MLB Stats API; RotoWire,RotoWire not confirmed; order MLB 2 vs RotoWire 7,H:2026/2025 P:2026/2025,,,Direct BvP not yet weighted; 2026/2025 Statcast baseline active,7,1,18,0,"Last 7 games: 1/18, 0 HR","platoon edge; pitcher baseline 6.0% barrel, 13.6 HR allowed",neutral batted-ball profile; pitcher fly-ball pressure modest,,
672960,Kazuma Okamoto,TOR,BAL,2026-09-23T17:35:00Z,Pre-Game,3,Chris Bassitt,605135,R,R,13.2,0.223,90.6,101.3198,0.447,0.223,0.328,73.0,33.4,51.1,33.9,44.2,33.0,6.05,37.02,87.98,0.407,0.1364,23.77,13.6,13.6,13.6,Oriole Park at Camden Yards,108,59,8,In From CF,Open-Meteo forecast; MLB fallback,https://forecast.weather.gov/MapClick.php?lat=39.2840&lon=-76.6217,92,58,Yes,No,6,Yes,Yes,MLB Stats API; RotoWire,RotoWire not confirmed; order MLB 3 vs RotoWire 6,H:2026 P:2026/2025,,,Direct BvP not yet weighted; 2026/2025 Statcast baseline active,7,6,27,1,"Last 7 games: 6/27, 1 HR","same-side matchup; pitcher baseline 6.0% barrel, 13.6 HR allowed",neutral batted-ball profile; pitcher fly-ball pressure modest,,
543807,George Springer,TOR,BAL,2026-09-23T17:35:00Z,Pre-Game,4,Chris Bassitt,605135,R,R,9.34,0.1852,88.88,100.2657,0.4331,0.182,0.334,73.31,36.56,41.44,26.72,40.88,20.1,6.05,37.02,87.98,0.407,0.1364,23.77,13.6,13.6,13.6,Oriole Park at Camden Yards,108,59,8,In From CF,Open-Meteo forecast; MLB fallback,https://forecast.weather.gov/MapClick.php?lat=39.2840&lon=-76.6217,92,58,Yes,No,4,Yes,Yes,MLB Stats API; RotoWire,RotoWire not confirmed,H:2026/2025 P:2026/2025,,,Direct BvP not yet weighted; 2026/2025 Statcast baseline active,7,5,22,0,"Last 7 games: 5/22, 0 HR","same-side matchup; pitcher baseline 6.0% barrel, 13.6 HR allowed",neutral batted-ball profile; pitcher fly-ball pressure modest,,
815873,Sean Keys,TOR,BAL,2026-09-23T17:35:00Z,Pre-Game,5,Chris Bassitt,605135,R,L,9.4,0.157,91.0,101.8233,0.336,0.137,0.26,74.7,51.3,37.5,21.9,59.4,2.0,6.05,37.02,87.98,0.407,0.1364,23.77,13.6,13.6,13.6,Oriole Park at Camden Yards,108,59,8,In From CF,Open-Meteo forecast; MLB fallback,https://forecast.weather.gov/MapClick.php?lat=39.2840&lon=-76.6217,92,58,Yes,Yes,5,Yes,No,MLB Stats API; RotoWire,,H:2026 P:2026/2025,,,Direct BvP not yet weighted; 2026/2025 Statcast baseline active,7,2,10,1,"Last 7 games: 2/10, 1 HR","platoon edge; pitcher baseline 6.0% barrel, 13.6 HR allowed",neutral batted-ball profile; pitcher fly-ball pressure modest,,
665926,Andrés Giménez,TOR,BAL,2026-09-23T17:35:00Z,Pre-Game,6,Chris Bassitt,605135,R,L,3.14,0.1107,85.6,96.0197,0.34,0.0992,0.2835,68.53,5.07,38.59,23.58,25.6,8.4,6.05,37.02,87.98,0.407,0.1364,23.77,13.6,13.6,13.6,Oriole Park at Camden Yards,108,59,8,In From CF,Open-Meteo forecast; MLB fallback,https://forecast.weather.gov/MapClick.php?lat=39.2840&lon=-76.6217,92,58,Yes,No,8,Yes,Yes,MLB Stats API; RotoWire,RotoWire not confirmed; order MLB 6 vs RotoWire 8,H:2026/2025 P:2026/2025,,,Direct BvP not yet weighted; 2026/2025 Statcast baseline active,7,6,25,0,"Last 7 games: 6/25, 0 HR","platoon edge; pitcher baseline 6.0% barrel, 13.6 HR allowed",neutral batted-ball profile; pitcher fly-ball pressure modest,,
678218,Brandon Valenzuela,TOR,BAL,2026-09-23T17:35:00Z,Pre-Game,7,Chris Bassitt,605135,R,S,6.6,0.142,88.1,99.2168,0.373,0.133,0.312,72.6,22.0,43.7,24.0,37.1,8.0,6.05,37.02,87.98,0.407,0.1364,23.77,13.6,13.6,13.6,Oriole Park at Camden Yards,108,59,8,In From CF,Open-Meteo forecast; MLB fallback,https://forecast.weather.gov/MapClick.php?lat=39.2840&lon=-76.6217,92,58,Yes,Yes,7,Yes,No,MLB Stats API; RotoWire,,H:2026 P:2026/2025,,,Direct BvP not yet weighted; 2026/2025 Statcast baseline active,7,3,16,0,"Last 7 games: 3/16, 0 HR","switch hitter; pitcher baseline 6.0% barrel, 13.6 HR allowed",neutral batted-ball profile; pitcher fly-ball pressure modest,,
664702,Myles Straw,TOR,BAL,2026-09-23T17:35:00Z,Pre-Game,8,Chris Bassitt,605135,R,R,3.13,0.1057,86.43,95.6934,0.3517,0.0997,0.2957,68.12,4.75,34.4,27.25,26.12,3.3,6.05,37.02,87.98,0.407,0.1364,23.77,13.6,13.6,13.6,Oriole Park at Camden Yards,108,59,8,In From CF,Open-Meteo forecast; MLB fallback,https://forecast.weather.gov/MapClick.php?lat=39.2840&lon=-76.6217,92,58,Yes,Yes,8,Yes,No,MLB Stats API; RotoWire,,H:2026/2025 P:2026/2025,,,Direct BvP not yet weighted; 2026/2025 Statcast baseline active,7,5,17,0,"Last 7 games: 5/17, 0 HR","same-side matchup; pitcher baseline 6.0% barrel, 13.6 HR allowed",neutral batted-ball profile; pitcher fly-ball pressure modest,,
676391,Ernie Clement,TOR,BAL,2026-09-23T17:35:00Z,Pre-Game,9,Chris Bassitt,605135,R,R,2.19,0.1105,84.85,94.5395,0.3324,0.0846,0.2687,67.39,2.68,40.1,28.25,22.08,9.0,6.05,37.02,87.98,0.407,0.1364,23.77,13.6,13.6,13.6,Oriole Park at Camden Yards,108,59,8,In From CF,Open-Meteo forecast; MLB fallback,https://forecast.weather.gov/MapClick.php?lat=39.2840&lon=-76.6217,92,58,Yes,No,9,Yes,Yes,MLB Stats API; RotoWire,RotoWire not confirmed,H:2026/2025 P:2026/2025,,,Direct BvP not yet weighted; 2026/2025 Statcast baseline active,7,2,23,0,"Last 7 games: 2/23, 0 HR","same-side matchup; pitcher baseline 6.0% barrel, 13.6 HR allowed",neutral batted-ball profile; pitcher fly-ball pressure modest,,
687637,Dylan Beavers,BAL,TOR,2026-09-23T17:35:00Z,Pre-Game,1,Max Scherzer,453286,R,L,7.97,0.145,88.03,99.1173,0.3786,0.16,0.3083,72.41,21.61,40.67,33.49,35.07,6.1,9.88,35.68,87.74,0.4291,0.1883,34.44,15.5,15.5,15.5,Oriole Park at Camden Yards,108,59,8,In From CF,Open-Meteo forecast; MLB fallback,https://forecast.weather.gov/MapClick.php?lat=39.2840&lon=-76.6217,92,58,Yes,No,1,Yes,Yes,MLB Stats API; RotoWire,RotoWire not confirmed,H:2026/2025 P:2026/2025,,,Direct BvP not yet weighted; 2026/2025 Statcast baseline active,7,3,27,0,"Last 7 games: 3/27, 0 HR","platoon edge; pitcher baseline 9.9% barrel, 15.5 HR allowed",neutral batted-ball profile; pitcher allows elevated contact,,
624413,Pete Alonso,BAL,TOR,2026-09-23T17:35:00Z,Pre-Game,2,Max Scherzer,453286,R,R,15.96,0.2471,93.78,104.285,0.558,0.278,0.3937,74.78,48.79,36.78,30.81,55.66,39.4,9.88,35.68,87.74,0.4291,0.1883,34.44,15.5,15.5,15.5,Oriole Park at Camden Yards,108,59,8,In From CF,Open-Meteo forecast; MLB fallback,https://forecast.weather.gov/MapClick.php?lat=39.2840&lon=-76.6217,92,58,Yes,No,2,Yes,Yes,MLB Stats API; RotoWire,RotoWire not confirmed,H:2026/2025 P:2026/2025,,,Direct BvP not yet weighted; 2026/2025 Statcast baseline active,7,5,27,5,Hot streak: 5 HR in last 7 games,"same-side matchup; pitcher baseline 9.9% barrel, 15.5 HR allowed",EV profile; pitcher allows elevated contact,,
683002,Gunnar Henderson,BAL,TOR,2026-09-23T17:35:00Z,Pre-Game,3,Max Scherzer,453286,R,L,8.04,0.1759,90.07,101.2442,0.4103,0.1546,0.3284,74.53,45.49,40.87,23.8,45.07,21.9,9.88,35.68,87.74,0.4291,0.1883,34.44,15.5,15.5,15.5,Oriole Park at Camden Yards,108,59,8,In From CF,Open-Meteo forecast; MLB fallback,https://forecast.weather.gov/MapClick.php?lat=39.2840&lon=-76.6217,92,58,Yes,No,3,Yes,Yes,MLB Stats API; RotoWire,RotoWire not confirmed,H:2026/2025 P:2026/2025,,,Direct BvP not yet weighted; 2026/2025 Statcast baseline active,7,9,29,2,Hot streak: 2 HR in last 7 games,"platoon edge; pitcher baseline 9.9% barrel, 15.5 HR allowed",neutral batted-ball profile; pitcher allows elevated contact,,
691723,Coby Mayo,BAL,TOR,2026-09-23T17:35:00Z,Pre-Game,4,Max Scherzer,453286,R,R,12.48,0.2186,90.1,102.4779,0.4435,0.2181,0.3213,75.47,55.72,49.48,33.76,44.19,20.1,9.88,35.68,87.74,0.4291,0.1883,34.44,15.5,15.5,15.5,Oriole Park at Camden Yards,108,59,8,In From CF,Open-Meteo forecast; MLB fallback,https://forecast.weather.gov/MapClick.php?lat=39.2840&lon=-76.6217,92,58,Yes,No,4,Yes,Yes,MLB Stats API; RotoWire,RotoWire not confirmed,H:2026/2025 P:2026/2025,,,Direct BvP not yet weighted; 2026/2025 Statcast baseline active,7,7,26,1,"Last 7 games: 7/26, 1 HR","same-side matchup; pitcher baseline 9.9% barrel, 15.5 HR allowed",neutral batted-ball profile; pitcher allows elevated contact,,
687952,Christian Encarnacion-Strand,BAL,TOR,2026-09-23T17:35:00Z,Pre-Game,5,Max Scherzer,453286,R,R,12.78,0.211,89.65,101.0555,0.4624,0.229,0.3154,73.53,35.5,44.83,32.31,40.78,8.8,9.88,35.68,87.74,0.4291,0.1883,34.44,15.5,15.5,15.5,Oriole Park at Camden Yards,108,59,8,In From CF,Open-Meteo forecast; MLB fallback,https://forecast.weather.gov/MapClick.php?lat=39.2840&lon=-76.6217,92,58,Yes,No,5,Yes,Yes,MLB Stats API; RotoWire,RotoWire not confirmed,H:2026/2025 P:2026/2025,,,Direct BvP not yet weighted; 2026/2025 Statcast baseline active,7,7,23,2,Hot streak: 2 HR in last 7 games,"same-side matchup; pitcher baseline 9.9% barrel, 15.5 HR allowed",neutral batted-ball profile; pitcher allows elevated contact,,
681297,Colton Cowser,BAL,TOR,2026-09-23T17:35:00Z,Pre-Game,6,Max Scherzer,453286,R,L,11.02,0.1561,88.8,100.825,0.4019,0.1883,0.3077,74.3,43.52,38.94,31.38,42.29,13.9,9.88,35.68,87.74,0.4291,0.1883,34.44,15.5,15.5,15.5,Oriole Park at Camden Yards,108,59,8,In From CF,Open-Meteo forecast; MLB fallback,https://forecast.weather.gov/MapClick.php?lat=39.2840&lon=-76.6217,92,58,Yes,No,6,Yes,Yes,MLB Stats API; RotoWire,RotoWire not confirmed,H:2026/2025 P:2026/2025,,,Direct BvP not yet weighted; 2026/2025 Statcast baseline active,7,7,21,0,Contact streak: 7/21 over last 7 games,"platoon edge; pitcher baseline 9.9% barrel, 15.5 HR allowed",neutral batted-ball profile; pitcher allows elevated contact,,
669236,Jeremiah Jackson,BAL,TOR,2026-09-23T17:35:00Z,Pre-Game,7,Max Scherzer,453286,R,R,7.71,0.1521,89.69,100.5035,0.3902,0.1566,0.2854,72.74,27.59,38.88,24.35,40.75,7.8,9.88,35.68,87.74,0.4291,0.1883,34.44,15.5,15.5,15.5,Oriole Park at Camden Yards,108,59,8,In From CF,Open-Meteo forecast; MLB fallback,https://forecast.weather.gov/MapClick.php?lat=39.2840&lon=-76.6217,92,58,Yes,No,7,Yes,Yes,MLB Stats API; RotoWire,RotoWire not confirmed,H:2026/2025 P:2026/2025,,,Direct BvP not yet weighted; 2026/2025 Statcast baseline active,7,3,23,2,Hot streak: 2 HR in last 7 games,"same-side matchup; pitcher baseline 9.9% barrel, 15.5 HR allowed",neutral batted-ball profile; pitcher allows elevated contact,,
665750,Leody Taveras,BAL,TOR,2026-09-23T17:35:00Z,Pre-Game,8,Max Scherzer,453286,R,S,4.65,0.1158,88.15,99.067,0.3152,0.1068,0.2592,72.46,25.37,34.14,25.15,33.52,6.5,9.88,35.68,87.74,0.4291,0.1883,34.44,15.5,15.5,15.5,Oriole Park at Camden Yards,108,59,8,In From CF,Open-Meteo forecast; MLB fallback,https://forecast.weather.gov/MapClick.php?lat=39.2840&lon=-76.6217,92,58,Yes,No,8,Yes,Yes,MLB Stats API; RotoWire,RotoWire not confirmed,H:2026/2025 P:2026/2025,,,Direct BvP not yet weighted; 2026/2025 Statcast baseline active,7,3,20,0,"Last 7 games: 3/20, 0 HR","switch hitter; pitcher baseline 9.9% barrel, 15.5 HR allowed",neutral batted-ball profile; pitcher allows elevated contact,,
665966,Carlos Narváez,BAL,TOR,2026-09-23T17:35:00Z,Pre-Game,9,Max Scherzer,453286,R,R,7.14,0.0996,90.89,100.0616,0.3257,0.1256,0.2699,72.09,19.81,32.51,29.68,39.49,6.6,9.88,35.68,87.74,0.4291,0.1883,34.44,15.5,15.5,15.5,Oriole Park at Camden Yards,108,59,8,In From CF,Open-Meteo forecast; MLB fallback,https://forecast.weather.gov/MapClick.php?lat=39.2840&lon=-76.6217,92,58,Yes,No,9,Yes,Yes,MLB Stats API; RotoWire,RotoWire not confirmed,H:2026/2025 P:2026/2025,,,Direct BvP not yet weighted; 2026/2025 Statcast baseline active,7,3,10,0,"Last 7 games: 3/10, 0 HR","same-side matchup; pitcher baseline 9.9% barrel, 15.5 HR allowed",neutral batted-ball profile; pitcher allows elevated contact,,
664770,Nathan Lukes,TOR,BAL,2026-09-23T22:35:00Z,Scheduled,1,,,,L,3.26,0.124,87.13,96.9445,0.3584,0.1029,0.2968,67.3,3.69,31.98,21.02,31.26,10.6,,,,,,,,,,Oriole Park at Camden Yards,108,59,8,41 deg,Open-Meteo forecast; MLB fallback,https://forecast.weather.gov/MapClick.php?lat=39.2840&lon=-76.6217,92,58,No,No,5,Yes,Yes,RotoWire projected lineup; MLB probable pitchers,lineup projected / unconfirmed; order MLB 1 vs RotoWire 5,H:2026/2025 P:,,,Direct BvP not yet weighted; 2026/2025 Statcast baseline active,7,6,20,0,"Last 7 games: 6/20, 0 HR","handedness incomplete; pitcher baseline 0.0% barrel, 0.0 HR allowed",neutral batted-ball profile; pitcher fly-ball pressure modest,,
669701,Josh Smith,TOR,BAL,2026-09-23T22:35:00Z,Scheduled,2,,,,L,6.19,0.1192,86.15,97.1474,0.3359,0.1176,0.2897,68.86,2.9,36.58,29.63,30.82,7.2,,,,,,,,,,Oriole Park at Camden Yards,108,59,8,41 deg,Open-Meteo forecast; MLB fallback,https://forecast.weather.gov/MapClick.php?lat=39.2840&lon=-76.6217,92,58,No,No,7,Yes,Yes,RotoWire projected lineup; MLB probable pitchers,lineup projected / unconfirmed; order MLB 2 vs RotoWire 7,H:2026/2025 P:,,,Direct BvP not yet weighted; 2026/2025 Statcast baseline active,7,1,18,0,"Last 7 games: 1/18, 0 HR","handedness incomplete; pitcher baseline 0.0% barrel, 0.0 HR allowed",neutral batted-ball profile; pitcher fly-ball pressure modest,,
672960,Kazuma Okamoto,TOR,BAL,2026-09-23T22:35:00Z,Scheduled,3,,,,R,13.2,0.223,90.6,101.3198,0.447,0.223,0.328,73.0,33.4,51.1,33.9,44.2,33.0,,,,,,,,,,Oriole Park at Camden Yards,108,59,8,41 deg,Open-Meteo forecast; MLB fallback,https://forecast.weather.gov/MapClick.php?lat=39.2840&lon=-76.6217,92,58,No,No,6,Yes,Yes,RotoWire projected lineup; MLB probable pitchers,lineup projected / unconfirmed; order MLB 3 vs RotoWire 6,H:2026 P:,,,Direct BvP not yet weighted; 2026/2025 Statcast baseline active,7,6,27,1,"Last 7 games: 6/27, 1 HR","handedness incomplete; pitcher baseline 0.0% barrel, 0.0 HR allowed",neutral batted-ball profile; pitcher fly-ball pressure modest,,
543807,George Springer,TOR,BAL,2026-09-23T22:35:00Z,Scheduled,4,,,,R,9.34,0.1852,88.88,100.2657,0.4331,0.182,0.334,73.31,36.56,41.44,26.72,40.88,20.1,,,,,,,,,,Oriole Park at Camden Yards,108,59,8,41 deg,Open-Meteo forecast; MLB fallback,https://forecast.weather.gov/MapClick.php?lat=39.2840&lon=-76.6217,92,58,No,No,4,Yes,Yes,RotoWire projected lineup; MLB probable pitchers,lineup projected / unconfirmed,H:2026/2025 P:,,,Direct BvP not yet weighted; 2026/2025 Statcast baseline active,7,5,22,0,"Last 7 games: 5/22, 0 HR","handedness incomplete; pitcher baseline 0.0% barrel, 0.0 HR allowed",neutral batted-ball profile; pitcher fly-ball pressure modest,,
815873,Sean Keys,TOR,BAL,2026-09-23T22:35:00Z,Scheduled,5,,,,L,9.4,0.157,91.0,101.8233,0.336,0.137,0.26,74.7,51.3,37.5,21.9,59.4,2.0,,,,,,,,,,Oriole Park at Camden Yards,108,59,8,41 deg,Open-Meteo forecast; MLB fallback,https://forecast.weather.gov/MapClick.php?lat=39.2840&lon=-76.6217,92,58,No,Yes,5,Yes,Yes,RotoWire projected lineup; MLB probable pitchers,lineup projected / unconfirmed,H:2026 P:,,,Direct BvP not yet weighted; 2026/2025 Statcast baseline active,7,2,10,1,"Last 7 games: 2/10, 1 HR","handedness incomplete; pitcher baseline 0.0% barrel, 0.0 HR allowed",neutral batted-ball profile; pitcher fly-ball pressure modest,,
665926,Andres Gimenez,TOR,BAL,2026-09-23T22:35:00Z,Scheduled,6,,,,L,3.14,0.1107,85.6,96.0197,0.34,0.0992,0.2835,68.53,5.07,38.59,23.58,25.6,8.4,,,,,,,,,,Oriole Park at Camden Yards,108,59,8,41 deg,Open-Meteo forecast; MLB fallback,https://forecast.weather.gov/MapClick.php?lat=39.2840&lon=-76.6217,92,58,No,No,8,Yes,Yes,RotoWire projected lineup; MLB probable pitchers,lineup projected / unconfirmed; order MLB 6 vs RotoWire 8,H:2026/2025 P:,,,Direct BvP not yet weighted; 2026/2025 Statcast baseline active,7,6,25,0,"Last 7 games: 6/25, 0 HR","handedness incomplete; pitcher baseline 0.0% barrel, 0.0 HR allowed",neutral batted-ball profile; pitcher fly-ball pressure modest,,
678218,Brandon Valenzuela,TOR,BAL,2026-09-23T22:35:00Z,Scheduled,7,,,,S,6.6,0.142,88.1,99.2168,0.373,0.133,0.312,72.6,22.0,43.7,24.0,37.1,8.0,,,,,,,,,,Oriole Park at Camden Yards,108,59,8,41 deg,Open-Meteo forecast; MLB fallback,https://forecast.weather.gov/MapClick.php?lat=39.2840&lon=-76.6217,92,58,No,Yes,7,Yes,Yes,RotoWire projected lineup; MLB probable pitchers,lineup projected / unconfirmed,H:2026 P:,,,Direct BvP not yet weighted; 2026/2025 Statcast baseline active,7,3,16,0,"Last 7 games: 3/16, 0 HR","switch hitter; pitcher baseline 0.0% barrel, 0.0 HR allowed",neutral batted-ball profile; pitcher fly-ball pressure modest,,
664702,Myles Straw,TOR,BAL,2026-09-23T22:35:00Z,Scheduled,8,,,,R,3.13,0.1057,86.43,95.6934,0.3517,0.0997,0.2957,68.12,4.75,34.4,27.25,26.12,3.3,,,,,,,,,,Oriole Park at Camden Yards,108,59,8,41 deg,Open-Meteo forecast; MLB fallback,https://forecast.weather.gov/MapClick.php?lat=39.2840&lon=-76.6217,92,58,No,Yes,8,Yes,Yes,RotoWire projected lineup; MLB probable pitchers,lineup projected / unconfirmed,H:2026/2025 P:,,,Direct BvP not yet weighted; 2026/2025 Statcast baseline active,7,5,17,0,"Last 7 games: 5/17, 0 HR","handedness incomplete; pitcher baseline 0.0% barrel, 0.0 HR allowed",neutral batted-ball profile; pitcher fly-ball pressure modest,,
676391,Ernie Clement,TOR,BAL,2026-09-23T22:35:00Z,Scheduled,9,,,,R,2.19,0.1105,84.85,94.5395,0.3324,0.0846,0.2687,67.39,2.68,40.1,28.25,22.08,9.0,,,,,,,,,,Oriole Park at Camden Yards,108,59,8,41 deg,Open-Meteo forecast; MLB fallback,https://forecast.weather.gov/MapClick.php?lat=39.2840&lon=-76.6217,92,58,No,No,9,Yes,Yes,RotoWire projected lineup; MLB probable pitchers,lineup projected / unconfirmed,H:2026/2025 P:,,,Direct BvP not yet weighted; 2026/2025 Statcast baseline active,7,2,23,0,"Last 7 games: 2/23, 0 HR","handedness incomplete; pitcher baseline 0.0% barrel, 0.0 HR allowed",neutral batted-ball profile; pitcher fly-ball pressure modest,,
687637,Dylan Beavers,BAL,TOR,2026-09-23T22:35:00Z,Scheduled,1,,,,L,7.97,0.145,88.03,99.1173,0.3786,0.16,0.3083,72.41,21.61,40.67,33.49,35.07,6.1,,,,,,,,,,Oriole Park at Camden Yards,108,59,8,41 deg,Open-Meteo forecast; MLB fallback,https://forecast.weather.gov/MapClick.php?lat=39.2840&lon=-76.6217,92,58,No,No,1,Yes,Yes,RotoWire projected lineup; MLB probable pitchers,lineup projected / unconfirmed,H:2026/2025 P:,,,Direct BvP not yet weighted; 2026/2025 Statcast baseline active,7,3,27,0,"Last 7 games: 3/27, 0 HR","handedness incomplete; pitcher baseline 0.0% barrel, 0.0 HR allowed",neutral batted-ball profile; pitcher fly-ball pressure modest,,
624413,Pete Alonso,BAL,TOR,2026-09-23T22:35:00Z,Scheduled,2,,,,R,15.96,0.2471,93.78,104.285,0.558,0.278,0.3937,74.78,48.79,36.78,30.81,55.66,39.4,,,,,,,,,,Oriole Park at Camden Yards,108,59,8,41 deg,Open-Meteo forecast; MLB fallback,https://forecast.weather.gov/MapClick.php?lat=39.2840&lon=-76.6217,92,58,No,No,2,Yes,Yes,RotoWire projected lineup; MLB probable pitchers,lineup projected / unconfirmed,H:2026/2025 P:,,,Direct BvP not yet weighted; 2026/2025 Statcast baseline active,7,5,27,5,Hot streak: 5 HR in last 7 games,"handedness incomplete; pitcher baseline 0.0% barrel, 0.0 HR allowed",EV profile; pitcher fly-ball pressure modest,,
683002,Gunnar Henderson,BAL,TOR,2026-09-23T22:35:00Z,Scheduled,3,,,,L,8.04,0.1759,90.07,101.2442,0.4103,0.1546,0.3284,74.53,45.49,40.87,23.8,45.07,21.9,,,,,,,,,,Oriole Park at Camden Yards,108,59,8,41 deg,Open-Meteo forecast; MLB fallback,https://forecast.weather.gov/MapClick.php?lat=39.2840&lon=-76.6217,92,58,No,No,3,Yes,Yes,RotoWire projected lineup; MLB probable pitchers,lineup projected / unconfirmed,H:2026/2025 P:,,,Direct BvP not yet weighted; 2026/2025 Statcast baseline active,7,9,29,2,Hot streak: 2 HR in last 7 games,"handedness incomplete; pitcher baseline 0.0% barrel, 0.0 HR allowed",neutral batted-ball profile; pitcher fly-ball pressure modest,,
691723,Coby Mayo,BAL,TOR,2026-09-23T22:35:00Z,Scheduled,4,,,,R,12.48,0.2186,90.1,102.4779,0.4435,0.2181,0.3213,75.47,55.72,49.48,33.76,44.19,20.1,,,,,,,,,,Oriole Park at Camden Yards,108,59,8,41 deg,Open-Meteo forecast; MLB fallback,https://forecast.weather.gov/MapClick.php?lat=39.2840&lon=-76.6217,92,58,No,No,4,Yes,Yes,RotoWire projected lineup; MLB probable pitchers,lineup projected / unconfirmed,H:2026/2025 P:,,,Direct BvP not yet weighted; 2026/2025 Statcast baseline active,7,7,26,1,"Last 7 games: 7/26, 1 HR","handedness incomplete; pitcher baseline 0.0% barrel, 0.0 HR allowed",neutral batted-ball profile; pitcher fly-ball pressure modest,,
687952,Christian Encarnacion-Strand,BAL,TOR,2026-09-23T22:35:00Z,Scheduled,5,,,,R,12.78,0.211,89.65,101.0555,0.4624,0.229,0.3154,73.53,35.5,44.83,32.31,40.78,8.8,,,,,,,,,,Oriole Park at Camden Yards,108,59,8,41 deg,Open-Meteo forecast; MLB fallback,https://forecast.weather.gov/MapClick.php?lat=39.2840&lon=-76.6217,92,58,No,No,5,Yes,Yes,RotoWire projected lineup; MLB probable pitchers,lineup projected / unconfirmed,H:2026/2025 P:,,,Direct BvP not yet weighted; 2026/2025 Statcast baseline active,7,7,23,2,Hot streak: 2 HR in last 7 games,"handedness incomplete; pitcher baseline 0.0% barrel, 0.0 HR allowed",neutral batted-ball profile; pitcher fly-ball pressure modest,,
681297,Colton Cowser,BAL,TOR,2026-09-23T22:35:00Z,Scheduled,6,,,,L,11.02,0.1561,88.8,100.825,0.4019,0.1883,0.3077,74.3,43.52,38.94,31.38,42.29,13.9,,,,,,,,,,Oriole Park at Camden Yards,108,59,8,41 deg,Open-Meteo forecast; MLB fallback,https://forecast.weather.gov/MapClick.php?lat=39.2840&lon=-76.6217,92,58,No,No,6,Yes,Yes,RotoWire projected lineup; MLB probable pitchers,lineup projected / unconfirmed,H:2026/2025 P:,,,Direct BvP not yet weighted; 2026/2025 Statcast baseline active,7,7,21,0,Contact streak: 7/21 over last 7 games,"handedness incomplete; pitcher baseline 0.0% barrel, 0.0 HR allowed",neutral batted-ball profile; pitcher fly-ball pressure modest,,
669236,Jeremiah Jackson,BAL,TOR,2026-09-23T22:35:00Z,Scheduled,7,,,,R,7.71,0.1521,89.69,100.5035,0.3902,0.1566,0.2854,72.74,27.59,38.88,24.35,40.75,7.8,,,,,,,,,,Oriole Park at Camden Yards,108,59,8,41 deg,Open-Meteo forecast; MLB fallback,https://forecast.weather.gov/MapClick.php?lat=39.2840&lon=-76.6217,92,58,No,No,7,Yes,Yes,RotoWire projected lineup; MLB probable pitchers,lineup projected / unconfirmed,H:2026/2025 P:,,,Direct BvP not yet weighted; 2026/2025 Statcast baseline active,7,3,23,2,Hot streak: 2 HR in last 7 games,"handedness incomplete; pitcher baseline 0.0% barrel, 0.0 HR allowed",neutral batted-ball profile; pitcher fly-ball pressure modest,,
665750,Leody Taveras,BAL,TOR,2026-09-23T22:35:00Z,Scheduled,8,,,,S,4.65,0.1158,88.15,99.067,0.3152,0.1068,0.2592,72.46,25.37,34.14,25.15,33.52,6.5,,,,,,,,,,Oriole Park at Camden Yards,108,59,8,41 deg,Open-Meteo forecast; MLB fallback,https://forecast.weather.gov/MapClick.php?lat=39.2840&lon=-76.6217,92,58,No,No,8,Yes,Yes,RotoWire projected lineup; MLB probable pitchers,lineup projected / unconfirmed,H:2026/2025 P:,,,Direct BvP not yet weighted; 2026/2025 Statcast baseline active,7,3,20,0,"Last 7 games: 3/20, 0 HR","switch hitter; pitcher baseline 0.0% barrel, 0.0 HR allowed",neutral batted-ball profile; pitcher fly-ball pressure modest,,
665966,Carlos Narvaez,BAL,TOR,2026-09-23T22:35:00Z,Scheduled,9,,,,R,7.14,0.0996,90.89,100.0616,0.3257,0.1256,0.2699,72.09,19.81,32.51,29.68,39.49,6.6,,,,,,,,,,Oriole Park at Camden Yards,108,59,8,41 deg,Open-Meteo forecast; MLB fallback,https://forecast.weather.gov/MapClick.php?lat=39.2840&lon=-76.6217,92,58,No,No,9,Yes,Yes,RotoWire projected lineup; MLB probable pitchers,lineup projected / unconfirmed,H:2026/2025 P:,,,Direct BvP not yet weighted; 2026/2025 Statcast baseline active,7,3,10,0,"Last 7 games: 3/10, 0 HR","handedness incomplete; pitcher baseline 0.0% barrel, 0.0 HR allowed",neutral batted-ball profile; pitcher fly-ball pressure modest,,
807712,Luke Keaschall,MIN,SF,2026-09-23T19:45:00Z,Pre-Game,1,Cesar Perdomo,702885,L,R,3.94,0.1199,85.64,96.6603,0.364,0.1132,0.3177,68.57,7.31,38.75,27.25,29.52,7.5,6.3,46.9,90.9,0.432,0.154,29.7,3.0,3.0,3.0,Oracle Park,85,63,12,Out To CF,Open-Meteo forecast; MLB fallback,https://forecast.weather.gov/MapClick.php?lat=37.7786&lon=-122.3893,80,0,Yes,No,1,Yes,Yes,MLB Stats API; RotoWire,RotoWire not confirmed,H:2026/2025 P:2026,,,Direct BvP not yet weighted; 2026/2025 Statcast baseline active,7,10,30,0,Contact streak: 10/30 over last 7 games,"platoon edge; pitcher baseline 6.3% barrel, 3.0 HR allowed",neutral batted-ball profile; pitcher fly-ball pressure modest,,
668885,Austin Martin,MIN,SF,2026-09-23T19:45:00Z,Pre-Game,2,Cesar Perdomo,702885,L,R,3.75,0.0858,86.62,97.2385,0.3428,0.0967,0.317,68.83,4.27,40.51,20.77,31.53,2.4,6.3,46.9,90.9,0.432,0.154,29.7,3.0,3.0,3.0,Oracle Park,85,63,12,Out To CF,Open-Meteo forecast; MLB fallback,https://forecast.weather.gov/MapClick.php?lat=37.7786&lon=-122.3893,80,0,Yes,No,2,Yes,Yes,MLB Stats API; RotoWire,RotoWire not confirmed,H:2026/2025 P:2026,,,Direct BvP not yet weighted; 2026/2025 Statcast baseline active,7,1,16,0,"Last 7 games: 1/16, 0 HR","platoon edge; pitcher baseline 6.3% barrel, 3.0 HR allowed",neutral batted-ball profile; pitcher fly-ball pressure modest,,
605137,Josh Bell,MIN,SF,2026-09-23T19:45:00Z,Pre-Game,3,Cesar Perdomo,702885,L,S,10.35,0.1674,89.98,101.0339,0.4563,0.2003,0.3408,72.26,28.36,40.94,27.13,43.71,20.6,6.3,46.9,90.9,0.432,0.154,29.7,3.0,3.0,3.0,Oracle Park,85,63,12,Out To CF,Open-Meteo forecast; MLB fallback,https://forecast.weather.gov/MapClick.php?lat=37.7786&lon=-122.3893,80,0,Yes,No,4,Yes,Yes,MLB Stats API; RotoWire,RotoWire not confirmed; order MLB 3 vs RotoWire 4,H:2026/2025 P:2026,,,Direct BvP not yet weighted; 2026/2025 Statcast baseline active,7,8,30,0,"Last 7 games: 8/30, 0 HR","switch hitter; pitcher baseline 6.3% barrel, 3.0 HR allowed",neutral batted-ball profile; pitcher fly-ball pressure modest,,
680777,Ryan Jeffers,MIN,SF,2026-09-23T19:45:00Z,Pre-Game,4,Cesar Perdomo,702885,L,R,9.31,0.1856,88.88,100.8312,0.4224,0.1787,0.3384,73.14,37.17,37.74,27.54,41.4,12.5,6.3,46.9,90.9,0.432,0.154,29.7,3.0,3.0,3.0,Oracle Park,85,63,12,Out To CF,Open-Meteo forecast; MLB fallback,https://forecast.weather.gov/MapClick.php?lat=37.7786&lon=-122.3893,80,0,Yes,No,3,Yes,Yes,MLB Stats API; RotoWire,RotoWire not confirmed; order MLB 4 vs RotoWire 3,H:2026/2025 P:2026,,,Direct BvP not yet weighted; 2026/2025 Statcast baseline active,7,1,24,0,"Last 7 games: 1/24, 0 HR","platoon edge; pitcher baseline 6.3% barrel, 3.0 HR allowed",neutral batted-ball profile; pitcher fly-ball pressure modest,,
686797,Brooks Lee,MIN,SF,2026-09-23T19:45:00Z,Pre-Game,5,Cesar Perdomo,702885,L,S,4.68,0.1655,88.25,97.6732,0.3593,0.1267,0.2813,69.92,8.28,41.92,29.7,35.21,21.6,6.3,46.9,90.9,0.432,0.154,29.7,3.0,3.0,3.0,Oracle Park,85,63,12,Out To CF,Open-Meteo forecast; MLB fallback,https://forecast.weather.gov/MapClick.php?lat=37.7786&lon=-122.3893,80,0,Yes,No,7,Yes,Yes,MLB Stats API; RotoWire,RotoWire not confirmed; order MLB 5 vs RotoWire 7,H:2026/2025 P:2026,,,Direct BvP not yet weighted; 2026/2025 Statcast baseline active,7,12,27,1,Contact streak: 12/27 over last 7 games,"switch hitter; pitcher baseline 6.3% barrel, 3.0 HR allowed",neutral batted-ball profile; pitcher fly-ball pressure modest,,
668904,Royce Lewis,MIN,SF,2026-09-23T19:45:00Z,Pre-Game,6,Cesar Perdomo,702885,L,R,10.1,0.1517,89.8,100.5434,0.3951,0.1579,0.3026,74.72,50.31,46.58,30.71,40.23,13.7,6.3,46.9,90.9,0.432,0.154,29.7,3.0,3.0,3.0,Oracle Park,85,63,12,Out To CF,Open-Meteo forecast; MLB fallback,https://forecast.weather.gov/MapClick.php?lat=37.7786&lon=-122.3893,80,0,Yes,No,6,Yes,Yes,MLB Stats API; RotoWire,RotoWire not confirmed,H:2026/2025 P:2026,,,Direct BvP not yet weighted; 2026/2025 Statcast baseline active,7,5,30,0,"Last 7 games: 5/30, 0 HR","platoon edge; pitcher baseline 6.3% barrel, 3.0 HR allowed",neutral batted-ball profile; pitcher fly-ball pressure modest,,
691181,Emmanuel Rodriguez,MIN,SF,2026-09-23T19:45:00Z,Pre-Game,7,Cesar Perdomo,702885,L,L,20.8,0.263,90.7,103.3021,0.54,0.294,0.349,75.6,65.0,37.5,29.2,50.0,2.0,6.3,46.9,90.9,0.432,0.154,29.7,3.0,3.0,3.0,Oracle Park,85,63,12,Out To CF,Open-Meteo forecast; MLB fallback,https://forecast.weather.gov/MapClick.php?lat=37.7786&lon=-122.3893,80,0,Yes,No,8,Yes,Yes,MLB Stats API; RotoWire,RotoWire not confirmed; order MLB 7 vs RotoWire 8,H:2026 P:2026,,,Direct BvP not yet weighted; 2026/2025 Statcast baseline active,7,2,23,1,"Last 7 games: 2/23, 1 HR","same-side matchup; pitcher baseline 6.3% barrel, 3.0 HR allowed",neutral batted-ball profile; pitcher fly-ball pressure modest,,
693306,Aaron Sabato,MIN,SF,2026-09-23T19:45:00Z,Pre-Game,8,Cesar Perdomo,702885,L,R,0.0,0.0,89.9,95.6276,0.259,0.144,0.156,73.5,33.3,50.0,50.0,50.0,0.0,6.3,46.9,90.9,0.432,0.154,29.7,3.0,3.0,3.0,Oracle Park,85,63,12,Out To CF,Open-Meteo forecast; MLB fallback,https://forecast.weather.gov/MapClick.php?lat=37.7786&lon=-122.3893,80,0,Yes,,,No,Yes,MLB Stats API; RotoWire,not found on RotoWire,H:2026 P:2026,,,Direct BvP not yet weighted; 2026/2025 Statcast baseline active,1,0,3,0,"Last 1 games: 0/3, 0 HR","platoon edge; pitcher baseline 6.3% barrel, 3.0 HR allowed",fly-ball profile; pitcher fly-ball pressure modest,,
805346,Ben Ross,MIN,SF,2026-09-23T19:45:00Z,Pre-Game,9,Cesar Perdomo,702885,L,R,12.5,0.105,75.7,91.8317,0.207,0.071,0.147,70.5,2.7,37.5,12.5,25.0,0.0,6.3,46.9,90.9,0.432,0.154,29.7,3.0,3.0,3.0,Oracle Park,85,63,12,Out To CF,Open-Meteo forecast; MLB fallback,https://forecast.weather.gov/MapClick.php?lat=37.7786&lon=-122.3893,80,0,Yes,,,No,Yes,MLB Stats API; RotoWire,not found on RotoWire,H:2026 P:2026,,,Direct BvP not yet weighted; 2026/2025 Statcast baseline active,7,3,18,0,"Last 7 games: 3/18, 0 HR","platoon edge; pitcher baseline 6.3% barrel, 3.0 HR allowed",neutral batted-ball profile; pitcher fly-ball pressure modest,,
813841,Jonah Cox,SF,MIN,2026-09-23T19:45:00Z,Pre-Game,1,Connor Prielipp,687570,L,R,6.0,0.14,88.9,99.5831,0.337,0.121,0.265,68.9,6.1,20.5,21.7,38.6,4.0,6.8,42.0,90.2,0.386,0.15,26.9,14.0,14.0,14.0,Oracle Park,85,63,12,Out To CF,Open-Meteo forecast; MLB fallback,https://forecast.weather.gov/MapClick.php?lat=37.7786&lon=-122.3893,80,0,Yes,Yes,1,Yes,No,MLB Stats API; RotoWire,,H:2026 P:2026,,,Direct BvP not yet weighted; 2026/2025 Statcast baseline active,7,6,25,0,"Last 7 games: 6/25, 0 HR","platoon edge; pitcher baseline 6.8% barrel, 14.0 HR allowed",neutral batted-ball profile; pitcher fly-ball pressure modest,,
806367,Turner Hill,SF,MIN,2026-09-23T19:45:00Z,Pre-Game,2,Connor Prielipp,687570,L,L,3.8,0.094,87.5,96.3954,0.366,0.111,0.325,65.5,0.6,47.5,23.8,31.3,1.0,6.8,42.0,90.2,0.386,0.15,26.9,14.0,14.0,14.0,Oracle Park,85,63,12,Out To CF,Open-Meteo forecast; MLB fallback,https://forecast.weather.gov/MapClick.php?lat=37.7786&lon=-122.3893,80,0,Yes,Yes,2,Yes,No,MLB Stats API; RotoWire,,H:2026 P:2026,,,Direct BvP not yet weighted; 2026/2025 Statcast baseline active,7,5,24,1,"Last 7 games: 5/24, 1 HR","same-side matchup; pitcher baseline 6.8% barrel, 14.0 HR allowed",neutral batted-ball profile; pitcher fly-ball pressure modest,,
682674,Victor Bericoto,SF,MIN,2026-09-23T19:45:00Z,Pre-Game,3,Connor Prielipp,687570,L,R,14.3,0.192,91.0,100.8718,0.457,0.233,0.299,74.6,50.3,32.9,27.1,50.0,5.0,6.8,42.0,90.2,0.386,0.15,26.9,14.0,14.0,14.0,Oracle Park,85,63,12,Out To CF,Open-Meteo forecast; MLB fallback,https://forecast.weather.gov/MapClick.php?lat=37.7786&lon=-122.3893,80,0,Yes,Yes,3,Yes,No,MLB Stats API; RotoWire,,H:2026 P:2026,,,Direct BvP not yet weighted; 2026/2025 Statcast baseline active,7,4,20,1,"Last 7 games: 4/20, 1 HR","platoon edge; pitcher baseline 6.8% barrel, 14.0 HR allowed",neutral batted-ball profile; pitcher fly-ball pressure modest,,
815589,Bo Davidson,SF,MIN,2026-09-23T19:45:00Z,Pre-Game,4,Connor Prielipp,687570,L,L,0.0,0.0,94.4,103.6141,0.457,0.12,0.389,72.4,23.1,20.0,0.0,60.0,0.0,6.8,42.0,90.2,0.386,0.15,26.9,14.0,14.0,14.0,Oracle Park,85,63,12,Out To CF,Open-Meteo forecast; MLB fallback,https://forecast.weather.gov/MapClick.php?lat=37.7786&lon=-122.3893,80,0,Yes,Yes,4,Yes,No,MLB Stats API; RotoWire,,H:2026 P:2026,,,Direct BvP not yet weighted; 2026/2025 Statcast baseline active,2,2,7,0,"Last 2 games: 2/7, 0 HR","same-side matchup; pitcher baseline 6.8% barrel, 14.0 HR allowed",EV profile; pitcher fly-ball pressure modest,,
668800,Andrew Knizner,SF,MIN,2026-09-23T19:45:00Z,Pre-Game,5,Connor Prielipp,687570,L,R,4.48,0.12,85.95,97.8351,0.3433,0.1169,0.2899,69.76,6.63,31.59,25.79,31.18,1.7,6.8,42.0,90.2,0.386,0.15,26.9,14.0,14.0,14.0,Oracle Park,85,63,12,Out To CF,Open-Meteo forecast; MLB fallback,https://forecast.weather.gov/MapClick.php?lat=37.7786&lon=-122.3893,80,0,Yes,Yes,5,Yes,No,MLB Stats API; RotoWire,,H:2026/2025 P:2026,,,Direct BvP not yet weighted; 2026/2025 Statcast baseline active,7,7,19,0,Contact streak: 7/19 over last 7 games,"platoon edge; pitcher baseline 6.8% barrel, 14.0 HR allowed",neutral batted-ball profile; pitcher fly-ball pressure modest,,
695391,Brett Harris,SF,MIN,2026-09-23T19:45:00Z,Pre-Game,6,Connor Prielipp,687570,L,R,4.47,0.0638,86.52,97.4053,0.2604,0.0731,0.2693,71.07,10.94,29.98,25.0,31.65,0.0,6.8,42.0,90.2,0.386,0.15,26.9,14.0,14.0,14.0,Oracle Park,85,63,12,Out To CF,Open-Meteo forecast; MLB fallback,https://forecast.weather.gov/MapClick.php?lat=37.7786&lon=-122.3893,80,0,Yes,Yes,6,Yes,No,MLB Stats API; RotoWire,,H:2026/2025 P:2026,,,Direct BvP not yet weighted; 2026/2025 Statcast baseline active,7,6,21,0,"Last 7 games: 6/21, 0 HR","platoon edge; pitcher baseline 6.8% barrel, 14.0 HR allowed",neutral batted-ball profile; pitcher fly-ball pressure modest,,
691785,Marcelo Mayer,SF,MIN,2026-09-23T19:45:00Z,Pre-Game,7,Connor Prielipp,687570,L,L,7.03,0.1159,87.27,99.0278,0.3081,0.1072,0.2567,74.42,44.56,36.15,25.42,40.71,3.3,6.8,42.0,90.2,0.386,0.15,26.9,14.0,14.0,14.0,Oracle Park,85,63,12,Out To CF,Open-Meteo forecast; MLB fallback,https://forecast.weather.gov/MapClick.php?lat=37.7786&lon=-122.3893,80,0,Yes,Yes,7,Yes,No,MLB Stats API; RotoWire,,H:2026/2025 P:2026,,,Direct BvP not yet weighted; 2026/2025 Statcast baseline active,7,3,20,0,"Last 7 games: 3/20, 0 HR","same-side matchup; pitcher baseline 6.8% barrel, 14.0 HR allowed",neutral batted-ball profile; pitcher fly-ball pressure modest,,
694376,Shay Whitcomb,SF,MIN,2026-09-23T19:45:00Z,Pre-Game,8,Connor Prielipp,687570,L,R,9.61,0.1276,86.11,97.847,0.3503,0.1534,0.2435,71.59,17.78,44.4,25.69,29.4,3.1,6.8,42.0,90.2,0.386,0.15,26.9,14.0,14.0,14.0,Oracle Park,85,63,12,Out To CF,Open-Meteo forecast; MLB fallback,https://forecast.weather.gov/MapClick.php?lat=37.7786&lon=-122.3893,80,0,Yes,Yes,8,Yes,No,MLB Stats API; RotoWire,,H:2026/2025 P:2026,,,Direct BvP not yet weighted; 2026/2025 Statcast baseline active,7,3,19,0,"Last 7 games: 3/19, 0 HR","platoon edge; pitcher baseline 6.8% barrel, 14.0 HR allowed",neutral batted-ball profile; pitcher fly-ball pressure modest,,
683766,Christian Koss,SF,MIN,2026-09-23T19:45:00Z,Pre-Game,9,Connor Prielipp,687570,L,R,4.74,0.097,85.01,97.1908,0.3264,0.0956,0.2669,69.58,6.21,38.44,18.98,29.26,3.7,6.8,42.0,90.2,0.386,0.15,26.9,14.0,14.0,14.0,Oracle Park,85,63,12,Out To CF,Open-Meteo forecast; MLB fallback,https://forecast.weather.gov/MapClick.php?lat=37.7786&lon=-122.3893,80,0,Yes,Yes,9,Yes,No,MLB Stats API; RotoWire,,H:2026/2025 P:2026,,,Direct BvP not yet weighted; 2026/2025 Statcast baseline active,7,6,24,0,"Last 7 games: 6/24, 0 HR","platoon edge; pitcher baseline 6.8% barrel, 14.0 HR allowed",neutral batted-ball profile; pitcher fly-ball pressure modest,,
802139,JJ Wetherholt,STL,PIT,2026-09-23T22:40:00Z,Scheduled,1,Lake Bachar,669199,R,L,7.4,0.125,89.8,99.396,0.434,0.18,0.347,71.9,19.3,36.5,29.4,44.7,17.0,8.67,36.67,89.25,0.3794,0.1689,31.5,12.1,12.1,12.1,PNC Park,94,58,8,54 deg,Open-Meteo forecast; MLB fallback,https://forecast.weather.gov/MapClick.php?lat=40.4469&lon=-80.0057,87,4,No,No,1,Yes,Yes,RotoWire projected lineup; MLB probable pitchers,lineup projected / unconfirmed,H:2026 P:2026/2025,,,Direct BvP not yet weighted; 2026/2025 Statcast baseline active,7,3,24,0,"Last 7 games: 3/24, 0 HR","platoon edge; pitcher baseline 8.7% barrel, 12.1 HR allowed",neutral batted-ball profile; pitcher allows elevated contact,,
671056,Ivan Herrera,STL,PIT,2026-09-23T22:40:00Z,Scheduled,2,Lake Bachar,669199,R,R,7.32,0.152,89.94,101.3284,0.4147,0.1586,0.3444,73.81,42.44,36.96,19.59,42.8,18.3,8.67,36.67,89.25,0.3794,0.1689,31.5,12.1,12.1,12.1,PNC Park,94,58,8,54 deg,Open-Meteo forecast; MLB fallback,https://forecast.weather.gov/MapClick.php?lat=40.4469&lon=-80.0057,87,4,No,No,2,Yes,Yes,RotoWire projected lineup; MLB probable pitchers,lineup projected / unconfirmed,H:2026/2025 P:2026/2025,,,Direct BvP not yet weighted; 2026/2025 Statcast baseline active,7,6,22,2,Hot streak: 2 HR in last 7 games,"same-side matchup; pitcher baseline 8.7% barrel, 12.1 HR allowed",neutral batted-ball profile; pitcher allows elevated contact,,
676475,Alec Burleson,STL,PIT,2026-09-23T22:40:00Z,Scheduled,3,Lake Bachar,669199,R,L,10.48,0.1788,91.63,101.9619,0.5011,0.2172,0.3632,73.28,34.77,43.68,27.05,47.83,21.5,8.67,36.67,89.25,0.3794,0.1689,31.5,12.1,12.1,12.1,PNC Park,94,58,8,54 deg,Open-Meteo forecast; MLB fallback,https://forecast.weather.gov/MapClick.php?lat=40.4469&lon=-80.0057,87,4,No,No,3,Yes,Yes,RotoWire projected lineup; MLB probable pitchers,lineup projected / unconfirmed,H:2026/2025 P:2026/2025,,,Direct BvP not yet weighted; 2026/2025 Statcast baseline active,7,5,24,1,"Last 7 games: 5/24, 1 HR","platoon edge; pitcher baseline 8.7% barrel, 12.1 HR allowed",neutral batted-ball profile; pitcher allows elevated contact,,
691023,Jordan Walker,STL,PIT,2026-09-23T22:40:00Z,Scheduled,4,Lake Bachar,669199,R,R,12.58,0.1659,92.58,104.6986,0.4344,0.1865,0.3228,78.87,83.05,37.96,23.56,49.72,21.4,8.67,36.67,89.25,0.3794,0.1689,31.5,12.1,12.1,12.1,PNC Park,94,58,8,54 deg,Open-Meteo forecast; MLB fallback,https://forecast.weather.gov/MapClick.php?lat=40.4469&lon=-80.0057,87,4,No,No,4,Yes,Yes,RotoWire projected lineup; MLB probable pitchers,lineup projected / unconfirmed,H:2026/2025 P:2026/2025,,,Direct BvP not yet weighted; 2026/2025 Statcast baseline active,7,2,24,0,"Last 7 games: 2/24, 0 HR","same-side matchup; pitcher baseline 8.7% barrel, 12.1 HR allowed",EV profile; pitcher allows elevated contact,,
699024,Leo Bernal,STL,PIT,2026-09-23T22:40:00Z,Scheduled,5,Lake Bachar,669199,R,S,10.2,0.195,93.9,102.3633,0.519,0.228,0.366,74.0,34.1,42.4,37.3,61.0,4.0,8.67,36.67,89.25,0.3794,0.1689,31.5,12.1,12.1,12.1,PNC Park,94,58,8,54 deg,Open-Meteo forecast; MLB fallback,https://forecast.weather.gov/MapClick.php?lat=40.4469&lon=-80.0057,87,4,No,No,5,Yes,Yes,RotoWire projected lineup; MLB probable pitchers,lineup projected / unconfirmed,H:2026 P:2026/2025,,,Direct BvP not yet weighted; 2026/2025 Statcast baseline active,7,9,29,1,"Last 7 games: 9/29, 1 HR","switch hitter; pitcher baseline 8.7% barrel, 12.1 HR allowed",lift-pull EV profile; pitcher allows elevated contact,,
663494,Bryan Torres,STL,PIT,2026-09-23T22:40:00Z,Scheduled,6,Lake Bachar,669199,R,L,3.2,0.105,86.9,95.8294,0.335,0.102,0.288,65.9,1.1,48.0,23.6,26.8,4.0,8.67,36.67,89.25,0.3794,0.1689,31.5,12.1,12.1,12.1,PNC Park,94,58,8,54 deg,Open-Meteo forecast; MLB fallback,https://forecast.weather.gov/MapClick.php?lat=40.4469&lon=-80.0057,87,4,No,No,6,Yes,Yes,RotoWire projected lineup; MLB probable pitchers,lineup projected / unconfirmed,H:2026 P:2026/2025,,,Direct BvP not yet weighted; 2026/2025 Statcast baseline active,7,1,19,0,"Last 7 games: 1/19, 0 HR","platoon edge; pitcher baseline 8.7% barrel, 12.1 HR allowed",neutral batted-ball profile; pitcher allows elevated contact,,
695336,Thomas Saggese,STL,PIT,2026-09-23T22:40:00Z,Scheduled,7,Lake Bachar,669199,R,R,8.82,0.1155,90.41,100.6121,0.3951,0.1516,0.3069,71.55,18.18,29.48,27.32,43.05,3.4,8.67,36.67,89.25,0.3794,0.1689,31.5,12.1,12.1,12.1,PNC Park,94,58,8,54 deg,Open-Meteo forecast; MLB fallback,https://forecast.weather.gov/MapClick.php?lat=40.4469&lon=-80.0057,87,4,No,No,7,Yes,Yes,RotoWire projected lineup; MLB probable pitchers,lineup projected / unconfirmed,H:2026/2025 P:2026/2025,,,Direct BvP not yet weighted; 2026/2025 Statcast baseline active,7,4,25,0,"Last 7 games: 4/25, 0 HR","same-side matchup; pitcher baseline 8.7% barrel, 12.1 HR allowed",neutral batted-ball profile; pitcher allows elevated contact,,
701675,Nathan Church,STL,PIT,2026-09-23T22:40:00Z,Scheduled,8,Lake Bachar,669199,R,L,4.57,0.1067,86.62,97.4673,0.335,0.1053,0.275,69.46,8.13,34.5,21.95,33.38,7.3,8.67,36.67,89.25,0.3794,0.1689,31.5,12.1,12.1,12.1,PNC Park,94,58,8,54 deg,Open-Meteo forecast; MLB fallback,https://forecast.weather.gov/MapClick.php?lat=40.4469&lon=-80.0057,87,4,No,No,8,Yes,Yes,RotoWire projected lineup; MLB probable pitchers,lineup projected / unconfirmed,H:2026/2025 P:2026/2025,,,Direct BvP not yet weighted; 2026/2025 Statcast baseline active,7,6,25,0,"Last 7 games: 6/25, 0 HR","platoon edge; pitcher baseline 8.7% barrel, 12.1 HR allowed",neutral batted-ball profile; pitcher allows elevated contact,,
691026,Masyn Winn,STL,PIT,2026-09-23T22:40:00Z,Scheduled,9,Lake Bachar,669199,R,R,3.82,0.0925,88.23,98.578,0.3365,0.0916,0.2944,71.24,16.12,32.6,21.81,34.6,6.2,8.67,36.67,89.25,0.3794,0.1689,31.5,12.1,12.1,12.1,PNC Park,94,58,8,54 deg,Open-Meteo forecast; MLB fallback,https://forecast.weather.gov/MapClick.php?lat=40.4469&lon=-80.0057,87,4,No,No,9,Yes,Yes,RotoWire projected lineup; MLB probable pitchers,lineup projected / unconfirmed,H:2026/2025 P:2026/2025,,,Direct BvP not yet weighted; 2026/2025 Statcast baseline active,7,2,14,0,"Last 7 games: 2/14, 0 HR","same-side matchup; pitcher baseline 8.7% barrel, 12.1 HR allowed",neutral batted-ball profile; pitcher allows elevated contact,,
804606,Konnor Griffin,PIT,STL,2026-09-23T22:40:00Z,Scheduled,1,Matthew Liberatore,669461,L,R,6.6,0.126,87.8,100.4038,0.389,0.137,0.307,75.5,56.9,40.0,17.2,36.3,5.0,9.62,41.66,90.18,0.4552,0.1878,28.38,24.6,24.6,24.6,PNC Park,94,58,8,54 deg,Open-Meteo forecast; MLB fallback,https://forecast.weather.gov/MapClick.php?lat=40.4469&lon=-80.0057,87,4,No,No,1,Yes,Yes,RotoWire projected lineup; MLB probable pitchers,lineup projected / unconfirmed,H:2026 P:2026/2025,,,Direct BvP not yet weighted; 2026/2025 Statcast baseline active,7,11,31,0,Contact streak: 11/31 over last 7 games,"platoon edge; pitcher baseline 9.6% barrel, 24.6 HR allowed",neutral batted-ball profile; pitcher fly-ball pressure modest,,
665833,Oneil Cruz,PIT,STL,2026-09-23T22:40:00Z,Scheduled,2,Matthew Liberatore,669461,L,L,16.46,0.199,94.47,106.281,0.4593,0.2189,0.3436,78.03,74.14,39.11,23.24,54.01,20.0,9.62,41.66,90.18,0.4552,0.1878,28.38,24.6,24.6,24.6,PNC Park,94,58,8,54 deg,Open-Meteo forecast; MLB fallback,https://forecast.weather.gov/MapClick.php?lat=40.4469&lon=-80.0057,87,4,No,No,2,Yes,Yes,RotoWire projected lineup; MLB probable pitchers,lineup projected / unconfirmed,H:2026/2025 P:2026/2025,,,Direct BvP not yet weighted; 2026/2025 Statcast baseline active,7,9,28,2,Hot streak: 2 HR in last 7 games,"same-side matchup; pitcher baseline 9.6% barrel, 24.6 HR allowed",EV profile; pitcher fly-ball pressure modest,,
668804,Bryan Reynolds,PIT,STL,2026-09-23T22:40:00Z,Scheduled,3,Matthew Liberatore,669461,L,S,11.01,0.1612,90.92,101.8463,0.4449,0.1904,0.3492,72.62,27.81,39.31,26.16,47.26,16.7,9.62,41.66,90.18,0.4552,0.1878,28.38,24.6,24.6,24.6,PNC Park,94,58,8,54 deg,Open-Meteo forecast; MLB fallback,https://forecast.weather.gov/MapClick.php?lat=40.4469&lon=-80.0057,87,4,No,No,3,Yes,Yes,RotoWire projected lineup; MLB probable pitchers,lineup projected / unconfirmed,H:2026/2025 P:2026/2025,,,Direct BvP not yet weighted; 2026/2025 Statcast baseline active,7,5,27,0,"Last 7 games: 5/27, 0 HR","switch hitter; pitcher baseline 9.6% barrel, 24.6 HR allowed",neutral batted-ball profile; pitcher fly-ball pressure modest,,
693304,Nick Gonzales,PIT,STL,2026-09-23T22:40:00Z,Scheduled,4,Matthew Liberatore,669461,L,R,3.45,0.0915,87.12,98.1401,0.3778,0.1056,0.3141,70.71,12.52,36.8,21.61,35.3,5.7,9.62,41.66,90.18,0.4552,0.1878,28.38,24.6,24.6,24.6,PNC Park,94,58,8,54 deg,Open-Meteo forecast; MLB fallback,https://forecast.weather.gov/MapClick.php?lat=40.4469&lon=-80.0057,87,4,No,No,4,Yes,Yes,RotoWire projected lineup; MLB probable pitchers,lineup projected / unconfirmed,H:2026/2025 P:2026/2025,,,Direct BvP not yet weighted; 2026/2025 Statcast baseline active,7,5,22,0,"Last 7 games: 5/22, 0 HR","platoon edge; pitcher baseline 9.6% barrel, 24.6 HR allowed",neutral batted-ball profile; pitcher fly-ball pressure modest,,
664040,Brandon Lowe,PIT,STL,2026-09-23T22:40:00Z,Scheduled,5,Matthew Liberatore,669461,L,L,12.44,0.2259,91.03,101.5182,0.4521,0.2082,0.3315,73.66,39.6,46.02,32.64,45.97,32.4,9.62,41.66,90.18,0.4552,0.1878,28.38,24.6,24.6,24.6,PNC Park,94,58,8,54 deg,Open-Meteo forecast; MLB fallback,https://forecast.weather.gov/MapClick.php?lat=40.4469&lon=-80.0057,87,4,No,No,5,Yes,Yes,RotoWire projected lineup; MLB probable pitchers,lineup projected / unconfirmed,H:2026/2025 P:2026/2025,,,Direct BvP not yet weighted; 2026/2025 Statcast baseline active,7,8,27,4,Hot streak: 4 HR in last 7 games,"same-side matchup; pitcher baseline 9.6% barrel, 24.6 HR allowed",neutral batted-ball profile; pitcher fly-ball pressure modest,,
804668,Rafael Flores,PIT,STL,2026-09-23T22:40:00Z,Scheduled,6,Matthew Liberatore,669461,L,R,14.18,0.2254,92.07,102.4091,0.5091,0.2549,0.3589,73.75,37.99,40.26,38.06,52.28,7.0,9.62,41.66,90.18,0.4552,0.1878,28.38,24.6,24.6,24.6,PNC Park,94,58,8,54 deg,Open-Meteo forecast; MLB fallback,https://forecast.weather.gov/MapClick.php?lat=40.4469&lon=-80.0057,87,4,No,No,6,Yes,Yes,RotoWire projected lineup; MLB probable pitchers,lineup projected / unconfirmed,H:2026/2025 P:2026/2025,,,Direct BvP not yet weighted; 2026/2025 Statcast baseline active,7,10,24,2,Hot streak: 2 HR in last 7 games,"platoon edge; pitcher baseline 9.6% barrel, 24.6 HR allowed",lift-pull EV profile; pitcher fly-ball pressure modest,,
663968,Jake Mangum,PIT,STL,2026-09-23T22:40:00Z,Scheduled,7,Matthew Liberatore,669461,L,S,2.49,0.0853,86.25,96.8073,0.336,0.0857,0.2851,67.72,4.5,28.28,16.33,29.48,4.4,9.62,41.66,90.18,0.4552,0.1878,28.38,24.6,24.6,24.6,PNC Park,94,58,8,54 deg,Open-Meteo forecast; MLB fallback,https://forecast.weather.gov/MapClick.php?lat=40.4469&lon=-80.0057,87,4,No,No,7,Yes,Yes,RotoWire projected lineup; MLB probable pitchers,lineup projected / unconfirmed,H:2026/2025 P:2026/2025,,,Direct BvP not yet weighted; 2026/2025 Statcast baseline active,7,5,25,1,"Last 7 games: 5/25, 1 HR","switch hitter; pitcher baseline 9.6% barrel, 24.6 HR allowed",neutral batted-ball profile; pitcher fly-ball pressure modest,,
669707,Jared Triolo,PIT,STL,2026-09-23T22:40:00Z,Scheduled,8,Matthew Liberatore,669461,L,R,3.54,0.0849,87.18,97.9794,0.3375,0.0957,0.2932,70.83,7.65,37.71,21.31,34.63,4.2,9.62,41.66,90.18,0.4552,0.1878,28.38,24.6,24.6,24.6,PNC Park,94,58,8,54 deg,Open-Meteo forecast; MLB fallback,https://forecast.weather.gov/MapClick.php?lat=40.4469&lon=-80.0057,87,4,No,No,8,Yes,Yes,RotoWire projected lineup; MLB probable pitchers,lineup projected / unconfirmed,H:2026/2025 P:2026/2025,,,Direct BvP not yet weighted; 2026/2025 Statcast baseline active,7,1,8,0,"Last 7 games: 1/8, 0 HR","platoon edge; pitcher baseline 9.6% barrel, 24.6 HR allowed",neutral batted-ball profile; pitcher fly-ball pressure modest,,
680779,Henry Davis,PIT,STL,2026-09-23T22:40:00Z,Scheduled,9,Matthew Liberatore,669461,L,R,9.61,0.1341,89.79,100.5722,0.3568,0.1543,0.2923,74.18,42.21,49.18,27.47,39.71,9.1,9.62,41.66,90.18,0.4552,0.1878,28.38,24.6,24.6,24.6,PNC Park,94,58,8,54 deg,Open-Meteo forecast; MLB fallback,https://forecast.weather.gov/MapClick.php?lat=40.4469&lon=-80.0057,87,4,No,No,9,Yes,Yes,RotoWire projected lineup; MLB probable pitchers,lineup projected / unconfirmed,H:2026/2025 P:2026/2025,,,Direct BvP not yet weighted; 2026/2025 Statcast baseline active,7,3,15,2,Hot streak: 2 HR in last 7 games,"platoon edge; pitcher baseline 9.6% barrel, 24.6 HR allowed",neutral batted-ball profile; pitcher fly-ball pressure modest,,
669003,Garrett Mitchell,MIL,PHI,2026-09-23T22:40:00Z,Scheduled,1,Aaron Nola,605400,R,L,10.34,0.1384,92.43,103.8833,0.4159,0.161,0.3335,77.15,77.37,33.51,16.99,49.62,7.7,9.1,41.13,88.77,0.4128,0.1703,27.04,29.2,29.2,29.2,Citizens Bank Park,112,61,5,19 deg,Open-Meteo forecast; MLB fallback,https://forecast.weather.gov/MapClick.php?lat=39.9061&lon=-75.1665,84,18,No,No,1,Yes,Yes,RotoWire projected lineup; MLB probable pitchers,lineup projected / unconfirmed,H:2026/2025 P:2026/2025,,,Direct BvP not yet weighted; 2026/2025 Statcast baseline active,7,4,20,0,"Last 7 games: 4/20, 0 HR","platoon edge; pitcher baseline 9.1% barrel, 29.2 HR allowed",EV profile; pitcher fly-ball pressure modest,,
694192,Jackson Chourio,MIL,PHI,2026-09-23T22:40:00Z,Scheduled,2,Aaron Nola,605400,R,R,11.45,0.1944,90.98,101.9031,0.4554,0.1986,0.3294,74.25,44.66,31.43,29.2,45.52,23.1,9.1,41.13,88.77,0.4128,0.1703,27.04,29.2,29.2,29.2,Citizens Bank Park,112,61,5,19 deg,Open-Meteo forecast; MLB fallback,https://forecast.weather.gov/MapClick.php?lat=39.9061&lon=-75.1665,84,18,No,No,2,Yes,Yes,RotoWire projected lineup; MLB probable pitchers,lineup projected / unconfirmed,H:2026/2025 P:2026/2025,,,Direct BvP not yet weighted; 2026/2025 Statcast baseline active,7,4,29,1,"Last 7 games: 4/29, 1 HR","same-side matchup; pitcher baseline 9.1% barrel, 29.2 HR allowed",neutral batted-ball profile; pitcher fly-ball pressure modest,,
668930,Brice Turang,MIL,PHI,2026-09-23T22:40:00Z,Scheduled,3,Aaron Nola,605400,R,L,7.65,0.1652,90.47,100.3724,0.4241,0.1684,0.3399,70.25,13.41,28.0,23.5,43.27,18.7,9.1,41.13,88.77,0.4128,0.1703,27.04,29.2,29.2,29.2,Citizens Bank Park,112,61,5,19 deg,Open-Meteo forecast; MLB fallback,https://forecast.weather.gov/MapClick.php?lat=39.9061&lon=-75.1665,84,18,No,No,3,Yes,Yes,RotoWire projected lineup; MLB probable pitchers,lineup projected / unconfirmed,H:2026/2025 P:2026/2025,,,Direct BvP not yet weighted; 2026/2025 Statcast baseline active,7,5,22,0,"Last 7 games: 5/22, 0 HR","platoon edge; pitcher baseline 9.1% barrel, 29.2 HR allowed",neutral batted-ball profile; pitcher fly-ball pressure modest,,
661388,William Contreras,MIL,PHI,2026-09-23T22:40:00Z,Scheduled,4,Aaron Nola,605400,R,R,7.87,0.1467,90.54,101.6983,0.428,0.1709,0.3329,73.41,36.44,35.76,24.29,45.56,17.7,9.1,41.13,88.77,0.4128,0.1703,27.04,29.2,29.2,29.2,Citizens Bank Park,112,61,5,19 deg,Open-Meteo forecast; MLB fallback,https://forecast.weather.gov/MapClick.php?lat=39.9061&lon=-75.1665,84,18,No,No,4,Yes,Yes,RotoWire projected lineup; MLB probable pitchers,lineup projected / unconfirmed,H:2026/2025 P:2026/2025,,,Direct BvP not yet weighted; 2026/2025 Statcast baseline active,7,7,27,2,Hot streak: 2 HR in last 7 games,"same-side matchup; pitcher baseline 9.1% barrel, 29.2 HR allowed",neutral batted-ball profile; pitcher fly-ball pressure modest,,
641343,Jake Bauers,MIL,PHI,2026-09-23T22:40:00Z,Scheduled,5,Aaron Nola,605400,R,L,14.05,0.2074,92.05,103.0071,0.471,0.2209,0.3708,76.5,69.65,40.34,30.12,50.36,20.3,9.1,41.13,88.77,0.4128,0.1703,27.04,29.2,29.2,29.2,Citizens Bank Park,112,61,5,19 deg,Open-Meteo forecast; MLB fallback,https://forecast.weather.gov/MapClick.php?lat=39.9061&lon=-75.1665,84,18,No,No,5,Yes,Yes,RotoWire projected lineup; MLB probable pitchers,lineup projected / unconfirmed,H:2026/2025 P:2026/2025,,,Direct BvP not yet weighted; 2026/2025 Statcast baseline active,7,6,23,1,"Last 7 games: 6/23, 1 HR","platoon edge; pitcher baseline 9.1% barrel, 29.2 HR allowed",lift-pull EV profile; pitcher fly-ball pressure modest,,
592885,Christian Yelich,MIL,PHI,2026-09-23T22:40:00Z,Scheduled,6,Aaron Nola,605400,R,L,9.53,0.1537,89.36,101.0044,0.3991,0.1646,0.3139,73.23,32.25,34.45,18.95,44.3,16.4,9.1,41.13,88.77,0.4128,0.1703,27.04,29.2,29.2,29.2,Citizens Bank Park,112,61,5,19 deg,Open-Meteo forecast; MLB fallback,https://forecast.weather.gov/MapClick.php?lat=39.9061&lon=-75.1665,84,18,No,No,6,Yes,Yes,RotoWire projected lineup; MLB probable pitchers,lineup projected / unconfirmed,H:2026/2025 P:2026/2025,,,Direct BvP not yet weighted; 2026/2025 Statcast baseline active,7,5,28,0,"Last 7 games: 5/28, 0 HR","platoon edge; pitcher baseline 9.1% barrel, 29.2 HR allowed",neutral batted-ball profile; pitcher fly-ball pressure modest,,
687401,Joey Ortiz,MIL,PHI,2026-09-23T22:40:00Z,Scheduled,7,Aaron Nola,605400,R,R,3.77,0.1213,87.77,99.1565,0.3396,0.0974,0.2897,73.0,30.5,31.98,20.03,35.6,8.4,9.1,41.13,88.77,0.4128,0.1703,27.04,29.2,29.2,29.2,Citizens Bank Park,112,61,5,19 deg,Open-Meteo forecast; MLB fallback,https://forecast.weather.gov/MapClick.php?lat=39.9061&lon=-75.1665,84,18,No,No,7,Yes,Yes,RotoWire projected lineup; MLB probable pitchers,lineup projected / unconfirmed,H:2026/2025 P:2026/2025,,,Direct BvP not yet weighted; 2026/2025 Statcast baseline active,7,8,26,1,"Last 7 games: 8/26, 1 HR","same-side matchup; pitcher baseline 9.1% barrel, 29.2 HR allowed",neutral batted-ball profile; pitcher fly-ball pressure modest,,
800325,Luis Lara,MIL,PHI,2026-09-23T22:40:00Z,Scheduled,8,Aaron Nola,605400,R,S,3.6,0.084,87.8,98.8423,0.332,0.075,0.294,71.4,17.2,29.9,14.6,40.9,1.0,9.1,41.13,88.77,0.4128,0.1703,27.04,29.2,29.2,29.2,Citizens Bank Park,112,61,5,19 deg,Open-Meteo forecast; MLB fallback,https://forecast.weather.gov/MapClick.php?lat=39.9061&lon=-75.1665,84,18,No,No,8,Yes,Yes,RotoWire projected lineup; MLB probable pitchers,lineup projected / unconfirmed,H:2026 P:2026/2025,,,Direct BvP not yet weighted; 2026/2025 Statcast baseline active,7,4,24,0,"Last 7 games: 4/24, 0 HR","switch hitter; pitcher baseline 9.1% barrel, 29.2 HR allowed",neutral batted-ball profile; pitcher fly-ball pressure modest,,
806198,Cooper Pratt,MIL,PHI,2026-09-23T22:40:00Z,Scheduled,9,Aaron Nola,605400,R,R,3.4,0.088,87.4,96.8724,0.362,0.097,0.314,70.0,9.0,32.0,21.5,28.2,3.0,9.1,41.13,88.77,0.4128,0.1703,27.04,29.2,29.2,29.2,Citizens Bank Park,112,61,5,19 deg,Open-Meteo forecast; MLB fallback,https://forecast.weather.gov/MapClick.php?lat=39.9061&lon=-75.1665,84,18,No,No,9,Yes,Yes,RotoWire projected lineup; MLB probable pitchers,lineup projected / unconfirmed,H:2026 P:2026/2025,,,Direct BvP not yet weighted; 2026/2025 Statcast baseline active,7,7,22,0,"Last 7 games: 7/22, 0 HR","same-side matchup; pitcher baseline 9.1% barrel, 29.2 HR allowed",neutral batted-ball profile; pitcher fly-ball pressure modest,,
656941,Kyle Schwarber,PHI,MIL,2026-09-23T22:40:00Z,Scheduled,1,Logan Henderson,701656,R,L,17.44,0.2894,92.9,104.0136,0.518,0.2791,0.3751,77.16,75.21,54.21,33.39,52.25,48.3,8.81,36.58,88.8,0.3597,0.1477,31.84,10.7,10.7,10.7,Citizens Bank Park,112,61,5,19 deg,Open-Meteo forecast; MLB fallback,https://forecast.weather.gov/MapClick.php?lat=39.9061&lon=-75.1665,84,18,No,No,1,Yes,Yes,RotoWire projected lineup; MLB probable pitchers,lineup projected / unconfirmed,H:2026/2025 P:2026/2025,,,Direct BvP not yet weighted; 2026/2025 Statcast baseline active,7,2,22,1,"Last 7 games: 2/22, 1 HR","platoon edge; pitcher baseline 8.8% barrel, 10.7 HR allowed",lift-pull EV profile; pitcher allows elevated contact,,
607208,Trea Turner,PHI,MIL,2026-09-23T22:40:00Z,Scheduled,2,Logan Henderson,701656,R,R,6.08,0.1439,88.67,99.2563,0.3785,0.1281,0.3028,71.38,18.3,35.52,24.92,40.0,17.8,8.81,36.58,88.8,0.3597,0.1477,31.84,10.7,10.7,10.7,Citizens Bank Park,112,61,5,19 deg,Open-Meteo forecast; MLB fallback,https://forecast.weather.gov/MapClick.php?lat=39.9061&lon=-75.1665,84,18,No,No,2,Yes,Yes,RotoWire projected lineup; MLB probable pitchers,lineup projected / unconfirmed,H:2026/2025 P:2026/2025,,,Direct BvP not yet weighted; 2026/2025 Statcast baseline active,7,6,25,0,"Last 7 games: 6/25, 0 HR","same-side matchup; pitcher baseline 8.8% barrel, 10.7 HR allowed",neutral batted-ball profile; pitcher allows elevated contact,,
547180,Bryce Harper,PHI,MIL,2026-09-23T22:40:00Z,Scheduled,3,Logan Henderson,701656,R,L,11.04,0.2211,90.46,101.7241,0.4857,0.2163,0.3771,74.1,45.29,38.47,27.03,44.84,27.7,8.81,36.58,88.8,0.3597,0.1477,31.84,10.7,10.7,10.7,Citizens Bank Park,112,61,5,19 deg,Open-Meteo forecast; MLB fallback,https://forecast.weather.gov/MapClick.php?lat=39.9061&lon=-75.1665,84,18,No,No,3,Yes,Yes,RotoWire projected lineup; MLB probable pitchers,lineup projected / unconfirmed,H:2026/2025 P:2026/2025,,,Direct BvP not yet weighted; 2026/2025 Statcast baseline active,7,6,28,0,"Last 7 games: 6/28, 0 HR","platoon edge; pitcher baseline 8.8% barrel, 10.7 HR allowed",neutral batted-ball profile; pitcher allows elevated contact,,
650333,Luis Arraez,PHI,MIL,2026-09-23T22:40:00Z,Scheduled,4,Logan Henderson,701656,R,L,1.17,0.107,86.24,93.9045,0.3735,0.0851,0.3065,62.92,0.19,30.24,28.31,18.38,6.6,8.81,36.58,88.8,0.3597,0.1477,31.84,10.7,10.7,10.7,Citizens Bank Park,112,61,5,19 deg,Open-Meteo forecast; MLB fallback,https://forecast.weather.gov/MapClick.php?lat=39.9061&lon=-75.1665,84,18,No,No,4,Yes,Yes,RotoWire projected lineup; MLB probable pitchers,lineup projected / unconfirmed,H:2026/2025 P:2026/2025,,,Direct BvP not yet weighted; 2026/2025 Statcast baseline active,7,8,24,0,Contact streak: 8/24 over last 7 games,"platoon edge; pitcher baseline 8.8% barrel, 10.7 HR allowed",neutral batted-ball profile; pitcher allows elevated contact,,
664761,Alec Bohm,PHI,MIL,2026-09-23T22:40:00Z,Scheduled,5,Logan Henderson,701656,R,R,6.2,0.1332,90.66,100.4579,0.4165,0.1467,0.3289,71.28,15.33,28.28,22.51,44.58,13.8,8.81,36.58,88.8,0.3597,0.1477,31.84,10.7,10.7,10.7,Citizens Bank Park,112,61,5,19 deg,Open-Meteo forecast; MLB fallback,https://forecast.weather.gov/MapClick.php?lat=39.9061&lon=-75.1665,84,18,No,No,5,Yes,Yes,RotoWire projected lineup; MLB probable pitchers,lineup projected / unconfirmed,H:2026/2025 P:2026/2025,,,Direct BvP not yet weighted; 2026/2025 Statcast baseline active,7,10,25,0,Contact streak: 10/25 over last 7 games,"same-side matchup; pitcher baseline 8.8% barrel, 10.7 HR allowed",neutral batted-ball profile; pitcher allows elevated contact,,
681082,Bryson Stott,PHI,MIL,2026-09-23T22:40:00Z,Scheduled,6,Logan Henderson,701656,R,L,5.8,0.1375,88.72,98.286,0.3986,0.1383,0.3235,69.72,6.68,34.24,27.87,34.82,10.9,8.81,36.58,88.8,0.3597,0.1477,31.84,10.7,10.7,10.7,Citizens Bank Park,112,61,5,19 deg,Open-Meteo forecast; MLB fallback,https://forecast.weather.gov/MapClick.php?lat=39.9061&lon=-75.1665,84,18,No,No,6,Yes,Yes,RotoWire projected lineup; MLB probable pitchers,lineup projected / unconfirmed,H:2026/2025 P:2026/2025,,,Direct BvP not yet weighted; 2026/2025 Statcast baseline active,7,5,25,0,"Last 7 games: 5/25, 0 HR","platoon edge; pitcher baseline 8.8% barrel, 10.7 HR allowed",neutral batted-ball profile; pitcher allows elevated contact,,
592663,J.T. Realmuto,PHI,MIL,2026-09-23T22:40:00Z,Scheduled,7,Logan Henderson,701656,R,R,6.56,0.1277,89.72,100.0725,0.3956,0.1447,0.3181,72.77,30.47,41.53,26.01,41.72,11.3,8.81,36.58,88.8,0.3597,0.1477,31.84,10.7,10.7,10.7,Citizens Bank Park,112,61,5,19 deg,Open-Meteo forecast; MLB fallback,https://forecast.weather.gov/MapClick.php?lat=39.9061&lon=-75.1665,84,18,No,No,7,Yes,Yes,RotoWire projected lineup; MLB probable pitchers,lineup projected / unconfirmed,H:2026/2025 P:2026/2025,,,Direct BvP not yet weighted; 2026/2025 Statcast baseline active,7,3,26,1,"Last 7 games: 3/26, 1 HR","same-side matchup; pitcher baseline 8.8% barrel, 10.7 HR allowed",neutral batted-ball profile; pitcher allows elevated contact,,
669016,Brandon Marsh,PHI,MIL,2026-09-23T22:40:00Z,Scheduled,8,Logan Henderson,701656,R,L,8.19,0.1553,89.84,100.0784,0.4131,0.1578,0.3104,71.54,15.58,38.26,26.52,44.16,15.9,8.81,36.58,88.8,0.3597,0.1477,31.84,10.7,10.7,10.7,Citizens Bank Park,112,61,5,19 deg,Open-Meteo forecast; MLB fallback,https://forecast.weather.gov/MapClick.php?lat=39.9061&lon=-75.1665,84,18,No,No,8,Yes,Yes,RotoWire projected lineup; MLB probable pitchers,lineup projected / unconfirmed,H:2026/2025 P:2026/2025,,,Direct BvP not yet weighted; 2026/2025 Statcast baseline active,7,4,20,1,"Last 7 games: 4/20, 1 HR","platoon edge; pitcher baseline 8.8% barrel, 10.7 HR allowed",neutral batted-ball profile; pitcher allows elevated contact,,
702222,Justin Crawford,PHI,MIL,2026-09-23T22:40:00Z,Scheduled,9,Logan Henderson,701656,R,L,1.8,0.093,87.1,98.1195,0.325,0.07,0.283,69.2,6.1,29.0,16.1,35.2,3.0,8.81,36.58,88.8,0.3597,0.1477,31.84,10.7,10.7,10.7,Citizens Bank Park,112,61,5,19 deg,Open-Meteo forecast; MLB fallback,https://forecast.weather.gov/MapClick.php?lat=39.9061&lon=-75.1665,84,18,No,No,9,Yes,Yes,RotoWire projected lineup; MLB probable pitchers,lineup projected / unconfirmed,H:2026 P:2026/2025,,,Direct BvP not yet weighted; 2026/2025 Statcast baseline active,7,5,21,1,"Last 7 games: 5/21, 1 HR","platoon edge; pitcher baseline 8.8% barrel, 10.7 HR allowed",neutral batted-ball profile; pitcher allows elevated contact,,
650490,Yandy Diaz,TB,NYY,2026-09-23T23:05:00Z,Scheduled,1,Gerrit Cole,543037,R,R,7.6,0.1624,91.53,103.21,0.4453,0.1635,0.3484,73.5,37.44,23.81,19.72,49.35,22.9,8.7,45.2,90.9,0.406,0.153,27.0,21.0,21.0,21.0,Yankee Stadium,119,64,8,30 deg,Open-Meteo forecast; MLB fallback,https://forecast.weather.gov/MapClick.php?lat=40.8296&lon=-73.9262,55,0,No,No,1,Yes,Yes,RotoWire projected lineup; MLB probable pitchers,lineup projected / unconfirmed,H:2026/2025 P:2026,,,Direct BvP not yet weighted; 2026/2025 Statcast baseline active,7,2,28,0,"Last 7 games: 2/28, 0 HR","same-side matchup; pitcher baseline 8.7% barrel, 21.0 HR allowed",neutral batted-ball profile; pitcher fly-ball pressure modest,,
666018,Jonathan Aranda,TB,NYY,2026-09-23T23:05:00Z,Scheduled,2,Gerrit Cole,543037,R,L,10.87,0.1653,91.67,101.2203,0.466,0.1981,0.3561,70.36,13.18,33.13,30.13,48.48,19.6,8.7,45.2,90.9,0.406,0.153,27.0,21.0,21.0,21.0,Yankee Stadium,119,64,8,30 deg,Open-Meteo forecast; MLB fallback,https://forecast.weather.gov/MapClick.php?lat=40.8296&lon=-73.9262,55,0,No,No,2,Yes,Yes,RotoWire projected lineup; MLB probable pitchers,lineup projected / unconfirmed,H:2026/2025 P:2026,,,Direct BvP not yet weighted; 2026/2025 Statcast baseline active,7,7,25,3,Hot streak: 3 HR in last 7 games,"platoon edge; pitcher baseline 8.7% barrel, 21.0 HR allowed",neutral batted-ball profile; pitcher fly-ball pressure modest,,
691406,Junior Caminero,TB,NYY,2026-09-23T23:05:00Z,Scheduled,3,Gerrit Cole,543037,R,R,13.16,0.2563,92.54,104.9134,0.494,0.2278,0.3565,79.2,83.78,44.89,23.42,50.0,42.2,8.7,45.2,90.9,0.406,0.153,27.0,21.0,21.0,21.0,Yankee Stadium,119,64,8,30 deg,Open-Meteo forecast; MLB fallback,https://forecast.weather.gov/MapClick.php?lat=40.8296&lon=-73.9262,55,0,No,No,3,Yes,Yes,RotoWire projected lineup; MLB probable pitchers,lineup projected / unconfirmed,H:2026/2025 P:2026,,,Direct BvP not yet weighted; 2026/2025 Statcast baseline active,7,5,26,0,"Last 7 games: 5/26, 0 HR","same-side matchup; pitcher baseline 8.7% barrel, 21.0 HR allowed",EV profile; pitcher fly-ball pressure modest,,
689414,Liam Hicks,TB,NYY,2026-09-23T23:05:00Z,Scheduled,4,Gerrit Cole,543037,R,L,3.74,0.1354,84.46,96.0625,0.3549,0.099,0.3178,68.03,3.72,41.19,24.08,27.14,14.4,8.7,45.2,90.9,0.406,0.153,27.0,21.0,21.0,21.0,Yankee Stadium,119,64,8,30 deg,Open-Meteo forecast; MLB fallback,https://forecast.weather.gov/MapClick.php?lat=40.8296&lon=-73.9262,55,0,No,No,4,Yes,Yes,RotoWire projected lineup; MLB probable pitchers,lineup projected / unconfirmed,H:2026/2025 P:2026,,,Direct BvP not yet weighted; 2026/2025 Statcast baseline active,7,5,17,0,"Last 7 games: 5/17, 0 HR","platoon edge; pitcher baseline 8.7% barrel, 21.0 HR allowed",neutral batted-ball profile; pitcher fly-ball pressure modest,,
683748,Victor Mesa,TB,NYY,2026-09-23T23:05:00Z,Scheduled,5,Gerrit Cole,543037,R,L,10.25,0.2204,89.77,100.2216,0.4409,0.1963,0.334,73.72,33.16,40.8,34.19,41.36,10.1,8.7,45.2,90.9,0.406,0.153,27.0,21.0,21.0,21.0,Yankee Stadium,119,64,8,30 deg,Open-Meteo forecast; MLB fallback,https://forecast.weather.gov/MapClick.php?lat=40.8296&lon=-73.9262,55,0,No,No,5,Yes,Yes,RotoWire projected lineup; MLB probable pitchers,lineup projected / unconfirmed,H:2026/2025 P:2026,,,Direct BvP not yet weighted; 2026/2025 Statcast baseline active,7,6,24,1,"Last 7 games: 6/24, 1 HR","platoon edge; pitcher baseline 8.7% barrel, 21.0 HR allowed",neutral batted-ball profile; pitcher fly-ball pressure modest,,
802415,Chandler Simpson,TB,NYY,2026-09-23T23:05:00Z,Scheduled,6,Gerrit Cole,543037,R,L,0.0,0.05,83.81,92.9129,0.3101,0.0382,0.2746,64.8,0.44,28.41,12.51,14.71,0.0,8.7,45.2,90.9,0.406,0.153,27.0,21.0,21.0,21.0,Yankee Stadium,119,64,8,30 deg,Open-Meteo forecast; MLB fallback,https://forecast.weather.gov/MapClick.php?lat=40.8296&lon=-73.9262,55,0,No,No,6,Yes,Yes,RotoWire projected lineup; MLB probable pitchers,lineup projected / unconfirmed,H:2026/2025 P:2026,,,Direct BvP not yet weighted; 2026/2025 Statcast baseline active,7,9,28,0,Contact streak: 9/28 over last 7 games,"platoon edge; pitcher baseline 8.7% barrel, 21.0 HR allowed",neutral batted-ball profile; pitcher fly-ball pressure modest,,
680700,Richie Palacios,TB,NYY,2026-09-23T23:05:00Z,Scheduled,7,Gerrit Cole,543037,R,L,4.64,0.1344,87.52,97.1889,0.3702,0.1025,0.3243,68.84,3.94,36.39,21.54,33.74,7.3,8.7,45.2,90.9,0.406,0.153,27.0,21.0,21.0,21.0,Yankee Stadium,119,64,8,30 deg,Open-Meteo forecast; MLB fallback,https://forecast.weather.gov/MapClick.php?lat=40.8296&lon=-73.9262,55,0,No,No,7,Yes,Yes,RotoWire projected lineup; MLB probable pitchers,lineup projected / unconfirmed,H:2026/2025 P:2026,,,Direct BvP not yet weighted; 2026/2025 Statcast baseline active,7,4,17,1,"Last 7 games: 4/17, 1 HR","platoon edge; pitcher baseline 8.7% barrel, 21.0 HR allowed",neutral batted-ball profile; pitcher fly-ball pressure modest,,
656775,Cedric Mullins,TB,NYY,2026-09-23T23:05:00Z,Scheduled,8,Gerrit Cole,543037,R,L,4.73,0.1484,88.17,97.9554,0.3178,0.1229,0.2694,71.03,9.92,45.88,31.94,33.31,14.9,8.7,45.2,90.9,0.406,0.153,27.0,21.0,21.0,21.0,Yankee Stadium,119,64,8,30 deg,Open-Meteo forecast; MLB fallback,https://forecast.weather.gov/MapClick.php?lat=40.8296&lon=-73.9262,55,0,No,No,8,Yes,Yes,RotoWire projected lineup; MLB probable pitchers,lineup projected / unconfirmed,H:2026/2025 P:2026,,,Direct BvP not yet weighted; 2026/2025 Statcast baseline active,7,2,14,0,"Last 7 games: 2/14, 0 HR","platoon edge; pitcher baseline 8.7% barrel, 21.0 HR allowed",neutral batted-ball profile; pitcher fly-ball pressure modest,,
670764,Taylor Walls,TB,NYY,2026-09-23T23:05:00Z,Scheduled,9,Gerrit Cole,543037,R,S,2.22,0.0801,85.95,95.5007,0.274,0.0773,0.254,68.35,2.06,38.68,28.49,23.18,2.6,8.7,45.2,90.9,0.406,0.153,27.0,21.0,21.0,21.0,Yankee Stadium,119,64,8,30 deg,Open-Meteo forecast; MLB fallback,https://forecast.weather.gov/MapClick.php?lat=40.8296&lon=-73.9262,55,0,No,No,9,Yes,Yes,RotoWire projected lineup; MLB probable pitchers,lineup projected / unconfirmed,H:2026/2025 P:2026,,,Direct BvP not yet weighted; 2026/2025 Statcast baseline active,7,4,18,0,"Last 7 games: 4/18, 0 HR","switch hitter; pitcher baseline 8.7% barrel, 21.0 HR allowed",neutral batted-ball profile; pitcher fly-ball pressure modest,,
502671,Paul Goldschmidt,NYY,TB,2026-09-23T23:05:00Z,Scheduled,1,Ian Seymour,693855,L,R,9.54,0.1801,87.81,99.306,0.4276,0.1805,0.3178,71.69,16.62,33.46,29.56,38.45,15.6,9.41,37.45,88.42,0.3966,0.1705,29.45,19.0,19.0,19.0,Yankee Stadium,119,64,8,30 deg,Open-Meteo forecast; MLB fallback,https://forecast.weather.gov/MapClick.php?lat=40.8296&lon=-73.9262,55,0,No,No,1,Yes,Yes,RotoWire projected lineup; MLB probable pitchers,lineup projected / unconfirmed,H:2026/2025 P:2026/2025,,,Direct BvP not yet weighted; 2026/2025 Statcast baseline active,7,4,15,0,"Last 7 games: 4/15, 0 HR","platoon edge; pitcher baseline 9.4% barrel, 19.0 HR allowed",neutral batted-ball profile; pitcher fly-ball pressure modest,,
641355,Cody Bellinger,NYY,TB,2026-09-23T23:05:00Z,Scheduled,2,Ian Seymour,693855,L,L,6.94,0.18,88.86,98.5305,0.4166,0.1519,0.3328,69.89,4.82,44.15,32.13,37.69,20.6,9.41,37.45,88.42,0.3966,0.1705,29.45,19.0,19.0,19.0,Yankee Stadium,119,64,8,30 deg,Open-Meteo forecast; MLB fallback,https://forecast.weather.gov/MapClick.php?lat=40.8296&lon=-73.9262,55,0,No,No,2,Yes,Yes,RotoWire projected lineup; MLB probable pitchers,lineup projected / unconfirmed,H:2026/2025 P:2026/2025,,,Direct BvP not yet weighted; 2026/2025 Statcast baseline active,7,9,29,2,Hot streak: 2 HR in last 7 games,"same-side matchup; pitcher baseline 9.4% barrel, 19.0 HR allowed",neutral batted-ball profile; pitcher fly-ball pressure modest,,
671218,Heliot Ramos,NYY,TB,2026-09-23T23:05:00Z,Scheduled,3,Ian Seymour,693855,L,R,12.51,0.1601,92.08,103.0408,0.4338,0.1848,0.3249,73.13,33.73,33.8,24.0,48.31,15.4,9.41,37.45,88.42,0.3966,0.1705,29.45,19.0,19.0,19.0,Yankee Stadium,119,64,8,30 deg,Open-Meteo forecast; MLB fallback,https://forecast.weather.gov/MapClick.php?lat=40.8296&lon=-73.9262,55,0,No,No,3,Yes,Yes,RotoWire projected lineup; MLB probable pitchers,lineup projected / unconfirmed,H:2026/2025 P:2026/2025,,,Direct BvP not yet weighted; 2026/2025 Statcast baseline active,7,5,26,2,Hot streak: 2 HR in last 7 games,"platoon edge; pitcher baseline 9.4% barrel, 19.0 HR allowed",EV profile; pitcher fly-ball pressure modest,,
700250,Ben Rice,NYY,TB,2026-09-23T23:05:00Z,Scheduled,4,Ian Seymour,693855,L,L,14.35,0.2587,92.32,102.4413,0.5194,0.2492,0.3798,72.84,27.45,44.68,30.88,50.43,35.1,9.41,37.45,88.42,0.3966,0.1705,29.45,19.0,19.0,19.0,Yankee Stadium,119,64,8,30 deg,Open-Meteo forecast; MLB fallback,https://forecast.weather.gov/MapClick.php?lat=40.8296&lon=-73.9262,55,0,No,No,4,Yes,Yes,RotoWire projected lineup; MLB probable pitchers,lineup projected / unconfirmed,H:2026/2025 P:2026/2025,,,Direct BvP not yet weighted; 2026/2025 Statcast baseline active,7,5,25,1,"Last 7 games: 5/25, 1 HR","same-side matchup; pitcher baseline 9.4% barrel, 19.0 HR allowed",lift-pull EV profile; pitcher fly-ball pressure modest,,
642708,Amed Rosario,NYY,TB,2026-09-23T23:05:00Z,Scheduled,5,Ian Seymour,693855,L,R,9.36,0.1691,90.57,101.4309,0.4285,0.1706,0.3149,73.8,37.83,38.59,24.07,41.36,8.8,9.41,37.45,88.42,0.3966,0.1705,29.45,19.0,19.0,19.0,Yankee Stadium,119,64,8,30 deg,Open-Meteo forecast; MLB fallback,https://forecast.weather.gov/MapClick.php?lat=40.8296&lon=-73.9262,55,0,No,No,5,Yes,Yes,RotoWire projected lineup; MLB probable pitchers,lineup projected / unconfirmed,H:2026/2025 P:2026/2025,,,Direct BvP not yet weighted; 2026/2025 Statcast baseline active,7,5,22,0,"Last 7 games: 5/22, 0 HR","platoon edge; pitcher baseline 9.4% barrel, 19.0 HR allowed",neutral batted-ball profile; pitcher fly-ball pressure modest,,
682987,Spencer Jones,NYY,TB,2026-09-23T23:05:00Z,Scheduled,6,Ian Seymour,693855,L,L,15.4,0.189,94.1,104.2393,0.447,0.212,0.325,77.1,71.8,34.9,38.9,54.7,11.0,9.41,37.45,88.42,0.3966,0.1705,29.45,19.0,19.0,19.0,Yankee Stadium,119,64,8,30 deg,Open-Meteo forecast; MLB fallback,https://forecast.weather.gov/MapClick.php?lat=40.8296&lon=-73.9262,55,0,No,No,6,Yes,Yes,RotoWire projected lineup; MLB probable pitchers,lineup projected / unconfirmed,H:2026 P:2026/2025,,,Direct BvP not yet weighted; 2026/2025 Statcast baseline active,7,3,29,2,Hot streak: 2 HR in last 7 games,"same-side matchup; pitcher baseline 9.4% barrel, 19.0 HR allowed",EV profile; pitcher fly-ball pressure modest,,
806146,George Lombard,NYY,TB,2026-09-23T23:05:00Z,Scheduled,7,Ian Seymour,693855,L,R,6.8,0.144,86.2,98.1466,0.365,0.128,0.291,72.4,25.7,35.6,22.1,33.7,5.0,9.41,37.45,88.42,0.3966,0.1705,29.45,19.0,19.0,19.0,Yankee Stadium,119,64,8,30 deg,Open-Meteo forecast; MLB fallback,https://forecast.weather.gov/MapClick.php?lat=40.8296&lon=-73.9262,55,0,No,No,7,Yes,Yes,RotoWire projected lineup; MLB probable pitchers,lineup projected / unconfirmed,H:2026 P:2026/2025,,,Direct BvP not yet weighted; 2026/2025 Statcast baseline active,7,9,29,2,Hot streak: 2 HR in last 7 games,"platoon edge; pitcher baseline 9.4% barrel, 19.0 HR allowed",neutral batted-ball profile; pitcher fly-ball pressure modest,,
665862,Jazz Chisholm,NYY,TB,2026-09-23T23:05:00Z,Scheduled,8,Ian Seymour,693855,L,L,10.31,0.1907,89.91,100.3735,0.4019,0.1798,0.31,73.2,32.6,50.09,30.26,42.67,22.6,9.41,37.45,88.42,0.3966,0.1705,29.45,19.0,19.0,19.0,Yankee Stadium,119,64,8,30 deg,Open-Meteo forecast; MLB fallback,https://forecast.weather.gov/MapClick.php?lat=40.8296&lon=-73.9262,55,0,No,No,8,Yes,Yes,RotoWire projected lineup; MLB probable pitchers,lineup projected / unconfirmed,H:2026/2025 P:2026/2025,,,Direct BvP not yet weighted; 2026/2025 Statcast baseline active,7,8,24,1,Contact streak: 8/24 over last 7 games,"same-side matchup; pitcher baseline 9.4% barrel, 19.0 HR allowed",neutral batted-ball profile; pitcher fly-ball pressure modest,,
669224,Austin Wells,NYY,TB,2026-09-23T23:05:00Z,Scheduled,9,Ian Seymour,693855,L,L,8.24,0.1624,89.76,100.6753,0.3683,0.1598,0.2945,72.98,28.09,45.05,34.05,43.59,15.4,9.41,37.45,88.42,0.3966,0.1705,29.45,19.0,19.0,19.0,Yankee Stadium,119,64,8,30 deg,Open-Meteo forecast; MLB fallback,https://forecast.weather.gov/MapClick.php?lat=40.8296&lon=-73.9262,55,0,No,No,9,Yes,Yes,RotoWire projected lineup; MLB probable pitchers,lineup projected / unconfirmed,H:2026/2025 P:2026/2025,,,Direct BvP not yet weighted; 2026/2025 Statcast baseline active,7,6,20,3,Hot streak: 3 HR in last 7 games,"same-side matchup; pitcher baseline 9.4% barrel, 19.0 HR allowed",neutral batted-ball profile; pitcher fly-ball pressure modest,,
680757,Steven Kwan,CLE,BOS,2026-09-23T23:10:00Z,Scheduled,1,Sonny Gray,543243,R,L,0.85,0.0761,84.45,92.7428,0.3492,0.0734,0.3219,62.73,0.31,28.09,23.44,12.93,5.4,7.98,39.16,89.11,0.3936,0.1453,23.2,18.7,18.7,18.7,Fenway Park,102,54,5,22 deg,Open-Meteo forecast; MLB fallback,https://forecast.weather.gov/MapClick.php?lat=42.3467&lon=-71.0972,57,0,No,No,1,Yes,Yes,RotoWire projected lineup; MLB probable pitchers,lineup projected / unconfirmed,H:2026/2025 P:2026/2025,,,Direct BvP not yet weighted; 2026/2025 Statcast baseline active,7,8,25,0,Contact streak: 8/25 over last 7 games,"platoon edge; pitcher baseline 8.0% barrel, 18.7 HR allowed",neutral batted-ball profile; pitcher fly-ball pressure modest,,
800050,Chase DeLauter,CLE,BOS,2026-09-23T23:10:00Z,Scheduled,2,Sonny Gray,543243,R,L,6.2,0.167,91.4,101.3267,0.429,0.149,0.348,71.5,18.7,37.3,19.3,46.3,15.0,7.98,39.16,89.11,0.3936,0.1453,23.2,18.7,18.7,18.7,Fenway Park,102,54,5,22 deg,Open-Meteo forecast; MLB fallback,https://forecast.weather.gov/MapClick.php?lat=42.3467&lon=-71.0972,57,0,No,No,2,Yes,Yes,RotoWire projected lineup; MLB probable pitchers,lineup projected / unconfirmed,H:2026 P:2026/2025,,,Direct BvP not yet weighted; 2026/2025 Statcast baseline active,7,7,25,1,"Last 7 games: 7/25, 1 HR","platoon edge; pitcher baseline 8.0% barrel, 18.7 HR allowed",neutral batted-ball profile; pitcher fly-ball pressure modest,,
608070,Jose Ramirez,CLE,BOS,2026-09-23T23:10:00Z,Scheduled,3,Sonny Gray,543243,R,S,5.11,0.1626,88.69,99.2677,0.411,0.1382,0.3315,70.34,12.98,50.55,28.29,38.12,17.4,7.98,39.16,89.11,0.3936,0.1453,23.2,18.7,18.7,18.7,Fenway Park,102,54,5,22 deg,Open-Meteo forecast; MLB fallback,https://forecast.weather.gov/MapClick.php?lat=42.3467&lon=-71.0972,57,0,No,No,3,Yes,Yes,RotoWire projected lineup; MLB probable pitchers,lineup projected / unconfirmed,H:2026/2025 P:2026/2025,,,Direct BvP not yet weighted; 2026/2025 Statcast baseline active,7,10,30,1,Contact streak: 10/30 over last 7 games,"switch hitter; pitcher baseline 8.0% barrel, 18.7 HR allowed",neutral batted-ball profile; pitcher fly-ball pressure modest,,
666176,Jo Adell,CLE,BOS,2026-09-23T23:10:00Z,Scheduled,4,Sonny Gray,543243,R,R,11.35,0.186,90.58,102.8647,0.4699,0.2134,0.3363,77.46,72.32,39.54,27.28,45.45,26.5,7.98,39.16,89.11,0.3936,0.1453,23.2,18.7,18.7,18.7,Fenway Park,102,54,5,22 deg,Open-Meteo forecast; MLB fallback,https://forecast.weather.gov/MapClick.php?lat=42.3467&lon=-71.0972,57,0,No,No,4,Yes,Yes,RotoWire projected lineup; MLB probable pitchers,lineup projected / unconfirmed,H:2026/2025 P:2026/2025,,,Direct BvP not yet weighted; 2026/2025 Statcast baseline active,7,8,28,1,"Last 7 games: 8/28, 1 HR","same-side matchup; pitcher baseline 8.0% barrel, 18.7 HR allowed",neutral batted-ball profile; pitcher fly-ball pressure modest,,
683953,Travis Bazzana,CLE,BOS,2026-09-23T23:10:00Z,Scheduled,5,Sonny Gray,543243,R,L,5.1,0.16,87.7,98.356,0.349,0.122,0.302,69.6,12.3,38.9,28.1,36.7,15.0,7.98,39.16,89.11,0.3936,0.1453,23.2,18.7,18.7,18.7,Fenway Park,102,54,5,22 deg,Open-Meteo forecast; MLB fallback,https://forecast.weather.gov/MapClick.php?lat=42.3467&lon=-71.0972,57,0,No,No,5,Yes,Yes,RotoWire projected lineup; MLB probable pitchers,lineup projected / unconfirmed,H:2026 P:2026/2025,,,Direct BvP not yet weighted; 2026/2025 Statcast baseline active,7,5,26,3,Hot streak: 3 HR in last 7 games,"platoon edge; pitcher baseline 8.0% barrel, 18.7 HR allowed",neutral batted-ball profile; pitcher fly-ball pressure modest,,
663993,Nathaniel Lowe,CLE,BOS,2026-09-23T23:10:00Z,Scheduled,6,Sonny Gray,543243,R,L,8.26,0.1838,89.28,100.9033,0.4199,0.1639,0.3261,73.93,38.66,34.54,26.41,41.57,17.3,7.98,39.16,89.11,0.3936,0.1453,23.2,18.7,18.7,18.7,Fenway Park,102,54,5,22 deg,Open-Meteo forecast; MLB fallback,https://forecast.weather.gov/MapClick.php?lat=42.3467&lon=-71.0972,57,0,No,No,6,Yes,Yes,RotoWire projected lineup; MLB probable pitchers,lineup projected / unconfirmed,H:2026/2025 P:2026/2025,,,Direct BvP not yet weighted; 2026/2025 Statcast baseline active,7,5,16,0,"Last 7 games: 5/16, 0 HR","platoon edge; pitcher baseline 8.0% barrel, 18.7 HR allowed",neutral batted-ball profile; pitcher fly-ball pressure modest,,
682657,Angel Martinez,CLE,BOS,2026-09-23T23:10:00Z,Scheduled,7,Sonny Gray,543243,R,S,6.37,0.1875,87.52,98.5619,0.383,0.1389,0.2914,71.08,15.74,45.16,27.01,34.48,15.2,7.98,39.16,89.11,0.3936,0.1453,23.2,18.7,18.7,18.7,Fenway Park,102,54,5,22 deg,Open-Meteo forecast; MLB fallback,https://forecast.weather.gov/MapClick.php?lat=42.3467&lon=-71.0972,57,0,No,No,7,Yes,Yes,RotoWire projected lineup; MLB probable pitchers,lineup projected / unconfirmed,H:2026/2025 P:2026/2025,,,Direct BvP not yet weighted; 2026/2025 Statcast baseline active,7,12,28,3,Hot streak: 3 HR in last 7 games,"switch hitter; pitcher baseline 8.0% barrel, 18.7 HR allowed",neutral batted-ball profile; pitcher fly-ball pressure modest,,
672275,Patrick Bailey,CLE,BOS,2026-09-23T23:10:00Z,Scheduled,8,Sonny Gray,543243,R,S,6.58,0.1114,89.67,99.6133,0.3708,0.1419,0.2906,72.41,26.2,34.6,27.04,40.11,7.4,7.98,39.16,89.11,0.3936,0.1453,23.2,18.7,18.7,18.7,Fenway Park,102,54,5,22 deg,Open-Meteo forecast; MLB fallback,https://forecast.weather.gov/MapClick.php?lat=42.3467&lon=-71.0972,57,0,No,No,8,Yes,Yes,RotoWire projected lineup; MLB probable pitchers,lineup projected / unconfirmed,H:2026/2025 P:2026/2025,,,Direct BvP not yet weighted; 2026/2025 Statcast baseline active,7,4,22,0,"Last 7 games: 4/22, 0 HR","switch hitter; pitcher baseline 8.0% barrel, 18.7 HR allowed",neutral batted-ball profile; pitcher fly-ball pressure modest,,
677587,Brayan Rocchio,CLE,BOS,2026-09-23T23:10:00Z,Scheduled,9,Sonny Gray,543243,R,S,3.02,0.1224,87.3,97.2766,0.3524,0.106,0.295,69.86,6.59,43.43,25.3,31.79,10.6,7.98,39.16,89.11,0.3936,0.1453,23.2,18.7,18.7,18.7,Fenway Park,102,54,5,22 deg,Open-Meteo forecast; MLB fallback,https://forecast.weather.gov/MapClick.php?lat=42.3467&lon=-71.0972,57,0,No,No,9,Yes,Yes,RotoWire projected lineup; MLB probable pitchers,lineup projected / unconfirmed,H:2026/2025 P:2026/2025,,,Direct BvP not yet weighted; 2026/2025 Statcast baseline active,7,8,24,0,Contact streak: 8/24 over last 7 games,"switch hitter; pitcher baseline 8.0% barrel, 18.7 HR allowed",neutral batted-ball profile; pitcher fly-ball pressure modest,,
701350,Roman Anthony,BOS,CLE,2026-09-23T23:10:00Z,Scheduled,1,Foster Griffin,656492,L,L,12.8,0.1493,92.75,102.8485,0.4434,0.1847,0.3503,75.49,55.26,40.56,23.0,50.85,5.9,8.5,37.4,88.0,0.414,0.155,25.3,23.0,23.0,23.0,Fenway Park,102,54,5,22 deg,Open-Meteo forecast; MLB fallback,https://forecast.weather.gov/MapClick.php?lat=42.3467&lon=-71.0972,57,0,No,No,1,Yes,Yes,RotoWire projected lineup; MLB probable pitchers,lineup projected / unconfirmed,H:2026/2025 P:2026,,,Direct BvP not yet weighted; 2026/2025 Statcast baseline active,7,6,30,1,"Last 7 games: 6/30, 1 HR","same-side matchup; pitcher baseline 8.5% barrel, 23.0 HR allowed",EV profile; pitcher fly-ball pressure modest,,
663330,Jahmai Jones,BOS,CLE,2026-09-23T23:10:00Z,Scheduled,2,Foster Griffin,656492,L,R,11.23,0.1993,91.15,102.4097,0.4602,0.2143,0.3479,73.39,35.7,50.11,27.64,47.09,6.3,8.5,37.4,88.0,0.414,0.155,25.3,23.0,23.0,23.0,Fenway Park,102,54,5,22 deg,Open-Meteo forecast; MLB fallback,https://forecast.weather.gov/MapClick.php?lat=42.3467&lon=-71.0972,57,0,No,No,2,Yes,Yes,RotoWire projected lineup; MLB probable pitchers,lineup projected / unconfirmed,H:2026/2025 P:2026,,,Direct BvP not yet weighted; 2026/2025 Statcast baseline active,7,2,17,1,"Last 7 games: 2/17, 1 HR","platoon edge; pitcher baseline 8.5% barrel, 23.0 HR allowed",neutral batted-ball profile; pitcher fly-ball pressure modest,,
677800,Wilyer Abreu,BOS,CLE,2026-09-23T23:10:00Z,Scheduled,3,Foster Griffin,656492,L,L,12.58,0.208,90.17,101.3892,0.4743,0.2236,0.3448,73.89,38.1,37.97,37.31,44.27,23.4,8.5,37.4,88.0,0.414,0.155,25.3,23.0,23.0,23.0,Fenway Park,102,54,5,22 deg,Open-Meteo forecast; MLB fallback,https://forecast.weather.gov/MapClick.php?lat=42.3467&lon=-71.0972,57,0,No,No,3,Yes,Yes,RotoWire projected lineup; MLB probable pitchers,lineup projected / unconfirmed,H:2026/2025 P:2026,,,Direct BvP not yet weighted; 2026/2025 Statcast baseline active,7,3,26,0,"Last 7 games: 3/26, 0 HR","same-side matchup; pitcher baseline 8.5% barrel, 23.0 HR allowed",fly-ball profile; pitcher fly-ball pressure modest,,
575929,Willson Contreras,BOS,CLE,2026-09-23T23:10:00Z,Scheduled,4,Foster Griffin,656492,L,R,13.55,0.2264,90.04,102.6393,0.4866,0.2303,0.3713,76.7,68.31,46.1,28.35,45.5,24.9,8.5,37.4,88.0,0.414,0.155,25.3,23.0,23.0,23.0,Fenway Park,102,54,5,22 deg,Open-Meteo forecast; MLB fallback,https://forecast.weather.gov/MapClick.php?lat=42.3467&lon=-71.0972,57,0,No,No,4,Yes,Yes,RotoWire projected lineup; MLB probable pitchers,lineup projected / unconfirmed,H:2026/2025 P:2026,,,Direct BvP not yet weighted; 2026/2025 Statcast baseline active,7,5,22,1,"Last 7 games: 5/22, 1 HR","platoon edge; pitcher baseline 8.5% barrel, 23.0 HR allowed",neutral batted-ball profile; pitcher fly-ball pressure modest,,
668939,Adley Rutschman,BOS,CLE,2026-09-23T23:10:00Z,Scheduled,5,Foster Griffin,656492,L,S,7.08,0.1719,89.05,99.2189,0.4121,0.162,0.3271,70.49,12.21,38.54,30.34,38.74,11.1,8.5,37.4,88.0,0.414,0.155,25.3,23.0,23.0,23.0,Fenway Park,102,54,5,22 deg,Open-Meteo forecast; MLB fallback,https://forecast.weather.gov/MapClick.php?lat=42.3467&lon=-71.0972,57,0,No,No,5,Yes,Yes,RotoWire projected lineup; MLB probable pitchers,lineup projected / unconfirmed,H:2026/2025 P:2026,,,Direct BvP not yet weighted; 2026/2025 Statcast baseline active,7,7,28,0,"Last 7 games: 7/28, 0 HR","switch hitter; pitcher baseline 8.5% barrel, 23.0 HR allowed",neutral batted-ball profile; pitcher fly-ball pressure modest,,
702332,Caleb Durbin,BOS,CLE,2026-09-23T23:10:00Z,Scheduled,6,Foster Griffin,656492,L,R,3.16,0.1324,83.8,95.499,0.3326,0.0895,0.3001,68.81,4.88,41.3,20.17,25.85,12.4,8.5,37.4,88.0,0.414,0.155,25.3,23.0,23.0,23.0,Fenway Park,102,54,5,22 deg,Open-Meteo forecast; MLB fallback,https://forecast.weather.gov/MapClick.php?lat=42.3467&lon=-71.0972,57,0,No,No,6,Yes,Yes,RotoWire projected lineup; MLB probable pitchers,lineup projected / unconfirmed,H:2026/2025 P:2026,,,Direct BvP not yet weighted; 2026/2025 Statcast baseline active,7,7,21,0,Contact streak: 7/21 over last 7 games,"platoon edge; pitcher baseline 8.5% barrel, 23.0 HR allowed",neutral batted-ball profile; pitcher fly-ball pressure modest,,
596115,Trevor Story,BOS,CLE,2026-09-23T23:10:00Z,Scheduled,7,Foster Griffin,656492,L,R,6.89,0.1357,88.39,99.7173,0.3573,0.1289,0.2711,71.03,14.03,42.79,25.09,40.0,11.0,8.5,37.4,88.0,0.414,0.155,25.3,23.0,23.0,23.0,Fenway Park,102,54,5,22 deg,Open-Meteo forecast; MLB fallback,https://forecast.weather.gov/MapClick.php?lat=42.3467&lon=-71.0972,57,0,No,No,7,Yes,Yes,RotoWire projected lineup; MLB probable pitchers,lineup projected / unconfirmed,H:2026/2025 P:2026,,,Direct BvP not yet weighted; 2026/2025 Statcast baseline active,7,9,25,2,Hot streak: 2 HR in last 7 games,"platoon edge; pitcher baseline 8.5% barrel, 23.0 HR allowed",neutral batted-ball profile; pitcher fly-ball pressure modest,,
686765,Nick Sogard,BOS,CLE,2026-09-23T23:10:00Z,Scheduled,8,Foster Griffin,656492,L,S,5.32,0.1239,86.56,96.8742,0.3603,0.1128,0.3069,68.78,3.89,44.33,24.86,30.15,3.5,8.5,37.4,88.0,0.414,0.155,25.3,23.0,23.0,23.0,Fenway Park,102,54,5,22 deg,Open-Meteo forecast; MLB fallback,https://forecast.weather.gov/MapClick.php?lat=42.3467&lon=-71.0972,57,0,No,No,8,Yes,Yes,RotoWire projected lineup; MLB probable pitchers,lineup projected / unconfirmed,H:2026/2025 P:2026,,,Direct BvP not yet weighted; 2026/2025 Statcast baseline active,7,5,27,1,"Last 7 games: 5/27, 1 HR","switch hitter; pitcher baseline 8.5% barrel, 23.0 HR allowed",neutral batted-ball profile; pitcher fly-ball pressure modest,,
681987,Nate Eaton,BOS,CLE,2026-09-23T23:10:00Z,Scheduled,9,Foster Griffin,656492,L,R,6.16,0.0989,87.26,97.6911,0.3118,0.1167,0.2874,72.95,25.53,47.78,23.96,32.46,1.0,8.5,37.4,88.0,0.414,0.155,25.3,23.0,23.0,23.0,Fenway Park,102,54,5,22 deg,Open-Meteo forecast; MLB fallback,https://forecast.weather.gov/MapClick.php?lat=42.3467&lon=-71.0972,57,0,No,No,9,Yes,Yes,RotoWire projected lineup; MLB probable pitchers,lineup projected / unconfirmed,H:2026/2025 P:2026,,,Direct BvP not yet weighted; 2026/2025 Statcast baseline active,7,2,10,0,"Last 7 games: 2/10, 0 HR","platoon edge; pitcher baseline 8.5% barrel, 23.0 HR allowed",neutral batted-ball profile; pitcher fly-ball pressure modest,,
667472,Dane Myers,CIN,ATL,2026-09-23T23:15:00Z,Scheduled,1,Chris Sale,519242,L,R,5.77,0.112,89.65,99.1358,0.3698,0.1288,0.3092,71.04,18.05,28.14,24.47,38.15,7.4,6.16,35.26,87.69,0.3277,0.1122,25.83,9.6,9.6,9.6,Truist Park,106,77,5,77 deg,Open-Meteo forecast; MLB fallback,https://forecast.weather.gov/MapClick.php?lat=33.8907&lon=-84.4677,75,5,No,No,1,Yes,Yes,RotoWire projected lineup; MLB probable pitchers,lineup projected / unconfirmed,H:2026/2025 P:2026/2025,,,Direct BvP not yet weighted; 2026/2025 Statcast baseline active,7,4,22,2,Hot streak: 2 HR in last 7 games,"platoon edge; pitcher baseline 6.2% barrel, 9.6 HR allowed",neutral batted-ball profile; pitcher fly-ball pressure modest,,
682829,Elly De La Cruz,CIN,ATL,2026-09-23T23:15:00Z,Scheduled,2,Chris Sale,519242,L,S,14.5,0.2159,93.59,104.5303,0.4814,0.208,0.3612,75.59,55.87,35.03,24.75,50.99,26.9,6.16,35.26,87.69,0.3277,0.1122,25.83,9.6,9.6,9.6,Truist Park,106,77,5,77 deg,Open-Meteo forecast; MLB fallback,https://forecast.weather.gov/MapClick.php?lat=33.8907&lon=-84.4677,75,5,No,No,2,Yes,Yes,RotoWire projected lineup; MLB probable pitchers,lineup projected / unconfirmed,H:2026/2025 P:2026/2025,,,Direct BvP not yet weighted; 2026/2025 Statcast baseline active,7,8,21,2,Hot streak: 2 HR in last 7 games,"switch hitter; pitcher baseline 6.2% barrel, 9.6 HR allowed",EV profile; pitcher fly-ball pressure modest,,
701398,Sal Stewart,CIN,ATL,2026-09-23T23:15:00Z,Scheduled,3,Chris Sale,519242,L,R,14.19,0.2277,91.9,101.6252,0.5215,0.2519,0.3639,72.1,26.51,38.22,31.74,44.73,23.9,6.16,35.26,87.69,0.3277,0.1122,25.83,9.6,9.6,9.6,Truist Park,106,77,5,77 deg,Open-Meteo forecast; MLB fallback,https://forecast.weather.gov/MapClick.php?lat=33.8907&lon=-84.4677,75,5,No,No,3,Yes,Yes,RotoWire projected lineup; MLB probable pitchers,lineup projected / unconfirmed,H:2026/2025 P:2026/2025,,,Direct BvP not yet weighted; 2026/2025 Statcast baseline active,7,7,27,1,"Last 7 games: 7/27, 1 HR","platoon edge; pitcher baseline 6.2% barrel, 9.6 HR allowed",neutral batted-ball profile; pitcher fly-ball pressure modest,,
663886,Tyler Stephenson,CIN,ATL,2026-09-23T23:15:00Z,Scheduled,4,Chris Sale,519242,L,R,12.89,0.1732,90.78,100.3746,0.4221,0.1928,0.3215,70.45,6.79,37.08,33.29,45.7,14.4,6.16,35.26,87.69,0.3277,0.1122,25.83,9.6,9.6,9.6,Truist Park,106,77,5,77 deg,Open-Meteo forecast; MLB fallback,https://forecast.weather.gov/MapClick.php?lat=33.8907&lon=-84.4677,75,5,No,No,4,Yes,Yes,RotoWire projected lineup; MLB probable pitchers,lineup projected / unconfirmed,H:2026/2025 P:2026/2025,,,Direct BvP not yet weighted; 2026/2025 Statcast baseline active,7,5,22,0,"Last 7 games: 5/22, 0 HR","platoon edge; pitcher baseline 6.2% barrel, 9.6 HR allowed",neutral batted-ball profile; pitcher fly-ball pressure modest,,
553993,Eugenio Suarez,CIN,ATL,2026-09-23T23:15:00Z,Scheduled,5,Chris Sale,519242,L,R,12.76,0.2427,89.01,99.9296,0.3986,0.1953,0.306,72.23,23.91,46.84,34.95,39.13,32.2,6.16,35.26,87.69,0.3277,0.1122,25.83,9.6,9.6,9.6,Truist Park,106,77,5,77 deg,Open-Meteo forecast; MLB fallback,https://forecast.weather.gov/MapClick.php?lat=33.8907&lon=-84.4677,75,5,No,No,5,Yes,Yes,RotoWire projected lineup; MLB probable pitchers,lineup projected / unconfirmed,H:2026/2025 P:2026/2025,,,Direct BvP not yet weighted; 2026/2025 Statcast baseline active,7,4,24,2,Hot streak: 2 HR in last 7 games,"platoon edge; pitcher baseline 6.2% barrel, 9.6 HR allowed",neutral batted-ball profile; pitcher fly-ball pressure modest,,
682877,Juan Brito,CIN,ATL,2026-09-23T23:15:00Z,Scheduled,6,Chris Sale,519242,L,S,5.8,0.132,85.2,96.3423,0.357,0.125,0.284,69.7,4.7,52.2,21.7,30.4,2.0,6.16,35.26,87.69,0.3277,0.1122,25.83,9.6,9.6,9.6,Truist Park,106,77,5,77 deg,Open-Meteo forecast; MLB fallback,https://forecast.weather.gov/MapClick.php?lat=33.8907&lon=-84.4677,75,5,No,No,6,Yes,Yes,RotoWire projected lineup; MLB probable pitchers,lineup projected / unconfirmed,H:2026 P:2026/2025,,,Direct BvP not yet weighted; 2026/2025 Statcast baseline active,7,6,21,0,"Last 7 games: 6/21, 0 HR","switch hitter; pitcher baseline 6.2% barrel, 9.6 HR allowed",neutral batted-ball profile; pitcher fly-ball pressure modest,,
668709,JJ Bleday,CIN,ATL,2026-09-23T23:15:00Z,Scheduled,7,Chris Sale,519242,L,L,9.06,0.1962,88.49,99.7274,0.3961,0.1697,0.3208,73.0,27.16,46.93,32.57,39.54,20.3,6.16,35.26,87.69,0.3277,0.1122,25.83,9.6,9.6,9.6,Truist Park,106,77,5,77 deg,Open-Meteo forecast; MLB fallback,https://forecast.weather.gov/MapClick.php?lat=33.8907&lon=-84.4677,75,5,No,No,7,Yes,Yes,RotoWire projected lineup; MLB probable pitchers,lineup projected / unconfirmed,H:2026/2025 P:2026/2025,,,Direct BvP not yet weighted; 2026/2025 Statcast baseline active,7,6,23,1,"Last 7 games: 6/23, 1 HR","same-side matchup; pitcher baseline 6.2% barrel, 9.6 HR allowed",neutral batted-ball profile; pitcher fly-ball pressure modest,,
624431,Jose Trevino,CIN,ATL,2026-09-23T23:15:00Z,Scheduled,8,Chris Sale,519242,L,R,3.1,0.1193,86.29,97.4383,0.3109,0.0913,0.2374,68.52,2.57,35.65,21.01,32.86,4.7,6.16,35.26,87.69,0.3277,0.1122,25.83,9.6,9.6,9.6,Truist Park,106,77,5,77 deg,Open-Meteo forecast; MLB fallback,https://forecast.weather.gov/MapClick.php?lat=33.8907&lon=-84.4677,75,5,No,No,8,Yes,Yes,RotoWire projected lineup; MLB probable pitchers,lineup projected / unconfirmed,H:2026/2025 P:2026/2025,,,Direct BvP not yet weighted; 2026/2025 Statcast baseline active,7,3,22,0,"Last 7 games: 3/22, 0 HR","platoon edge; pitcher baseline 6.2% barrel, 9.6 HR allowed",neutral batted-ball profile; pitcher fly-ball pressure modest,,
680574,Matt McLain,CIN,ATL,2026-09-23T23:15:00Z,Scheduled,9,Chris Sale,519242,L,R,8.85,0.1412,88.31,98.9188,0.3662,0.1504,0.2952,70.93,9.89,36.27,33.78,37.48,15.0,6.16,35.26,87.69,0.3277,0.1122,25.83,9.6,9.6,9.6,Truist Park,106,77,5,77 deg,Open-Meteo forecast; MLB fallback,https://forecast.weather.gov/MapClick.php?lat=33.8907&lon=-84.4677,75,5,No,No,9,Yes,Yes,RotoWire projected lineup; MLB probable pitchers,lineup projected / unconfirmed,H:2026/2025 P:2026/2025,,,Direct BvP not yet weighted; 2026/2025 Statcast baseline active,7,3,23,0,"Last 7 games: 3/23, 0 HR","platoon edge; pitcher baseline 6.2% barrel, 9.6 HR allowed",neutral batted-ball profile; pitcher fly-ball pressure modest,,
660670,Ronald Acuna,ATL,CIN,2026-09-23T23:15:00Z,Scheduled,1,Andrew Abbott,671096,L,R,13.67,0.2105,90.53,103.0289,0.5063,0.244,0.3767,75.91,61.62,36.44,28.3,46.48,20.3,8.14,37.27,89.2,0.4214,0.1667,29.12,22.5,22.5,22.5,Truist Park,106,77,5,77 deg,Open-Meteo forecast; MLB fallback,https://forecast.weather.gov/MapClick.php?lat=33.8907&lon=-84.4677,75,5,No,No,1,Yes,Yes,RotoWire projected lineup; MLB probable pitchers,lineup projected / unconfirmed,H:2026/2025 P:2026/2025,,,Direct BvP not yet weighted; 2026/2025 Statcast baseline active,7,7,25,3,Hot streak: 3 HR in last 7 games,"platoon edge; pitcher baseline 8.1% barrel, 22.5 HR allowed",neutral batted-ball profile; pitcher fly-ball pressure modest,,
686948,Drake Baldwin,ATL,CIN,2026-09-23T23:15:00Z,Scheduled,2,Andrew Abbott,671096,L,L,12.12,0.1803,91.49,102.1537,0.4919,0.2164,0.3628,75.3,56.51,32.43,25.81,50.02,22.5,8.14,37.27,89.2,0.4214,0.1667,29.12,22.5,22.5,22.5,Truist Park,106,77,5,77 deg,Open-Meteo forecast; MLB fallback,https://forecast.weather.gov/MapClick.php?lat=33.8907&lon=-84.4677,75,5,No,No,2,Yes,Yes,RotoWire projected lineup; MLB probable pitchers,lineup projected / unconfirmed,H:2026/2025 P:2026/2025,,,Direct BvP not yet weighted; 2026/2025 Statcast baseline active,7,12,28,1,Contact streak: 12/28 over last 7 games,"same-side matchup; pitcher baseline 8.1% barrel, 22.5 HR allowed",neutral batted-ball profile; pitcher fly-ball pressure modest,,
621566,Matt Olson,ATL,CIN,2026-09-23T23:15:00Z,Scheduled,3,Andrew Abbott,671096,L,L,14.4,0.2393,92.67,103.6569,0.499,0.2517,0.3537,74.53,47.26,37.79,32.92,52.11,36.7,8.14,37.27,89.2,0.4214,0.1667,29.12,22.5,22.5,22.5,Truist Park,106,77,5,77 deg,Open-Meteo forecast; MLB fallback,https://forecast.weather.gov/MapClick.php?lat=33.8907&lon=-84.4677,75,5,No,No,3,Yes,Yes,RotoWire projected lineup; MLB probable pitchers,lineup projected / unconfirmed,H:2026/2025 P:2026/2025,,,Direct BvP not yet weighted; 2026/2025 Statcast baseline active,7,9,28,1,Contact streak: 9/28 over last 7 games,"same-side matchup; pitcher baseline 8.1% barrel, 22.5 HR allowed",EV profile; pitcher fly-ball pressure modest,,
645277,Ozzie Albies,ATL,CIN,2026-09-23T23:15:00Z,Scheduled,4,Andrew Abbott,671096,L,S,4.2,0.1488,87.22,96.7231,0.3509,0.1205,0.2843,68.86,5.74,46.63,31.69,28.67,20.2,8.14,37.27,89.2,0.4214,0.1667,29.12,22.5,22.5,22.5,Truist Park,106,77,5,77 deg,Open-Meteo forecast; MLB fallback,https://forecast.weather.gov/MapClick.php?lat=33.8907&lon=-84.4677,75,5,No,No,4,Yes,Yes,RotoWire projected lineup; MLB probable pitchers,lineup projected / unconfirmed,H:2026/2025 P:2026/2025,,,Direct BvP not yet weighted; 2026/2025 Statcast baseline active,7,4,26,1,"Last 7 games: 4/26, 1 HR","switch hitter; pitcher baseline 8.1% barrel, 22.5 HR allowed",neutral batted-ball profile; pitcher fly-ball pressure modest,,
671739,Michael Harris,ATL,CIN,2026-09-23T23:15:00Z,Scheduled,5,Andrew Abbott,671096,L,L,9.87,0.1859,90.34,103.0395,0.4632,0.1802,0.3332,74.72,46.91,36.22,22.28,45.92,24.2,8.14,37.27,89.2,0.4214,0.1667,29.12,22.5,22.5,22.5,Truist Park,106,77,5,77 deg,Open-Meteo forecast; MLB fallback,https://forecast.weather.gov/MapClick.php?lat=33.8907&lon=-84.4677,75,5,No,No,5,Yes,Yes,RotoWire projected lineup; MLB probable pitchers,lineup projected / unconfirmed,H:2026/2025 P:2026/2025,,,Direct BvP not yet weighted; 2026/2025 Statcast baseline active,7,8,27,1,"Last 7 games: 8/27, 1 HR","same-side matchup; pitcher baseline 8.1% barrel, 22.5 HR allowed",neutral batted-ball profile; pitcher fly-ball pressure modest,,
643289,Mauricio Dubon,ATL,CIN,2026-09-23T23:15:00Z,Scheduled,6,Andrew Abbott,671096,L,R,3.09,0.1182,85.9,96.2202,0.3611,0.0994,0.2962,68.87,4.03,31.82,25.72,28.61,9.8,8.14,37.27,89.2,0.4214,0.1667,29.12,22.5,22.5,22.5,Truist Park,106,77,5,77 deg,Open-Meteo forecast; MLB fallback,https://forecast.weather.gov/MapClick.php?lat=33.8907&lon=-84.4677,75,5,No,No,6,Yes,Yes,RotoWire projected lineup; MLB probable pitchers,lineup projected / unconfirmed,H:2026/2025 P:2026/2025,,,Direct BvP not yet weighted; 2026/2025 Statcast baseline active,7,10,27,0,Contact streak: 10/27 over last 7 games,"platoon edge; pitcher baseline 8.1% barrel, 22.5 HR allowed",neutral batted-ball profile; pitcher fly-ball pressure modest,,
663586,Austin Riley,ATL,CIN,2026-09-23T23:15:00Z,Scheduled,7,Andrew Abbott,671096,L,R,13.1,0.1477,91.53,102.666,0.416,0.1928,0.3076,75.83,59.43,40.36,30.45,45.79,16.7,8.14,37.27,89.2,0.4214,0.1667,29.12,22.5,22.5,22.5,Truist Park,106,77,5,77 deg,Open-Meteo forecast; MLB fallback,https://forecast.weather.gov/MapClick.php?lat=33.8907&lon=-84.4677,75,5,No,No,7,Yes,Yes,RotoWire projected lineup; MLB probable pitchers,lineup projected / unconfirmed,H:2026/2025 P:2026/2025,,,Direct BvP not yet weighted; 2026/2025 Statcast baseline active,7,4,26,0,"Last 7 games: 4/26, 0 HR","platoon edge; pitcher baseline 8.1% barrel, 22.5 HR allowed",neutral batted-ball profile; pitcher fly-ball pressure modest,,
669221,Sean Murphy,ATL,CIN,2026-09-23T23:15:00Z,Scheduled,8,Andrew Abbott,671096,L,R,9.48,0.1561,87.49,100.8407,0.345,0.1503,0.2755,72.46,28.26,48.49,25.44,39.18,6.9,8.14,37.27,89.2,0.4214,0.1667,29.12,22.5,22.5,22.5,Truist Park,106,77,5,77 deg,Open-Meteo forecast; MLB fallback,https://forecast.weather.gov/MapClick.php?lat=33.8907&lon=-84.4677,75,5,No,No,8,Yes,Yes,RotoWire projected lineup; MLB probable pitchers,lineup projected / unconfirmed,H:2026/2025 P:2026/2025,,,Direct BvP not yet weighted; 2026/2025 Statcast baseline active,7,2,24,0,"Last 7 games: 2/24, 0 HR","platoon edge; pitcher baseline 8.1% barrel, 22.5 HR allowed",neutral batted-ball profile; pitcher fly-ball pressure modest,,
673490,Ha-Seong Kim,ATL,CIN,2026-09-23T23:15:00Z,Scheduled,9,Andrew Abbott,671096,L,R,3.24,0.0389,86.62,96.3484,0.2482,0.0678,0.2375,71.45,15.21,42.19,26.91,29.3,1.5,8.14,37.27,89.2,0.4214,0.1667,29.12,22.5,22.5,22.5,Truist Park,106,77,5,77 deg,Open-Meteo forecast; MLB fallback,https://forecast.weather.gov/MapClick.php?lat=33.8907&lon=-84.4677,75,5,No,No,9,Yes,Yes,RotoWire projected lineup; MLB probable pitchers,lineup projected / unconfirmed,H:2026/2025 P:2026/2025,,,Direct BvP not yet weighted; 2026/2025 Statcast baseline active,7,1,18,0,"Last 7 games: 1/18, 0 HR","platoon edge; pitcher baseline 8.1% barrel, 22.5 HR allowed",neutral batted-ball profile; pitcher fly-ball pressure modest,,
803011,Sam Antonacci,CWS,KC,2026-09-23T23:40:00Z,Scheduled,1,Seth Lugo,607625,R,L,5.0,0.121,87.4,97.4451,0.39,0.114,0.341,69.7,7.4,31.5,22.1,32.9,8.0,8.93,43.52,90.0,0.4618,0.1918,28.97,24.2,24.2,24.2,Kauffman Stadium,92,70,7,52 deg,Open-Meteo forecast; MLB fallback,https://forecast.weather.gov/MapClick.php?lat=39.0517&lon=-94.4803,67,0,No,No,1,Yes,Yes,RotoWire projected lineup; MLB probable pitchers,lineup projected / unconfirmed,H:2026 P:2026/2025,,,Direct BvP not yet weighted; 2026/2025 Statcast baseline active,7,6,21,0,"Last 7 games: 6/21, 0 HR","platoon edge; pitcher baseline 8.9% barrel, 24.2 HR allowed",neutral batted-ball profile; pitcher fly-ball pressure modest,,
691019,Kyle Teel,CWS,KC,2026-09-23T23:40:00Z,Scheduled,2,Seth Lugo,607625,R,L,11.07,0.1394,85.64,100.2459,0.3684,0.1587,0.3132,71.36,23.99,43.62,29.94,45.09,5.2,8.93,43.52,90.0,0.4618,0.1918,28.97,24.2,24.2,24.2,Kauffman Stadium,92,70,7,52 deg,Open-Meteo forecast; MLB fallback,https://forecast.weather.gov/MapClick.php?lat=39.0517&lon=-94.4803,67,0,No,No,2,Yes,Yes,RotoWire projected lineup; MLB probable pitchers,lineup projected / unconfirmed,H:2026/2025 P:2026/2025,,,Direct BvP not yet weighted; 2026/2025 Statcast baseline active,7,2,22,0,"Last 7 games: 2/22, 0 HR","platoon edge; pitcher baseline 8.9% barrel, 24.2 HR allowed",neutral batted-ball profile; pitcher fly-ball pressure modest,,
678246,Miguel Vargas,CWS,KC,2026-09-23T23:40:00Z,Scheduled,3,Seth Lugo,607625,R,R,12.13,0.2111,90.05,100.1692,0.4735,0.2179,0.3617,72.91,33.44,44.84,35.17,42.95,27.9,8.93,43.52,90.0,0.4618,0.1918,28.97,24.2,24.2,24.2,Kauffman Stadium,92,70,7,52 deg,Open-Meteo forecast; MLB fallback,https://forecast.weather.gov/MapClick.php?lat=39.0517&lon=-94.4803,67,0,No,No,3,Yes,Yes,RotoWire projected lineup; MLB probable pitchers,lineup projected / unconfirmed,H:2026/2025 P:2026/2025,,,Direct BvP not yet weighted; 2026/2025 Statcast baseline active,7,7,23,2,Hot streak: 2 HR in last 7 games,"same-side matchup; pitcher baseline 8.9% barrel, 24.2 HR allowed",fly-ball profile; pitcher fly-ball pressure modest,,
808959,Munetaka Murakami,CWS,KC,2026-09-23T23:40:00Z,Scheduled,4,Seth Lugo,607625,R,L,18.8,0.266,93.6,104.19,0.448,0.249,0.344,74.7,49.7,46.5,38.0,55.5,33.0,8.93,43.52,90.0,0.4618,0.1918,28.97,24.2,24.2,24.2,Kauffman Stadium,92,70,7,52 deg,Open-Meteo forecast; MLB fallback,https://forecast.weather.gov/MapClick.php?lat=39.0517&lon=-94.4803,67,0,No,No,4,Yes,Yes,RotoWire projected lineup; MLB probable pitchers,lineup projected / unconfirmed,H:2026 P:2026/2025,,,Direct BvP not yet weighted; 2026/2025 Statcast baseline active,7,4,22,2,Hot streak: 2 HR in last 7 games,"platoon edge; pitcher baseline 8.9% barrel, 24.2 HR allowed",lift-pull EV profile; pitcher fly-ball pressure modest,,
643217,Andrew Benintendi,CWS,KC,2026-09-23T23:40:00Z,Scheduled,5,Seth Lugo,607625,R,L,9.28,0.177,88.91,98.8935,0.4081,0.1697,0.31,69.61,4.57,49.19,32.9,42.78,15.8,8.93,43.52,90.0,0.4618,0.1918,28.97,24.2,24.2,24.2,Kauffman Stadium,92,70,7,52 deg,Open-Meteo forecast; MLB fallback,https://forecast.weather.gov/MapClick.php?lat=39.0517&lon=-94.4803,67,0,No,No,5,Yes,Yes,RotoWire projected lineup; MLB probable pitchers,lineup projected / unconfirmed,H:2026/2025 P:2026/2025,,,Direct BvP not yet weighted; 2026/2025 Statcast baseline active,7,5,18,0,"Last 7 games: 5/18, 0 HR","platoon edge; pitcher baseline 8.9% barrel, 24.2 HR allowed",neutral batted-ball profile; pitcher fly-ball pressure modest,,
671976,Tristan Peters,CWS,KC,2026-09-23T23:40:00Z,Scheduled,6,Seth Lugo,607625,R,L,3.92,0.1253,87.22,98.1516,0.3257,0.1064,0.2649,69.16,5.18,42.05,19.88,35.66,8.4,8.93,43.52,90.0,0.4618,0.1918,28.97,24.2,24.2,24.2,Kauffman Stadium,92,70,7,52 deg,Open-Meteo forecast; MLB fallback,https://forecast.weather.gov/MapClick.php?lat=39.0517&lon=-94.4803,67,0,No,No,6,Yes,Yes,RotoWire projected lineup; MLB probable pitchers,lineup projected / unconfirmed,H:2026/2025 P:2026/2025,,,Direct BvP not yet weighted; 2026/2025 Statcast baseline active,7,0,11,0,"Last 7 games: 0/11, 0 HR","platoon edge; pitcher baseline 8.9% barrel, 24.2 HR allowed",neutral batted-ball profile; pitcher fly-ball pressure modest,,
695657,Colson Montgomery,CWS,KC,2026-09-23T23:40:00Z,Scheduled,7,Seth Lugo,607625,R,L,12.96,0.2361,88.91,101.8564,0.4289,0.2171,0.313,76.72,70.86,49.16,33.02,42.33,28.0,8.93,43.52,90.0,0.4618,0.1918,28.97,24.2,24.2,24.2,Kauffman Stadium,92,70,7,52 deg,Open-Meteo forecast; MLB fallback,https://forecast.weather.gov/MapClick.php?lat=39.0517&lon=-94.4803,67,0,No,No,7,Yes,Yes,RotoWire projected lineup; MLB probable pitchers,lineup projected / unconfirmed,H:2026/2025 P:2026/2025,,,Direct BvP not yet weighted; 2026/2025 Statcast baseline active,7,3,22,0,"Last 7 games: 3/22, 0 HR","platoon edge; pitcher baseline 8.9% barrel, 24.2 HR allowed",neutral batted-ball profile; pitcher fly-ball pressure modest,,
805367,Chase Meidroth,CWS,KC,2026-09-23T23:40:00Z,Scheduled,8,Seth Lugo,607625,R,R,3.77,0.1167,87.64,97.4785,0.3421,0.101,0.2993,67.05,1.25,38.4,20.75,35.12,12.7,8.93,43.52,90.0,0.4618,0.1918,28.97,24.2,24.2,24.2,Kauffman Stadium,92,70,7,52 deg,Open-Meteo forecast; MLB fallback,https://forecast.weather.gov/MapClick.php?lat=39.0517&lon=-94.4803,67,0,No,No,8,Yes,Yes,RotoWire projected lineup; MLB probable pitchers,lineup projected / unconfirmed,H:2026/2025 P:2026/2025,,,Direct BvP not yet weighted; 2026/2025 Statcast baseline active,7,10,28,2,Hot streak: 2 HR in last 7 games,"same-side matchup; pitcher baseline 8.9% barrel, 24.2 HR allowed",neutral batted-ball profile; pitcher fly-ball pressure modest,,
695731,Braden Montgomery,CWS,KC,2026-09-23T23:40:00Z,Scheduled,9,Seth Lugo,607625,R,S,4.6,0.128,88.7,99.8213,0.388,0.137,0.325,69.7,8.4,37.1,18.6,39.7,6.0,8.93,43.52,90.0,0.4618,0.1918,28.97,24.2,24.2,24.2,Kauffman Stadium,92,70,7,52 deg,Open-Meteo forecast; MLB fallback,https://forecast.weather.gov/MapClick.php?lat=39.0517&lon=-94.4803,67,0,No,No,9,Yes,Yes,RotoWire projected lineup; MLB probable pitchers,lineup projected / unconfirmed,H:2026 P:2026/2025,,,Direct BvP not yet weighted; 2026/2025 Statcast baseline active,7,4,21,0,"Last 7 games: 4/21, 0 HR","switch hitter; pitcher baseline 8.9% barrel, 24.2 HR allowed",neutral batted-ball profile; pitcher fly-ball pressure modest,,
695600,Carter Jensen,KC,CWS,2026-09-23T23:40:00Z,Scheduled,1,Bryan Hudson,663542,L,L,14.43,0.2283,92.46,102.9984,0.4713,0.2214,0.3511,74.1,38.73,41.42,31.12,48.57,18.4,5.2,37.44,88.7,0.3371,0.1053,25.59,4.1,4.1,4.1,Kauffman Stadium,92,70,7,52 deg,Open-Meteo forecast; MLB fallback,https://forecast.weather.gov/MapClick.php?lat=39.0517&lon=-94.4803,67,0,No,No,1,Yes,Yes,RotoWire projected lineup; MLB probable pitchers,lineup projected / unconfirmed,H:2026/2025 P:2026/2025,,,Direct BvP not yet weighted; 2026/2025 Statcast baseline active,7,7,26,1,"Last 7 games: 7/26, 1 HR","same-side matchup; pitcher baseline 5.2% barrel, 4.1 HR allowed",lift-pull EV profile; pitcher fly-ball pressure modest,,
677951,Bobby Witt,KC,CWS,2026-09-23T23:40:00Z,Scheduled,2,Bryan Hudson,663542,L,R,11.87,0.1745,92.6,103.4768,0.5066,0.2101,0.3748,74.02,42.51,31.15,27.13,49.76,19.5,5.2,37.44,88.7,0.3371,0.1053,25.59,4.1,4.1,4.1,Kauffman Stadium,92,70,7,52 deg,Open-Meteo forecast; MLB fallback,https://forecast.weather.gov/MapClick.php?lat=39.0517&lon=-94.4803,67,0,No,No,2,Yes,Yes,RotoWire projected lineup; MLB probable pitchers,lineup projected / unconfirmed,H:2026/2025 P:2026/2025,,,Direct BvP not yet weighted; 2026/2025 Statcast baseline active,7,9,27,0,Contact streak: 9/27 over last 7 games,"platoon edge; pitcher baseline 5.2% barrel, 4.1 HR allowed",EV profile; pitcher fly-ball pressure modest,,
695506,Jac Caglianone,KC,CWS,2026-09-23T23:40:00Z,Scheduled,3,Bryan Hudson,663542,L,L,13.05,0.1842,92.06,104.7374,0.48,0.2129,0.3462,77.19,73.43,44.42,22.4,50.87,18.2,5.2,37.44,88.7,0.3371,0.1053,25.59,4.1,4.1,4.1,Kauffman Stadium,92,70,7,52 deg,Open-Meteo forecast; MLB fallback,https://forecast.weather.gov/MapClick.php?lat=39.0517&lon=-94.4803,67,0,No,No,3,Yes,Yes,RotoWire projected lineup; MLB probable pitchers,lineup projected / unconfirmed,H:2026/2025 P:2026/2025,,,Direct BvP not yet weighted; 2026/2025 Statcast baseline active,7,6,20,0,"Last 7 games: 6/20, 0 HR","same-side matchup; pitcher baseline 5.2% barrel, 4.1 HR allowed",EV profile; pitcher fly-ball pressure modest,,
521692,Salvador Perez,KC,CWS,2026-09-23T23:40:00Z,Scheduled,4,Bryan Hudson,663542,L,R,11.44,0.1652,89.37,100.8564,0.4591,0.2058,0.3241,71.99,22.49,41.63,30.85,43.9,22.3,5.2,37.44,88.7,0.3371,0.1053,25.59,4.1,4.1,4.1,Kauffman Stadium,92,70,7,52 deg,Open-Meteo forecast; MLB fallback,https://forecast.weather.gov/MapClick.php?lat=39.0517&lon=-94.4803,67,0,No,No,4,Yes,Yes,RotoWire projected lineup; MLB probable pitchers,lineup projected / unconfirmed,H:2026/2025 P:2026/2025,,,Direct BvP not yet weighted; 2026/2025 Statcast baseline active,7,4,21,0,"Last 7 games: 4/21, 0 HR","platoon edge; pitcher baseline 5.2% barrel, 4.1 HR allowed",neutral batted-ball profile; pitcher fly-ball pressure modest,,
672580,Maikel Garcia,KC,CWS,2026-09-23T23:40:00Z,Scheduled,5,Bryan Hudson,663542,L,R,4.69,0.128,90.18,100.282,0.3821,0.1117,0.3196,71.69,17.73,34.39,21.39,41.46,6.9,5.2,37.44,88.7,0.3371,0.1053,25.59,4.1,4.1,4.1,Kauffman Stadium,92,70,7,52 deg,Open-Meteo forecast; MLB fallback,https://forecast.weather.gov/MapClick.php?lat=39.0517&lon=-94.4803,67,0,No,No,5,Yes,Yes,RotoWire projected lineup; MLB probable pitchers,lineup projected / unconfirmed,H:2026/2025 P:2026/2025,,,Direct BvP not yet weighted; 2026/2025 Statcast baseline active,7,2,19,0,"Last 7 games: 2/19, 0 HR","platoon edge; pitcher baseline 5.2% barrel, 4.1 HR allowed",neutral batted-ball profile; pitcher fly-ball pressure modest,,
686469,Vinnie Pasquantino,KC,CWS,2026-09-23T23:40:00Z,Scheduled,6,Bryan Hudson,663542,L,L,9.75,0.1816,90.34,100.3654,0.4427,0.1868,0.3354,71.17,15.38,44.68,29.98,43.09,20.1,5.2,37.44,88.7,0.3371,0.1053,25.59,4.1,4.1,4.1,Kauffman Stadium,92,70,7,52 deg,Open-Meteo forecast; MLB fallback,https://forecast.weather.gov/MapClick.php?lat=39.0517&lon=-94.4803,67,0,No,No,6,Yes,Yes,RotoWire projected lineup; MLB probable pitchers,lineup projected / unconfirmed,H:2026/2025 P:2026/2025,,,Direct BvP not yet weighted; 2026/2025 Statcast baseline active,7,9,22,4,Hot streak: 4 HR in last 7 games,"same-side matchup; pitcher baseline 5.2% barrel, 4.1 HR allowed",neutral batted-ball profile; pitcher fly-ball pressure modest,,
686681,Michael Massey,KC,CWS,2026-09-23T23:40:00Z,Scheduled,7,Bryan Hudson,663542,L,L,5.26,0.1348,88.76,98.661,0.3908,0.1402,0.293,71.36,11.56,49.22,30.1,37.76,10.0,5.2,37.44,88.7,0.3371,0.1053,25.59,4.1,4.1,4.1,Kauffman Stadium,92,70,7,52 deg,Open-Meteo forecast; MLB fallback,https://forecast.weather.gov/MapClick.php?lat=39.0517&lon=-94.4803,67,0,No,No,7,Yes,Yes,RotoWire projected lineup; MLB probable pitchers,lineup projected / unconfirmed,H:2026/2025 P:2026/2025,,,Direct BvP not yet weighted; 2026/2025 Statcast baseline active,7,5,28,2,Hot streak: 2 HR in last 7 games,"same-side matchup; pitcher baseline 5.2% barrel, 4.1 HR allowed",neutral batted-ball profile; pitcher fly-ball pressure modest,,
670231,John Rave,KC,CWS,2026-09-23T23:40:00Z,Scheduled,8,Bryan Hudson,663542,L,L,8.44,0.1824,88.23,100.0905,0.3707,0.1402,0.3083,73.97,38.74,44.1,24.5,37.34,5.4,5.2,37.44,88.7,0.3371,0.1053,25.59,4.1,4.1,4.1,Kauffman Stadium,92,70,7,52 deg,Open-Meteo forecast; MLB fallback,https://forecast.weather.gov/MapClick.php?lat=39.0517&lon=-94.4803,67,0,No,No,8,Yes,Yes,RotoWire projected lineup; MLB probable pitchers,lineup projected / unconfirmed,H:2026/2025 P:2026/2025,,,Direct BvP not yet weighted; 2026/2025 Statcast baseline active,7,5,19,1,"Last 7 games: 5/19, 1 HR","same-side matchup; pitcher baseline 5.2% barrel, 4.1 HR allowed",neutral batted-ball profile; pitcher fly-ball pressure modest,,
664728,Kyle Isbel,KC,CWS,2026-09-23T23:40:00Z,Scheduled,9,Bryan Hudson,663542,L,L,2.37,0.1008,88.15,98.7898,0.2963,0.0756,0.2524,71.1,12.71,33.51,19.71,33.51,5.4,5.2,37.44,88.7,0.3371,0.1053,25.59,4.1,4.1,4.1,Kauffman Stadium,92,70,7,52 deg,Open-Meteo forecast; MLB fallback,https://forecast.weather.gov/MapClick.php?lat=39.0517&lon=-94.4803,67,0,No,No,9,Yes,Yes,RotoWire projected lineup; MLB probable pitchers,lineup projected / unconfirmed,H:2026/2025 P:2026/2025,,,Direct BvP not yet weighted; 2026/2025 Statcast baseline active,7,1,17,0,"Last 7 games: 1/17, 0 HR","same-side matchup; pitcher baseline 5.2% barrel, 4.1 HR allowed",neutral batted-ball profile; pitcher fly-ball pressure modest,,
669065,Kyle Stowers,MIA,CHC,2026-09-23T23:40:00Z,Scheduled,1,Kevin Gausman,592332,R,L,14.55,0.2273,92.01,103.2732,0.4621,0.2251,0.3407,75.28,54.11,45.64,32.34,55.15,21.5,7.87,40.07,88.88,0.407,0.1613,26.02,23.8,23.8,23.8,Wrigley Field,104,60,12,52 deg,Open-Meteo forecast; MLB fallback,https://forecast.weather.gov/MapClick.php?lat=41.9484&lon=-87.6553,57,0,No,No,1,Yes,Yes,RotoWire projected lineup; MLB probable pitchers,lineup projected / unconfirmed,H:2026/2025 P:2026/2025,,,Direct BvP not yet weighted; 2026/2025 Statcast baseline active,7,6,29,1,"Last 7 games: 6/29, 1 HR","platoon edge; pitcher baseline 7.9% barrel, 23.8 HR allowed",lift-pull EV profile; pitcher fly-ball pressure modest,,
681715,Heriberto Hernandez,MIA,CHC,2026-09-23T23:40:00Z,Scheduled,2,Kevin Gausman,592332,R,R,12.19,0.1979,90.9,101.6365,0.4602,0.2152,0.3431,74.0,43.92,46.12,30.76,46.52,19.8,7.87,40.07,88.88,0.407,0.1613,26.02,23.8,23.8,23.8,Wrigley Field,104,60,12,52 deg,Open-Meteo forecast; MLB fallback,https://forecast.weather.gov/MapClick.php?lat=41.9484&lon=-87.6553,57,0,No,No,2,Yes,Yes,RotoWire projected lineup; MLB probable pitchers,lineup projected / unconfirmed,H:2026/2025 P:2026/2025,,,Direct BvP not yet weighted; 2026/2025 Statcast baseline active,7,9,31,0,"Last 7 games: 9/31, 0 HR","same-side matchup; pitcher baseline 7.9% barrel, 23.8 HR allowed",neutral batted-ball profile; pitcher fly-ball pressure modest,,
672640,Otto Lopez,MIA,CHC,2026-09-23T23:40:00Z,Scheduled,3,Kevin Gausman,592332,R,R,6.47,0.1318,88.92,100.1816,0.4235,0.1461,0.3279,71.84,23.02,33.84,22.78,40.12,12.2,7.87,40.07,88.88,0.407,0.1613,26.02,23.8,23.8,23.8,Wrigley Field,104,60,12,52 deg,Open-Meteo forecast; MLB fallback,https://forecast.weather.gov/MapClick.php?lat=41.9484&lon=-87.6553,57,0,No,No,3,Yes,Yes,RotoWire projected lineup; MLB probable pitchers,lineup projected / unconfirmed,H:2026/2025 P:2026/2025,,,Direct BvP not yet weighted; 2026/2025 Statcast baseline active,7,6,30,1,"Last 7 games: 6/30, 1 HR","same-side matchup; pitcher baseline 7.9% barrel, 23.8 HR allowed",neutral batted-ball profile; pitcher fly-ball pressure modest,,
665052,Griffin Conine,MIA,CHC,2026-09-23T23:40:00Z,Scheduled,4,Kevin Gausman,592332,R,L,15.15,0.2035,90.97,103.0301,0.4579,0.2117,0.3426,74.19,43.41,41.13,24.74,48.87,12.5,7.87,40.07,88.88,0.407,0.1613,26.02,23.8,23.8,23.8,Wrigley Field,104,60,12,52 deg,Open-Meteo forecast; MLB fallback,https://forecast.weather.gov/MapClick.php?lat=41.9484&lon=-87.6553,57,0,No,No,4,Yes,Yes,RotoWire projected lineup; MLB probable pitchers,lineup projected / unconfirmed,H:2026/2025 P:2026/2025,,,Direct BvP not yet weighted; 2026/2025 Statcast baseline active,7,5,26,2,Hot streak: 2 HR in last 7 games,"platoon edge; pitcher baseline 7.9% barrel, 23.8 HR allowed",neutral batted-ball profile; pitcher fly-ball pressure modest,,
691594,Javier Sanoja,MIA,CHC,2026-09-23T23:40:00Z,Scheduled,5,Kevin Gausman,592332,R,R,2.43,0.1586,87.45,97.5491,0.3518,0.0865,0.2904,69.0,6.88,38.15,19.53,32.97,8.8,7.87,40.07,88.88,0.407,0.1613,26.02,23.8,23.8,23.8,Wrigley Field,104,60,12,52 deg,Open-Meteo forecast; MLB fallback,https://forecast.weather.gov/MapClick.php?lat=41.9484&lon=-87.6553,57,0,No,No,5,Yes,Yes,RotoWire projected lineup; MLB probable pitchers,lineup projected / unconfirmed,H:2026/2025 P:2026/2025,,,Direct BvP not yet weighted; 2026/2025 Statcast baseline active,7,9,29,2,Hot streak: 2 HR in last 7 games,"same-side matchup; pitcher baseline 7.9% barrel, 23.8 HR allowed",neutral batted-ball profile; pitcher fly-ball pressure modest,,
805300,Jakob Marsee,MIA,CHC,2026-09-23T23:40:00Z,Scheduled,6,Kevin Gausman,592332,R,L,5.02,0.1454,87.78,98.5814,0.3643,0.1197,0.3232,70.29,5.37,41.09,23.19,36.71,9.2,7.87,40.07,88.88,0.407,0.1613,26.02,23.8,23.8,23.8,Wrigley Field,104,60,12,52 deg,Open-Meteo forecast; MLB fallback,https://forecast.weather.gov/MapClick.php?lat=41.9484&lon=-87.6553,57,0,No,No,6,Yes,Yes,RotoWire projected lineup; MLB probable pitchers,lineup projected / unconfirmed,H:2026/2025 P:2026/2025,,,Direct BvP not yet weighted; 2026/2025 Statcast baseline active,7,10,23,2,Hot streak: 2 HR in last 7 games,"platoon edge; pitcher baseline 7.9% barrel, 23.8 HR allowed",neutral batted-ball profile; pitcher fly-ball pressure modest,,
669364,Xavier Edwards,MIA,CHC,2026-09-23T23:40:00Z,Scheduled,7,Kevin Gausman,592332,R,S,2.48,0.0847,86.8,96.5317,0.3488,0.0893,0.3062,67.88,2.4,28.66,21.98,28.7,5.1,7.87,40.07,88.88,0.407,0.1613,26.02,23.8,23.8,23.8,Wrigley Field,104,60,12,52 deg,Open-Meteo forecast; MLB fallback,https://forecast.weather.gov/MapClick.php?lat=41.9484&lon=-87.6553,57,0,No,No,7,Yes,Yes,RotoWire projected lineup; MLB probable pitchers,lineup projected / unconfirmed,H:2026/2025 P:2026/2025,,,Direct BvP not yet weighted; 2026/2025 Statcast baseline active,7,4,24,0,"Last 7 games: 4/24, 0 HR","switch hitter; pitcher baseline 7.9% barrel, 23.8 HR allowed",neutral batted-ball profile; pitcher fly-ball pressure modest,,
691788,Joe Mack,MIA,CHC,2026-09-23T23:40:00Z,Scheduled,8,Kevin Gausman,592332,R,L,7.7,0.161,88.6,99.4572,0.381,0.161,0.284,74.3,43.3,48.0,24.4,38.0,13.0,7.87,40.07,88.88,0.407,0.1613,26.02,23.8,23.8,23.8,Wrigley Field,104,60,12,52 deg,Open-Meteo forecast; MLB fallback,https://forecast.weather.gov/MapClick.php?lat=41.9484&lon=-87.6553,57,0,No,No,8,Yes,Yes,RotoWire projected lineup; MLB probable pitchers,lineup projected / unconfirmed,H:2026 P:2026/2025,,,Direct BvP not yet weighted; 2026/2025 Statcast baseline active,7,5,19,0,"Last 7 games: 5/19, 0 HR","platoon edge; pitcher baseline 7.9% barrel, 23.8 HR allowed",neutral batted-ball profile; pitcher fly-ball pressure modest,,
682663,Agustin Ramirez,MIA,CHC,2026-09-23T23:40:00Z,Scheduled,9,Kevin Gausman,592332,R,R,6.52,0.1456,90.17,102.652,0.3618,0.1259,0.3005,75.62,56.74,42.5,18.28,42.38,9.8,7.87,40.07,88.88,0.407,0.1613,26.02,23.8,23.8,23.8,Wrigley Field,104,60,12,52 deg,Open-Meteo forecast; MLB fallback,https://forecast.weather.gov/MapClick.php?lat=41.9484&lon=-87.6553,57,0,No,No,9,Yes,Yes,RotoWire projected lineup; MLB probable pitchers,lineup projected / unconfirmed,H:2026/2025 P:2026/2025,,,Direct BvP not yet weighted; 2026/2025 Statcast baseline active,7,8,21,2,Hot streak: 2 HR in last 7 games,"same-side matchup; pitcher baseline 7.9% barrel, 23.8 HR allowed",neutral batted-ball profile; pitcher fly-ball pressure modest,,
691718,Pete Crow-Armstrong,CHC,MIA,2026-09-23T23:40:00Z,Scheduled,1,Ryan Gusto,687473,R,L,13.45,0.2781,90.27,101.8612,0.5023,0.2442,0.3595,74.38,46.14,50.37,34.59,46.57,40.8,9.08,43.88,90.04,0.4414,0.1711,26.75,12.8,12.8,12.8,Wrigley Field,104,60,12,52 deg,Open-Meteo forecast; MLB fallback,https://forecast.weather.gov/MapClick.php?lat=41.9484&lon=-87.6553,57,0,No,No,1,Yes,Yes,RotoWire projected lineup; MLB probable pitchers,lineup projected / unconfirmed,H:2026/2025 P:2026/2025,,,Direct BvP not yet weighted; 2026/2025 Statcast baseline active,7,12,33,4,Hot streak: 4 HR in last 7 games,"platoon edge; pitcher baseline 9.1% barrel, 12.8 HR allowed",neutral batted-ball profile; pitcher fly-ball pressure modest,,
673548,Seiya Suzuki,CHC,MIA,2026-09-23T23:40:00Z,Scheduled,2,Ryan Gusto,687473,R,R,12.47,0.2127,89.55,101.0927,0.4457,0.2001,0.3422,73.3,36.97,40.99,31.9,42.12,27.1,9.08,43.88,90.04,0.4414,0.1711,26.75,12.8,12.8,12.8,Wrigley Field,104,60,12,52 deg,Open-Meteo forecast; MLB fallback,https://forecast.weather.gov/MapClick.php?lat=41.9484&lon=-87.6553,57,0,No,No,2,Yes,Yes,RotoWire projected lineup; MLB probable pitchers,lineup projected / unconfirmed,H:2026/2025 P:2026/2025,,,Direct BvP not yet weighted; 2026/2025 Statcast baseline active,7,8,32,1,"Last 7 games: 8/32, 1 HR","same-side matchup; pitcher baseline 9.1% barrel, 12.8 HR allowed",neutral batted-ball profile; pitcher fly-ball pressure modest,,
683737,Michael Busch,CHC,MIA,2026-09-23T23:40:00Z,Scheduled,3,Ryan Gusto,687473,R,L,11.5,0.1878,89.54,99.7332,0.4465,0.2055,0.3458,68.9,5.92,41.12,35.18,42.05,24.2,9.08,43.88,90.04,0.4414,0.1711,26.75,12.8,12.8,12.8,Wrigley Field,104,60,12,52 deg,Open-Meteo forecast; MLB fallback,https://forecast.weather.gov/MapClick.php?lat=41.9484&lon=-87.6553,57,0,No,No,3,Yes,Yes,RotoWire projected lineup; MLB probable pitchers,lineup projected / unconfirmed,H:2026/2025 P:2026/2025,,,Direct BvP not yet weighted; 2026/2025 Statcast baseline active,7,5,22,1,"Last 7 games: 5/22, 1 HR","platoon edge; pitcher baseline 9.1% barrel, 12.8 HR allowed",fly-ball profile; pitcher fly-ball pressure modest,,
624424,Michael Conforto,CHC,MIA,2026-09-23T23:40:00Z,Scheduled,4,Ryan Gusto,687473,R,L,11.52,0.2047,90.25,100.7062,0.4338,0.1973,0.3342,72.92,33.65,43.32,33.5,42.74,14.1,9.08,43.88,90.04,0.4414,0.1711,26.75,12.8,12.8,12.8,Wrigley Field,104,60,12,52 deg,Open-Meteo forecast; MLB fallback,https://forecast.weather.gov/MapClick.php?lat=41.9484&lon=-87.6553,57,0,No,No,4,Yes,Yes,RotoWire projected lineup; MLB probable pitchers,lineup projected / unconfirmed,H:2026/2025 P:2026/2025,,,Direct BvP not yet weighted; 2026/2025 Statcast baseline active,7,6,21,1,"Last 7 games: 6/21, 1 HR","platoon edge; pitcher baseline 9.1% barrel, 12.8 HR allowed",neutral batted-ball profile; pitcher fly-ball pressure modest,,
664023,Ian Happ,CHC,MIA,2026-09-23T23:40:00Z,Scheduled,5,Ryan Gusto,687473,R,S,10.96,0.1889,89.65,100.7584,0.4129,0.1902,0.3267,71.74,17.87,44.96,31.34,42.86,23.7,9.08,43.88,90.04,0.4414,0.1711,26.75,12.8,12.8,12.8,Wrigley Field,104,60,12,52 deg,Open-Meteo forecast; MLB fallback,https://forecast.weather.gov/MapClick.php?lat=41.9484&lon=-87.6553,57,0,No,No,5,Yes,Yes,RotoWire projected lineup; MLB probable pitchers,lineup projected / unconfirmed,H:2026/2025 P:2026/2025,,,Direct BvP not yet weighted; 2026/2025 Statcast baseline active,7,6,21,1,"Last 7 games: 6/21, 1 HR","switch hitter; pitcher baseline 9.1% barrel, 12.8 HR allowed",neutral batted-ball profile; pitcher fly-ball pressure modest,,
663538,Nico Hoerner,CHC,MIA,2026-09-23T23:40:00Z,Scheduled,6,Ryan Gusto,687473,R,R,1.7,0.0921,86.21,96.3281,0.3805,0.0843,0.322,68.33,1.76,32.66,21.84,29.53,7.7,9.08,43.88,90.04,0.4414,0.1711,26.75,12.8,12.8,12.8,Wrigley Field,104,60,12,52 deg,Open-Meteo forecast; MLB fallback,https://forecast.weather.gov/MapClick.php?lat=41.9484&lon=-87.6553,57,0,No,No,6,Yes,Yes,RotoWire projected lineup; MLB probable pitchers,lineup projected / unconfirmed,H:2026/2025 P:2026/2025,,,Direct BvP not yet weighted; 2026/2025 Statcast baseline active,7,6,27,0,"Last 7 games: 6/27, 0 HR","same-side matchup; pitcher baseline 9.1% barrel, 12.8 HR allowed",neutral batted-ball profile; pitcher fly-ball pressure modest,,
699393,Pedro Ramirez,CHC,MIA,2026-09-23T23:40:00Z,Scheduled,7,Ryan Gusto,687473,R,S,4.3,0.15,89.0,99.3696,0.347,0.105,0.284,72.1,22.4,41.1,23.8,38.9,6.0,9.08,43.88,90.04,0.4414,0.1711,26.75,12.8,12.8,12.8,Wrigley Field,104,60,12,52 deg,Open-Meteo forecast; MLB fallback,https://forecast.weather.gov/MapClick.php?lat=41.9484&lon=-87.6553,57,0,No,No,7,Yes,Yes,RotoWire projected lineup; MLB probable pitchers,lineup projected / unconfirmed,H:2026 P:2026/2025,,,Direct BvP not yet weighted; 2026/2025 Statcast baseline active,7,7,27,1,"Last 7 games: 7/27, 1 HR","switch hitter; pitcher baseline 9.1% barrel, 12.8 HR allowed",neutral batted-ball profile; pitcher fly-ball pressure modest,,
608348,Carson Kelly,CHC,MIA,2026-09-23T23:40:00Z,Scheduled,8,Ryan Gusto,687473,R,R,6.59,0.1377,87.26,98.6728,0.3844,0.1421,0.3147,70.54,7.98,40.27,25.92,37.22,12.1,9.08,43.88,90.04,0.4414,0.1711,26.75,12.8,12.8,12.8,Wrigley Field,104,60,12,52 deg,Open-Meteo forecast; MLB fallback,https://forecast.weather.gov/MapClick.php?lat=41.9484&lon=-87.6553,57,0,No,No,8,Yes,Yes,RotoWire projected lineup; MLB probable pitchers,lineup projected / unconfirmed,H:2026/2025 P:2026/2025,,,Direct BvP not yet weighted; 2026/2025 Statcast baseline active,7,6,20,0,"Last 7 games: 6/20, 0 HR","same-side matchup; pitcher baseline 9.1% barrel, 12.8 HR allowed",neutral batted-ball profile; pitcher fly-ball pressure modest,,
621020,Dansby Swanson,CHC,MIA,2026-09-23T23:40:00Z,Scheduled,9,Ryan Gusto,687473,R,R,8.76,0.1849,89.8,100.025,0.414,0.1778,0.317,71.32,8.68,47.13,29.05,43.32,20.5,9.08,43.88,90.04,0.4414,0.1711,26.75,12.8,12.8,12.8,Wrigley Field,104,60,12,52 deg,Open-Meteo forecast; MLB fallback,https://forecast.weather.gov/MapClick.php?lat=41.9484&lon=-87.6553,57,0,No,No,9,Yes,Yes,RotoWire projected lineup; MLB probable pitchers,lineup projected / unconfirmed,H:2026/2025 P:2026/2025,,,Direct BvP not yet weighted; 2026/2025 Statcast baseline active,7,6,20,2,Hot streak: 2 HR in last 7 games,"same-side matchup; pitcher baseline 9.1% barrel, 12.8 HR allowed",neutral batted-ball profile; pitcher fly-ball pressure modest,,
596019,Francisco Lindor,NYM,TEX,2026-09-24T00:05:00Z,Scheduled,1,Cody Bradford,674003,L,S,8.9,0.199,91.13,100.4789,0.4393,0.194,0.3359,72.23,24.42,44.2,32.05,47.62,23.3,9.5,37.0,89.4,0.472,0.192,35.5,4.0,4.0,4.0,Globe Life Field,100,93,7,67 deg,Open-Meteo forecast; MLB fallback,https://forecast.weather.gov/MapClick.php?lat=32.7473&lon=-97.0842,41,0,No,No,1,Yes,Yes,RotoWire projected lineup; MLB probable pitchers,lineup projected / unconfirmed,H:2026/2025 P:2026,,,Direct BvP not yet weighted; 2026/2025 Statcast baseline active,7,5,30,0,"Last 7 games: 5/30, 0 HR","switch hitter; pitcher baseline 9.5% barrel, 4.0 HR allowed",neutral batted-ball profile; pitcher allows elevated contact,,
665742,Juan Soto,NYM,TEX,2026-09-24T00:05:00Z,Scheduled,2,Cody Bradford,674003,L,L,15.12,0.2487,93.03,103.1509,0.5828,0.2902,0.4164,72.83,32.54,39.67,31.21,50.47,31.1,9.5,37.0,89.4,0.472,0.192,35.5,4.0,4.0,4.0,Globe Life Field,100,93,7,67 deg,Open-Meteo forecast; MLB fallback,https://forecast.weather.gov/MapClick.php?lat=32.7473&lon=-97.0842,41,0,No,No,2,Yes,Yes,RotoWire projected lineup; MLB probable pitchers,lineup projected / unconfirmed,H:2026/2025 P:2026,,,Direct BvP not yet weighted; 2026/2025 Statcast baseline active,7,9,30,1,"Last 7 games: 9/30, 1 HR","same-side matchup; pitcher baseline 9.5% barrel, 4.0 HR allowed",lift-pull EV profile; pitcher allows elevated contact,,
666182,Bo Bichette,NYM,TEX,2026-09-24T00:05:00Z,Scheduled,3,Cody Bradford,674003,L,R,6.85,0.1412,90.02,101.1109,0.4359,0.1517,0.3355,69.59,12.81,26.77,22.74,44.04,17.3,9.5,37.0,89.4,0.472,0.192,35.5,4.0,4.0,4.0,Globe Life Field,100,93,7,67 deg,Open-Meteo forecast; MLB fallback,https://forecast.weather.gov/MapClick.php?lat=32.7473&lon=-97.0842,41,0,No,No,3,Yes,Yes,RotoWire projected lineup; MLB probable pitchers,lineup projected / unconfirmed,H:2026/2025 P:2026,,,Direct BvP not yet weighted; 2026/2025 Statcast baseline active,7,9,31,1,"Last 7 games: 9/31, 1 HR","platoon edge; pitcher baseline 9.5% barrel, 4.0 HR allowed",neutral batted-ball profile; pitcher allows elevated contact,,
701807,Carson Benge,NYM,TEX,2026-09-24T00:05:00Z,Scheduled,4,Cody Bradford,674003,L,L,7.4,0.146,88.7,99.5135,0.435,0.158,0.34,71.0,17.2,33.3,27.9,38.6,19.0,9.5,37.0,89.4,0.472,0.192,35.5,4.0,4.0,4.0,Globe Life Field,100,93,7,67 deg,Open-Meteo forecast; MLB fallback,https://forecast.weather.gov/MapClick.php?lat=32.7473&lon=-97.0842,41,0,No,No,4,Yes,Yes,RotoWire projected lineup; MLB probable pitchers,lineup projected / unconfirmed,H:2026 P:2026,,,Direct BvP not yet weighted; 2026/2025 Statcast baseline active,7,10,28,2,Hot streak: 2 HR in last 7 games,"same-side matchup; pitcher baseline 9.5% barrel, 4.0 HR allowed",neutral batted-ball profile; pitcher allows elevated contact,,
668901,Mark Vientos,NYM,TEX,2026-09-24T00:05:00Z,Scheduled,5,Cody Bradford,674003,L,R,10.59,0.1842,90.35,101.2151,0.439,0.201,0.3137,72.88,27.2,37.63,28.74,46.44,14.2,9.5,37.0,89.4,0.472,0.192,35.5,4.0,4.0,4.0,Globe Life Field,100,93,7,67 deg,Open-Meteo forecast; MLB fallback,https://forecast.weather.gov/MapClick.php?lat=32.7473&lon=-97.0842,41,0,No,No,5,Yes,Yes,RotoWire projected lineup; MLB probable pitchers,lineup projected / unconfirmed,H:2026/2025 P:2026,,,Direct BvP not yet weighted; 2026/2025 Statcast baseline active,7,3,16,0,"Last 7 games: 3/16, 0 HR","platoon edge; pitcher baseline 9.5% barrel, 4.0 HR allowed",neutral batted-ball profile; pitcher allows elevated contact,,
543760,Marcus Semien,NYM,TEX,2026-09-24T00:05:00Z,Scheduled,6,Cody Bradford,674003,L,R,6.03,0.1249,87.18,97.3851,0.3824,0.1397,0.3068,68.57,3.48,46.21,32.49,34.09,14.3,9.5,37.0,89.4,0.472,0.192,35.5,4.0,4.0,4.0,Globe Life Field,100,93,7,67 deg,Open-Meteo forecast; MLB fallback,https://forecast.weather.gov/MapClick.php?lat=32.7473&lon=-97.0842,41,0,No,No,6,Yes,Yes,RotoWire projected lineup; MLB probable pitchers,lineup projected / unconfirmed,H:2026/2025 P:2026,,,Direct BvP not yet weighted; 2026/2025 Statcast baseline active,7,5,28,0,"Last 7 games: 5/28, 0 HR","platoon edge; pitcher baseline 9.5% barrel, 4.0 HR allowed",neutral batted-ball profile; pitcher allows elevated contact,,
682626,Francisco Alvarez,NYM,TEX,2026-09-24T00:05:00Z,Scheduled,7,Cody Bradford,674003,L,R,14.76,0.177,91.28,102.9517,0.4356,0.2059,0.3246,74.11,42.32,37.05,24.96,49.12,14.5,9.5,37.0,89.4,0.472,0.192,35.5,4.0,4.0,4.0,Globe Life Field,100,93,7,67 deg,Open-Meteo forecast; MLB fallback,https://forecast.weather.gov/MapClick.php?lat=32.7473&lon=-97.0842,41,0,No,No,7,Yes,Yes,RotoWire projected lineup; MLB probable pitchers,lineup projected / unconfirmed,H:2026/2025 P:2026,,,Direct BvP not yet weighted; 2026/2025 Statcast baseline active,7,8,28,1,"Last 7 games: 8/28, 1 HR","platoon edge; pitcher baseline 9.5% barrel, 4.0 HR allowed",neutral batted-ball profile; pitcher allows elevated contact,,
805999,A.J. Ewing,NYM,TEX,2026-09-24T00:05:00Z,Scheduled,8,Cody Bradford,674003,L,L,6.8,0.122,89.4,99.9523,0.396,0.138,0.319,70.5,12.5,31.4,23.9,41.7,10.0,9.5,37.0,89.4,0.472,0.192,35.5,4.0,4.0,4.0,Globe Life Field,100,93,7,67 deg,Open-Meteo forecast; MLB fallback,https://forecast.weather.gov/MapClick.php?lat=32.7473&lon=-97.0842,41,0,No,No,8,Yes,Yes,RotoWire projected lineup; MLB probable pitchers,lineup projected / unconfirmed,H:2026 P:2026,,,Direct BvP not yet weighted; 2026/2025 Statcast baseline active,7,9,26,0,Contact streak: 9/26 over last 7 games,"same-side matchup; pitcher baseline 9.5% barrel, 4.0 HR allowed",neutral batted-ball profile; pitcher allows elevated contact,,
703492,Nick Morabito,NYM,TEX,2026-09-24T00:05:00Z,Scheduled,9,Cody Bradford,674003,L,R,0.0,0.03,89.2,99.2079,0.32,0.051,0.315,70.7,23.1,31.8,9.1,40.9,0.0,9.5,37.0,89.4,0.472,0.192,35.5,4.0,4.0,4.0,Globe Life Field,100,93,7,67 deg,Open-Meteo forecast; MLB fallback,https://forecast.weather.gov/MapClick.php?lat=32.7473&lon=-97.0842,41,0,No,No,9,Yes,Yes,RotoWire projected lineup; MLB probable pitchers,lineup projected / unconfirmed,H:2026 P:2026,,,Direct BvP not yet weighted; 2026/2025 Statcast baseline active,7,4,15,0,"Last 7 games: 4/15, 0 HR","platoon edge; pitcher baseline 9.5% barrel, 4.0 HR allowed",neutral batted-ball profile; pitcher allows elevated contact,,
677649,Ezequiel Duran,TEX,NYM,2026-09-24T00:05:00Z,Scheduled,1,Nolan McLean,690997,R,R,4.91,0.1362,87.75,98.9814,0.3489,0.1139,0.2862,72.27,24.59,35.52,21.58,36.08,11.9,6.95,37.94,88.45,0.3471,0.1239,21.56,13.1,13.1,13.1,Globe Life Field,100,93,7,67 deg,Open-Meteo forecast; MLB fallback,https://forecast.weather.gov/MapClick.php?lat=32.7473&lon=-97.0842,41,0,No,No,1,Yes,Yes,RotoWire projected lineup; MLB probable pitchers,lineup projected / unconfirmed,H:2026/2025 P:2026/2025,,,Direct BvP not yet weighted; 2026/2025 Statcast baseline active,7,4,25,0,"Last 7 games: 4/25, 0 HR","same-side matchup; pitcher baseline 7.0% barrel, 13.1 HR allowed",neutral batted-ball profile; pitcher fly-ball pressure modest,,
608369,Corey Seager,TEX,NYM,2026-09-24T00:05:00Z,Scheduled,2,Nolan McLean,690997,R,L,14.46,0.1992,92.06,102.501,0.5046,0.2434,0.3643,71.8,15.16,40.99,30.92,49.4,18.9,6.95,37.94,88.45,0.3471,0.1239,21.56,13.1,13.1,13.1,Globe Life Field,100,93,7,67 deg,Open-Meteo forecast; MLB fallback,https://forecast.weather.gov/MapClick.php?lat=32.7473&lon=-97.0842,41,0,No,No,2,Yes,Yes,RotoWire projected lineup; MLB probable pitchers,lineup projected / unconfirmed,H:2026/2025 P:2026/2025,,,Direct BvP not yet weighted; 2026/2025 Statcast baseline active,7,6,29,0,"Last 7 games: 6/29, 0 HR","platoon edge; pitcher baseline 7.0% barrel, 13.1 HR allowed",lift-pull EV profile; pitcher fly-ball pressure modest,,
673962,Josh Jung,TEX,NYM,2026-09-24T00:05:00Z,Scheduled,3,Nolan McLean,690997,R,R,7.39,0.1509,90.21,100.3906,0.4287,0.1564,0.3327,70.41,7.55,37.48,23.5,48.31,11.9,6.95,37.94,88.45,0.3471,0.1239,21.56,13.1,13.1,13.1,Globe Life Field,100,93,7,67 deg,Open-Meteo forecast; MLB fallback,https://forecast.weather.gov/MapClick.php?lat=32.7473&lon=-97.0842,41,0,No,No,3,Yes,Yes,RotoWire projected lineup; MLB probable pitchers,lineup projected / unconfirmed,H:2026/2025 P:2026/2025,,,Direct BvP not yet weighted; 2026/2025 Statcast baseline active,7,7,28,2,Hot streak: 2 HR in last 7 games,"same-side matchup; pitcher baseline 7.0% barrel, 13.1 HR allowed",neutral batted-ball profile; pitcher fly-ball pressure modest,,
607043,Brandon Nimmo,TEX,NYM,2026-09-24T00:05:00Z,Scheduled,4,Nolan McLean,690997,R,L,9.08,0.1551,91.97,102.0286,0.4393,0.174,0.3364,72.34,27.81,33.59,25.77,50.27,17.3,6.95,37.94,88.45,0.3471,0.1239,21.56,13.1,13.1,13.1,Globe Life Field,100,93,7,67 deg,Open-Meteo forecast; MLB fallback,https://forecast.weather.gov/MapClick.php?lat=32.7473&lon=-97.0842,41,0,No,No,4,Yes,Yes,RotoWire projected lineup; MLB probable pitchers,lineup projected / unconfirmed,H:2026/2025 P:2026/2025,,,Direct BvP not yet weighted; 2026/2025 Statcast baseline active,7,7,27,0,"Last 7 games: 7/27, 0 HR","platoon edge; pitcher baseline 7.0% barrel, 13.1 HR allowed",neutral batted-ball profile; pitcher fly-ball pressure modest,,
694671,Wyatt Langford,TEX,NYM,2026-09-24T00:05:00Z,Scheduled,5,Nolan McLean,690997,R,R,9.94,0.1914,89.72,100.492,0.4116,0.1764,0.3306,72.82,27.43,43.38,31.02,40.63,18.5,6.95,37.94,88.45,0.3471,0.1239,21.56,13.1,13.1,13.1,Globe Life Field,100,93,7,67 deg,Open-Meteo forecast; MLB fallback,https://forecast.weather.gov/MapClick.php?lat=32.7473&lon=-97.0842,41,0,No,No,5,Yes,Yes,RotoWire projected lineup; MLB probable pitchers,lineup projected / unconfirmed,H:2026/2025 P:2026/2025,,,Direct BvP not yet weighted; 2026/2025 Statcast baseline active,7,5,19,0,"Last 7 games: 5/19, 0 HR","same-side matchup; pitcher baseline 7.0% barrel, 13.1 HR allowed",neutral batted-ball profile; pitcher fly-ball pressure modest,,
670032,Nicky Lopez,TEX,NYM,2026-09-24T00:05:00Z,Scheduled,6,Nolan McLean,690997,R,L,0.0,0.0273,84.73,95.2015,0.2648,0.0412,0.2582,66.72,1.24,33.87,12.07,27.47,0.7,6.95,37.94,88.45,0.3471,0.1239,21.56,13.1,13.1,13.1,Globe Life Field,100,93,7,67 deg,Open-Meteo forecast; MLB fallback,https://forecast.weather.gov/MapClick.php?lat=32.7473&lon=-97.0842,41,0,No,No,6,Yes,Yes,RotoWire projected lineup; MLB probable pitchers,lineup projected / unconfirmed,H:2026/2025 P:2026/2025,,,Direct BvP not yet weighted; 2026/2025 Statcast baseline active,7,2,10,0,"Last 7 games: 2/10, 0 HR","platoon edge; pitcher baseline 7.0% barrel, 13.1 HR allowed",neutral batted-ball profile; pitcher fly-ball pressure modest,,
669394,Jake Burger,TEX,NYM,2026-09-24T00:05:00Z,Scheduled,7,Nolan McLean,690997,R,R,12.92,0.1907,90.26,102.7959,0.4402,0.2061,0.3198,75.37,58.28,41.11,28.6,46.96,23.7,6.95,37.94,88.45,0.3471,0.1239,21.56,13.1,13.1,13.1,Globe Life Field,100,93,7,67 deg,Open-Meteo forecast; MLB fallback,https://forecast.weather.gov/MapClick.php?lat=32.7473&lon=-97.0842,41,0,No,No,7,Yes,Yes,RotoWire projected lineup; MLB probable pitchers,lineup projected / unconfirmed,H:2026/2025 P:2026/2025,,,Direct BvP not yet weighted; 2026/2025 Statcast baseline active,7,4,23,1,"Last 7 games: 4/23, 1 HR","same-side matchup; pitcher baseline 7.0% barrel, 13.1 HR allowed",neutral batted-ball profile; pitcher fly-ball pressure modest,,
643376,Danny Jansen,TEX,NYM,2026-09-24T00:05:00Z,Scheduled,8,Nolan McLean,690997,R,R,6.84,0.1672,87.67,97.82,0.3185,0.1297,0.2762,69.85,6.6,53.56,29.12,34.87,8.4,6.95,37.94,88.45,0.3471,0.1239,21.56,13.1,13.1,13.1,Globe Life Field,100,93,7,67 deg,Open-Meteo forecast; MLB fallback,https://forecast.weather.gov/MapClick.php?lat=32.7473&lon=-97.0842,41,0,No,No,8,Yes,Yes,RotoWire projected lineup; MLB probable pitchers,lineup projected / unconfirmed,H:2026/2025 P:2026/2025,,,Direct BvP not yet weighted; 2026/2025 Statcast baseline active,7,6,20,0,"Last 7 games: 6/20, 0 HR","same-side matchup; pitcher baseline 7.0% barrel, 13.1 HR allowed",neutral batted-ball profile; pitcher fly-ball pressure modest,,
694497,Evan Carter,TEX,NYM,2026-09-24T00:05:00Z,Scheduled,9,Nolan McLean,690997,R,L,5.27,0.1282,87.33,98.5937,0.3299,0.1169,0.287,71.02,18.07,39.05,27.84,34.95,7.8,6.95,37.94,88.45,0.3471,0.1239,21.56,13.1,13.1,13.1,Globe Life Field,100,93,7,67 deg,Open-Meteo forecast; MLB fallback,https://forecast.weather.gov/MapClick.php?lat=32.7473&lon=-97.0842,41,0,No,No,9,Yes,Yes,RotoWire projected lineup; MLB probable pitchers,lineup projected / unconfirmed,H:2026/2025 P:2026/2025,,,Direct BvP not yet weighted; 2026/2025 Statcast baseline active,7,3,17,0,"Last 7 games: 3/17, 0 HR","platoon edge; pitcher baseline 7.0% barrel, 13.1 HR allowed",neutral batted-ball profile; pitcher fly-ball pressure modest,,
664983,Jake McCarthy,COL,AZ,2026-09-24T00:40:00Z,Scheduled,1,Merrill Kelly,518876,R,L,5.51,0.176,85.12,96.8838,0.4034,0.1385,0.3126,70.89,13.4,37.94,21.59,28.23,11.7,10.77,42.59,89.99,0.4891,0.2104,26.43,26.5,26.5,26.5,Coors Field,120,81,11,74 deg,Open-Meteo forecast; MLB fallback,https://forecast.weather.gov/MapClick.php?lat=39.7559&lon=-104.9942,17,12,No,No,1,Yes,Yes,RotoWire projected lineup; MLB probable pitchers,lineup projected / unconfirmed,H:2026/2025 P:2026/2025,,,Direct BvP not yet weighted; 2026/2025 Statcast baseline active,7,8,29,0,"Last 7 games: 8/29, 0 HR","platoon edge; pitcher baseline 10.8% barrel, 26.5 HR allowed",neutral batted-ball profile; pitcher fly-ball pressure modest,,
681393,Connor Norby,COL,AZ,2026-09-24T00:40:00Z,Scheduled,2,Merrill Kelly,518876,R,R,8.0,0.1352,87.53,98.0692,0.3764,0.1536,0.3056,70.28,8.69,41.47,35.14,36.05,7.3,10.77,42.59,89.99,0.4891,0.2104,26.43,26.5,26.5,26.5,Coors Field,120,81,11,74 deg,Open-Meteo forecast; MLB fallback,https://forecast.weather.gov/MapClick.php?lat=39.7559&lon=-104.9942,17,12,No,No,2,Yes,Yes,RotoWire projected lineup; MLB probable pitchers,lineup projected / unconfirmed,H:2026/2025 P:2026/2025,,,Direct BvP not yet weighted; 2026/2025 Statcast baseline active,7,9,26,0,Contact streak: 9/26 over last 7 games,"same-side matchup; pitcher baseline 10.8% barrel, 26.5 HR allowed",fly-ball profile; pitcher fly-ball pressure modest,,
696100,Hunter Goodman,COL,AZ,2026-09-24T00:40:00Z,Scheduled,3,Merrill Kelly,518876,R,R,14.16,0.2693,90.17,102.4287,0.4532,0.2238,0.3199,74.86,47.62,48.21,32.62,45.57,36.6,10.77,42.59,89.99,0.4891,0.2104,26.43,26.5,26.5,26.5,Coors Field,120,81,11,74 deg,Open-Meteo forecast; MLB fallback,https://forecast.weather.gov/MapClick.php?lat=39.7559&lon=-104.9942,17,12,No,No,3,Yes,Yes,RotoWire projected lineup; MLB probable pitchers,lineup projected / unconfirmed,H:2026/2025 P:2026/2025,,,Direct BvP not yet weighted; 2026/2025 Statcast baseline active,7,6,27,2,Hot streak: 2 HR in last 7 games,"same-side matchup; pitcher baseline 10.8% barrel, 26.5 HR allowed",neutral batted-ball profile; pitcher fly-ball pressure modest,,
681198,TJ Rumfield,COL,AZ,2026-09-24T00:40:00Z,Scheduled,4,Merrill Kelly,518876,R,L,4.9,0.15,84.3,96.1477,0.387,0.125,0.334,68.3,7.6,40.9,28.7,27.8,15.0,10.77,42.59,89.99,0.4891,0.2104,26.43,26.5,26.5,26.5,Coors Field,120,81,11,74 deg,Open-Meteo forecast; MLB fallback,https://forecast.weather.gov/MapClick.php?lat=39.7559&lon=-104.9942,17,12,No,No,4,Yes,Yes,RotoWire projected lineup; MLB probable pitchers,lineup projected / unconfirmed,H:2026 P:2026/2025,,,Direct BvP not yet weighted; 2026/2025 Statcast baseline active,7,8,27,0,"Last 7 games: 8/27, 0 HR","platoon edge; pitcher baseline 10.8% barrel, 26.5 HR allowed",neutral batted-ball profile; pitcher fly-ball pressure modest,,
694249,Cole Carrigg,COL,AZ,2026-09-24T00:40:00Z,Scheduled,5,Merrill Kelly,518876,R,S,5.6,0.188,88.0,98.9586,0.395,0.149,0.311,73.1,34.6,46.8,29.4,37.0,10.0,10.77,42.59,89.99,0.4891,0.2104,26.43,26.5,26.5,26.5,Coors Field,120,81,11,74 deg,Open-Meteo forecast; MLB fallback,https://forecast.weather.gov/MapClick.php?lat=39.7559&lon=-104.9942,17,12,No,No,5,Yes,Yes,RotoWire projected lineup; MLB probable pitchers,lineup projected / unconfirmed,H:2026 P:2026/2025,,,Direct BvP not yet weighted; 2026/2025 Statcast baseline active,7,11,29,2,Hot streak: 2 HR in last 7 games,"switch hitter; pitcher baseline 10.8% barrel, 26.5 HR allowed",neutral batted-ball profile; pitcher fly-ball pressure modest,,
691720,Kyle Karros,COL,AZ,2026-09-24T00:40:00Z,Scheduled,6,Merrill Kelly,518876,R,R,6.11,0.128,89.09,99.6666,0.3642,0.1236,0.314,69.8,5.58,38.8,23.99,38.6,8.7,10.77,42.59,89.99,0.4891,0.2104,26.43,26.5,26.5,26.5,Coors Field,120,81,11,74 deg,Open-Meteo forecast; MLB fallback,https://forecast.weather.gov/MapClick.php?lat=39.7559&lon=-104.9942,17,12,No,No,6,Yes,Yes,RotoWire projected lineup; MLB probable pitchers,lineup projected / unconfirmed,H:2026/2025 P:2026/2025,,,Direct BvP not yet weighted; 2026/2025 Statcast baseline active,7,6,27,1,"Last 7 games: 6/27, 1 HR","same-side matchup; pitcher baseline 10.8% barrel, 26.5 HR allowed",neutral batted-ball profile; pitcher fly-ball pressure modest,,
666160,Mickey Moniak,COL,AZ,2026-09-24T00:40:00Z,Scheduled,7,Merrill Kelly,518876,R,L,11.0,0.2473,89.7,100.3131,0.4198,0.1941,0.2944,74.12,43.04,46.59,37.05,42.57,23.3,10.77,42.59,89.99,0.4891,0.2104,26.43,26.5,26.5,26.5,Coors Field,120,81,11,74 deg,Open-Meteo forecast; MLB fallback,https://forecast.weather.gov/MapClick.php?lat=39.7559&lon=-104.9942,17,12,No,No,7,Yes,Yes,RotoWire projected lineup; MLB probable pitchers,lineup projected / unconfirmed,H:2026/2025 P:2026/2025,,,Direct BvP not yet weighted; 2026/2025 Statcast baseline active,7,5,24,1,"Last 7 games: 5/24, 1 HR","platoon edge; pitcher baseline 10.8% barrel, 26.5 HR allowed",fly-ball profile; pitcher fly-ball pressure modest,,
691182,Adael Amador,COL,AZ,2026-09-24T00:40:00Z,Scheduled,8,Merrill Kelly,518876,R,S,5.85,0.1825,84.03,95.7969,0.2962,0.0957,0.2648,69.2,8.01,51.12,22.92,24.28,3.1,10.77,42.59,89.99,0.4891,0.2104,26.43,26.5,26.5,26.5,Coors Field,120,81,11,74 deg,Open-Meteo forecast; MLB fallback,https://forecast.weather.gov/MapClick.php?lat=39.7559&lon=-104.9942,17,12,No,No,8,Yes,Yes,RotoWire projected lineup; MLB probable pitchers,lineup projected / unconfirmed,H:2026/2025 P:2026/2025,,,Direct BvP not yet weighted; 2026/2025 Statcast baseline active,7,4,21,0,"Last 7 games: 4/21, 0 HR","switch hitter; pitcher baseline 10.8% barrel, 26.5 HR allowed",neutral batted-ball profile; pitcher fly-ball pressure modest,,
678662,Ezequiel Tovar,COL,AZ,2026-09-24T00:40:00Z,Scheduled,9,Merrill Kelly,518876,R,R,7.48,0.1309,88.07,99.0541,0.3885,0.1527,0.291,71.95,21.03,37.26,29.99,34.7,10.4,10.77,42.59,89.99,0.4891,0.2104,26.43,26.5,26.5,26.5,Coors Field,120,81,11,74 deg,Open-Meteo forecast; MLB fallback,https://forecast.weather.gov/MapClick.php?lat=39.7559&lon=-104.9942,17,12,No,No,9,Yes,Yes,RotoWire projected lineup; MLB probable pitchers,lineup projected / unconfirmed,H:2026/2025 P:2026/2025,,,Direct BvP not yet weighted; 2026/2025 Statcast baseline active,7,5,18,1,"Last 7 games: 5/18, 1 HR","same-side matchup; pitcher baseline 10.8% barrel, 26.5 HR allowed",neutral batted-ball profile; pitcher fly-ball pressure modest,,
687263,Zach Neto,LAA,ATH,2026-09-24T01:40:00Z,Scheduled,1,Jeffrey Springs,605488,L,R,12.25,0.2009,90.16,100.3638,0.4327,0.2083,0.3216,71.47,15.58,47.48,34.33,42.82,26.0,8.8,35.34,87.67,0.4394,0.189,32.09,31.5,31.5,31.5,Sutter Health Park,106,82,5,219 deg,Open-Meteo forecast; MLB fallback,https://forecast.weather.gov/MapClick.php?lat=38.5804&lon=-121.5139,44,0,No,No,1,Yes,Yes,RotoWire projected lineup; MLB probable pitchers,lineup projected / unconfirmed,H:2026/2025 P:2026/2025,,,Direct BvP not yet weighted; 2026/2025 Statcast baseline active,7,3,23,0,"Last 7 games: 3/23, 0 HR","platoon edge; pitcher baseline 8.8% barrel, 31.5 HR allowed",neutral batted-ball profile; pitcher allows elevated contact,,
545361,Mike Trout,LAA,ATH,2026-09-24T01:40:00Z,Scheduled,2,Jeffrey Springs,605488,L,R,15.87,0.1874,90.27,102.8812,0.4824,0.2334,0.3734,74.49,46.51,36.02,30.93,46.92,22.5,8.8,35.34,87.67,0.4394,0.189,32.09,31.5,31.5,31.5,Sutter Health Park,106,82,5,219 deg,Open-Meteo forecast; MLB fallback,https://forecast.weather.gov/MapClick.php?lat=38.5804&lon=-121.5139,44,0,No,No,2,Yes,Yes,RotoWire projected lineup; MLB probable pitchers,lineup projected / unconfirmed,H:2026/2025 P:2026/2025,,,Direct BvP not yet weighted; 2026/2025 Statcast baseline active,7,6,23,0,"Last 7 games: 6/23, 0 HR","platoon edge; pitcher baseline 8.8% barrel, 31.5 HR allowed",neutral batted-ball profile; pitcher allows elevated contact,,
642350,Jose Siri,LAA,ATH,2026-09-24T01:40:00Z,Scheduled,3,Jeffrey Springs,605488,L,R,15.31,0.1369,87.91,99.6953,0.3697,0.1861,0.2701,73.08,33.89,33.09,42.34,39.88,6.3,8.8,35.34,87.67,0.4394,0.189,32.09,31.5,31.5,31.5,Sutter Health Park,106,82,5,219 deg,Open-Meteo forecast; MLB fallback,https://forecast.weather.gov/MapClick.php?lat=38.5804&lon=-121.5139,44,0,No,No,3,Yes,Yes,RotoWire projected lineup; MLB probable pitchers,lineup projected / unconfirmed,H:2026/2025 P:2026/2025,,,Direct BvP not yet weighted; 2026/2025 Statcast baseline active,7,6,22,1,"Last 7 games: 6/22, 1 HR","platoon edge; pitcher baseline 8.8% barrel, 31.5 HR allowed",fly-ball profile; pitcher allows elevated contact,,
687093,Vaughn Grissom,LAA,ATH,2026-09-24T01:40:00Z,Scheduled,4,Jeffrey Springs,605488,L,R,6.8,0.145,87.5,98.6725,0.378,0.136,0.309,70.9,16.3,40.3,24.6,36.0,12.0,8.8,35.34,87.67,0.4394,0.189,32.09,31.5,31.5,31.5,Sutter Health Park,106,82,5,219 deg,Open-Meteo forecast; MLB fallback,https://forecast.weather.gov/MapClick.php?lat=38.5804&lon=-121.5139,44,0,No,No,4,Yes,Yes,RotoWire projected lineup; MLB probable pitchers,lineup projected / unconfirmed,H:2026 P:2026/2025,,,Direct BvP not yet weighted; 2026/2025 Statcast baseline active,7,6,23,1,"Last 7 games: 6/23, 1 HR","platoon edge; pitcher baseline 8.8% barrel, 31.5 HR allowed",neutral batted-ball profile; pitcher allows elevated contact,,
695681,Christian Moore,LAA,ATH,2026-09-24T01:40:00Z,Scheduled,5,Jeffrey Springs,605488,L,R,6.76,0.0999,88.41,99.5109,0.2911,0.1014,0.2442,71.93,24.73,25.45,26.31,37.63,2.8,8.8,35.34,87.67,0.4394,0.189,32.09,31.5,31.5,31.5,Sutter Health Park,106,82,5,219 deg,Open-Meteo forecast; MLB fallback,https://forecast.weather.gov/MapClick.php?lat=38.5804&lon=-121.5139,44,0,No,No,5,Yes,Yes,RotoWire projected lineup; MLB probable pitchers,lineup projected / unconfirmed,H:2026/2025 P:2026/2025,,,Direct BvP not yet weighted; 2026/2025 Statcast baseline active,7,4,22,0,"Last 7 games: 4/22, 0 HR","platoon edge; pitcher baseline 8.8% barrel, 31.5 HR allowed",neutral batted-ball profile; pitcher allows elevated contact,,
672724,Oswald Peraza,LAA,ATH,2026-09-24T01:40:00Z,Scheduled,6,Jeffrey Springs,605488,L,R,6.28,0.1021,87.45,99.6432,0.3242,0.1085,0.2662,72.9,29.58,36.9,20.1,36.91,6.4,8.8,35.34,87.67,0.4394,0.189,32.09,31.5,31.5,31.5,Sutter Health Park,106,82,5,219 deg,Open-Meteo forecast; MLB fallback,https://forecast.weather.gov/MapClick.php?lat=38.5804&lon=-121.5139,44,0,No,No,6,Yes,Yes,RotoWire projected lineup; MLB probable pitchers,lineup projected / unconfirmed,H:2026/2025 P:2026/2025,,,Direct BvP not yet weighted; 2026/2025 Statcast baseline active,7,3,13,0,"Last 7 games: 3/13, 0 HR","platoon edge; pitcher baseline 8.8% barrel, 31.5 HR allowed",neutral batted-ball profile; pitcher allows elevated contact,,
694203,Denzer Guzman,LAA,ATH,2026-09-24T01:40:00Z,Scheduled,7,Jeffrey Springs,605488,L,R,8.07,0.1369,86.78,98.9153,0.3279,0.1162,0.2539,73.64,37.72,40.53,24.33,38.14,6.2,8.8,35.34,87.67,0.4394,0.189,32.09,31.5,31.5,31.5,Sutter Health Park,106,82,5,219 deg,Open-Meteo forecast; MLB fallback,https://forecast.weather.gov/MapClick.php?lat=38.5804&lon=-121.5139,44,0,No,No,7,Yes,Yes,RotoWire projected lineup; MLB probable pitchers,lineup projected / unconfirmed,H:2026/2025 P:2026/2025,,,Direct BvP not yet weighted; 2026/2025 Statcast baseline active,7,7,27,1,"Last 7 games: 7/27, 1 HR","platoon edge; pitcher baseline 8.8% barrel, 31.5 HR allowed",neutral batted-ball profile; pitcher allows elevated contact,,
669326,Bryce Teodosio,LAA,ATH,2026-09-24T01:40:00Z,Scheduled,8,Jeffrey Springs,605488,L,R,5.56,0.0562,83.11,96.0283,0.2282,0.0708,0.2024,69.6,3.6,33.84,23.63,22.82,0.3,8.8,35.34,87.67,0.4394,0.189,32.09,31.5,31.5,31.5,Sutter Health Park,106,82,5,219 deg,Open-Meteo forecast; MLB fallback,https://forecast.weather.gov/MapClick.php?lat=38.5804&lon=-121.5139,44,0,No,No,8,Yes,Yes,RotoWire projected lineup; MLB probable pitchers,lineup projected / unconfirmed,H:2026/2025 P:2026/2025,,,Direct BvP not yet weighted; 2026/2025 Statcast baseline active,7,0,13,0,"Last 7 games: 0/13, 0 HR","platoon edge; pitcher baseline 8.8% barrel, 31.5 HR allowed",neutral batted-ball profile; pitcher allows elevated contact,,
518595,Travis d'Arnaud,LAA,ATH,2026-09-24T01:40:00Z,Scheduled,9,Jeffrey Springs,605488,L,R,10.7,0.1019,87.15,97.6322,0.3117,0.1449,0.2501,71.01,13.74,31.84,31.02,34.68,2.5,8.8,35.34,87.67,0.4394,0.189,32.09,31.5,31.5,31.5,Sutter Health Park,106,82,5,219 deg,Open-Meteo forecast; MLB fallback,https://forecast.weather.gov/MapClick.php?lat=38.5804&lon=-121.5139,44,0,No,No,9,Yes,Yes,RotoWire projected lineup; MLB probable pitchers,lineup projected / unconfirmed,H:2026/2025 P:2026/2025,,,Direct BvP not yet weighted; 2026/2025 Statcast baseline active,7,3,17,0,"Last 7 games: 3/17, 0 HR","platoon edge; pitcher baseline 8.8% barrel, 31.5 HR allowed",neutral batted-ball profile; pitcher allows elevated contact,,
703607,Henry Bolte,ATH,LAA,2026-09-24T01:40:00Z,Scheduled,1,Walbert Ureña,700712,R,R,7.8,0.125,91.0,104.4266,0.375,0.128,0.319,76.8,70.9,32.3,15.2,48.5,11.0,5.4,35.6,87.1,0.313,0.106,21.8,9.0,9.0,9.0,Sutter Health Park,106,82,5,219 deg,Open-Meteo forecast; MLB fallback,https://forecast.weather.gov/MapClick.php?lat=38.5804&lon=-121.5139,44,0,No,No,1,Yes,Yes,RotoWire projected lineup; MLB probable pitchers,lineup projected / unconfirmed,H:2026 P:2026,,,Direct BvP not yet weighted; 2026/2025 Statcast baseline active,7,6,26,1,"Last 7 games: 6/26, 1 HR","same-side matchup; pitcher baseline 5.4% barrel, 9.0 HR allowed",neutral batted-ball profile; pitcher fly-ball pressure modest,,
643446,Jeff McNeil,ATH,LAA,2026-09-24T01:40:00Z,Scheduled,2,Walbert Ureña,700712,R,L,2.72,0.1204,86.64,96.6208,0.3705,0.1006,0.3083,69.37,5.65,43.77,23.75,30.94,9.2,5.4,35.6,87.1,0.313,0.106,21.8,9.0,9.0,9.0,Sutter Health Park,106,82,5,219 deg,Open-Meteo forecast; MLB fallback,https://forecast.weather.gov/MapClick.php?lat=38.5804&lon=-121.5139,44,0,No,No,2,Yes,Yes,RotoWire projected lineup; MLB probable pitchers,lineup projected / unconfirmed,H:2026/2025 P:2026,,,Direct BvP not yet weighted; 2026/2025 Statcast baseline active,7,5,22,0,"Last 7 games: 5/22, 0 HR","platoon edge; pitcher baseline 5.4% barrel, 9.0 HR allowed",neutral batted-ball profile; pitcher fly-ball pressure modest,,
669127,Shea Langeliers,ATH,LAA,2026-09-24T01:40:00Z,Scheduled,3,Walbert Ureña,700712,R,R,13.05,0.2313,91.25,102.3788,0.4927,0.2277,0.35,74.71,48.19,40.16,29.63,44.13,25.4,5.4,35.6,87.1,0.313,0.106,21.8,9.0,9.0,9.0,Sutter Health Park,106,82,5,219 deg,Open-Meteo forecast; MLB fallback,https://forecast.weather.gov/MapClick.php?lat=38.5804&lon=-121.5139,44,0,No,No,3,Yes,Yes,RotoWire projected lineup; MLB probable pitchers,lineup projected / unconfirmed,H:2026/2025 P:2026,,,Direct BvP not yet weighted; 2026/2025 Statcast baseline active,7,8,26,0,"Last 7 games: 8/26, 0 HR","same-side matchup; pitcher baseline 5.4% barrel, 9.0 HR allowed",neutral batted-ball profile; pitcher fly-ball pressure modest,,
671732,Lawrence Butler,ATH,LAA,2026-09-24T01:40:00Z,Scheduled,4,Walbert Ureña,700712,R,L,8.92,0.1644,90.01,101.9186,0.3982,0.1584,0.3204,73.63,37.88,35.52,22.35,44.89,18.2,5.4,35.6,87.1,0.313,0.106,21.8,9.0,9.0,9.0,Sutter Health Park,106,82,5,219 deg,Open-Meteo forecast; MLB fallback,https://forecast.weather.gov/MapClick.php?lat=38.5804&lon=-121.5139,44,0,No,No,4,Yes,Yes,RotoWire projected lineup; MLB probable pitchers,lineup projected / unconfirmed,H:2026/2025 P:2026,,,Direct BvP not yet weighted; 2026/2025 Statcast baseline active,7,7,25,1,"Last 7 games: 7/25, 1 HR","platoon edge; pitcher baseline 5.4% barrel, 9.0 HR allowed",neutral batted-ball profile; pitcher fly-ball pressure modest,,
680869,Zack Gelof,ATH,LAA,2026-09-24T01:40:00Z,Scheduled,5,Walbert Ureña,700712,R,R,11.1,0.1764,89.22,99.9524,0.3949,0.1865,0.2911,73.29,26.73,40.09,28.99,44.47,14.6,5.4,35.6,87.1,0.313,0.106,21.8,9.0,9.0,9.0,Sutter Health Park,106,82,5,219 deg,Open-Meteo forecast; MLB fallback,https://forecast.weather.gov/MapClick.php?lat=38.5804&lon=-121.5139,44,0,No,No,5,Yes,Yes,RotoWire projected lineup; MLB probable pitchers,lineup projected / unconfirmed,H:2026/2025 P:2026,,,Direct BvP not yet weighted; 2026/2025 Statcast baseline active,7,7,27,2,Hot streak: 2 HR in last 7 games,"same-side matchup; pitcher baseline 5.4% barrel, 9.0 HR allowed",neutral batted-ball profile; pitcher fly-ball pressure modest,,
622268,Donovan Walton,ATH,LAA,2026-09-24T01:40:00Z,Scheduled,6,Walbert Ureña,700712,R,L,3.57,0.1295,88.75,97.3619,0.3674,0.1061,0.3111,67.92,0.49,37.35,22.72,34.21,5.6,5.4,35.6,87.1,0.313,0.106,21.8,9.0,9.0,9.0,Sutter Health Park,106,82,5,219 deg,Open-Meteo forecast; MLB fallback,https://forecast.weather.gov/MapClick.php?lat=38.5804&lon=-121.5139,44,0,No,No,6,Yes,Yes,RotoWire projected lineup; MLB probable pitchers,lineup projected / unconfirmed,H:2026/2025 P:2026,,,Direct BvP not yet weighted; 2026/2025 Statcast baseline active,7,4,18,1,"Last 7 games: 4/18, 1 HR","platoon edge; pitcher baseline 5.4% barrel, 9.0 HR allowed",neutral batted-ball profile; pitcher fly-ball pressure modest,,
666126,Carlos Cortes,ATH,LAA,2026-09-24T01:40:00Z,Scheduled,7,Walbert Ureña,700712,R,L,7.17,0.1759,88.82,99.3375,0.3954,0.1434,0.3077,70.69,14.06,30.69,22.94,38.54,8.2,5.4,35.6,87.1,0.313,0.106,21.8,9.0,9.0,9.0,Sutter Health Park,106,82,5,219 deg,Open-Meteo forecast; MLB fallback,https://forecast.weather.gov/MapClick.php?lat=38.5804&lon=-121.5139,44,0,No,No,7,Yes,Yes,RotoWire projected lineup; MLB probable pitchers,lineup projected / unconfirmed,H:2026/2025 P:2026,,,Direct BvP not yet weighted; 2026/2025 Statcast baseline active,7,4,19,1,"Last 7 games: 4/19, 1 HR","platoon edge; pitcher baseline 5.4% barrel, 9.0 HR allowed",neutral batted-ball profile; pitcher fly-ball pressure modest,,
641680,Jonah Heim,ATH,LAA,2026-09-24T01:40:00Z,Scheduled,8,Walbert Ureña,700712,R,S,6.1,0.1505,87.54,97.6274,0.3544,0.1319,0.2802,69.84,9.52,40.14,27.06,32.68,12.4,5.4,35.6,87.1,0.313,0.106,21.8,9.0,9.0,9.0,Sutter Health Park,106,82,5,219 deg,Open-Meteo forecast; MLB fallback,https://forecast.weather.gov/MapClick.php?lat=38.5804&lon=-121.5139,44,0,No,No,8,Yes,Yes,RotoWire projected lineup; MLB probable pitchers,lineup projected / unconfirmed,H:2026/2025 P:2026,,,Direct BvP not yet weighted; 2026/2025 Statcast baseline active,7,3,25,0,"Last 7 games: 3/25, 0 HR","switch hitter; pitcher baseline 5.4% barrel, 9.0 HR allowed",neutral batted-ball profile; pitcher fly-ball pressure modest,,
675961,Alika Williams,ATH,LAA,2026-09-24T01:40:00Z,Scheduled,9,Walbert Ureña,700712,R,R,1.2,0.162,84.7,97.1092,0.294,0.082,0.244,69.2,3.2,43.0,23.6,32.9,4.0,5.4,35.6,87.1,0.313,0.106,21.8,9.0,9.0,9.0,Sutter Health Park,106,82,5,219 deg,Open-Meteo forecast; MLB fallback,https://forecast.weather.gov/MapClick.php?lat=38.5804&lon=-121.5139,44,0,No,No,9,Yes,Yes,RotoWire projected lineup; MLB probable pitchers,lineup projected / unconfirmed,H:2026 P:2026,,,Direct BvP not yet weighted; 2026/2025 Statcast baseline active,7,6,18,0,Contact streak: 6/18 over last 7 games,"same-side matchup; pitcher baseline 5.4% barrel, 9.0 HR allowed",neutral batted-ball profile; pitcher fly-ball pressure modest,,
665487,Fernando Tatis,SD,LAD,2026-09-24T02:10:00Z,Scheduled,1,Yoshinobu Yamamoto,808967,R,R,12.33,0.1801,93.09,104.4497,0.4985,0.2093,0.377,75.65,58.12,34.59,22.57,53.13,25.0,6.33,37.11,87.95,0.325,0.1179,22.87,17.5,17.5,17.5,UNIQLO Field at Dodger Stadium,100,75,10,261 deg,Open-Meteo forecast; MLB fallback,https://forecast.weather.gov/MapClick.php?lat=34.0739&lon=-118.2400,68,0,No,No,1,Yes,Yes,RotoWire projected lineup; MLB probable pitchers,lineup projected / unconfirmed,H:2026/2025 P:2026/2025,,,Direct BvP not yet weighted; 2026/2025 Statcast baseline active,7,6,29,3,Hot streak: 3 HR in last 7 games,"same-side matchup; pitcher baseline 6.3% barrel, 17.5 HR allowed",EV profile; pitcher fly-ball pressure modest,,
687957,Dustin Harris,SD,LAD,2026-09-24T02:10:00Z,Scheduled,2,Yoshinobu Yamamoto,808967,R,L,2.51,0.1066,85.57,95.2139,0.3338,0.0876,0.2856,66.96,2.52,44.7,21.77,21.77,0.3,6.33,37.11,87.95,0.325,0.1179,22.87,17.5,17.5,17.5,UNIQLO Field at Dodger Stadium,100,75,10,261 deg,Open-Meteo forecast; MLB fallback,https://forecast.weather.gov/MapClick.php?lat=34.0739&lon=-118.2400,68,0,No,No,2,Yes,Yes,RotoWire projected lineup; MLB probable pitchers,lineup projected / unconfirmed,H:2026/2025 P:2026/2025,,,Direct BvP not yet weighted; 2026/2025 Statcast baseline active,7,10,28,0,Contact streak: 10/28 over last 7 games,"platoon edge; pitcher baseline 6.3% barrel, 17.5 HR allowed",neutral batted-ball profile; pitcher fly-ball pressure modest,,
592518,Manny Machado,SD,LAD,2026-09-24T02:10:00Z,Scheduled,3,Yoshinobu Yamamoto,808967,R,R,10.52,0.1857,90.94,101.7617,0.4411,0.1897,0.3365,74.64,44.72,39.1,28.15,45.9,27.7,6.33,37.11,87.95,0.325,0.1179,22.87,17.5,17.5,17.5,UNIQLO Field at Dodger Stadium,100,75,10,261 deg,Open-Meteo forecast; MLB fallback,https://forecast.weather.gov/MapClick.php?lat=34.0739&lon=-118.2400,68,0,No,No,3,Yes,Yes,RotoWire projected lineup; MLB probable pitchers,lineup projected / unconfirmed,H:2026/2025 P:2026/2025,,,Direct BvP not yet weighted; 2026/2025 Statcast baseline active,7,4,27,0,"Last 7 games: 4/27, 0 HR","same-side matchup; pitcher baseline 6.3% barrel, 17.5 HR allowed",neutral batted-ball profile; pitcher fly-ball pressure modest,,
664034,Ty France,SD,LAD,2026-09-24T02:10:00Z,Scheduled,4,Yoshinobu Yamamoto,808967,R,R,8.96,0.1821,91.11,100.9702,0.4299,0.1744,0.3315,71.77,19.95,36.43,25.04,47.07,16.8,6.33,37.11,87.95,0.325,0.1179,22.87,17.5,17.5,17.5,UNIQLO Field at Dodger Stadium,100,75,10,261 deg,Open-Meteo forecast; MLB fallback,https://forecast.weather.gov/MapClick.php?lat=34.0739&lon=-118.2400,68,0,No,No,4,Yes,Yes,RotoWire projected lineup; MLB probable pitchers,lineup projected / unconfirmed,H:2026/2025 P:2026/2025,,,Direct BvP not yet weighted; 2026/2025 Statcast baseline active,7,9,28,1,Contact streak: 9/28 over last 7 games,"same-side matchup; pitcher baseline 6.3% barrel, 17.5 HR allowed",neutral batted-ball profile; pitcher fly-ball pressure modest,,
701538,Jackson Merrill,SD,LAD,2026-09-24T02:10:00Z,Scheduled,5,Yoshinobu Yamamoto,808967,R,L,12.65,0.1895,91.03,101.2351,0.4907,0.2235,0.347,72.95,28.03,37.42,30.34,47.24,23.0,6.33,37.11,87.95,0.325,0.1179,22.87,17.5,17.5,17.5,UNIQLO Field at Dodger Stadium,100,75,10,261 deg,Open-Meteo forecast; MLB fallback,https://forecast.weather.gov/MapClick.php?lat=34.0739&lon=-118.2400,68,0,No,No,5,Yes,Yes,RotoWire projected lineup; MLB probable pitchers,lineup projected / unconfirmed,H:2026/2025 P:2026/2025,,,Direct BvP not yet weighted; 2026/2025 Statcast baseline active,7,9,29,1,"Last 7 games: 9/29, 1 HR","platoon edge; pitcher baseline 6.3% barrel, 17.5 HR allowed",neutral batted-ball profile; pitcher fly-ball pressure modest,,
593428,Xander Bogaerts,SD,LAD,2026-09-24T02:10:00Z,Scheduled,6,Yoshinobu Yamamoto,808967,R,R,5.99,0.1154,89.35,100.2616,0.3864,0.1327,0.3242,72.31,27.8,43.17,23.2,41.37,11.7,6.33,37.11,87.95,0.325,0.1179,22.87,17.5,17.5,17.5,UNIQLO Field at Dodger Stadium,100,75,10,261 deg,Open-Meteo forecast; MLB fallback,https://forecast.weather.gov/MapClick.php?lat=34.0739&lon=-118.2400,68,0,No,No,6,Yes,Yes,RotoWire projected lineup; MLB probable pitchers,lineup projected / unconfirmed,H:2026/2025 P:2026/2025,,,Direct BvP not yet weighted; 2026/2025 Statcast baseline active,7,9,24,1,Contact streak: 9/24 over last 7 games,"same-side matchup; pitcher baseline 6.3% barrel, 17.5 HR allowed",neutral batted-ball profile; pitcher fly-ball pressure modest,,
669134,Luis Campusano,SD,LAD,2026-09-24T02:10:00Z,Scheduled,7,Yoshinobu Yamamoto,808967,R,R,5.81,0.1204,87.73,98.3598,0.3025,0.1113,0.292,73.03,30.69,46.98,19.94,35.74,5.6,6.33,37.11,87.95,0.325,0.1179,22.87,17.5,17.5,17.5,UNIQLO Field at Dodger Stadium,100,75,10,261 deg,Open-Meteo forecast; MLB fallback,https://forecast.weather.gov/MapClick.php?lat=34.0739&lon=-118.2400,68,0,No,No,7,Yes,Yes,RotoWire projected lineup; MLB probable pitchers,lineup projected / unconfirmed,H:2026/2025 P:2026/2025,,,Direct BvP not yet weighted; 2026/2025 Statcast baseline active,7,5,29,1,"Last 7 games: 5/29, 1 HR","same-side matchup; pitcher baseline 6.3% barrel, 17.5 HR allowed",neutral batted-ball profile; pitcher fly-ball pressure modest,,
630105,Jake Cronenworth,SD,LAD,2026-09-24T02:10:00Z,Scheduled,8,Yoshinobu Yamamoto,808967,R,L,4.45,0.1072,87.52,97.7531,0.3194,0.1028,0.2868,71.32,17.39,32.24,24.61,32.21,8.2,6.33,37.11,87.95,0.325,0.1179,22.87,17.5,17.5,17.5,UNIQLO Field at Dodger Stadium,100,75,10,261 deg,Open-Meteo forecast; MLB fallback,https://forecast.weather.gov/MapClick.php?lat=34.0739&lon=-118.2400,68,0,No,No,8,Yes,Yes,RotoWire projected lineup; MLB probable pitchers,lineup projected / unconfirmed,H:2026/2025 P:2026/2025,,,Direct BvP not yet weighted; 2026/2025 Statcast baseline active,7,11,28,2,Hot streak: 2 HR in last 7 games,"platoon edge; pitcher baseline 6.3% barrel, 17.5 HR allowed",neutral batted-ball profile; pitcher fly-ball pressure modest,,
669392,Samad Taylor,SD,LAD,2026-09-24T02:10:00Z,Scheduled,9,Yoshinobu Yamamoto,808967,R,R,2.73,0.0707,82.49,93.9542,0.3077,0.0682,0.2778,68.81,3.71,29.48,16.77,20.2,1.4,6.33,37.11,87.95,0.325,0.1179,22.87,17.5,17.5,17.5,UNIQLO Field at Dodger Stadium,100,75,10,261 deg,Open-Meteo forecast; MLB fallback,https://forecast.weather.gov/MapClick.php?lat=34.0739&lon=-118.2400,68,0,No,No,9,Yes,Yes,RotoWire projected lineup; MLB probable pitchers,lineup projected / unconfirmed,H:2026/2025 P:2026/2025,,,Direct BvP not yet weighted; 2026/2025 Statcast baseline active,7,10,19,1,Contact streak: 10/19 over last 7 games,"same-side matchup; pitcher baseline 6.3% barrel, 17.5 HR allowed",neutral batted-ball profile; pitcher fly-ball pressure modest,,
669242,Tommy Edman,LAD,SD,2026-09-24T02:10:00Z,Scheduled,1,Robbie Ray,592662,L,S,5.27,0.1458,87.6,98.7407,0.3676,0.1167,0.3098,70.59,13.58,43.23,27.06,34.65,9.5,8.69,40.08,89.88,0.4088,0.1723,33.38,22.0,22.0,22.0,UNIQLO Field at Dodger Stadium,100,75,10,261 deg,Open-Meteo forecast; MLB fallback,https://forecast.weather.gov/MapClick.php?lat=34.0739&lon=-118.2400,68,0,No,No,1,Yes,Yes,RotoWire projected lineup; MLB probable pitchers,lineup projected / unconfirmed,H:2026/2025 P:2026/2025,,,Direct BvP not yet weighted; 2026/2025 Statcast baseline active,7,4,24,2,Hot streak: 2 HR in last 7 games,"switch hitter; pitcher baseline 8.7% barrel, 22.0 HR allowed",neutral batted-ball profile; pitcher allows elevated contact,,
605141,Mookie Betts,LAD,SD,2026-09-24T02:10:00Z,Scheduled,2,Robbie Ray,592662,L,R,7.18,0.1809,90.01,98.5637,0.4318,0.1567,0.3363,69.53,8.81,40.87,33.24,37.76,21.4,8.69,40.08,89.88,0.4088,0.1723,33.38,22.0,22.0,22.0,UNIQLO Field at Dodger Stadium,100,75,10,261 deg,Open-Meteo forecast; MLB fallback,https://forecast.weather.gov/MapClick.php?lat=34.0739&lon=-118.2400,68,0,No,No,2,Yes,Yes,RotoWire projected lineup; MLB probable pitchers,lineup projected / unconfirmed,H:2026/2025 P:2026/2025,,,Direct BvP not yet weighted; 2026/2025 Statcast baseline active,7,11,28,2,Hot streak: 2 HR in last 7 games,"platoon edge; pitcher baseline 8.7% barrel, 22.0 HR allowed",neutral batted-ball profile; pitcher allows elevated contact,,
681624,Andy Pages,LAD,SD,2026-09-24T02:10:00Z,Scheduled,3,Robbie Ray,592662,L,R,7.84,0.1869,88.74,99.6948,0.4357,0.1672,0.3342,72.85,26.26,38.39,28.44,40.56,22.8,8.69,40.08,89.88,0.4088,0.1723,33.38,22.0,22.0,22.0,UNIQLO Field at Dodger Stadium,100,75,10,261 deg,Open-Meteo forecast; MLB fallback,https://forecast.weather.gov/MapClick.php?lat=34.0739&lon=-118.2400,68,0,No,No,3,Yes,Yes,RotoWire projected lineup; MLB probable pitchers,lineup projected / unconfirmed,H:2026/2025 P:2026/2025,,,Direct BvP not yet weighted; 2026/2025 Statcast baseline active,7,6,24,1,"Last 7 games: 6/24, 1 HR","platoon edge; pitcher baseline 8.7% barrel, 22.0 HR allowed",neutral batted-ball profile; pitcher allows elevated contact,,
518692,Freddie Freeman,LAD,SD,2026-09-24T02:10:00Z,Scheduled,4,Robbie Ray,592662,L,L,8.79,0.1643,89.85,100.145,0.4656,0.1818,0.3605,70.01,7.84,36.54,26.93,42.41,18.4,8.69,40.08,89.88,0.4088,0.1723,33.38,22.0,22.0,22.0,UNIQLO Field at Dodger Stadium,100,75,10,261 deg,Open-Meteo forecast; MLB fallback,https://forecast.weather.gov/MapClick.php?lat=34.0739&lon=-118.2400,68,0,No,No,4,Yes,Yes,RotoWire projected lineup; MLB probable pitchers,lineup projected / unconfirmed,H:2026/2025 P:2026/2025,,,Direct BvP not yet weighted; 2026/2025 Statcast baseline active,7,9,30,0,"Last 7 games: 9/30, 0 HR","same-side matchup; pitcher baseline 8.7% barrel, 22.0 HR allowed",neutral batted-ball profile; pitcher allows elevated contact,,
669257,Will Smith,LAD,SD,2026-09-24T02:10:00Z,Scheduled,5,Robbie Ray,592662,L,R,12.62,0.1807,89.69,100.2132,0.4995,0.2277,0.3829,69.77,6.38,31.16,39.85,42.55,12.1,8.69,40.08,89.88,0.4088,0.1723,33.38,22.0,22.0,22.0,UNIQLO Field at Dodger Stadium,100,75,10,261 deg,Open-Meteo forecast; MLB fallback,https://forecast.weather.gov/MapClick.php?lat=34.0739&lon=-118.2400,68,0,No,No,5,Yes,Yes,RotoWire projected lineup; MLB probable pitchers,lineup projected / unconfirmed,H:2026/2025 P:2026/2025,,,Direct BvP not yet weighted; 2026/2025 Statcast baseline active,7,8,25,3,Hot streak: 3 HR in last 7 games,"platoon edge; pitcher baseline 8.7% barrel, 22.0 HR allowed",fly-ball profile; pitcher allows elevated contact,,
606192,Teoscar Hernandez,LAD,SD,2026-09-24T02:10:00Z,Scheduled,6,Robbie Ray,592662,L,R,10.73,0.1706,90.2,101.5677,0.4399,0.185,0.3289,72.62,26.95,35.27,28.4,45.33,18.0,8.69,40.08,89.88,0.4088,0.1723,33.38,22.0,22.0,22.0,UNIQLO Field at Dodger Stadium,100,75,10,261 deg,Open-Meteo forecast; MLB fallback,https://forecast.weather.gov/MapClick.php?lat=34.0739&lon=-118.2400,68,0,No,No,6,Yes,Yes,RotoWire projected lineup; MLB probable pitchers,lineup projected / unconfirmed,H:2026/2025 P:2026/2025,,,Direct BvP not yet weighted; 2026/2025 Statcast baseline active,7,8,29,1,"Last 7 games: 8/29, 1 HR","platoon edge; pitcher baseline 8.7% barrel, 22.0 HR allowed",neutral batted-ball profile; pitcher allows elevated contact,,
663656,Kyle Tucker,LAD,SD,2026-09-24T02:10:00Z,Scheduled,7,Robbie Ray,592662,L,L,7.86,0.1693,89.19,98.8372,0.4221,0.1619,0.3454,71.65,20.73,43.1,34.1,38.02,18.5,8.69,40.08,89.88,0.4088,0.1723,33.38,22.0,22.0,22.0,UNIQLO Field at Dodger Stadium,100,75,10,261 deg,Open-Meteo forecast; MLB fallback,https://forecast.weather.gov/MapClick.php?lat=34.0739&lon=-118.2400,68,0,No,No,7,Yes,Yes,RotoWire projected lineup; MLB probable pitchers,lineup projected / unconfirmed,H:2026/2025 P:2026/2025,,,Direct BvP not yet weighted; 2026/2025 Statcast baseline active,7,9,22,2,Hot streak: 2 HR in last 7 games,"same-side matchup; pitcher baseline 8.7% barrel, 22.0 HR allowed",neutral batted-ball profile; pitcher allows elevated contact,,
669743,Alex Call,LAD,SD,2026-09-24T02:10:00Z,Scheduled,8,Robbie Ray,592662,L,R,2.47,0.0837,84.84,94.0821,0.2899,0.0756,0.2895,66.45,2.72,33.99,24.82,19.66,2.2,8.69,40.08,89.88,0.4088,0.1723,33.38,22.0,22.0,22.0,UNIQLO Field at Dodger Stadium,100,75,10,261 deg,Open-Meteo forecast; MLB fallback,https://forecast.weather.gov/MapClick.php?lat=34.0739&lon=-118.2400,68,0,No,No,8,Yes,Yes,RotoWire projected lineup; MLB probable pitchers,lineup projected / unconfirmed,H:2026/2025 P:2026/2025,,,Direct BvP not yet weighted; 2026/2025 Statcast baseline active,7,0,9,0,"Last 7 games: 0/9, 0 HR","platoon edge; pitcher baseline 8.7% barrel, 22.0 HR allowed",neutral batted-ball profile; pitcher allows elevated contact,,
571771,Enrique Hernandez,LAD,SD,2026-09-24T02:10:00Z,Scheduled,9,Robbie Ray,592662,L,R,8.03,0.1616,89.11,99.6576,0.3604,0.1415,0.2779,70.75,13.75,29.59,25.26,39.77,5.1,8.69,40.08,89.88,0.4088,0.1723,33.38,22.0,22.0,22.0,UNIQLO Field at Dodger Stadium,100,75,10,261 deg,Open-Meteo forecast; MLB fallback,https://forecast.weather.gov/MapClick.php?lat=34.0739&lon=-118.2400,68,0,No,No,9,Yes,Yes,RotoWire projected lineup; MLB probable pitchers,lineup projected / unconfirmed,H:2026/2025 P:2026/2025,,,Direct BvP not yet weighted; 2026/2025 Statcast baseline active,7,4,14,0,"Last 7 games: 4/14, 0 HR","platoon edge; pitcher baseline 8.7% barrel, 22.0 HR allowed",neutral batted-ball profile; pitcher allows elevated contact,,
665161,Jeremy Pena,HOU,SEA,2026-09-24T02:10:00Z,Scheduled,1,George Kirby,669923,R,R,7.29,0.1877,88.69,99.9887,0.4278,0.1592,0.3284,72.3,15.39,46.62,25.06,40.45,19.1,7.2,41.17,89.83,0.4067,0.1465,23.96,19.2,19.2,19.2,T-Mobile Park,96,66,7,246 deg,Open-Meteo forecast; MLB fallback,https://forecast.weather.gov/MapClick.php?lat=47.5914&lon=-122.3325,72,0,No,No,1,Yes,Yes,RotoWire projected lineup; MLB probable pitchers,lineup projected / unconfirmed,H:2026/2025 P:2026/2025,,,Direct BvP not yet weighted; 2026/2025 Statcast baseline active,7,11,30,3,Hot streak: 3 HR in last 7 games,"same-side matchup; pitcher baseline 7.2% barrel, 19.2 HR allowed",neutral batted-ball profile; pitcher fly-ball pressure modest,,
670541,Yordan Alvarez,HOU,SEA,2026-09-24T02:10:00Z,Scheduled,2,George Kirby,669923,R,L,15.55,0.2487,94.42,104.8055,0.6162,0.3063,0.4294,76.1,61.59,40.95,36.03,53.32,30.5,7.2,41.17,89.83,0.4067,0.1465,23.96,19.2,19.2,19.2,T-Mobile Park,96,66,7,246 deg,Open-Meteo forecast; MLB fallback,https://forecast.weather.gov/MapClick.php?lat=47.5914&lon=-122.3325,72,0,No,No,2,Yes,Yes,RotoWire projected lineup; MLB probable pitchers,lineup projected / unconfirmed,H:2026/2025 P:2026/2025,,,Direct BvP not yet weighted; 2026/2025 Statcast baseline active,7,10,24,3,Hot streak: 3 HR in last 7 games,"platoon edge; pitcher baseline 7.2% barrel, 19.2 HR allowed",lift-pull EV profile; pitcher fly-ball pressure modest,,
670623,Isaac Paredes,HOU,SEA,2026-09-24T02:10:00Z,Scheduled,3,George Kirby,669923,R,R,5.39,0.1858,86.42,97.0011,0.3744,0.132,0.3221,67.74,7.64,51.93,31.08,30.45,22.1,7.2,41.17,89.83,0.4067,0.1465,23.96,19.2,19.2,19.2,T-Mobile Park,96,66,7,246 deg,Open-Meteo forecast; MLB fallback,https://forecast.weather.gov/MapClick.php?lat=47.5914&lon=-122.3325,72,0,No,No,3,Yes,Yes,RotoWire projected lineup; MLB probable pitchers,lineup projected / unconfirmed,H:2026/2025 P:2026/2025,,,Direct BvP not yet weighted; 2026/2025 Statcast baseline active,7,7,24,2,Hot streak: 2 HR in last 7 games,"same-side matchup; pitcher baseline 7.2% barrel, 19.2 HR allowed",neutral batted-ball profile; pitcher fly-ball pressure modest,,
514888,Jose Altuve,HOU,SEA,2026-09-24T02:10:00Z,Scheduled,4,George Kirby,669923,R,R,4.87,0.1595,85.45,97.1079,0.3441,0.1162,0.2804,68.93,9.57,45.85,23.21,31.46,19.0,7.2,41.17,89.83,0.4067,0.1465,23.96,19.2,19.2,19.2,T-Mobile Park,96,66,7,246 deg,Open-Meteo forecast; MLB fallback,https://forecast.weather.gov/MapClick.php?lat=47.5914&lon=-122.3325,72,0,No,No,4,Yes,Yes,RotoWire projected lineup; MLB probable pitchers,lineup projected / unconfirmed,H:2026/2025 P:2026/2025,,,Direct BvP not yet weighted; 2026/2025 Statcast baseline active,7,10,29,1,Contact streak: 10/29 over last 7 games,"same-side matchup; pitcher baseline 7.2% barrel, 19.2 HR allowed",neutral batted-ball profile; pitcher fly-ball pressure modest,,
673237,Yainer Diaz,HOU,SEA,2026-09-24T02:10:00Z,Scheduled,5,George Kirby,669923,R,R,7.57,0.1638,89.34,100.0578,0.4258,0.1571,0.3141,72.48,22.86,36.14,18.68,39.61,15.1,7.2,41.17,89.83,0.4067,0.1465,23.96,19.2,19.2,19.2,T-Mobile Park,96,66,7,246 deg,Open-Meteo forecast; MLB fallback,https://forecast.weather.gov/MapClick.php?lat=47.5914&lon=-122.3325,72,0,No,No,5,Yes,Yes,RotoWire projected lineup; MLB probable pitchers,lineup projected / unconfirmed,H:2026/2025 P:2026/2025,,,Direct BvP not yet weighted; 2026/2025 Statcast baseline active,7,8,24,2,Hot streak: 2 HR in last 7 games,"same-side matchup; pitcher baseline 7.2% barrel, 19.2 HR allowed",neutral batted-ball profile; pitcher fly-ball pressure modest,,
662139,Daulton Varsho,HOU,SEA,2026-09-24T02:10:00Z,Scheduled,6,George Kirby,669923,R,L,9.6,0.1868,87.66,99.4311,0.396,0.1683,0.2962,73.71,36.6,41.85,31.41,37.64,14.4,7.2,41.17,89.83,0.4067,0.1465,23.96,19.2,19.2,19.2,T-Mobile Park,96,66,7,246 deg,Open-Meteo forecast; MLB fallback,https://forecast.weather.gov/MapClick.php?lat=47.5914&lon=-122.3325,72,0,No,No,6,Yes,Yes,RotoWire projected lineup; MLB probable pitchers,lineup projected / unconfirmed,H:2026/2025 P:2026/2025,,,Direct BvP not yet weighted; 2026/2025 Statcast baseline active,7,2,24,1,"Last 7 games: 2/24, 1 HR","platoon edge; pitcher baseline 7.2% barrel, 19.2 HR allowed",neutral batted-ball profile; pitcher fly-ball pressure modest,,
572233,Christian Walker,HOU,SEA,2026-09-24T02:10:00Z,Scheduled,7,George Kirby,669923,R,R,10.31,0.1872,89.5,101.4224,0.3993,0.1729,0.3042,74.31,43.41,41.57,28.21,42.04,26.3,7.2,41.17,89.83,0.4067,0.1465,23.96,19.2,19.2,19.2,T-Mobile Park,96,66,7,246 deg,Open-Meteo forecast; MLB fallback,https://forecast.weather.gov/MapClick.php?lat=47.5914&lon=-122.3325,72,0,No,No,7,Yes,Yes,RotoWire projected lineup; MLB probable pitchers,lineup projected / unconfirmed,H:2026/2025 P:2026/2025,,,Direct BvP not yet weighted; 2026/2025 Statcast baseline active,7,3,24,1,"Last 7 games: 3/24, 1 HR","same-side matchup; pitcher baseline 7.2% barrel, 19.2 HR allowed",neutral batted-ball profile; pitcher fly-ball pressure modest,,
666211,Taylor Trammell,HOU,SEA,2026-09-24T02:10:00Z,Scheduled,8,George Kirby,669923,R,L,11.02,0.1493,89.32,101.1598,0.3539,0.1627,0.2857,75.93,60.25,47.66,28.69,39.04,6.5,7.2,41.17,89.83,0.4067,0.1465,23.96,19.2,19.2,19.2,T-Mobile Park,96,66,7,246 deg,Open-Meteo forecast; MLB fallback,https://forecast.weather.gov/MapClick.php?lat=47.5914&lon=-122.3325,72,0,No,No,8,Yes,Yes,RotoWire projected lineup; MLB probable pitchers,lineup projected / unconfirmed,H:2026/2025 P:2026/2025,,,Direct BvP not yet weighted; 2026/2025 Statcast baseline active,7,2,19,1,"Last 7 games: 2/19, 1 HR","platoon edge; pitcher baseline 7.2% barrel, 19.2 HR allowed",neutral batted-ball profile; pitcher fly-ball pressure modest,,
701358,Cam Smith,HOU,SEA,2026-09-24T02:10:00Z,Scheduled,9,George Kirby,669923,R,R,10.12,0.1626,88.39,101.362,0.411,0.1746,0.3138,76.95,68.81,37.42,25.0,42.83,16.7,7.2,41.17,89.83,0.4067,0.1465,23.96,19.2,19.2,19.2,T-Mobile Park,96,66,7,246 deg,Open-Meteo forecast; MLB fallback,https://forecast.weather.gov/MapClick.php?lat=47.5914&lon=-122.3325,72,0,No,No,9,Yes,Yes,RotoWire projected lineup; MLB probable pitchers,lineup projected / unconfirmed,H:2026/2025 P:2026/2025,,,Direct BvP not yet weighted; 2026/2025 Statcast baseline active,7,1,25,0,"Last 7 games: 1/25, 0 HR","same-side matchup; pitcher baseline 7.2% barrel, 19.2 HR allowed",neutral batted-ball profile; pitcher fly-ball pressure modest,,
641487,J.P. Crawford,SEA,HOU,2026-09-24T02:10:00Z,Scheduled,1,Ethan Pecko,814490,R,L,5.81,0.1218,87.55,98.0386,0.3685,0.1228,0.3238,71.21,18.53,35.63,22.4,34.35,12.7,9.8,38.6,89.3,0.433,0.197,31.3,5.0,5.0,5.0,T-Mobile Park,96,66,7,246 deg,Open-Meteo forecast; MLB fallback,https://forecast.weather.gov/MapClick.php?lat=47.5914&lon=-122.3325,72,0,No,No,1,Yes,Yes,RotoWire projected lineup; MLB probable pitchers,lineup projected / unconfirmed,H:2026/2025 P:2026,,,Direct BvP not yet weighted; 2026/2025 Statcast baseline active,7,5,28,2,Hot streak: 2 HR in last 7 games,"platoon edge; pitcher baseline 9.8% barrel, 5.0 HR allowed",neutral batted-ball profile; pitcher allows elevated contact,,
668227,Randy Arozarena,SEA,HOU,2026-09-24T02:10:00Z,Scheduled,2,Ethan Pecko,814490,R,R,8.98,0.1971,91.02,101.128,0.4198,0.1711,0.3424,71.32,24.73,35.03,24.66,45.42,26.3,9.8,38.6,89.3,0.433,0.197,31.3,5.0,5.0,5.0,T-Mobile Park,96,66,7,246 deg,Open-Meteo forecast; MLB fallback,https://forecast.weather.gov/MapClick.php?lat=47.5914&lon=-122.3325,72,0,No,No,2,Yes,Yes,RotoWire projected lineup; MLB probable pitchers,lineup projected / unconfirmed,H:2026/2025 P:2026,,,Direct BvP not yet weighted; 2026/2025 Statcast baseline active,7,8,23,1,Contact streak: 8/23 over last 7 games,"same-side matchup; pitcher baseline 9.8% barrel, 5.0 HR allowed",neutral batted-ball profile; pitcher allows elevated contact,,
686527,Dominic Canzone,SEA,HOU,2026-09-24T02:10:00Z,Scheduled,3,Ethan Pecko,814490,R,L,12.75,0.209,91.46,102.5181,0.5001,0.2241,0.3613,74.01,41.71,39.06,26.37,46.2,18.7,9.8,38.6,89.3,0.433,0.197,31.3,5.0,5.0,5.0,T-Mobile Park,96,66,7,246 deg,Open-Meteo forecast; MLB fallback,https://forecast.weather.gov/MapClick.php?lat=47.5914&lon=-122.3325,72,0,No,No,3,Yes,Yes,RotoWire projected lineup; MLB probable pitchers,lineup projected / unconfirmed,H:2026/2025 P:2026,,,Direct BvP not yet weighted; 2026/2025 Statcast baseline active,7,8,24,0,Contact streak: 8/24 over last 7 games,"platoon edge; pitcher baseline 9.8% barrel, 5.0 HR allowed",neutral batted-ball profile; pitcher allows elevated contact,,
663728,Cal Raleigh,SEA,HOU,2026-09-24T02:10:00Z,Scheduled,4,Ethan Pecko,814490,R,S,16.07,0.2377,90.32,101.2003,0.4427,0.2411,0.329,75.13,52.6,52.82,43.06,42.25,34.1,9.8,38.6,89.3,0.433,0.197,31.3,5.0,5.0,5.0,T-Mobile Park,96,66,7,246 deg,Open-Meteo forecast; MLB fallback,https://forecast.weather.gov/MapClick.php?lat=47.5914&lon=-122.3325,72,0,No,No,4,Yes,Yes,RotoWire projected lineup; MLB probable pitchers,lineup projected / unconfirmed,H:2026/2025 P:2026,,,Direct BvP not yet weighted; 2026/2025 Statcast baseline active,7,5,25,2,Hot streak: 2 HR in last 7 games,"switch hitter; pitcher baseline 9.8% barrel, 5.0 HR allowed",fly-ball profile; pitcher allows elevated contact,,
677594,Julio Rodriguez,SEA,HOU,2026-09-24T02:10:00Z,Scheduled,5,Ethan Pecko,814490,R,R,9.1,0.1685,90.82,102.8181,0.451,0.1845,0.337,76.54,66.43,38.35,25.63,45.62,24.3,9.8,38.6,89.3,0.433,0.197,31.3,5.0,5.0,5.0,T-Mobile Park,96,66,7,246 deg,Open-Meteo forecast; MLB fallback,https://forecast.weather.gov/MapClick.php?lat=47.5914&lon=-122.3325,72,0,No,No,5,Yes,Yes,RotoWire projected lineup; MLB probable pitchers,lineup projected / unconfirmed,H:2026/2025 P:2026,,,Direct BvP not yet weighted; 2026/2025 Statcast baseline active,7,8,26,0,"Last 7 games: 8/26, 0 HR","same-side matchup; pitcher baseline 9.8% barrel, 5.0 HR allowed",neutral batted-ball profile; pitcher allows elevated contact,,
647304,Josh Naylor,SEA,HOU,2026-09-24T02:10:00Z,Scheduled,6,Ethan Pecko,814490,R,L,5.23,0.1131,87.73,98.9931,0.3984,0.1289,0.3173,70.34,11.68,41.5,22.15,37.7,13.0,9.8,38.6,89.3,0.433,0.197,31.3,5.0,5.0,5.0,T-Mobile Park,96,66,7,246 deg,Open-Meteo forecast; MLB fallback,https://forecast.weather.gov/MapClick.php?lat=47.5914&lon=-122.3325,72,0,No,No,6,Yes,Yes,RotoWire projected lineup; MLB probable pitchers,lineup projected / unconfirmed,H:2026/2025 P:2026,,,Direct BvP not yet weighted; 2026/2025 Statcast baseline active,7,5,29,0,"Last 7 games: 5/29, 0 HR","platoon edge; pitcher baseline 9.8% barrel, 5.0 HR allowed",neutral batted-ball profile; pitcher allows elevated contact,,
702284,Cole Young,SEA,HOU,2026-09-24T02:10:00Z,Scheduled,7,Ethan Pecko,814490,R,L,5.18,0.1255,88.09,98.7942,0.3795,0.1303,0.3089,71.51,21.65,42.12,26.66,36.0,13.1,9.8,38.6,89.3,0.433,0.197,31.3,5.0,5.0,5.0,T-Mobile Park,96,66,7,246 deg,Open-Meteo forecast; MLB fallback,https://forecast.weather.gov/MapClick.php?lat=47.5914&lon=-122.3325,72,0,No,No,7,Yes,Yes,RotoWire projected lineup; MLB probable pitchers,lineup projected / unconfirmed,H:2026/2025 P:2026,,,Direct BvP not yet weighted; 2026/2025 Statcast baseline active,7,3,22,0,"Last 7 games: 3/22, 0 HR","platoon edge; pitcher baseline 9.8% barrel, 5.0 HR allowed",neutral batted-ball profile; pitcher allows elevated contact,,
703155,Lazaro Montes,SEA,HOU,2026-09-24T02:10:00Z,Scheduled,8,Ethan Pecko,814490,R,L,19.0,0.31,91.2,102.9125,0.484,0.286,0.32,75.8,61.8,33.3,47.6,42.9,4.0,9.8,38.6,89.3,0.433,0.197,31.3,5.0,5.0,5.0,T-Mobile Park,96,66,7,246 deg,Open-Meteo forecast; MLB fallback,https://forecast.weather.gov/MapClick.php?lat=47.5914&lon=-122.3325,72,0,No,No,8,Yes,Yes,RotoWire projected lineup; MLB probable pitchers,lineup projected / unconfirmed,H:2026 P:2026,,,Direct BvP not yet weighted; 2026/2025 Statcast baseline active,7,2,17,1,"Last 7 games: 2/17, 1 HR","platoon edge; pitcher baseline 9.8% barrel, 5.0 HR allowed",fly-ball profile; pitcher allows elevated contact,,
801126,Brock Rodden,SEA,HOU,2026-09-24T02:10:00Z,Scheduled,9,Ethan Pecko,814490,R,S,5.3,0.082,88.0,97.78,0.227,0.092,0.233,69.0,1.7,52.6,47.4,36.8,0.0,9.8,38.6,89.3,0.433,0.197,31.3,5.0,5.0,5.0,T-Mobile Park,96,66,7,246 deg,Open-Meteo forecast; MLB fallback,https://forecast.weather.gov/MapClick.php?lat=47.5914&lon=-122.3325,72,0,No,No,9,Yes,Yes,RotoWire projected lineup; MLB probable pitchers,lineup projected / unconfirmed,H:2026 P:2026,,,Direct BvP not yet weighted; 2026/2025 Statcast baseline active,7,0,7,0,"Last 7 games: 0/7, 0 HR","switch hitter; pitcher baseline 9.8% barrel, 5.0 HR allowed",fly-ball profile; pitcher allows elevated contact,,
