hitter_id,player,team,opponent,game_start_time,game_status,batting_order,pitcher,pitcher_id,pitcher_hand,hitter_hand,barrel_pct,iso,avg_exit_velocity,ev50,xslg,xiso,xwoba,bat_speed,fast_swing_pct,pull_pct,fb_pct,hard_hit_pct,hr_total,pitcher_barrel_pct_allowed,pitcher_hard_hit_pct_allowed,pitcher_avg_exit_velocity_allowed,pitcher_xslg_allowed,pitcher_xiso_allowed,pitcher_fb_pct_allowed,pitcher_hr_allowed,pitcher_hr_allowed_vs_lhh,pitcher_hr_allowed_vs_rhh,ballpark,park_hr_factor,weather_temp,wind_speed,wind_direction,weather_source,weather_url,weather_humidity,weather_precip_pct,confirmed_lineup,rotowire_confirmed_lineup,rotowire_batting_order,rotowire_player_found,lineup_disagreement,lineup_sources_used,source_warnings,stat_years_used,bvp_pa,bvp_hr,bvp_note,recent_games,recent_hits,recent_abs,recent_hr,recent_form_note,split_matchup_note,pitch_mix_note,public_attention,odds
702284,Cole Young,SEA,TEX,2026-07-27T18:35:00Z,Scheduled,1,Kumar Rocker,677958,R,L,5.32,0.1297,88.16,98.846,0.4005,0.1401,0.3201,71.61,22.44,43.45,26.94,36.0,10.3,8.72,43.86,89.73,0.443,0.1766,22.3,11.7,11.7,11.7,Globe Life Field,100,97,8,177 deg,Open-Meteo forecast; MLB fallback,https://forecast.weather.gov/MapClick.php?lat=32.7473&lon=-97.0842,35,0,No,No,1,Yes,Yes,RotoWire projected lineup; MLB probable pitchers,lineup projected / unconfirmed,H:2026/2025 P:2026/2025,,,Direct BvP not yet weighted; 2026/2025 Statcast baseline active,7,8,29,1,"Last 7 games: 8/29, 1 HR","platoon edge; pitcher baseline 8.7% barrel, 11.7 HR allowed",neutral batted-ball profile; pitcher fly-ball pressure modest,,
677594,Julio Rodriguez,SEA,TEX,2026-07-27T18:35:00Z,Scheduled,2,Kumar Rocker,677958,R,R,9.31,0.1776,90.61,102.9715,0.4713,0.1999,0.3454,76.54,66.35,37.09,25.28,45.13,20.1,8.72,43.86,89.73,0.443,0.1766,22.3,11.7,11.7,11.7,Globe Life Field,100,97,8,177 deg,Open-Meteo forecast; MLB fallback,https://forecast.weather.gov/MapClick.php?lat=32.7473&lon=-97.0842,35,0,No,No,2,Yes,Yes,RotoWire projected lineup; MLB probable pitchers,lineup projected / unconfirmed,H:2026/2025 P:2026/2025,,,Direct BvP not yet weighted; 2026/2025 Statcast baseline active,7,6,26,1,"Last 7 games: 6/26, 1 HR","same-side matchup; pitcher baseline 8.7% barrel, 11.7 HR allowed",neutral batted-ball profile; pitcher fly-ball pressure modest,,
686527,Dominic Canzone,SEA,TEX,2026-07-27T18:35:00Z,Scheduled,3,Kumar Rocker,677958,R,L,14.01,0.223,92.09,102.8633,0.5001,0.2297,0.3606,74.22,44.26,40.6,26.09,47.6,13.8,8.72,43.86,89.73,0.443,0.1766,22.3,11.7,11.7,11.7,Globe Life Field,100,97,8,177 deg,Open-Meteo forecast; MLB fallback,https://forecast.weather.gov/MapClick.php?lat=32.7473&lon=-97.0842,35,0,No,No,3,Yes,Yes,RotoWire projected lineup; MLB probable pitchers,lineup projected / unconfirmed,H:2026/2025 P:2026/2025,,,Direct BvP not yet weighted; 2026/2025 Statcast baseline active,7,7,28,1,"Last 7 games: 7/28, 1 HR","platoon edge; pitcher baseline 8.7% barrel, 11.7 HR allowed",EV profile; pitcher fly-ball pressure modest,,
668227,Randy Arozarena,SEA,TEX,2026-07-27T18:35:00Z,Scheduled,4,Kumar Rocker,677958,R,R,8.91,0.167,91.09,101.0466,0.4198,0.1655,0.3445,71.32,24.76,33.84,21.86,44.86,15.8,8.72,43.86,89.73,0.443,0.1766,22.3,11.7,11.7,11.7,Globe Life Field,100,97,8,177 deg,Open-Meteo forecast; MLB fallback,https://forecast.weather.gov/MapClick.php?lat=32.7473&lon=-97.0842,35,0,No,No,4,Yes,Yes,RotoWire projected lineup; MLB probable pitchers,lineup projected / unconfirmed,H:2026/2025 P:2026/2025,,,Direct BvP not yet weighted; 2026/2025 Statcast baseline active,7,9,28,1,Contact streak: 9/28 over last 7 games,"same-side matchup; pitcher baseline 8.7% barrel, 11.7 HR allowed",neutral batted-ball profile; pitcher fly-ball pressure modest,,
647304,Josh Naylor,SEA,TEX,2026-07-27T18:35:00Z,Scheduled,5,Kumar Rocker,677958,R,L,5.37,0.1173,87.94,99.0871,0.4059,0.1345,0.3252,70.44,11.46,41.57,23.2,37.63,11.6,8.72,43.86,89.73,0.443,0.1766,22.3,11.7,11.7,11.7,Globe Life Field,100,97,8,177 deg,Open-Meteo forecast; MLB fallback,https://forecast.weather.gov/MapClick.php?lat=32.7473&lon=-97.0842,35,0,No,No,5,Yes,Yes,RotoWire projected lineup; MLB probable pitchers,lineup projected / unconfirmed,H:2026/2025 P:2026/2025,,,Direct BvP not yet weighted; 2026/2025 Statcast baseline active,7,10,28,0,Contact streak: 10/28 over last 7 games,"platoon edge; pitcher baseline 8.7% barrel, 11.7 HR allowed",neutral batted-ball profile; pitcher fly-ball pressure modest,,
663728,Cal Raleigh,SEA,TEX,2026-07-27T18:35:00Z,Scheduled,6,Kumar Rocker,677958,R,S,13.48,0.1985,89.06,100.1384,0.4084,0.2152,0.3101,74.99,53.02,53.38,41.94,37.42,25.0,8.72,43.86,89.73,0.443,0.1766,22.3,11.7,11.7,11.7,Globe Life Field,100,97,8,177 deg,Open-Meteo forecast; MLB fallback,https://forecast.weather.gov/MapClick.php?lat=32.7473&lon=-97.0842,35,0,No,No,6,Yes,Yes,RotoWire projected lineup; MLB probable pitchers,lineup projected / unconfirmed,H:2026/2025 P:2026/2025,,,Direct BvP not yet weighted; 2026/2025 Statcast baseline active,7,4,25,1,"Last 7 games: 4/25, 1 HR","switch hitter; pitcher baseline 8.7% barrel, 11.7 HR allowed",fly-ball profile; pitcher fly-ball pressure modest,,
670042,Luke Raley,SEA,TEX,2026-07-27T18:35:00Z,Scheduled,7,Kumar Rocker,677958,R,L,14.45,0.1867,90.41,102.0186,0.4525,0.2113,0.3344,74.85,51.6,46.64,27.28,46.01,11.7,8.72,43.86,89.73,0.443,0.1766,22.3,11.7,11.7,11.7,Globe Life Field,100,97,8,177 deg,Open-Meteo forecast; MLB fallback,https://forecast.weather.gov/MapClick.php?lat=32.7473&lon=-97.0842,35,0,No,No,7,Yes,Yes,RotoWire projected lineup; MLB probable pitchers,lineup projected / unconfirmed,H:2026/2025 P:2026/2025,,,Direct BvP not yet weighted; 2026/2025 Statcast baseline active,7,4,15,1,"Last 7 games: 4/15, 1 HR","platoon edge; pitcher baseline 8.7% barrel, 11.7 HR allowed",neutral batted-ball profile; pitcher fly-ball pressure modest,,
641487,J.P. Crawford,SEA,TEX,2026-07-27T18:35:00Z,Scheduled,8,Kumar Rocker,677958,R,L,6.16,0.1281,87.9,98.4497,0.3783,0.1256,0.3325,71.31,18.88,35.77,20.23,35.82,10.6,8.72,43.86,89.73,0.443,0.1766,22.3,11.7,11.7,11.7,Globe Life Field,100,97,8,177 deg,Open-Meteo forecast; MLB fallback,https://forecast.weather.gov/MapClick.php?lat=32.7473&lon=-97.0842,35,0,No,No,8,Yes,Yes,RotoWire projected lineup; MLB probable pitchers,lineup projected / unconfirmed,H:2026/2025 P:2026/2025,,,Direct BvP not yet weighted; 2026/2025 Statcast baseline active,7,6,24,0,"Last 7 games: 6/24, 0 HR","platoon edge; pitcher baseline 8.7% barrel, 11.7 HR allowed",neutral batted-ball profile; pitcher fly-ball pressure modest,,
806068,Colt Emerson,SEA,TEX,2026-07-27T18:35:00Z,Scheduled,9,Kumar Rocker,677958,R,L,5.5,0.171,86.3,96.7601,0.289,0.105,0.246,72.5,25.3,40.9,21.8,29.1,7.0,8.72,43.86,89.73,0.443,0.1766,22.3,11.7,11.7,11.7,Globe Life Field,100,97,8,177 deg,Open-Meteo forecast; MLB fallback,https://forecast.weather.gov/MapClick.php?lat=32.7473&lon=-97.0842,35,0,No,No,9,Yes,Yes,RotoWire projected lineup; MLB probable pitchers,lineup projected / unconfirmed,H:2026 P:2026/2025,,,Direct BvP not yet weighted; 2026/2025 Statcast baseline active,7,6,24,0,"Last 7 games: 6/24, 0 HR","platoon edge; pitcher baseline 8.7% barrel, 11.7 HR allowed",neutral batted-ball profile; pitcher fly-ball pressure modest,,
592626,Joc Pederson,TEX,SEA,2026-07-27T18:35:00Z,Scheduled,1,George Kirby,669923,R,L,10.76,0.2121,91.76,101.8017,0.4399,0.1915,0.3444,72.42,23.4,41.43,28.35,47.74,14.6,7.41,42.71,89.83,0.3913,0.1374,24.8,12.2,12.2,12.2,Globe Life Field,100,97,8,177 deg,Open-Meteo forecast; MLB fallback,https://forecast.weather.gov/MapClick.php?lat=32.7473&lon=-97.0842,35,0,No,No,1,Yes,Yes,RotoWire projected lineup; MLB probable pitchers,lineup projected / unconfirmed,H:2026/2025 P:2026/2025,,,Direct BvP not yet weighted; 2026/2025 Statcast baseline active,7,11,27,2,Hot streak: 2 HR in last 7 games,"platoon edge; pitcher baseline 7.4% barrel, 12.2 HR allowed",neutral batted-ball profile; pitcher fly-ball pressure modest,,
694671,Wyatt Langford,TEX,SEA,2026-07-27T18:35:00Z,Scheduled,2,George Kirby,669923,R,R,10.71,0.2271,89.93,101.0034,0.4494,0.1981,0.332,72.89,26.69,41.0,30.32,41.75,15.0,7.41,42.71,89.83,0.3913,0.1374,24.8,12.2,12.2,12.2,Globe Life Field,100,97,8,177 deg,Open-Meteo forecast; MLB fallback,https://forecast.weather.gov/MapClick.php?lat=32.7473&lon=-97.0842,35,0,No,No,2,Yes,Yes,RotoWire projected lineup; MLB probable pitchers,lineup projected / unconfirmed,H:2026/2025 P:2026/2025,,,Direct BvP not yet weighted; 2026/2025 Statcast baseline active,7,11,28,3,Hot streak: 3 HR in last 7 games,"same-side matchup; pitcher baseline 7.4% barrel, 12.2 HR allowed",neutral batted-ball profile; pitcher fly-ball pressure modest,,
677649,Ezequiel Duran,TEX,SEA,2026-07-27T18:35:00Z,Scheduled,3,George Kirby,669923,R,R,5.12,0.139,87.54,98.7185,0.3496,0.1069,0.2869,72.34,23.71,34.05,19.62,34.68,7.0,7.41,42.71,89.83,0.3913,0.1374,24.8,12.2,12.2,12.2,Globe Life Field,100,97,8,177 deg,Open-Meteo forecast; MLB fallback,https://forecast.weather.gov/MapClick.php?lat=32.7473&lon=-97.0842,35,0,No,No,3,Yes,Yes,RotoWire projected lineup; MLB probable pitchers,lineup projected / unconfirmed,H:2026/2025 P:2026/2025,,,Direct BvP not yet weighted; 2026/2025 Statcast baseline active,7,8,27,1,"Last 7 games: 8/27, 1 HR","same-side matchup; pitcher baseline 7.4% barrel, 12.2 HR allowed",neutral batted-ball profile; pitcher fly-ball pressure modest,,
607043,Brandon Nimmo,TEX,SEA,2026-07-27T18:35:00Z,Scheduled,4,George Kirby,669923,R,L,11.11,0.1656,92.25,102.3109,0.4834,0.2027,0.3588,72.44,27.76,32.33,26.47,51.6,14.5,7.41,42.71,89.83,0.3913,0.1374,24.8,12.2,12.2,12.2,Globe Life Field,100,97,8,177 deg,Open-Meteo forecast; MLB fallback,https://forecast.weather.gov/MapClick.php?lat=32.7473&lon=-97.0842,35,0,No,No,4,Yes,Yes,RotoWire projected lineup; MLB probable pitchers,lineup projected / unconfirmed,H:2026/2025 P:2026/2025,,,Direct BvP not yet weighted; 2026/2025 Statcast baseline active,7,8,26,1,"Last 7 games: 8/26, 1 HR","platoon edge; pitcher baseline 7.4% barrel, 12.2 HR allowed",EV profile; pitcher fly-ball pressure modest,,
669394,Jake Burger,TEX,SEA,2026-07-27T18:35:00Z,Scheduled,5,George Kirby,669923,R,R,11.66,0.1865,90.05,102.7038,0.4269,0.1886,0.3121,75.16,56.3,42.72,27.41,46.89,17.4,7.41,42.71,89.83,0.3913,0.1374,24.8,12.2,12.2,12.2,Globe Life Field,100,97,8,177 deg,Open-Meteo forecast; MLB fallback,https://forecast.weather.gov/MapClick.php?lat=32.7473&lon=-97.0842,35,0,No,No,5,Yes,Yes,RotoWire projected lineup; MLB probable pitchers,lineup projected / unconfirmed,H:2026/2025 P:2026/2025,,,Direct BvP not yet weighted; 2026/2025 Statcast baseline active,7,7,28,2,Hot streak: 2 HR in last 7 games,"same-side matchup; pitcher baseline 7.4% barrel, 12.2 HR allowed",neutral batted-ball profile; pitcher fly-ball pressure modest,,
694497,Evan Carter,TEX,SEA,2026-07-27T18:35:00Z,Scheduled,6,George Kirby,669923,R,L,6.04,0.1485,87.4,98.7432,0.3383,0.1281,0.2975,70.98,17.47,37.79,29.31,36.56,7.1,7.41,42.71,89.83,0.3913,0.1374,24.8,12.2,12.2,12.2,Globe Life Field,100,97,8,177 deg,Open-Meteo forecast; MLB fallback,https://forecast.weather.gov/MapClick.php?lat=32.7473&lon=-97.0842,35,0,No,No,6,Yes,Yes,RotoWire projected lineup; MLB probable pitchers,lineup projected / unconfirmed,H:2026/2025 P:2026/2025,,,Direct BvP not yet weighted; 2026/2025 Statcast baseline active,7,5,19,1,"Last 7 games: 5/19, 1 HR","platoon edge; pitcher baseline 7.4% barrel, 12.2 HR allowed",neutral batted-ball profile; pitcher fly-ball pressure modest,,
670032,Nicky Lopez,TEX,SEA,2026-07-27T18:35:00Z,Scheduled,7,George Kirby,669923,R,L,0.0,0.0301,84.94,95.5917,0.2774,0.0412,0.2624,66.79,0.75,34.64,10.95,28.1,0.7,7.41,42.71,89.83,0.3913,0.1374,24.8,12.2,12.2,12.2,Globe Life Field,100,97,8,177 deg,Open-Meteo forecast; MLB fallback,https://forecast.weather.gov/MapClick.php?lat=32.7473&lon=-97.0842,35,0,No,No,7,Yes,Yes,RotoWire projected lineup; MLB probable pitchers,lineup projected / unconfirmed,H:2026/2025 P:2026/2025,,,Direct BvP not yet weighted; 2026/2025 Statcast baseline active,7,8,21,0,Contact streak: 8/21 over last 7 games,"platoon edge; pitcher baseline 7.4% barrel, 12.2 HR allowed",neutral batted-ball profile; pitcher fly-ball pressure modest,,
669701,Josh Smith,TEX,SEA,2026-07-27T18:35:00Z,Scheduled,8,George Kirby,669923,R,L,5.7,0.0793,86.99,97.5429,0.3345,0.1127,0.2855,69.17,3.49,34.69,29.63,31.03,3.7,7.41,42.71,89.83,0.3913,0.1374,24.8,12.2,12.2,12.2,Globe Life Field,100,97,8,177 deg,Open-Meteo forecast; MLB fallback,https://forecast.weather.gov/MapClick.php?lat=32.7473&lon=-97.0842,35,0,No,No,8,Yes,Yes,RotoWire projected lineup; MLB probable pitchers,lineup projected / unconfirmed,H:2026/2025 P:2026/2025,,,Direct BvP not yet weighted; 2026/2025 Statcast baseline active,7,5,25,1,"Last 7 games: 5/25, 1 HR","platoon edge; pitcher baseline 7.4% barrel, 12.2 HR allowed",neutral batted-ball profile; pitcher fly-ball pressure modest,,
553869,Elias Diaz,TEX,SEA,2026-07-27T18:35:00Z,Scheduled,9,George Kirby,669923,R,R,6.2,0.1631,86.79,99.5926,0.375,0.1303,0.2817,74.41,43.47,39.89,27.45,36.81,5.5,7.41,42.71,89.83,0.3913,0.1374,24.8,12.2,12.2,12.2,Globe Life Field,100,97,8,177 deg,Open-Meteo forecast; MLB fallback,https://forecast.weather.gov/MapClick.php?lat=32.7473&lon=-97.0842,35,0,No,No,9,Yes,Yes,RotoWire projected lineup; MLB probable pitchers,lineup projected / unconfirmed,H:2026/2025 P:2026/2025,,,Direct BvP not yet weighted; 2026/2025 Statcast baseline active,7,4,22,0,"Last 7 games: 4/22, 0 HR","same-side matchup; pitcher baseline 7.4% barrel, 12.2 HR allowed",neutral batted-ball profile; pitcher fly-ball pressure modest,,
687637,Dylan Beavers,BAL,DET,2026-07-27T22:40:00Z,Scheduled,1,Keider Montero,672456,R,L,6.57,0.1296,88.45,99.239,0.3758,0.146,0.3181,72.13,18.8,41.51,29.36,35.07,2.6,7.57,38.42,88.75,0.3998,0.1615,25.84,11.8,11.8,11.8,Comerica Park,100,83,8,284 deg,Open-Meteo forecast; MLB fallback,https://forecast.weather.gov/MapClick.php?lat=42.3390&lon=-83.0485,54,6,No,No,1,Yes,Yes,RotoWire projected lineup; MLB probable pitchers,lineup projected / unconfirmed,H:2026/2025 P:2026/2025,,,Direct BvP not yet weighted; 2026/2025 Statcast baseline active,7,7,22,0,"Last 7 games: 7/22, 0 HR","platoon edge; pitcher baseline 7.6% barrel, 11.8 HR allowed",neutral batted-ball profile; pitcher fly-ball pressure modest,,
624413,Pete Alonso,BAL,DET,2026-07-27T22:40:00Z,Scheduled,2,Keider Montero,672456,R,R,14.28,0.2233,93.78,104.0211,0.5279,0.2549,0.3804,74.88,49.48,36.71,30.67,54.54,26.1,7.57,38.42,88.75,0.3998,0.1615,25.84,11.8,11.8,11.8,Comerica Park,100,83,8,284 deg,Open-Meteo forecast; MLB fallback,https://forecast.weather.gov/MapClick.php?lat=42.3390&lon=-83.0485,54,6,No,No,2,Yes,Yes,RotoWire projected lineup; MLB probable pitchers,lineup projected / unconfirmed,H:2026/2025 P:2026/2025,,,Direct BvP not yet weighted; 2026/2025 Statcast baseline active,7,8,30,1,"Last 7 games: 8/30, 1 HR","same-side matchup; pitcher baseline 7.6% barrel, 11.8 HR allowed",EV profile; pitcher fly-ball pressure modest,,
683002,Gunnar Henderson,BAL,DET,2026-07-27T22:40:00Z,Scheduled,3,Keider Montero,672456,R,L,7.62,0.178,90.21,101.3464,0.3956,0.149,0.3144,74.67,47.1,41.5,24.01,45.7,17.7,7.57,38.42,88.75,0.3998,0.1615,25.84,11.8,11.8,11.8,Comerica Park,100,83,8,284 deg,Open-Meteo forecast; MLB fallback,https://forecast.weather.gov/MapClick.php?lat=42.3390&lon=-83.0485,54,6,No,No,3,Yes,Yes,RotoWire projected lineup; MLB probable pitchers,lineup projected / unconfirmed,H:2026/2025 P:2026/2025,,,Direct BvP not yet weighted; 2026/2025 Statcast baseline active,7,7,29,1,"Last 7 games: 7/29, 1 HR","platoon edge; pitcher baseline 7.6% barrel, 11.8 HR allowed",neutral batted-ball profile; pitcher fly-ball pressure modest,,
621493,Taylor Ward,BAL,DET,2026-07-27T22:40:00Z,Scheduled,4,Keider Montero,672456,R,R,7.96,0.1483,89.61,99.5545,0.4003,0.1546,0.3435,68.66,4.33,34.64,29.45,40.04,15.7,7.57,38.42,88.75,0.3998,0.1615,25.84,11.8,11.8,11.8,Comerica Park,100,83,8,284 deg,Open-Meteo forecast; MLB fallback,https://forecast.weather.gov/MapClick.php?lat=42.3390&lon=-83.0485,54,6,No,No,4,Yes,Yes,RotoWire projected lineup; MLB probable pitchers,lineup projected / unconfirmed,H:2026/2025 P:2026/2025,,,Direct BvP not yet weighted; 2026/2025 Statcast baseline active,7,7,28,0,"Last 7 games: 7/28, 0 HR","same-side matchup; pitcher baseline 7.6% barrel, 11.8 HR allowed",neutral batted-ball profile; pitcher fly-ball pressure modest,,
687952,Christian Encarnacion-Strand,BAL,DET,2026-07-27T22:40:00Z,Scheduled,5,Keider Montero,672456,R,R,17.47,0.3426,91.33,102.8231,0.5963,0.3284,0.3667,73.67,34.8,39.86,31.12,46.38,3.9,7.57,38.42,88.75,0.3998,0.1615,25.84,11.8,11.8,11.8,Comerica Park,100,83,8,284 deg,Open-Meteo forecast; MLB fallback,https://forecast.weather.gov/MapClick.php?lat=42.3390&lon=-83.0485,54,6,No,No,5,Yes,Yes,RotoWire projected lineup; MLB probable pitchers,lineup projected / unconfirmed,H:2026/2025 P:2026/2025,,,Direct BvP not yet weighted; 2026/2025 Statcast baseline active,7,10,27,3,Hot streak: 3 HR in last 7 games,"same-side matchup; pitcher baseline 7.6% barrel, 11.8 HR allowed",neutral batted-ball profile; pitcher fly-ball pressure modest,,
681297,Colton Cowser,BAL,DET,2026-07-27T22:40:00Z,Scheduled,6,Keider Montero,672456,R,L,11.51,0.1442,88.17,100.4885,0.4089,0.2016,0.3119,74.44,44.64,38.8,33.27,40.05,10.4,7.57,38.42,88.75,0.3998,0.1615,25.84,11.8,11.8,11.8,Comerica Park,100,83,8,284 deg,Open-Meteo forecast; MLB fallback,https://forecast.weather.gov/MapClick.php?lat=42.3390&lon=-83.0485,54,6,No,No,6,Yes,Yes,RotoWire projected lineup; MLB probable pitchers,lineup projected / unconfirmed,H:2026/2025 P:2026/2025,,,Direct BvP not yet weighted; 2026/2025 Statcast baseline active,7,1,9,0,"Last 7 games: 1/9, 0 HR","platoon edge; pitcher baseline 7.6% barrel, 11.8 HR allowed",neutral batted-ball profile; pitcher fly-ball pressure modest,,
665750,Leody Taveras,BAL,DET,2026-07-27T22:40:00Z,Scheduled,7,Keider Montero,672456,R,S,5.07,0.1116,87.45,98.4454,0.3237,0.1103,0.2705,72.32,24.42,32.25,22.7,31.35,3.7,7.57,38.42,88.75,0.3998,0.1615,25.84,11.8,11.8,11.8,Comerica Park,100,83,8,284 deg,Open-Meteo forecast; MLB fallback,https://forecast.weather.gov/MapClick.php?lat=42.3390&lon=-83.0485,54,6,No,No,7,Yes,Yes,RotoWire projected lineup; MLB probable pitchers,lineup projected / unconfirmed,H:2026/2025 P:2026/2025,,,Direct BvP not yet weighted; 2026/2025 Statcast baseline active,7,3,22,0,"Last 7 games: 3/22, 0 HR","switch hitter; pitcher baseline 7.6% barrel, 11.8 HR allowed",neutral batted-ball profile; pitcher fly-ball pressure modest,,
702616,Jackson Holliday,BAL,DET,2026-07-27T22:40:00Z,Scheduled,8,Keider Montero,672456,R,L,8.57,0.1449,87.96,98.585,0.3837,0.149,0.3217,70.6,8.46,37.16,26.92,38.56,8.6,7.57,38.42,88.75,0.3998,0.1615,25.84,11.8,11.8,11.8,Comerica Park,100,83,8,284 deg,Open-Meteo forecast; MLB fallback,https://forecast.weather.gov/MapClick.php?lat=42.3390&lon=-83.0485,54,6,No,No,8,Yes,Yes,RotoWire projected lineup; MLB probable pitchers,lineup projected / unconfirmed,H:2026/2025 P:2026/2025,,,Direct BvP not yet weighted; 2026/2025 Statcast baseline active,7,6,20,0,"Last 7 games: 6/20, 0 HR","platoon edge; pitcher baseline 7.6% barrel, 11.8 HR allowed",neutral batted-ball profile; pitcher fly-ball pressure modest,,
644433,Chadwick Tromp,BAL,DET,2026-07-27T22:40:00Z,Scheduled,9,Keider Montero,672456,R,R,2.01,0.0752,86.07,95.9301,0.2441,0.0677,0.1885,70.84,10.34,27.33,22.87,28.87,0.3,7.57,38.42,88.75,0.3998,0.1615,25.84,11.8,11.8,11.8,Comerica Park,100,83,8,284 deg,Open-Meteo forecast; MLB fallback,https://forecast.weather.gov/MapClick.php?lat=42.3390&lon=-83.0485,54,6,No,No,9,Yes,Yes,RotoWire projected lineup; MLB probable pitchers,lineup projected / unconfirmed,H:2026/2025 P:2026/2025,,,Direct BvP not yet weighted; 2026/2025 Statcast baseline active,7,3,19,0,"Last 7 games: 3/19, 0 HR","same-side matchup; pitcher baseline 7.6% barrel, 11.8 HR allowed",neutral batted-ball profile; pitcher fly-ball pressure modest,,
690993,Colt Keith,DET,BAL,2026-07-27T22:40:00Z,Scheduled,1,Kyle Bradish,680694,R,L,8.22,0.1458,89.16,100.1184,0.4321,0.1681,0.327,71.47,16.44,37.8,27.91,42.23,9.5,8.31,37.57,88.68,0.3592,0.1359,22.24,9.3,9.3,9.3,Comerica Park,100,83,8,284 deg,Open-Meteo forecast; MLB fallback,https://forecast.weather.gov/MapClick.php?lat=42.3390&lon=-83.0485,54,6,No,No,1,Yes,Yes,RotoWire projected lineup; MLB probable pitchers,lineup projected / unconfirmed,H:2026/2025 P:2026/2025,,,Direct BvP not yet weighted; 2026/2025 Statcast baseline active,7,5,20,0,"Last 7 games: 5/20, 0 HR","platoon edge; pitcher baseline 8.3% barrel, 9.3 HR allowed",neutral batted-ball profile; pitcher fly-ball pressure modest,,
805808,Kevin McGonigle,DET,BAL,2026-07-27T22:40:00Z,Scheduled,2,Kyle Bradish,680694,R,L,7.5,0.139,88.2,98.5607,0.439,0.173,0.359,71.2,17.1,38.6,34.8,38.1,9.0,8.31,37.57,88.68,0.3592,0.1359,22.24,9.3,9.3,9.3,Comerica Park,100,83,8,284 deg,Open-Meteo forecast; MLB fallback,https://forecast.weather.gov/MapClick.php?lat=42.3390&lon=-83.0485,54,6,No,No,2,Yes,Yes,RotoWire projected lineup; MLB probable pitchers,lineup projected / unconfirmed,H:2026 P:2026/2025,,,Direct BvP not yet weighted; 2026/2025 Statcast baseline active,7,7,26,1,"Last 7 games: 7/26, 1 HR","platoon edge; pitcher baseline 8.3% barrel, 9.3 HR allowed",neutral batted-ball profile; pitcher fly-ball pressure modest,,
650402,Gleyber Torres,DET,BAL,2026-07-27T22:40:00Z,Scheduled,3,Kyle Bradish,680694,R,R,7.64,0.1128,86.71,97.514,0.4067,0.1475,0.349,68.52,5.5,21.65,27.73,32.77,7.6,8.31,37.57,88.68,0.3592,0.1359,22.24,9.3,9.3,9.3,Comerica Park,100,83,8,284 deg,Open-Meteo forecast; MLB fallback,https://forecast.weather.gov/MapClick.php?lat=42.3390&lon=-83.0485,54,6,No,No,3,Yes,Yes,RotoWire projected lineup; MLB probable pitchers,lineup projected / unconfirmed,H:2026/2025 P:2026/2025,,,Direct BvP not yet weighted; 2026/2025 Statcast baseline active,7,4,22,0,"Last 7 games: 4/22, 0 HR","same-side matchup; pitcher baseline 8.3% barrel, 9.3 HR allowed",neutral batted-ball profile; pitcher fly-ball pressure modest,,
682985,Riley Greene,DET,BAL,2026-07-27T22:40:00Z,Scheduled,4,Kyle Bradish,680694,R,L,16.05,0.1993,91.16,102.8701,0.4945,0.2389,0.36,75.67,58.6,39.89,33.17,49.84,21.3,8.31,37.57,88.68,0.3592,0.1359,22.24,9.3,9.3,9.3,Comerica Park,100,83,8,284 deg,Open-Meteo forecast; MLB fallback,https://forecast.weather.gov/MapClick.php?lat=42.3390&lon=-83.0485,54,6,No,No,4,Yes,Yes,RotoWire projected lineup; MLB probable pitchers,lineup projected / unconfirmed,H:2026/2025 P:2026/2025,,,Direct BvP not yet weighted; 2026/2025 Statcast baseline active,7,6,27,1,"Last 7 games: 6/27, 1 HR","platoon edge; pitcher baseline 8.3% barrel, 9.3 HR allowed",neutral batted-ball profile; pitcher fly-ball pressure modest,,
693307,Dillon Dingler,DET,BAL,2026-07-27T22:40:00Z,Scheduled,5,Kyle Bradish,680694,R,R,10.74,0.2261,89.72,101.1107,0.5065,0.2193,0.3692,71.84,16.42,40.94,28.78,46.4,19.3,8.31,37.57,88.68,0.3592,0.1359,22.24,9.3,9.3,9.3,Comerica Park,100,83,8,284 deg,Open-Meteo forecast; MLB fallback,https://forecast.weather.gov/MapClick.php?lat=42.3390&lon=-83.0485,54,6,No,No,5,Yes,Yes,RotoWire projected lineup; MLB probable pitchers,lineup projected / unconfirmed,H:2026/2025 P:2026/2025,,,Direct BvP not yet weighted; 2026/2025 Statcast baseline active,7,11,22,3,Hot streak: 3 HR in last 7 games,"same-side matchup; pitcher baseline 8.3% barrel, 9.3 HR allowed",neutral batted-ball profile; pitcher fly-ball pressure modest,,
681481,Kerry Carpenter,DET,BAL,2026-07-27T22:40:00Z,Scheduled,6,Kyle Bradish,680694,R,L,10.57,0.2198,90.35,99.7455,0.4202,0.1962,0.3077,71.83,17.08,44.35,36.67,45.26,16.9,8.31,37.57,88.68,0.3592,0.1359,22.24,9.3,9.3,9.3,Comerica Park,100,83,8,284 deg,Open-Meteo forecast; MLB fallback,https://forecast.weather.gov/MapClick.php?lat=42.3390&lon=-83.0485,54,6,No,No,6,Yes,Yes,RotoWire projected lineup; MLB probable pitchers,lineup projected / unconfirmed,H:2026/2025 P:2026/2025,,,Direct BvP not yet weighted; 2026/2025 Statcast baseline active,7,3,26,0,"Last 7 games: 3/26, 0 HR","platoon edge; pitcher baseline 8.3% barrel, 9.3 HR allowed",fly-ball profile; pitcher fly-ball pressure modest,,
679529,Spencer Torkelson,DET,BAL,2026-07-27T22:40:00Z,Scheduled,7,Kyle Bradish,680694,R,R,14.2,0.2132,89.92,100.3367,0.4238,0.2083,0.32,73.14,26.05,47.63,36.81,42.86,22.6,8.31,37.57,88.68,0.3592,0.1359,22.24,9.3,9.3,9.3,Comerica Park,100,83,8,284 deg,Open-Meteo forecast; MLB fallback,https://forecast.weather.gov/MapClick.php?lat=42.3390&lon=-83.0485,54,6,No,No,7,Yes,Yes,RotoWire projected lineup; MLB probable pitchers,lineup projected / unconfirmed,H:2026/2025 P:2026/2025,,,Direct BvP not yet weighted; 2026/2025 Statcast baseline active,7,4,21,1,"Last 7 games: 4/21, 1 HR","same-side matchup; pitcher baseline 8.3% barrel, 9.3 HR allowed",fly-ball profile; pitcher fly-ball pressure modest,,
656716,Zach McKinstry,DET,BAL,2026-07-27T22:40:00Z,Scheduled,8,Kyle Bradish,680694,R,L,3.86,0.1223,85.28,95.7533,0.3314,0.0935,0.2882,68.34,4.56,40.05,27.23,24.27,6.4,8.31,37.57,88.68,0.3592,0.1359,22.24,9.3,9.3,9.3,Comerica Park,100,83,8,284 deg,Open-Meteo forecast; MLB fallback,https://forecast.weather.gov/MapClick.php?lat=42.3390&lon=-83.0485,54,6,No,No,8,Yes,Yes,RotoWire projected lineup; MLB probable pitchers,lineup projected / unconfirmed,H:2026/2025 P:2026/2025,,,Direct BvP not yet weighted; 2026/2025 Statcast baseline active,7,5,20,0,"Last 7 games: 5/20, 0 HR","platoon edge; pitcher baseline 8.3% barrel, 9.3 HR allowed",neutral batted-ball profile; pitcher fly-ball pressure modest,,
681546,James Outman,DET,BAL,2026-07-27T22:40:00Z,Scheduled,9,Kyle Bradish,680694,R,L,9.48,0.1527,86.6,98.4954,0.2901,0.1349,0.2279,72.39,21.02,52.94,30.51,36.6,4.6,8.31,37.57,88.68,0.3592,0.1359,22.24,9.3,9.3,9.3,Comerica Park,100,83,8,284 deg,Open-Meteo forecast; MLB fallback,https://forecast.weather.gov/MapClick.php?lat=42.3390&lon=-83.0485,54,6,No,No,9,Yes,Yes,RotoWire projected lineup; MLB probable pitchers,lineup projected / unconfirmed,H:2026/2025 P:2026/2025,,,Direct BvP not yet weighted; 2026/2025 Statcast baseline active,7,5,24,1,"Last 7 games: 5/24, 1 HR","platoon edge; pitcher baseline 8.3% barrel, 9.3 HR allowed",neutral batted-ball profile; pitcher fly-ball pressure modest,,
663968,Jake Mangum,PIT,AZ,2026-07-27T22:40:00Z,Scheduled,1,Merrill Kelly,518876,R,S,1.79,0.0699,85.48,96.2384,0.3297,0.0738,0.2823,67.3,3.83,28.42,14.37,27.87,2.3,12.24,44.55,90.34,0.5262,0.2384,26.78,22.3,22.3,22.3,PNC Park,94,77,2,198 deg,Open-Meteo forecast; MLB fallback,https://forecast.weather.gov/MapClick.php?lat=40.4469&lon=-80.0057,74,7,No,No,1,Yes,Yes,RotoWire projected lineup; MLB probable pitchers,lineup projected / unconfirmed,H:2026/2025 P:2026/2025,,,Direct BvP not yet weighted; 2026/2025 Statcast baseline active,7,8,30,0,"Last 7 games: 8/30, 0 HR","switch hitter; pitcher baseline 12.2% barrel, 22.3 HR allowed",neutral batted-ball profile; pitcher fly-ball pressure modest,,
664040,Brandon Lowe,PIT,AZ,2026-07-27T22:40:00Z,Scheduled,2,Merrill Kelly,518876,R,L,12.51,0.2252,91.03,101.5593,0.4591,0.2114,0.3357,73.76,40.19,46.44,33.13,45.97,24.0,12.24,44.55,90.34,0.5262,0.2384,26.78,22.3,22.3,22.3,PNC Park,94,77,2,198 deg,Open-Meteo forecast; MLB fallback,https://forecast.weather.gov/MapClick.php?lat=40.4469&lon=-80.0057,74,7,No,No,2,Yes,Yes,RotoWire projected lineup; MLB probable pitchers,lineup projected / unconfirmed,H:2026/2025 P:2026/2025,,,Direct BvP not yet weighted; 2026/2025 Statcast baseline active,7,6,25,0,"Last 7 games: 6/25, 0 HR","platoon edge; pitcher baseline 12.2% barrel, 22.3 HR allowed",neutral batted-ball profile; pitcher fly-ball pressure modest,,
668804,Bryan Reynolds,PIT,AZ,2026-07-27T22:40:00Z,Scheduled,3,Merrill Kelly,518876,R,S,10.66,0.1752,90.92,101.9224,0.4421,0.1897,0.352,72.62,28.51,40.64,24.9,46.14,14.6,12.24,44.55,90.34,0.5262,0.2384,26.78,22.3,22.3,22.3,PNC Park,94,77,2,198 deg,Open-Meteo forecast; MLB fallback,https://forecast.weather.gov/MapClick.php?lat=40.4469&lon=-80.0057,74,7,No,No,3,Yes,Yes,RotoWire projected lineup; MLB probable pitchers,lineup projected / unconfirmed,H:2026/2025 P:2026/2025,,,Direct BvP not yet weighted; 2026/2025 Statcast baseline active,7,2,29,0,"Last 7 games: 2/29, 0 HR","switch hitter; pitcher baseline 12.2% barrel, 22.3 HR allowed",neutral batted-ball profile; pitcher fly-ball pressure modest,,
699013,Esmerlyn Valdez,PIT,AZ,2026-07-27T22:40:00Z,Scheduled,4,Merrill Kelly,518876,R,R,27.9,0.4,93.0,104.5504,0.536,0.314,0.364,74.9,50.7,30.9,42.6,54.4,13.0,12.24,44.55,90.34,0.5262,0.2384,26.78,22.3,22.3,22.3,PNC Park,94,77,2,198 deg,Open-Meteo forecast; MLB fallback,https://forecast.weather.gov/MapClick.php?lat=40.4469&lon=-80.0057,74,7,No,No,4,Yes,Yes,RotoWire projected lineup; MLB probable pitchers,lineup projected / unconfirmed,H:2026 P:2026/2025,,,Direct BvP not yet weighted; 2026/2025 Statcast baseline active,7,5,21,3,Hot streak: 3 HR in last 7 games,"same-side matchup; pitcher baseline 12.2% barrel, 22.3 HR allowed",EV profile; pitcher fly-ball pressure modest,,
656811,Ryan O'Hearn,PIT,AZ,2026-07-27T22:40:00Z,Scheduled,5,Merrill Kelly,518876,R,L,7.53,0.1742,89.68,99.5711,0.422,0.1593,0.3318,71.17,11.99,38.73,28.71,44.32,16.3,12.24,44.55,90.34,0.5262,0.2384,26.78,22.3,22.3,22.3,PNC Park,94,77,2,198 deg,Open-Meteo forecast; MLB fallback,https://forecast.weather.gov/MapClick.php?lat=40.4469&lon=-80.0057,74,7,No,No,5,Yes,Yes,RotoWire projected lineup; MLB probable pitchers,lineup projected / unconfirmed,H:2026/2025 P:2026/2025,,,Direct BvP not yet weighted; 2026/2025 Statcast baseline active,7,6,25,1,"Last 7 games: 6/25, 1 HR","platoon edge; pitcher baseline 12.2% barrel, 22.3 HR allowed",neutral batted-ball profile; pitcher fly-ball pressure modest,,
693304,Nick Gonzales,PIT,AZ,2026-07-27T22:40:00Z,Scheduled,6,Merrill Kelly,518876,R,R,3.45,0.0999,86.77,98.4237,0.3792,0.107,0.3127,70.64,12.59,40.09,20.77,37.19,5.7,12.24,44.55,90.34,0.5262,0.2384,26.78,22.3,22.3,22.3,PNC Park,94,77,2,198 deg,Open-Meteo forecast; MLB fallback,https://forecast.weather.gov/MapClick.php?lat=40.4469&lon=-80.0057,74,7,No,No,6,Yes,Yes,RotoWire projected lineup; MLB probable pitchers,lineup projected / unconfirmed,H:2026/2025 P:2026/2025,,,Direct BvP not yet weighted; 2026/2025 Statcast baseline active,7,11,31,1,Contact streak: 11/31 over last 7 games,"same-side matchup; pitcher baseline 12.2% barrel, 22.3 HR allowed",neutral batted-ball profile; pitcher fly-ball pressure modest,,
694378,Jacob Gonzalez,PIT,AZ,2026-07-27T22:40:00Z,Scheduled,7,Merrill Kelly,518876,R,L,3.7,0.161,89.1,99.947,0.411,0.148,0.324,71.6,14.2,41.0,28.9,42.7,4.0,12.24,44.55,90.34,0.5262,0.2384,26.78,22.3,22.3,22.3,PNC Park,94,77,2,198 deg,Open-Meteo forecast; MLB fallback,https://forecast.weather.gov/MapClick.php?lat=40.4469&lon=-80.0057,74,7,No,No,7,Yes,Yes,RotoWire projected lineup; MLB probable pitchers,lineup projected / unconfirmed,H:2026 P:2026/2025,,,Direct BvP not yet weighted; 2026/2025 Statcast baseline active,7,5,22,2,Hot streak: 2 HR in last 7 games,"platoon edge; pitcher baseline 12.2% barrel, 22.3 HR allowed",neutral batted-ball profile; pitcher fly-ball pressure modest,,
680779,Henry Davis,PIT,AZ,2026-07-27T22:40:00Z,Scheduled,8,Merrill Kelly,518876,R,R,10.03,0.1446,89.37,100.6066,0.3547,0.1508,0.2909,74.18,42.94,52.12,26.7,39.43,7.7,12.24,44.55,90.34,0.5262,0.2384,26.78,22.3,22.3,22.3,PNC Park,94,77,2,198 deg,Open-Meteo forecast; MLB fallback,https://forecast.weather.gov/MapClick.php?lat=40.4469&lon=-80.0057,74,7,No,No,8,Yes,Yes,RotoWire projected lineup; MLB probable pitchers,lineup projected / unconfirmed,H:2026/2025 P:2026/2025,,,Direct BvP not yet weighted; 2026/2025 Statcast baseline active,7,7,23,1,"Last 7 games: 7/23, 1 HR","same-side matchup; pitcher baseline 12.2% barrel, 22.3 HR allowed",neutral batted-ball profile; pitcher fly-ball pressure modest,,
682997,Tyler Callihan,PIT,AZ,2026-07-27T22:40:00Z,Scheduled,9,Merrill Kelly,518876,R,L,5.18,0.1365,86.23,97.3701,0.2944,0.0973,0.2466,70.68,10.89,49.08,37.08,38.72,2.1,12.24,44.55,90.34,0.5262,0.2384,26.78,22.3,22.3,22.3,PNC Park,94,77,2,198 deg,Open-Meteo forecast; MLB fallback,https://forecast.weather.gov/MapClick.php?lat=40.4469&lon=-80.0057,74,7,No,No,9,Yes,Yes,RotoWire projected lineup; MLB probable pitchers,lineup projected / unconfirmed,H:2026/2025 P:2026/2025,,,Direct BvP not yet weighted; 2026/2025 Statcast baseline active,7,1,13,0,"Last 7 games: 1/13, 0 HR","platoon edge; pitcher baseline 12.2% barrel, 22.3 HR allowed",fly-ball profile; pitcher fly-ball pressure modest,,
607208,Trea Turner,PHI,MIA,2026-07-27T22:40:00Z,Scheduled,1,Tyler Phillips,663969,R,R,6.36,0.1467,89.02,99.5565,0.3834,0.1316,0.3028,71.55,19.2,33.91,25.69,41.75,14.3,6.99,43.05,89.76,0.4001,0.145,24.82,8.7,8.7,8.7,loanDepot park,89,84,6,280 deg,Open-Meteo forecast; MLB fallback,https://forecast.weather.gov/MapClick.php?lat=25.7781&lon=-80.2197,78,27,No,No,1,Yes,Yes,RotoWire projected lineup; MLB probable pitchers,lineup projected / unconfirmed,H:2026/2025 P:2026/2025,,,Direct BvP not yet weighted; 2026/2025 Statcast baseline active,7,8,28,2,Hot streak: 2 HR in last 7 games,"same-side matchup; pitcher baseline 7.0% barrel, 8.7 HR allowed",neutral batted-ball profile; pitcher fly-ball pressure modest,,
656941,Kyle Schwarber,PHI,MIA,2026-07-27T22:40:00Z,Scheduled,2,Tyler Phillips,663969,R,L,19.05,0.3055,93.6,104.5198,0.5264,0.2847,0.3772,77.16,75.63,54.7,34.23,54.28,39.9,6.99,43.05,89.76,0.4001,0.145,24.82,8.7,8.7,8.7,loanDepot park,89,84,6,280 deg,Open-Meteo forecast; MLB fallback,https://forecast.weather.gov/MapClick.php?lat=25.7781&lon=-80.2197,78,27,No,No,2,Yes,Yes,RotoWire projected lineup; MLB probable pitchers,lineup projected / unconfirmed,H:2026/2025 P:2026/2025,,,Direct BvP not yet weighted; 2026/2025 Statcast baseline active,7,5,24,0,"Last 7 games: 5/24, 0 HR","platoon edge; pitcher baseline 7.0% barrel, 8.7 HR allowed",lift-pull EV profile; pitcher fly-ball pressure modest,,
547180,Bryce Harper,PHI,MIA,2026-07-27T22:40:00Z,Scheduled,3,Tyler Phillips,663969,R,L,11.39,0.2309,90.46,101.8983,0.4962,0.2268,0.3764,74.27,46.96,38.82,28.08,45.68,22.8,6.99,43.05,89.76,0.4001,0.145,24.82,8.7,8.7,8.7,loanDepot park,89,84,6,280 deg,Open-Meteo forecast; MLB fallback,https://forecast.weather.gov/MapClick.php?lat=25.7781&lon=-80.2197,78,27,No,No,3,Yes,Yes,RotoWire projected lineup; MLB probable pitchers,lineup projected / unconfirmed,H:2026/2025 P:2026/2025,,,Direct BvP not yet weighted; 2026/2025 Statcast baseline active,7,3,25,1,"Last 7 games: 3/25, 1 HR","platoon edge; pitcher baseline 7.0% barrel, 8.7 HR allowed",neutral batted-ball profile; pitcher fly-ball pressure modest,,
669016,Brandon Marsh,PHI,MIA,2026-07-27T22:40:00Z,Scheduled,4,Tyler Phillips,663969,R,L,9.17,0.177,90.12,100.4147,0.4334,0.1683,0.3209,71.47,15.33,38.12,26.38,45.98,14.5,6.99,43.05,89.76,0.4001,0.145,24.82,8.7,8.7,8.7,loanDepot park,89,84,6,280 deg,Open-Meteo forecast; MLB fallback,https://forecast.weather.gov/MapClick.php?lat=25.7781&lon=-80.2197,78,27,No,No,4,Yes,Yes,RotoWire projected lineup; MLB probable pitchers,lineup projected / unconfirmed,H:2026/2025 P:2026/2025,,,Direct BvP not yet weighted; 2026/2025 Statcast baseline active,7,4,22,1,"Last 7 games: 4/22, 1 HR","platoon edge; pitcher baseline 7.0% barrel, 8.7 HR allowed",neutral batted-ball profile; pitcher fly-ball pressure modest,,
664761,Alec Bohm,PHI,MIA,2026-07-27T22:40:00Z,Scheduled,5,Tyler Phillips,663969,R,R,5.64,0.1388,90.66,100.2926,0.3885,0.1334,0.3093,70.93,12.53,29.05,21.18,43.67,12.4,6.99,43.05,89.76,0.4001,0.145,24.82,8.7,8.7,8.7,loanDepot park,89,84,6,280 deg,Open-Meteo forecast; MLB fallback,https://forecast.weather.gov/MapClick.php?lat=25.7781&lon=-80.2197,78,27,No,No,5,Yes,Yes,RotoWire projected lineup; MLB probable pitchers,lineup projected / unconfirmed,H:2026/2025 P:2026/2025,,,Direct BvP not yet weighted; 2026/2025 Statcast baseline active,7,8,27,2,Hot streak: 2 HR in last 7 games,"same-side matchup; pitcher baseline 7.0% barrel, 8.7 HR allowed",neutral batted-ball profile; pitcher fly-ball pressure modest,,
681082,Bryson Stott,PHI,MIA,2026-07-27T22:40:00Z,Scheduled,6,Tyler Phillips,663969,R,L,6.5,0.141,88.58,98.5203,0.4021,0.1439,0.3165,69.75,6.05,34.1,29.34,35.66,8.8,6.99,43.05,89.76,0.4001,0.145,24.82,8.7,8.7,8.7,loanDepot park,89,84,6,280 deg,Open-Meteo forecast; MLB fallback,https://forecast.weather.gov/MapClick.php?lat=25.7781&lon=-80.2197,78,27,No,No,6,Yes,Yes,RotoWire projected lineup; MLB probable pitchers,lineup projected / unconfirmed,H:2026/2025 P:2026/2025,,,Direct BvP not yet weighted; 2026/2025 Statcast baseline active,7,8,25,1,Contact streak: 8/25 over last 7 games,"platoon edge; pitcher baseline 7.0% barrel, 8.7 HR allowed",neutral batted-ball profile; pitcher fly-ball pressure modest,,
592663,J.T. Realmuto,PHI,MIA,2026-07-27T22:40:00Z,Scheduled,7,Tyler Phillips,663969,R,R,5.86,0.1298,89.58,100.0001,0.3921,0.1356,0.3181,72.84,32.25,40.41,25.59,41.72,8.5,6.99,43.05,89.76,0.4001,0.145,24.82,8.7,8.7,8.7,loanDepot park,89,84,6,280 deg,Open-Meteo forecast; MLB fallback,https://forecast.weather.gov/MapClick.php?lat=25.7781&lon=-80.2197,78,27,No,No,7,Yes,Yes,RotoWire projected lineup; MLB probable pitchers,lineup projected / unconfirmed,H:2026/2025 P:2026/2025,,,Direct BvP not yet weighted; 2026/2025 Statcast baseline active,7,8,23,0,Contact streak: 8/23 over last 7 games,"same-side matchup; pitcher baseline 7.0% barrel, 8.7 HR allowed",neutral batted-ball profile; pitcher fly-ball pressure modest,,
687282,Gabriel Rincones,PHI,MIA,2026-07-27T22:40:00Z,Scheduled,8,Tyler Phillips,663969,R,L,10.0,0.13,90.8,101.0517,0.289,0.131,0.216,76.2,61.7,30.2,30.2,35.8,2.0,6.99,43.05,89.76,0.4001,0.145,24.82,8.7,8.7,8.7,loanDepot park,89,84,6,280 deg,Open-Meteo forecast; MLB fallback,https://forecast.weather.gov/MapClick.php?lat=25.7781&lon=-80.2197,78,27,No,No,8,Yes,Yes,RotoWire projected lineup; MLB probable pitchers,lineup projected / unconfirmed,H:2026 P:2026/2025,,,Direct BvP not yet weighted; 2026/2025 Statcast baseline active,7,2,16,0,"Last 7 games: 2/16, 0 HR","platoon edge; pitcher baseline 7.0% barrel, 8.7 HR allowed",neutral batted-ball profile; pitcher fly-ball pressure modest,,
702222,Justin Crawford,PHI,MIA,2026-07-27T22:40:00Z,Scheduled,9,Tyler Phillips,663969,R,L,0.9,0.087,86.3,97.4216,0.309,0.06,0.272,68.8,4.9,27.3,16.8,32.7,2.0,6.99,43.05,89.76,0.4001,0.145,24.82,8.7,8.7,8.7,loanDepot park,89,84,6,280 deg,Open-Meteo forecast; MLB fallback,https://forecast.weather.gov/MapClick.php?lat=25.7781&lon=-80.2197,78,27,No,No,9,Yes,Yes,RotoWire projected lineup; MLB probable pitchers,lineup projected / unconfirmed,H:2026 P:2026/2025,,,Direct BvP not yet weighted; 2026/2025 Statcast baseline active,7,2,13,0,"Last 7 games: 2/13, 0 HR","platoon edge; pitcher baseline 7.0% barrel, 8.7 HR allowed",neutral batted-ball profile; pitcher fly-ball pressure modest,,
672640,Otto Lopez,MIA,PHI,2026-07-27T22:40:00Z,Scheduled,1,Zack Wheeler,554430,R,R,6.96,0.1514,89.2,100.4784,0.4382,0.1552,0.3335,71.84,23.89,32.72,22.57,41.1,10.8,6.29,33.96,86.63,0.3116,0.1135,24.62,13.4,13.4,13.4,loanDepot park,89,84,6,280 deg,Open-Meteo forecast; MLB fallback,https://forecast.weather.gov/MapClick.php?lat=25.7781&lon=-80.2197,78,27,No,No,1,Yes,Yes,RotoWire projected lineup; MLB probable pitchers,lineup projected / unconfirmed,H:2026/2025 P:2026/2025,,,Direct BvP not yet weighted; 2026/2025 Statcast baseline active,7,6,26,0,"Last 7 games: 6/26, 0 HR","same-side matchup; pitcher baseline 6.3% barrel, 13.4 HR allowed",neutral batted-ball profile; pitcher fly-ball pressure modest,,
669065,Kyle Stowers,MIA,PHI,2026-07-27T22:40:00Z,Scheduled,2,Zack Wheeler,554430,R,L,13.36,0.2147,91.52,103.1486,0.4495,0.2104,0.3344,75.14,53.1,46.41,29.82,53.54,15.9,6.29,33.96,86.63,0.3116,0.1135,24.62,13.4,13.4,13.4,loanDepot park,89,84,6,280 deg,Open-Meteo forecast; MLB fallback,https://forecast.weather.gov/MapClick.php?lat=25.7781&lon=-80.2197,78,27,No,No,2,Yes,Yes,RotoWire projected lineup; MLB probable pitchers,lineup projected / unconfirmed,H:2026/2025 P:2026/2025,,,Direct BvP not yet weighted; 2026/2025 Statcast baseline active,7,7,28,1,"Last 7 games: 7/28, 1 HR","platoon edge; pitcher baseline 6.3% barrel, 13.4 HR allowed",neutral batted-ball profile; pitcher fly-ball pressure modest,,
681715,Heriberto Hernandez,MIA,PHI,2026-07-27T22:40:00Z,Scheduled,3,Zack Wheeler,554430,R,R,12.75,0.2175,91.67,101.9835,0.4903,0.2334,0.355,74.38,47.62,44.65,31.74,49.67,12.8,6.29,33.96,86.63,0.3116,0.1135,24.62,13.4,13.4,13.4,loanDepot park,89,84,6,280 deg,Open-Meteo forecast; MLB fallback,https://forecast.weather.gov/MapClick.php?lat=25.7781&lon=-80.2197,78,27,No,No,3,Yes,Yes,RotoWire projected lineup; MLB probable pitchers,lineup projected / unconfirmed,H:2026/2025 P:2026/2025,,,Direct BvP not yet weighted; 2026/2025 Statcast baseline active,7,9,29,1,"Last 7 games: 9/29, 1 HR","same-side matchup; pitcher baseline 6.3% barrel, 13.4 HR allowed",neutral batted-ball profile; pitcher fly-ball pressure modest,,
669364,Xavier Edwards,MIA,PHI,2026-07-27T22:40:00Z,Scheduled,4,Zack Wheeler,554430,R,S,3.18,0.1015,86.94,96.608,0.36,0.0977,0.3111,68.02,2.47,29.85,21.77,28.98,5.1,6.29,33.96,86.63,0.3116,0.1135,24.62,13.4,13.4,13.4,loanDepot park,89,84,6,280 deg,Open-Meteo forecast; MLB fallback,https://forecast.weather.gov/MapClick.php?lat=25.7781&lon=-80.2197,78,27,No,No,4,Yes,Yes,RotoWire projected lineup; MLB probable pitchers,lineup projected / unconfirmed,H:2026/2025 P:2026/2025,,,Direct BvP not yet weighted; 2026/2025 Statcast baseline active,7,4,27,0,"Last 7 games: 4/27, 0 HR","switch hitter; pitcher baseline 6.3% barrel, 13.4 HR allowed",neutral batted-ball profile; pitcher fly-ball pressure modest,,
689414,Liam Hicks,MIA,PHI,2026-07-27T22:40:00Z,Scheduled,5,Zack Wheeler,554430,R,L,3.88,0.1438,84.95,96.5878,0.3507,0.1039,0.3108,68.03,3.93,42.73,24.08,29.52,11.6,6.29,33.96,86.63,0.3116,0.1135,24.62,13.4,13.4,13.4,loanDepot park,89,84,6,280 deg,Open-Meteo forecast; MLB fallback,https://forecast.weather.gov/MapClick.php?lat=25.7781&lon=-80.2197,78,27,No,No,5,Yes,Yes,RotoWire projected lineup; MLB probable pitchers,lineup projected / unconfirmed,H:2026/2025 P:2026/2025,,,Direct BvP not yet weighted; 2026/2025 Statcast baseline active,7,3,24,1,"Last 7 games: 3/24, 1 HR","platoon edge; pitcher baseline 6.3% barrel, 13.4 HR allowed",neutral batted-ball profile; pitcher fly-ball pressure modest,,
665052,Griffin Conine,MIA,PHI,2026-07-27T22:40:00Z,Scheduled,6,Zack Wheeler,554430,R,L,15.92,0.2266,90.62,103.7983,0.4761,0.2124,0.3531,74.12,44.32,48.69,20.75,53.07,5.5,6.29,33.96,86.63,0.3116,0.1135,24.62,13.4,13.4,13.4,loanDepot park,89,84,6,280 deg,Open-Meteo forecast; MLB fallback,https://forecast.weather.gov/MapClick.php?lat=25.7781&lon=-80.2197,78,27,No,No,6,Yes,Yes,RotoWire projected lineup; MLB probable pitchers,lineup projected / unconfirmed,H:2026/2025 P:2026/2025,,,Direct BvP not yet weighted; 2026/2025 Statcast baseline active,7,4,21,0,"Last 7 games: 4/21, 0 HR","platoon edge; pitcher baseline 6.3% barrel, 13.4 HR allowed",neutral batted-ball profile; pitcher fly-ball pressure modest,,
805300,Jakob Marsee,MIA,PHI,2026-07-27T22:40:00Z,Scheduled,7,Zack Wheeler,554430,R,L,4.67,0.1216,87.36,98.4492,0.3475,0.1134,0.3127,70.5,6.28,41.58,23.12,35.94,5.0,6.29,33.96,86.63,0.3116,0.1135,24.62,13.4,13.4,13.4,loanDepot park,89,84,6,280 deg,Open-Meteo forecast; MLB fallback,https://forecast.weather.gov/MapClick.php?lat=25.7781&lon=-80.2197,78,27,No,No,7,Yes,Yes,RotoWire projected lineup; MLB probable pitchers,lineup projected / unconfirmed,H:2026/2025 P:2026/2025,,,Direct BvP not yet weighted; 2026/2025 Statcast baseline active,7,3,19,0,"Last 7 games: 3/19, 0 HR","platoon edge; pitcher baseline 6.3% barrel, 13.4 HR allowed",neutral batted-ball profile; pitcher fly-ball pressure modest,,
691594,Javier Sanoja,MIA,PHI,2026-07-27T22:40:00Z,Scheduled,8,Zack Wheeler,554430,R,R,1.45,0.1355,87.31,97.2337,0.3231,0.0711,0.2722,69.07,6.25,38.64,18.27,31.85,3.9,6.29,33.96,86.63,0.3116,0.1135,24.62,13.4,13.4,13.4,loanDepot park,89,84,6,280 deg,Open-Meteo forecast; MLB fallback,https://forecast.weather.gov/MapClick.php?lat=25.7781&lon=-80.2197,78,27,No,No,8,Yes,Yes,RotoWire projected lineup; MLB probable pitchers,lineup projected / unconfirmed,H:2026/2025 P:2026/2025,,,Direct BvP not yet weighted; 2026/2025 Statcast baseline active,7,6,26,0,"Last 7 games: 6/26, 0 HR","same-side matchup; pitcher baseline 6.3% barrel, 13.4 HR allowed",neutral batted-ball profile; pitcher fly-ball pressure modest,,
691788,Joe Mack,MIA,PHI,2026-07-27T22:40:00Z,Scheduled,9,Zack Wheeler,554430,R,L,10.7,0.203,89.2,100.2484,0.447,0.205,0.322,74.4,44.7,48.1,28.2,39.7,10.0,6.29,33.96,86.63,0.3116,0.1135,24.62,13.4,13.4,13.4,loanDepot park,89,84,6,280 deg,Open-Meteo forecast; MLB fallback,https://forecast.weather.gov/MapClick.php?lat=25.7781&lon=-80.2197,78,27,No,No,9,Yes,Yes,RotoWire projected lineup; MLB probable pitchers,lineup projected / unconfirmed,H:2026 P:2026/2025,,,Direct BvP not yet weighted; 2026/2025 Statcast baseline active,7,5,21,3,Hot streak: 3 HR in last 7 games,"platoon edge; pitcher baseline 6.3% barrel, 13.4 HR allowed",neutral batted-ball profile; pitcher fly-ball pressure modest,,
664770,Nathan Lukes,TOR,WSH,2026-07-27T22:45:00Z,Scheduled,1,Andrew Alvarez,674841,L,L,2.14,0.1268,86.92,96.7559,0.3507,0.0945,0.2954,67.51,4.21,32.82,21.23,30.42,7.1,5.1,42.27,89.46,0.3549,0.1081,15.59,1.7,1.7,1.7,Nationals Park,101,81,4,159 deg,Open-Meteo forecast; MLB fallback,https://forecast.weather.gov/MapClick.php?lat=38.8730&lon=-77.0074,64,4,No,No,1,Yes,Yes,RotoWire projected lineup; MLB probable pitchers,lineup projected / unconfirmed,H:2026/2025 P:2026/2025,,,Direct BvP not yet weighted; 2026/2025 Statcast baseline active,7,6,22,0,"Last 7 games: 6/22, 0 HR","same-side matchup; pitcher baseline 5.1% barrel, 1.7 HR allowed",neutral batted-ball profile; pitcher fly-ball pressure modest,,
665489,Vladimir Guerrero,TOR,WSH,2026-07-27T22:45:00Z,Scheduled,2,Andrew Alvarez,674841,L,R,8.49,0.1162,90.74,103.1863,0.4374,0.1451,0.3553,76.42,64.34,36.23,19.24,45.73,11.1,5.1,42.27,89.46,0.3549,0.1081,15.59,1.7,1.7,1.7,Nationals Park,101,81,4,159 deg,Open-Meteo forecast; MLB fallback,https://forecast.weather.gov/MapClick.php?lat=38.8730&lon=-77.0074,64,4,No,No,2,Yes,Yes,RotoWire projected lineup; MLB probable pitchers,lineup projected / unconfirmed,H:2026/2025 P:2026/2025,,,Direct BvP not yet weighted; 2026/2025 Statcast baseline active,7,8,28,0,"Last 7 games: 8/28, 0 HR","platoon edge; pitcher baseline 5.1% barrel, 1.7 HR allowed",neutral batted-ball profile; pitcher fly-ball pressure modest,,
672386,Alejandro Kirk,TOR,WSH,2026-07-27T22:45:00Z,Scheduled,3,Andrew Alvarez,674841,L,R,5.27,0.125,88.51,100.3958,0.3834,0.1344,0.3093,71.59,18.94,27.05,23.23,42.82,6.6,5.1,42.27,89.46,0.3549,0.1081,15.59,1.7,1.7,1.7,Nationals Park,101,81,4,159 deg,Open-Meteo forecast; MLB fallback,https://forecast.weather.gov/MapClick.php?lat=38.8730&lon=-77.0074,64,4,No,No,3,Yes,Yes,RotoWire projected lineup; MLB probable pitchers,lineup projected / unconfirmed,H:2026/2025 P:2026/2025,,,Direct BvP not yet weighted; 2026/2025 Statcast baseline active,7,7,22,1,"Last 7 games: 7/22, 1 HR","platoon edge; pitcher baseline 5.1% barrel, 1.7 HR allowed",neutral batted-ball profile; pitcher fly-ball pressure modest,,
543807,George Springer,TOR,WSH,2026-07-27T22:45:00Z,Scheduled,4,Andrew Alvarez,674841,L,R,10.39,0.1922,88.88,100.2064,0.4345,0.1876,0.3347,73.21,34.81,42.49,27.35,41.72,17.3,5.1,42.27,89.46,0.3549,0.1081,15.59,1.7,1.7,1.7,Nationals Park,101,81,4,159 deg,Open-Meteo forecast; MLB fallback,https://forecast.weather.gov/MapClick.php?lat=38.8730&lon=-77.0074,64,4,No,No,4,Yes,Yes,RotoWire projected lineup; MLB probable pitchers,lineup projected / unconfirmed,H:2026/2025 P:2026/2025,,,Direct BvP not yet weighted; 2026/2025 Statcast baseline active,7,10,27,1,Contact streak: 10/27 over last 7 games,"platoon edge; pitcher baseline 5.1% barrel, 1.7 HR allowed",neutral batted-ball profile; pitcher fly-ball pressure modest,,
662139,Daulton Varsho,TOR,WSH,2026-07-27T22:45:00Z,Scheduled,5,Andrew Alvarez,674841,L,L,9.39,0.1882,87.31,99.4794,0.4086,0.1676,0.3074,73.71,36.25,41.29,28.75,38.2,10.9,5.1,42.27,89.46,0.3549,0.1081,15.59,1.7,1.7,1.7,Nationals Park,101,81,4,159 deg,Open-Meteo forecast; MLB fallback,https://forecast.weather.gov/MapClick.php?lat=38.8730&lon=-77.0074,64,4,No,No,5,Yes,Yes,RotoWire projected lineup; MLB probable pitchers,lineup projected / unconfirmed,H:2026/2025 P:2026/2025,,,Direct BvP not yet weighted; 2026/2025 Statcast baseline active,7,8,22,0,Contact streak: 8/22 over last 7 games,"same-side matchup; pitcher baseline 5.1% barrel, 1.7 HR allowed",neutral batted-ball profile; pitcher fly-ball pressure modest,,
672960,Kazuma Okamoto,TOR,WSH,2026-07-27T22:45:00Z,Scheduled,6,Andrew Alvarez,674841,L,R,14.0,0.221,91.0,102.0902,0.428,0.217,0.316,73.3,36.0,51.4,33.3,46.5,23.0,5.1,42.27,89.46,0.3549,0.1081,15.59,1.7,1.7,1.7,Nationals Park,101,81,4,159 deg,Open-Meteo forecast; MLB fallback,https://forecast.weather.gov/MapClick.php?lat=38.8730&lon=-77.0074,64,4,No,No,6,Yes,Yes,RotoWire projected lineup; MLB probable pitchers,lineup projected / unconfirmed,H:2026 P:2026/2025,,,Direct BvP not yet weighted; 2026/2025 Statcast baseline active,7,3,25,1,"Last 7 games: 3/25, 1 HR","platoon edge; pitcher baseline 5.1% barrel, 1.7 HR allowed",neutral batted-ball profile; pitcher fly-ball pressure modest,,
676391,Ernie Clement,TOR,WSH,2026-07-27T22:45:00Z,Scheduled,7,Andrew Alvarez,674841,L,R,2.47,0.1252,85.62,95.0882,0.3485,0.0909,0.2792,67.53,2.82,42.83,27.97,23.9,8.3,5.1,42.27,89.46,0.3549,0.1081,15.59,1.7,1.7,1.7,Nationals Park,101,81,4,159 deg,Open-Meteo forecast; MLB fallback,https://forecast.weather.gov/MapClick.php?lat=38.8730&lon=-77.0074,64,4,No,No,7,Yes,Yes,RotoWire projected lineup; MLB probable pitchers,lineup projected / unconfirmed,H:2026/2025 P:2026/2025,,,Direct BvP not yet weighted; 2026/2025 Statcast baseline active,7,9,28,0,Contact streak: 9/28 over last 7 games,"platoon edge; pitcher baseline 5.1% barrel, 1.7 HR allowed",neutral batted-ball profile; pitcher fly-ball pressure modest,,
676914,Davis Schneider,TOR,WSH,2026-07-27T22:45:00Z,Scheduled,8,Andrew Alvarez,674841,L,R,12.11,0.1565,88.98,100.469,0.3229,0.1608,0.2831,71.22,14.33,43.65,41.67,43.41,5.4,5.1,42.27,89.46,0.3549,0.1081,15.59,1.7,1.7,1.7,Nationals Park,101,81,4,159 deg,Open-Meteo forecast; MLB fallback,https://forecast.weather.gov/MapClick.php?lat=38.8730&lon=-77.0074,64,4,No,No,8,Yes,Yes,RotoWire projected lineup; MLB probable pitchers,lineup projected / unconfirmed,H:2026/2025 P:2026/2025,,,Direct BvP not yet weighted; 2026/2025 Statcast baseline active,7,0,13,0,"Last 7 games: 0/13, 0 HR","platoon edge; pitcher baseline 5.1% barrel, 1.7 HR allowed",fly-ball profile; pitcher fly-ball pressure modest,,
649966,Luis Urias,TOR,WSH,2026-07-27T22:45:00Z,Scheduled,9,Andrew Alvarez,674841,L,R,5.94,0.1689,84.94,95.5924,0.3012,0.0899,0.2636,70.45,12.94,60.3,26.43,25.93,3.8,5.1,42.27,89.46,0.3549,0.1081,15.59,1.7,1.7,1.7,Nationals Park,101,81,4,159 deg,Open-Meteo forecast; MLB fallback,https://forecast.weather.gov/MapClick.php?lat=38.8730&lon=-77.0074,64,4,No,No,9,Yes,Yes,RotoWire projected lineup; MLB probable pitchers,lineup projected / unconfirmed,H:2026/2025 P:2026/2025,,,Direct BvP not yet weighted; 2026/2025 Statcast baseline active,7,2,13,1,"Last 7 games: 2/13, 1 HR","platoon edge; pitcher baseline 5.1% barrel, 1.7 HR allowed",neutral batted-ball profile; pitcher fly-ball pressure modest,,
695578,James Wood,WSH,TOR,2026-07-27T22:45:00Z,Scheduled,1,Max Scherzer,453286,R,L,20.11,0.2575,94.86,106.3425,0.5623,0.2918,0.4023,76.56,66.55,30.75,26.34,57.91,28.9,12.96,39.11,88.93,0.5079,0.244,32.34,12.0,12.0,12.0,Nationals Park,101,81,4,159 deg,Open-Meteo forecast; MLB fallback,https://forecast.weather.gov/MapClick.php?lat=38.8730&lon=-77.0074,64,4,No,No,1,Yes,Yes,RotoWire projected lineup; MLB probable pitchers,lineup projected / unconfirmed,H:2026/2025 P:2026/2025,,,Direct BvP not yet weighted; 2026/2025 Statcast baseline active,7,7,31,2,Hot streak: 2 HR in last 7 games,"platoon edge; pitcher baseline 13.0% barrel, 12.0 HR allowed",EV profile; pitcher allows elevated contact,,
671277,Luis Garcia,WSH,TOR,2026-07-27T22:45:00Z,Scheduled,2,Max Scherzer,453286,R,L,10.54,0.2342,91.18,101.7221,0.4931,0.2065,0.3495,73.38,35.35,39.96,21.77,45.66,19.5,12.96,39.11,88.93,0.5079,0.244,32.34,12.0,12.0,12.0,Nationals Park,101,81,4,159 deg,Open-Meteo forecast; MLB fallback,https://forecast.weather.gov/MapClick.php?lat=38.8730&lon=-77.0074,64,4,No,No,2,Yes,Yes,RotoWire projected lineup; MLB probable pitchers,lineup projected / unconfirmed,H:2026/2025 P:2026/2025,,,Direct BvP not yet weighted; 2026/2025 Statcast baseline active,7,6,24,1,"Last 7 games: 6/24, 1 HR","platoon edge; pitcher baseline 13.0% barrel, 12.0 HR allowed",neutral batted-ball profile; pitcher allows elevated contact,,
682928,CJ Abrams,WSH,TOR,2026-07-27T22:45:00Z,Scheduled,3,Max Scherzer,453286,R,L,9.98,0.2376,89.47,100.1242,0.4472,0.1903,0.3377,72.75,26.9,43.94,29.22,41.37,23.2,12.96,39.11,88.93,0.5079,0.244,32.34,12.0,12.0,12.0,Nationals Park,101,81,4,159 deg,Open-Meteo forecast; MLB fallback,https://forecast.weather.gov/MapClick.php?lat=38.8730&lon=-77.0074,64,4,No,No,3,Yes,Yes,RotoWire projected lineup; MLB probable pitchers,lineup projected / unconfirmed,H:2026/2025 P:2026/2025,,,Direct BvP not yet weighted; 2026/2025 Statcast baseline active,7,17,30,7,Hot streak: 7 HR in last 7 games,"platoon edge; pitcher baseline 13.0% barrel, 12.0 HR allowed",neutral batted-ball profile; pitcher allows elevated contact,,
660688,Keibert Ruiz,WSH,TOR,2026-07-27T22:45:00Z,Scheduled,4,Max Scherzer,453286,R,S,4.3,0.1536,88.09,97.7844,0.3594,0.1136,0.2786,67.15,0.51,54.12,27.54,36.5,5.5,12.96,39.11,88.93,0.5079,0.244,32.34,12.0,12.0,12.0,Nationals Park,101,81,4,159 deg,Open-Meteo forecast; MLB fallback,https://forecast.weather.gov/MapClick.php?lat=38.8730&lon=-77.0074,64,4,No,No,4,Yes,Yes,RotoWire projected lineup; MLB probable pitchers,lineup projected / unconfirmed,H:2026/2025 P:2026/2025,,,Direct BvP not yet weighted; 2026/2025 Statcast baseline active,7,4,20,0,"Last 7 games: 4/20, 0 HR","switch hitter; pitcher baseline 13.0% barrel, 12.0 HR allowed",neutral batted-ball profile; pitcher allows elevated contact,,
695734,Daylen Lile,WSH,TOR,2026-07-27T22:45:00Z,Scheduled,5,Max Scherzer,453286,R,L,7.23,0.1738,88.41,98.6893,0.4252,0.1558,0.3249,70.32,6.63,40.87,31.85,37.02,10.4,12.96,39.11,88.93,0.5079,0.244,32.34,12.0,12.0,12.0,Nationals Park,101,81,4,159 deg,Open-Meteo forecast; MLB fallback,https://forecast.weather.gov/MapClick.php?lat=38.8730&lon=-77.0074,64,4,No,No,5,Yes,Yes,RotoWire projected lineup; MLB probable pitchers,lineup projected / unconfirmed,H:2026/2025 P:2026/2025,,,Direct BvP not yet weighted; 2026/2025 Statcast baseline active,7,4,22,0,"Last 7 games: 4/22, 0 HR","platoon edge; pitcher baseline 13.0% barrel, 12.0 HR allowed",neutral batted-ball profile; pitcher allows elevated contact,,
686611,Dylan Crews,WSH,TOR,2026-07-27T22:45:00Z,Scheduled,6,Max Scherzer,453286,R,R,9.59,0.1503,90.33,101.4893,0.4182,0.1804,0.3231,73.65,34.69,33.45,29.24,41.43,8.6,12.96,39.11,88.93,0.5079,0.244,32.34,12.0,12.0,12.0,Nationals Park,101,81,4,159 deg,Open-Meteo forecast; MLB fallback,https://forecast.weather.gov/MapClick.php?lat=38.8730&lon=-77.0074,64,4,No,No,6,Yes,Yes,RotoWire projected lineup; MLB probable pitchers,lineup projected / unconfirmed,H:2026/2025 P:2026/2025,,,Direct BvP not yet weighted; 2026/2025 Statcast baseline active,7,8,22,2,Hot streak: 2 HR in last 7 games,"same-side matchup; pitcher baseline 13.0% barrel, 12.0 HR allowed",neutral batted-ball profile; pitcher allows elevated contact,,
696285,Jacob Young,WSH,TOR,2026-07-27T22:45:00Z,Scheduled,7,Max Scherzer,453286,R,R,5.4,0.1211,88.44,98.4918,0.3787,0.1181,0.3068,69.07,2.23,34.86,23.02,35.11,6.9,12.96,39.11,88.93,0.5079,0.244,32.34,12.0,12.0,12.0,Nationals Park,101,81,4,159 deg,Open-Meteo forecast; MLB fallback,https://forecast.weather.gov/MapClick.php?lat=38.8730&lon=-77.0074,64,4,No,No,7,Yes,Yes,RotoWire projected lineup; MLB probable pitchers,lineup projected / unconfirmed,H:2026/2025 P:2026/2025,,,Direct BvP not yet weighted; 2026/2025 Statcast baseline active,7,8,21,1,Contact streak: 8/21 over last 7 games,"same-side matchup; pitcher baseline 13.0% barrel, 12.0 HR allowed",neutral batted-ball profile; pitcher allows elevated contact,,
691781,Brady House,WSH,TOR,2026-07-27T22:45:00Z,Scheduled,8,Max Scherzer,453286,R,R,8.71,0.1468,89.24,101.4545,0.4099,0.1574,0.3085,73.17,28.64,34.92,26.21,43.99,6.1,12.96,39.11,88.93,0.5079,0.244,32.34,12.0,12.0,12.0,Nationals Park,101,81,4,159 deg,Open-Meteo forecast; MLB fallback,https://forecast.weather.gov/MapClick.php?lat=38.8730&lon=-77.0074,64,4,No,No,8,Yes,Yes,RotoWire projected lineup; MLB probable pitchers,lineup projected / unconfirmed,H:2026/2025 P:2026/2025,,,Direct BvP not yet weighted; 2026/2025 Statcast baseline active,7,6,26,1,"Last 7 games: 6/26, 1 HR","same-side matchup; pitcher baseline 13.0% barrel, 12.0 HR allowed",neutral batted-ball profile; pitcher allows elevated contact,,
683083,Nasim Nunez,WSH,TOR,2026-07-27T22:45:00Z,Scheduled,9,Max Scherzer,453286,R,S,1.69,0.0825,85.8,95.8784,0.3012,0.0734,0.2792,68.77,4.94,32.06,18.61,26.87,1.9,12.96,39.11,88.93,0.5079,0.244,32.34,12.0,12.0,12.0,Nationals Park,101,81,4,159 deg,Open-Meteo forecast; MLB fallback,https://forecast.weather.gov/MapClick.php?lat=38.8730&lon=-77.0074,64,4,No,No,9,Yes,Yes,RotoWire projected lineup; MLB probable pitchers,lineup projected / unconfirmed,H:2026/2025 P:2026/2025,,,Direct BvP not yet weighted; 2026/2025 Statcast baseline active,7,6,24,0,"Last 7 games: 6/24, 0 HR","switch hitter; pitcher baseline 13.0% barrel, 12.0 HR allowed",neutral batted-ball profile; pitcher allows elevated contact,,
680757,Steven Kwan,CLE,CIN,2026-07-27T23:10:00Z,Scheduled,1,Chase Burns,695505,R,L,0.78,0.0712,84.24,92.4732,0.3415,0.0713,0.3184,63.07,0.38,28.16,23.51,12.44,4.0,9.01,39.19,89.29,0.3525,0.1439,29.43,9.9,9.9,9.9,Great American Ball Park,121,79,3,8 deg,Open-Meteo forecast; MLB fallback,https://forecast.weather.gov/MapClick.php?lat=39.0979&lon=-84.5082,69,0,No,No,1,Yes,Yes,RotoWire projected lineup; MLB probable pitchers,lineup projected / unconfirmed,H:2026/2025 P:2026/2025,,,Direct BvP not yet weighted; 2026/2025 Statcast baseline active,7,10,27,0,Contact streak: 10/27 over last 7 games,"platoon edge; pitcher baseline 9.0% barrel, 9.9 HR allowed",neutral batted-ball profile; pitcher fly-ball pressure modest,,
608070,Jose Ramirez,CLE,CIN,2026-07-27T23:10:00Z,Scheduled,2,Chase Burns,695505,R,S,6.51,0.1864,89.32,99.8667,0.4404,0.1592,0.3483,70.34,13.26,49.78,30.04,40.5,16.0,9.01,39.19,89.29,0.3525,0.1439,29.43,9.9,9.9,9.9,Great American Ball Park,121,79,3,8 deg,Open-Meteo forecast; MLB fallback,https://forecast.weather.gov/MapClick.php?lat=39.0979&lon=-84.5082,69,0,No,No,2,Yes,Yes,RotoWire projected lineup; MLB probable pitchers,lineup projected / unconfirmed,H:2026/2025 P:2026/2025,,,Direct BvP not yet weighted; 2026/2025 Statcast baseline active,7,5,27,0,"Last 7 games: 5/27, 0 HR","switch hitter; pitcher baseline 9.0% barrel, 9.9 HR allowed",neutral batted-ball profile; pitcher fly-ball pressure modest,,
800050,Chase DeLauter,CLE,CIN,2026-07-27T23:10:00Z,Scheduled,3,Chase Burns,695505,R,L,6.7,0.166,91.1,101.5859,0.438,0.158,0.346,71.5,18.6,38.2,20.5,45.4,11.0,9.01,39.19,89.29,0.3525,0.1439,29.43,9.9,9.9,9.9,Great American Ball Park,121,79,3,8 deg,Open-Meteo forecast; MLB fallback,https://forecast.weather.gov/MapClick.php?lat=39.0979&lon=-84.5082,69,0,No,No,3,Yes,Yes,RotoWire projected lineup; MLB probable pitchers,lineup projected / unconfirmed,H:2026 P:2026/2025,,,Direct BvP not yet weighted; 2026/2025 Statcast baseline active,7,9,26,0,Contact streak: 9/26 over last 7 games,"platoon edge; pitcher baseline 9.0% barrel, 9.9 HR allowed",neutral batted-ball profile; pitcher fly-ball pressure modest,,
677587,Brayan Rocchio,CLE,CIN,2026-07-27T23:10:00Z,Scheduled,4,Chase Burns,695505,R,S,3.09,0.1238,86.95,97.5131,0.3573,0.1067,0.2985,70.07,7.29,44.48,24.04,33.12,7.8,9.01,39.19,89.29,0.3525,0.1439,29.43,9.9,9.9,9.9,Great American Ball Park,121,79,3,8 deg,Open-Meteo forecast; MLB fallback,https://forecast.weather.gov/MapClick.php?lat=39.0979&lon=-84.5082,69,0,No,No,4,Yes,Yes,RotoWire projected lineup; MLB probable pitchers,lineup projected / unconfirmed,H:2026/2025 P:2026/2025,,,Direct BvP not yet weighted; 2026/2025 Statcast baseline active,7,7,31,1,"Last 7 games: 7/31, 1 HR","switch hitter; pitcher baseline 9.0% barrel, 9.9 HR allowed",neutral batted-ball profile; pitcher fly-ball pressure modest,,
683953,Travis Bazzana,CLE,CIN,2026-07-27T23:10:00Z,Scheduled,5,Chase Burns,695505,R,L,4.7,0.162,88.0,98.4802,0.353,0.127,0.305,69.8,13.1,38.9,29.4,35.9,9.0,9.01,39.19,89.29,0.3525,0.1439,29.43,9.9,9.9,9.9,Great American Ball Park,121,79,3,8 deg,Open-Meteo forecast; MLB fallback,https://forecast.weather.gov/MapClick.php?lat=39.0979&lon=-84.5082,69,0,No,No,5,Yes,Yes,RotoWire projected lineup; MLB probable pitchers,lineup projected / unconfirmed,H:2026 P:2026/2025,,,Direct BvP not yet weighted; 2026/2025 Statcast baseline active,7,6,25,1,"Last 7 games: 6/25, 1 HR","platoon edge; pitcher baseline 9.0% barrel, 9.9 HR allowed",neutral batted-ball profile; pitcher fly-ball pressure modest,,
682657,Angel Martinez,CLE,CIN,2026-07-27T23:10:00Z,Scheduled,6,Chase Burns,695505,R,S,6.37,0.1777,87.52,98.9582,0.376,0.1375,0.2865,70.83,14.58,45.79,27.43,34.69,11.0,9.01,39.19,89.29,0.3525,0.1439,29.43,9.9,9.9,9.9,Great American Ball Park,121,79,3,8 deg,Open-Meteo forecast; MLB fallback,https://forecast.weather.gov/MapClick.php?lat=39.0979&lon=-84.5082,69,0,No,No,6,Yes,Yes,RotoWire projected lineup; MLB probable pitchers,lineup projected / unconfirmed,H:2026/2025 P:2026/2025,,,Direct BvP not yet weighted; 2026/2025 Statcast baseline active,7,5,26,1,"Last 7 games: 5/26, 1 HR","switch hitter; pitcher baseline 9.0% barrel, 9.9 HR allowed",neutral batted-ball profile; pitcher fly-ball pressure modest,,
700932,Kyle Manzardo,CLE,CIN,2026-07-27T23:10:00Z,Scheduled,7,Chase Burns,695505,R,L,11.31,0.1713,89.67,99.1247,0.3905,0.1717,0.3059,70.04,6.95,42.15,33.83,41.49,15.8,9.01,39.19,89.29,0.3525,0.1439,29.43,9.9,9.9,9.9,Great American Ball Park,121,79,3,8 deg,Open-Meteo forecast; MLB fallback,https://forecast.weather.gov/MapClick.php?lat=39.0979&lon=-84.5082,69,0,No,No,7,Yes,Yes,RotoWire projected lineup; MLB probable pitchers,lineup projected / unconfirmed,H:2026/2025 P:2026/2025,,,Direct BvP not yet weighted; 2026/2025 Statcast baseline active,7,4,20,1,"Last 7 games: 4/20, 1 HR","platoon edge; pitcher baseline 9.0% barrel, 9.9 HR allowed",neutral batted-ball profile; pitcher fly-ball pressure modest,,
672275,Patrick Bailey,CLE,CIN,2026-07-27T23:10:00Z,Scheduled,8,Chase Burns,695505,R,S,6.93,0.1079,89.6,99.3629,0.3722,0.1468,0.285,72.58,29.1,31.73,25.43,39.27,5.3,9.01,39.19,89.29,0.3525,0.1439,29.43,9.9,9.9,9.9,Great American Ball Park,121,79,3,8 deg,Open-Meteo forecast; MLB fallback,https://forecast.weather.gov/MapClick.php?lat=39.0979&lon=-84.5082,69,0,No,No,8,Yes,Yes,RotoWire projected lineup; MLB probable pitchers,lineup projected / unconfirmed,H:2026/2025 P:2026/2025,,,Direct BvP not yet weighted; 2026/2025 Statcast baseline active,7,7,22,2,Hot streak: 2 HR in last 7 games,"switch hitter; pitcher baseline 9.0% barrel, 9.9 HR allowed",neutral batted-ball profile; pitcher fly-ball pressure modest,,
690984,Petey Halpin,CLE,CIN,2026-07-27T23:10:00Z,Scheduled,9,Chase Burns,695505,R,L,4.97,0.0875,82.01,94.1185,0.2905,0.0896,0.2587,70.36,6.51,40.97,34.52,20.02,1.4,9.01,39.19,89.29,0.3525,0.1439,29.43,9.9,9.9,9.9,Great American Ball Park,121,79,3,8 deg,Open-Meteo forecast; MLB fallback,https://forecast.weather.gov/MapClick.php?lat=39.0979&lon=-84.5082,69,0,No,No,9,Yes,Yes,RotoWire projected lineup; MLB probable pitchers,lineup projected / unconfirmed,H:2026/2025 P:2026/2025,,,Direct BvP not yet weighted; 2026/2025 Statcast baseline active,7,4,22,2,Hot streak: 2 HR in last 7 games,"platoon edge; pitcher baseline 9.0% barrel, 9.9 HR allowed",neutral batted-ball profile; pitcher fly-ball pressure modest,,
682829,Elly De La Cruz,CIN,CLE,2026-07-27T23:10:00Z,Scheduled,1,Slade Cecconi,677944,R,S,13.24,0.2082,93.17,104.2155,0.4681,0.1989,0.3542,75.13,51.72,36.08,25.73,49.73,18.5,9.54,42.03,89.53,0.4561,0.1884,25.96,17.7,17.7,17.7,Great American Ball Park,121,79,3,8 deg,Open-Meteo forecast; MLB fallback,https://forecast.weather.gov/MapClick.php?lat=39.0979&lon=-84.5082,69,0,No,No,1,Yes,Yes,RotoWire projected lineup; MLB probable pitchers,lineup projected / unconfirmed,H:2026/2025 P:2026/2025,,,Direct BvP not yet weighted; 2026/2025 Statcast baseline active,7,6,26,2,Hot streak: 2 HR in last 7 games,"switch hitter; pitcher baseline 9.5% barrel, 17.7 HR allowed",EV profile; pitcher fly-ball pressure modest,,
701398,Sal Stewart,CIN,CLE,2026-07-27T23:10:00Z,Scheduled,2,Slade Cecconi,677944,R,R,15.31,0.2389,91.9,101.6056,0.5194,0.2575,0.3632,72.38,27.91,38.85,32.16,43.68,16.2,9.54,42.03,89.53,0.4561,0.1884,25.96,17.7,17.7,17.7,Great American Ball Park,121,79,3,8 deg,Open-Meteo forecast; MLB fallback,https://forecast.weather.gov/MapClick.php?lat=39.0979&lon=-84.5082,69,0,No,No,2,Yes,Yes,RotoWire projected lineup; MLB probable pitchers,lineup projected / unconfirmed,H:2026/2025 P:2026/2025,,,Direct BvP not yet weighted; 2026/2025 Statcast baseline active,7,6,26,2,Hot streak: 2 HR in last 7 games,"same-side matchup; pitcher baseline 9.5% barrel, 17.7 HR allowed",neutral batted-ball profile; pitcher fly-ball pressure modest,,
668709,JJ Bleday,CIN,CLE,2026-07-27T23:10:00Z,Scheduled,3,Slade Cecconi,677944,R,L,9.55,0.2242,88.91,100.0678,0.4262,0.1844,0.3383,73.24,28.8,45.67,32.29,40.66,16.1,9.54,42.03,89.53,0.4561,0.1884,25.96,17.7,17.7,17.7,Great American Ball Park,121,79,3,8 deg,Open-Meteo forecast; MLB fallback,https://forecast.weather.gov/MapClick.php?lat=39.0979&lon=-84.5082,69,0,No,No,3,Yes,Yes,RotoWire projected lineup; MLB probable pitchers,lineup projected / unconfirmed,H:2026/2025 P:2026/2025,,,Direct BvP not yet weighted; 2026/2025 Statcast baseline active,7,4,26,1,"Last 7 games: 4/26, 1 HR","platoon edge; pitcher baseline 9.5% barrel, 17.7 HR allowed",neutral batted-ball profile; pitcher fly-ball pressure modest,,
668715,Spencer Steer,CIN,CLE,2026-07-27T23:10:00Z,Scheduled,4,Slade Cecconi,677944,R,R,10.96,0.18,88.98,99.037,0.4268,0.1882,0.328,71.11,7.66,46.73,29.88,37.33,17.5,9.54,42.03,89.53,0.4561,0.1884,25.96,17.7,17.7,17.7,Great American Ball Park,121,79,3,8 deg,Open-Meteo forecast; MLB fallback,https://forecast.weather.gov/MapClick.php?lat=39.0979&lon=-84.5082,69,0,No,No,4,Yes,Yes,RotoWire projected lineup; MLB probable pitchers,lineup projected / unconfirmed,H:2026/2025 P:2026/2025,,,Direct BvP not yet weighted; 2026/2025 Statcast baseline active,7,3,24,2,Hot streak: 2 HR in last 7 games,"same-side matchup; pitcher baseline 9.5% barrel, 17.7 HR allowed",neutral batted-ball profile; pitcher fly-ball pressure modest,,
553993,Eugenio Suarez,CIN,CLE,2026-07-27T23:10:00Z,Scheduled,5,Slade Cecconi,677944,R,R,11.85,0.228,89.01,99.995,0.3776,0.1799,0.285,71.81,20.83,47.47,33.41,37.17,24.5,9.54,42.03,89.53,0.4561,0.1884,25.96,17.7,17.7,17.7,Great American Ball Park,121,79,3,8 deg,Open-Meteo forecast; MLB fallback,https://forecast.weather.gov/MapClick.php?lat=39.0979&lon=-84.5082,69,0,No,No,5,Yes,Yes,RotoWire projected lineup; MLB probable pitchers,lineup projected / unconfirmed,H:2026/2025 P:2026/2025,,,Direct BvP not yet weighted; 2026/2025 Statcast baseline active,7,4,27,2,Hot streak: 2 HR in last 7 games,"same-side matchup; pitcher baseline 9.5% barrel, 17.7 HR allowed",neutral batted-ball profile; pitcher fly-ball pressure modest,,
663993,Nathaniel Lowe,CIN,CLE,2026-07-27T23:10:00Z,Scheduled,6,Slade Cecconi,677944,R,L,10.08,0.2027,89.0,100.9463,0.4367,0.1842,0.3352,74.03,38.51,37.69,26.27,41.08,13.8,9.54,42.03,89.53,0.4561,0.1884,25.96,17.7,17.7,17.7,Great American Ball Park,121,79,3,8 deg,Open-Meteo forecast; MLB fallback,https://forecast.weather.gov/MapClick.php?lat=39.0979&lon=-84.5082,69,0,No,No,6,Yes,Yes,RotoWire projected lineup; MLB probable pitchers,lineup projected / unconfirmed,H:2026/2025 P:2026/2025,,,Direct BvP not yet weighted; 2026/2025 Statcast baseline active,7,10,29,3,Hot streak: 3 HR in last 7 games,"platoon edge; pitcher baseline 9.5% barrel, 17.7 HR allowed",neutral batted-ball profile; pitcher fly-ball pressure modest,,
663886,Tyler Stephenson,CIN,CLE,2026-07-27T23:10:00Z,Scheduled,7,Slade Cecconi,677944,R,R,12.68,0.1613,90.78,100.6097,0.4494,0.2068,0.3361,70.8,8.54,38.2,31.89,46.89,9.5,9.54,42.03,89.53,0.4561,0.1884,25.96,17.7,17.7,17.7,Great American Ball Park,121,79,3,8 deg,Open-Meteo forecast; MLB fallback,https://forecast.weather.gov/MapClick.php?lat=39.0979&lon=-84.5082,69,0,No,No,7,Yes,Yes,RotoWire projected lineup; MLB probable pitchers,lineup projected / unconfirmed,H:2026/2025 P:2026/2025,,,Direct BvP not yet weighted; 2026/2025 Statcast baseline active,7,7,23,2,Hot streak: 2 HR in last 7 games,"same-side matchup; pitcher baseline 9.5% barrel, 17.7 HR allowed",neutral batted-ball profile; pitcher fly-ball pressure modest,,
667472,Dane Myers,CIN,CLE,2026-07-27T23:10:00Z,Scheduled,8,Slade Cecconi,677944,R,R,6.96,0.1106,90.14,99.6992,0.4098,0.1561,0.3334,71.56,20.11,26.67,26.5,36.68,3.9,9.54,42.03,89.53,0.4561,0.1884,25.96,17.7,17.7,17.7,Great American Ball Park,121,79,3,8 deg,Open-Meteo forecast; MLB fallback,https://forecast.weather.gov/MapClick.php?lat=39.0979&lon=-84.5082,69,0,No,No,8,Yes,Yes,RotoWire projected lineup; MLB probable pitchers,lineup projected / unconfirmed,H:2026/2025 P:2026/2025,,,Direct BvP not yet weighted; 2026/2025 Statcast baseline active,7,6,22,0,"Last 7 games: 6/22, 0 HR","same-side matchup; pitcher baseline 9.5% barrel, 17.7 HR allowed",neutral batted-ball profile; pitcher fly-ball pressure modest,,
695490,Edwin Arroyo,CIN,CLE,2026-07-27T23:10:00Z,Scheduled,9,Slade Cecconi,677944,R,S,1.1,0.041,87.7,96.0293,0.369,0.075,0.312,69.3,5.2,43.8,17.7,26.0,0.0,9.54,42.03,89.53,0.4561,0.1884,25.96,17.7,17.7,17.7,Great American Ball Park,121,79,3,8 deg,Open-Meteo forecast; MLB fallback,https://forecast.weather.gov/MapClick.php?lat=39.0979&lon=-84.5082,69,0,No,No,9,Yes,Yes,RotoWire projected lineup; MLB probable pitchers,lineup projected / unconfirmed,H:2026 P:2026/2025,,,Direct BvP not yet weighted; 2026/2025 Statcast baseline active,7,5,17,0,"Last 7 games: 5/17, 0 HR","switch hitter; pitcher baseline 9.5% barrel, 17.7 HR allowed",neutral batted-ball profile; pitcher fly-ball pressure modest,,
660670,Ronald Acuna,ATL,NYM,2026-07-27T23:10:00Z,Scheduled,1,Zac Thornton,804267,L,R,13.88,0.1874,90.88,102.673,0.5028,0.2468,0.3837,76.12,63.8,36.72,29.7,46.13,11.2,12.5,37.5,89.8,0.426,0.175,39.1,1.0,1.0,1.0,Citi Field,95,75,9,165 deg,Open-Meteo forecast; MLB fallback,https://forecast.weather.gov/MapClick.php?lat=40.7571&lon=-73.8458,62,0,No,No,1,Yes,Yes,RotoWire projected lineup; MLB probable pitchers,lineup projected / unconfirmed,H:2026/2025 P:2026,,,Direct BvP not yet weighted; 2026/2025 Statcast baseline active,7,6,25,0,"Last 7 games: 6/25, 0 HR","platoon edge; pitcher baseline 12.5% barrel, 1.0 HR allowed",neutral batted-ball profile; pitcher allows elevated contact,,
686948,Drake Baldwin,ATL,NYM,2026-07-27T23:10:00Z,Scheduled,2,Zac Thornton,804267,L,L,13.87,0.2055,91.63,102.4448,0.5094,0.2318,0.3754,75.02,53.25,31.94,24.76,50.3,19.7,12.5,37.5,89.8,0.426,0.175,39.1,1.0,1.0,1.0,Citi Field,95,75,9,165 deg,Open-Meteo forecast; MLB fallback,https://forecast.weather.gov/MapClick.php?lat=40.7571&lon=-73.8458,62,0,No,No,2,Yes,Yes,RotoWire projected lineup; MLB probable pitchers,lineup projected / unconfirmed,H:2026/2025 P:2026,,,Direct BvP not yet weighted; 2026/2025 Statcast baseline active,7,7,25,2,Hot streak: 2 HR in last 7 games,"same-side matchup; pitcher baseline 12.5% barrel, 1.0 HR allowed",neutral batted-ball profile; pitcher allows elevated contact,,
645277,Ozzie Albies,ATL,NYM,2026-07-27T23:10:00Z,Scheduled,3,Zac Thornton,804267,L,S,4.48,0.1614,87.01,96.7904,0.3625,0.1244,0.2892,69.0,6.02,46.84,31.9,28.39,16.7,12.5,37.5,89.8,0.426,0.175,39.1,1.0,1.0,1.0,Citi Field,95,75,9,165 deg,Open-Meteo forecast; MLB fallback,https://forecast.weather.gov/MapClick.php?lat=40.7571&lon=-73.8458,62,0,No,No,3,Yes,Yes,RotoWire projected lineup; MLB probable pitchers,lineup projected / unconfirmed,H:2026/2025 P:2026,,,Direct BvP not yet weighted; 2026/2025 Statcast baseline active,7,7,32,3,Hot streak: 3 HR in last 7 games,"switch hitter; pitcher baseline 12.5% barrel, 1.0 HR allowed",neutral batted-ball profile; pitcher allows elevated contact,,
621566,Matt Olson,ATL,NYM,2026-07-27T23:10:00Z,Scheduled,4,Zac Thornton,804267,L,L,13.98,0.2463,92.81,103.8622,0.5018,0.2531,0.3586,74.6,48.37,37.3,32.22,51.2,27.6,12.5,37.5,89.8,0.426,0.175,39.1,1.0,1.0,1.0,Citi Field,95,75,9,165 deg,Open-Meteo forecast; MLB fallback,https://forecast.weather.gov/MapClick.php?lat=40.7571&lon=-73.8458,62,0,No,No,4,Yes,Yes,RotoWire projected lineup; MLB probable pitchers,lineup projected / unconfirmed,H:2026/2025 P:2026,,,Direct BvP not yet weighted; 2026/2025 Statcast baseline active,7,6,27,1,"Last 7 games: 6/27, 1 HR","same-side matchup; pitcher baseline 12.5% barrel, 1.0 HR allowed",EV profile; pitcher allows elevated contact,,
671739,Michael Harris,ATL,NYM,2026-07-27T23:10:00Z,Scheduled,5,Zac Thornton,804267,L,L,11.41,0.1943,90.83,103.5768,0.4849,0.1977,0.3444,74.65,46.72,36.29,23.68,47.67,19.3,12.5,37.5,89.8,0.426,0.175,39.1,1.0,1.0,1.0,Citi Field,95,75,9,165 deg,Open-Meteo forecast; MLB fallback,https://forecast.weather.gov/MapClick.php?lat=40.7571&lon=-73.8458,62,0,No,No,5,Yes,Yes,RotoWire projected lineup; MLB probable pitchers,lineup projected / unconfirmed,H:2026/2025 P:2026,,,Direct BvP not yet weighted; 2026/2025 Statcast baseline active,7,8,30,2,Hot streak: 2 HR in last 7 games,"same-side matchup; pitcher baseline 12.5% barrel, 1.0 HR allowed",neutral batted-ball profile; pitcher allows elevated contact,,
643289,Mauricio Dubon,ATL,NYM,2026-07-27T23:10:00Z,Scheduled,6,Zac Thornton,804267,L,R,3.65,0.1357,85.97,96.4689,0.3702,0.1085,0.3018,68.76,3.12,32.24,24.11,29.66,9.1,12.5,37.5,89.8,0.426,0.175,39.1,1.0,1.0,1.0,Citi Field,95,75,9,165 deg,Open-Meteo forecast; MLB fallback,https://forecast.weather.gov/MapClick.php?lat=40.7571&lon=-73.8458,62,0,No,No,6,Yes,Yes,RotoWire projected lineup; MLB probable pitchers,lineup projected / unconfirmed,H:2026/2025 P:2026,,,Direct BvP not yet weighted; 2026/2025 Statcast baseline active,7,5,25,0,"Last 7 games: 5/25, 0 HR","platoon edge; pitcher baseline 12.5% barrel, 1.0 HR allowed",neutral batted-ball profile; pitcher allows elevated contact,,
663586,Austin Riley,ATL,NYM,2026-07-27T23:10:00Z,Scheduled,7,Zac Thornton,804267,L,R,12.26,0.1449,91.18,102.7058,0.4104,0.19,0.3069,75.83,59.24,40.64,31.92,45.93,13.2,12.5,37.5,89.8,0.426,0.175,39.1,1.0,1.0,1.0,Citi Field,95,75,9,165 deg,Open-Meteo forecast; MLB fallback,https://forecast.weather.gov/MapClick.php?lat=40.7571&lon=-73.8458,62,0,No,No,7,Yes,Yes,RotoWire projected lineup; MLB probable pitchers,lineup projected / unconfirmed,H:2026/2025 P:2026,,,Direct BvP not yet weighted; 2026/2025 Statcast baseline active,7,6,27,0,"Last 7 games: 6/27, 0 HR","platoon edge; pitcher baseline 12.5% barrel, 1.0 HR allowed",neutral batted-ball profile; pitcher allows elevated contact,,
573262,Mike Yastrzemski,ATL,NYM,2026-07-27T23:10:00Z,Scheduled,8,Zac Thornton,804267,L,L,6.96,0.1413,90.38,99.6729,0.3658,0.1386,0.3059,71.27,8.09,43.73,31.96,43.02,9.3,12.5,37.5,89.8,0.426,0.175,39.1,1.0,1.0,1.0,Citi Field,95,75,9,165 deg,Open-Meteo forecast; MLB fallback,https://forecast.weather.gov/MapClick.php?lat=40.7571&lon=-73.8458,62,0,No,No,8,Yes,Yes,RotoWire projected lineup; MLB probable pitchers,lineup projected / unconfirmed,H:2026/2025 P:2026,,,Direct BvP not yet weighted; 2026/2025 Statcast baseline active,7,3,16,0,"Last 7 games: 3/16, 0 HR","same-side matchup; pitcher baseline 12.5% barrel, 1.0 HR allowed",neutral batted-ball profile; pitcher allows elevated contact,,
805347,Jim Jarvis,ATL,NYM,2026-07-27T23:10:00Z,Scheduled,9,Zac Thornton,804267,L,L,6.3,0.153,88.5,98.4812,0.344,0.092,0.279,70.8,10.3,33.3,18.8,39.6,1.0,12.5,37.5,89.8,0.426,0.175,39.1,1.0,1.0,1.0,Citi Field,95,75,9,165 deg,Open-Meteo forecast; MLB fallback,https://forecast.weather.gov/MapClick.php?lat=40.7571&lon=-73.8458,62,0,No,No,9,Yes,Yes,RotoWire projected lineup; MLB probable pitchers,lineup projected / unconfirmed,H:2026 P:2026,,,Direct BvP not yet weighted; 2026/2025 Statcast baseline active,7,4,19,0,"Last 7 games: 4/19, 0 HR","same-side matchup; pitcher baseline 12.5% barrel, 1.0 HR allowed",neutral batted-ball profile; pitcher allows elevated contact,,
596019,Francisco Lindor,NYM,ATL,2026-07-27T23:10:00Z,Scheduled,1,Martín Pérez,527048,L,S,8.83,0.171,91.48,100.321,0.4428,0.1863,0.3415,72.19,22.42,43.57,28.76,47.62,13.5,9.05,37.72,88.2,0.4269,0.1723,24.97,8.8,8.8,8.8,Citi Field,95,75,9,165 deg,Open-Meteo forecast; MLB fallback,https://forecast.weather.gov/MapClick.php?lat=40.7571&lon=-73.8458,62,0,No,No,1,Yes,Yes,RotoWire projected lineup; MLB probable pitchers,lineup projected / unconfirmed,H:2026/2025 P:2026/2025,,,Direct BvP not yet weighted; 2026/2025 Statcast baseline active,7,9,27,1,Contact streak: 9/27 over last 7 games,"switch hitter; pitcher baseline 9.1% barrel, 8.8 HR allowed",neutral batted-ball profile; pitcher fly-ball pressure modest,,
666182,Bo Bichette,NYM,ATL,2026-07-27T23:10:00Z,Scheduled,2,Martín Pérez,527048,L,R,6.99,0.1314,90.09,101.225,0.4324,0.1482,0.3327,69.8,13.46,25.93,22.81,44.25,12.4,9.05,37.72,88.2,0.4269,0.1723,24.97,8.8,8.8,8.8,Citi Field,95,75,9,165 deg,Open-Meteo forecast; MLB fallback,https://forecast.weather.gov/MapClick.php?lat=40.7571&lon=-73.8458,62,0,No,No,2,Yes,Yes,RotoWire projected lineup; MLB probable pitchers,lineup projected / unconfirmed,H:2026/2025 P:2026/2025,,,Direct BvP not yet weighted; 2026/2025 Statcast baseline active,7,10,29,0,Contact streak: 10/29 over last 7 games,"platoon edge; pitcher baseline 9.1% barrel, 8.8 HR allowed",neutral batted-ball profile; pitcher fly-ball pressure modest,,
682626,Francisco Alvarez,NYM,ATL,2026-07-27T23:10:00Z,Scheduled,3,Martín Pérez,527048,L,R,15.04,0.1896,91.14,102.7843,0.4573,0.2164,0.3351,74.14,43.11,40.62,25.03,47.37,11.7,9.05,37.72,88.2,0.4269,0.1723,24.97,8.8,8.8,8.8,Citi Field,95,75,9,165 deg,Open-Meteo forecast; MLB fallback,https://forecast.weather.gov/MapClick.php?lat=40.7571&lon=-73.8458,62,0,No,No,3,Yes,Yes,RotoWire projected lineup; MLB probable pitchers,lineup projected / unconfirmed,H:2026/2025 P:2026/2025,,,Direct BvP not yet weighted; 2026/2025 Statcast baseline active,7,8,21,3,Hot streak: 3 HR in last 7 games,"platoon edge; pitcher baseline 9.1% barrel, 8.8 HR allowed",neutral batted-ball profile; pitcher fly-ball pressure modest,,
673357,Luis Robert,NYM,ATL,2026-07-27T23:10:00Z,Scheduled,4,Martín Pérez,527048,L,R,5.82,0.1473,89.26,101.8718,0.4008,0.1632,0.3224,75.81,60.69,40.56,25.84,41.6,7.0,9.05,37.72,88.2,0.4269,0.1723,24.97,8.8,8.8,8.8,Citi Field,95,75,9,165 deg,Open-Meteo forecast; MLB fallback,https://forecast.weather.gov/MapClick.php?lat=40.7571&lon=-73.8458,62,0,No,No,4,Yes,Yes,RotoWire projected lineup; MLB probable pitchers,lineup projected / unconfirmed,H:2026/2025 P:2026/2025,,,Direct BvP not yet weighted; 2026/2025 Statcast baseline active,7,2,18,2,Hot streak: 2 HR in last 7 games,"platoon edge; pitcher baseline 9.1% barrel, 8.8 HR allowed",neutral batted-ball profile; pitcher fly-ball pressure modest,,
543760,Marcus Semien,NYM,ATL,2026-07-27T23:10:00Z,Scheduled,5,Martín Pérez,527048,L,R,7.29,0.1298,86.9,97.6412,0.3971,0.1537,0.3082,68.61,2.92,46.21,31.51,35.21,11.5,9.05,37.72,88.2,0.4269,0.1723,24.97,8.8,8.8,8.8,Citi Field,95,75,9,165 deg,Open-Meteo forecast; MLB fallback,https://forecast.weather.gov/MapClick.php?lat=40.7571&lon=-73.8458,62,0,No,No,5,Yes,Yes,RotoWire projected lineup; MLB probable pitchers,lineup projected / unconfirmed,H:2026/2025 P:2026/2025,,,Direct BvP not yet weighted; 2026/2025 Statcast baseline active,7,3,24,2,Hot streak: 2 HR in last 7 games,"platoon edge; pitcher baseline 9.1% barrel, 8.8 HR allowed",neutral batted-ball profile; pitcher fly-ball pressure modest,,
621438,Tyrone Taylor,NYM,ATL,2026-07-27T23:10:00Z,Scheduled,6,Martín Pérez,527048,L,R,7.65,0.1877,86.99,98.3403,0.3934,0.1588,0.2917,71.21,12.56,48.09,30.42,34.05,5.5,9.05,37.72,88.2,0.4269,0.1723,24.97,8.8,8.8,8.8,Citi Field,95,75,9,165 deg,Open-Meteo forecast; MLB fallback,https://forecast.weather.gov/MapClick.php?lat=40.7571&lon=-73.8458,62,0,No,No,6,Yes,Yes,RotoWire projected lineup; MLB probable pitchers,lineup projected / unconfirmed,H:2026/2025 P:2026/2025,,,Direct BvP not yet weighted; 2026/2025 Statcast baseline active,7,6,14,2,Hot streak: 2 HR in last 7 games,"platoon edge; pitcher baseline 9.1% barrel, 8.8 HR allowed",neutral batted-ball profile; pitcher fly-ball pressure modest,,
701807,Carson Benge,NYM,ATL,2026-07-27T23:10:00Z,Scheduled,7,Martín Pérez,527048,L,L,7.7,0.131,89.1,100.0341,0.432,0.152,0.338,71.1,18.7,32.4,25.5,40.3,11.0,9.05,37.72,88.2,0.4269,0.1723,24.97,8.8,8.8,8.8,Citi Field,95,75,9,165 deg,Open-Meteo forecast; MLB fallback,https://forecast.weather.gov/MapClick.php?lat=40.7571&lon=-73.8458,62,0,No,No,7,Yes,Yes,RotoWire projected lineup; MLB probable pitchers,lineup projected / unconfirmed,H:2026 P:2026/2025,,,Direct BvP not yet weighted; 2026/2025 Statcast baseline active,7,5,26,0,"Last 7 games: 5/26, 0 HR","same-side matchup; pitcher baseline 9.1% barrel, 8.8 HR allowed",neutral batted-ball profile; pitcher fly-ball pressure modest,,
593871,Jorge Polanco,NYM,ATL,2026-07-27T23:10:00Z,Scheduled,8,Martín Pérez,527048,L,S,5.12,0.1229,86.95,98.2546,0.3303,0.1119,0.266,70.01,7.08,44.97,23.8,34.04,8.5,9.05,37.72,88.2,0.4269,0.1723,24.97,8.8,8.8,8.8,Citi Field,95,75,9,165 deg,Open-Meteo forecast; MLB fallback,https://forecast.weather.gov/MapClick.php?lat=40.7571&lon=-73.8458,62,0,No,No,8,Yes,Yes,RotoWire projected lineup; MLB probable pitchers,lineup projected / unconfirmed,H:2026/2025 P:2026/2025,,,Direct BvP not yet weighted; 2026/2025 Statcast baseline active,7,1,22,0,"Last 7 games: 1/22, 0 HR","switch hitter; pitcher baseline 9.1% barrel, 8.8 HR allowed",neutral batted-ball profile; pitcher fly-ball pressure modest,,
676724,Jared Young,NYM,ATL,2026-07-27T23:10:00Z,Scheduled,9,Martín Pérez,527048,L,L,11.71,0.2194,88.24,100.9351,0.4301,0.1969,0.3212,73.44,34.58,41.4,26.11,44.2,6.1,9.05,37.72,88.2,0.4269,0.1723,24.97,8.8,8.8,8.8,Citi Field,95,75,9,165 deg,Open-Meteo forecast; MLB fallback,https://forecast.weather.gov/MapClick.php?lat=40.7571&lon=-73.8458,62,0,No,No,9,Yes,Yes,RotoWire projected lineup; MLB probable pitchers,lineup projected / unconfirmed,H:2026/2025 P:2026/2025,,,Direct BvP not yet weighted; 2026/2025 Statcast baseline active,7,5,16,1,"Last 7 games: 5/16, 1 HR","same-side matchup; pitcher baseline 9.1% barrel, 8.8 HR allowed",neutral batted-ball profile; pitcher fly-ball pressure modest,,
502671,Paul Goldschmidt,NYY,CWS,2026-07-27T23:40:00Z,Scheduled,1,Noah Schultz,702273,L,R,10.31,0.1983,87.74,99.5675,0.4297,0.1868,0.3143,71.69,16.37,33.74,29.0,39.64,14.2,10.7,39.6,89.1,0.471,0.198,28.4,9.0,9.0,9.0,Rate Field,98,83,6,178 deg,Open-Meteo forecast; MLB fallback,https://forecast.weather.gov/MapClick.php?lat=41.8300&lon=-87.6338,76,0,No,No,1,Yes,Yes,RotoWire projected lineup; MLB probable pitchers,lineup projected / unconfirmed,H:2026/2025 P:2026,,,Direct BvP not yet weighted; 2026/2025 Statcast baseline active,7,7,24,1,"Last 7 games: 7/24, 1 HR","platoon edge; pitcher baseline 10.7% barrel, 9.0 HR allowed",neutral batted-ball profile; pitcher fly-ball pressure modest,,
700250,Ben Rice,NYY,CWS,2026-07-27T23:40:00Z,Scheduled,2,Noah Schultz,702273,L,L,15.61,0.2874,92.6,102.5712,0.5299,0.2555,0.3819,72.91,28.2,46.99,29.48,50.5,28.8,10.7,39.6,89.1,0.471,0.198,28.4,9.0,9.0,9.0,Rate Field,98,83,6,178 deg,Open-Meteo forecast; MLB fallback,https://forecast.weather.gov/MapClick.php?lat=41.8300&lon=-87.6338,76,0,No,No,2,Yes,Yes,RotoWire projected lineup; MLB probable pitchers,lineup projected / unconfirmed,H:2026/2025 P:2026,,,Direct BvP not yet weighted; 2026/2025 Statcast baseline active,7,5,29,2,Hot streak: 2 HR in last 7 games,"same-side matchup; pitcher baseline 10.7% barrel, 9.0 HR allowed",EV profile; pitcher fly-ball pressure modest,,
642708,Amed Rosario,NYY,CWS,2026-07-27T23:40:00Z,Scheduled,3,Noah Schultz,702273,L,R,9.57,0.195,90.57,101.3908,0.4271,0.1713,0.3156,73.76,38.44,39.85,23.72,41.01,8.1,10.7,39.6,89.1,0.471,0.198,28.4,9.0,9.0,9.0,Rate Field,98,83,6,178 deg,Open-Meteo forecast; MLB fallback,https://forecast.weather.gov/MapClick.php?lat=41.8300&lon=-87.6338,76,0,No,No,3,Yes,Yes,RotoWire projected lineup; MLB probable pitchers,lineup projected / unconfirmed,H:2026/2025 P:2026,,,Direct BvP not yet weighted; 2026/2025 Statcast baseline active,7,1,11,0,"Last 7 games: 1/11, 0 HR","platoon edge; pitcher baseline 10.7% barrel, 9.0 HR allowed",neutral batted-ball profile; pitcher fly-ball pressure modest,,
691176,Jasson Dominguez,NYY,CWS,2026-07-27T23:40:00Z,Scheduled,4,Noah Schultz,702273,L,S,5.95,0.1597,88.99,100.8789,0.3826,0.1253,0.3032,74.38,40.46,43.6,23.99,41.69,7.2,10.7,39.6,89.1,0.471,0.198,28.4,9.0,9.0,9.0,Rate Field,98,83,6,178 deg,Open-Meteo forecast; MLB fallback,https://forecast.weather.gov/MapClick.php?lat=41.8300&lon=-87.6338,76,0,No,No,4,Yes,Yes,RotoWire projected lineup; MLB probable pitchers,lineup projected / unconfirmed,H:2026/2025 P:2026,,,Direct BvP not yet weighted; 2026/2025 Statcast baseline active,7,5,28,1,"Last 7 games: 5/28, 1 HR","switch hitter; pitcher baseline 10.7% barrel, 9.0 HR allowed",neutral batted-ball profile; pitcher fly-ball pressure modest,,
683011,Anthony Volpe,NYY,CWS,2026-07-27T23:40:00Z,Scheduled,5,Noah Schultz,702273,L,R,5.74,0.1048,88.32,98.869,0.3427,0.1113,0.2968,71.9,19.92,32.73,22.94,36.72,6.4,10.7,39.6,89.1,0.471,0.198,28.4,9.0,9.0,9.0,Rate Field,98,83,6,178 deg,Open-Meteo forecast; MLB fallback,https://forecast.weather.gov/MapClick.php?lat=41.8300&lon=-87.6338,76,0,No,No,5,Yes,Yes,RotoWire projected lineup; MLB probable pitchers,lineup projected / unconfirmed,H:2026/2025 P:2026,,,Direct BvP not yet weighted; 2026/2025 Statcast baseline active,7,5,19,0,"Last 7 games: 5/19, 0 HR","platoon edge; pitcher baseline 10.7% barrel, 9.0 HR allowed",neutral batted-ball profile; pitcher fly-ball pressure modest,,
665862,Jazz Chisholm,NYY,CWS,2026-07-27T23:40:00Z,Scheduled,6,Noah Schultz,702273,L,L,11.15,0.2026,90.26,100.5084,0.4061,0.1896,0.3075,73.34,34.2,52.96,30.19,42.25,20.5,10.7,39.6,89.1,0.471,0.198,28.4,9.0,9.0,9.0,Rate Field,98,83,6,178 deg,Open-Meteo forecast; MLB fallback,https://forecast.weather.gov/MapClick.php?lat=41.8300&lon=-87.6338,76,0,No,No,6,Yes,Yes,RotoWire projected lineup; MLB probable pitchers,lineup projected / unconfirmed,H:2026/2025 P:2026,,,Direct BvP not yet weighted; 2026/2025 Statcast baseline active,7,6,27,3,Hot streak: 3 HR in last 7 games,"same-side matchup; pitcher baseline 10.7% barrel, 9.0 HR allowed",neutral batted-ball profile; pitcher fly-ball pressure modest,,
676609,Jose Caballero,NYY,CWS,2026-07-27T23:40:00Z,Scheduled,7,Noah Schultz,702273,L,R,4.29,0.1313,84.46,96.4265,0.3264,0.1052,0.2766,68.89,8.01,41.25,21.24,26.75,8.5,10.7,39.6,89.1,0.471,0.198,28.4,9.0,9.0,9.0,Rate Field,98,83,6,178 deg,Open-Meteo forecast; MLB fallback,https://forecast.weather.gov/MapClick.php?lat=41.8300&lon=-87.6338,76,0,No,No,7,Yes,Yes,RotoWire projected lineup; MLB probable pitchers,lineup projected / unconfirmed,H:2026/2025 P:2026,,,Direct BvP not yet weighted; 2026/2025 Statcast baseline active,7,3,26,0,"Last 7 games: 3/26, 0 HR","platoon edge; pitcher baseline 10.7% barrel, 9.0 HR allowed",neutral batted-ball profile; pitcher fly-ball pressure modest,,
663757,Trent Grisham,NYY,CWS,2026-07-27T23:40:00Z,Scheduled,8,Noah Schultz,702273,L,L,11.61,0.1926,91.03,100.8159,0.4609,0.2101,0.3546,70.58,8.63,46.54,30.7,45.84,17.9,10.7,39.6,89.1,0.471,0.198,28.4,9.0,9.0,9.0,Rate Field,98,83,6,178 deg,Open-Meteo forecast; MLB fallback,https://forecast.weather.gov/MapClick.php?lat=41.8300&lon=-87.6338,76,0,No,No,8,Yes,Yes,RotoWire projected lineup; MLB probable pitchers,lineup projected / unconfirmed,H:2026/2025 P:2026,,,Direct BvP not yet weighted; 2026/2025 Statcast baseline active,7,2,26,1,"Last 7 games: 2/26, 1 HR","same-side matchup; pitcher baseline 10.7% barrel, 9.0 HR allowed",neutral batted-ball profile; pitcher fly-ball pressure modest,,
645305,Ali Sanchez,NYY,CWS,2026-07-27T23:40:00Z,Scheduled,9,Noah Schultz,702273,L,R,5.28,0.0611,82.98,94.828,0.3409,0.0826,0.2776,70.28,7.91,33.36,21.59,21.67,0.0,10.7,39.6,89.1,0.471,0.198,28.4,9.0,9.0,9.0,Rate Field,98,83,6,178 deg,Open-Meteo forecast; MLB fallback,https://forecast.weather.gov/MapClick.php?lat=41.8300&lon=-87.6338,76,0,No,No,9,Yes,Yes,RotoWire projected lineup; MLB probable pitchers,lineup projected / unconfirmed,H:2026/2025 P:2026,,,Direct BvP not yet weighted; 2026/2025 Statcast baseline active,7,3,11,0,"Last 7 games: 3/11, 0 HR","platoon edge; pitcher baseline 10.7% barrel, 9.0 HR allowed",neutral batted-ball profile; pitcher fly-ball pressure modest,,
803011,Sam Antonacci,CWS,NYY,2026-07-27T23:40:00Z,Scheduled,1,Max Fried,608331,L,L,6.6,0.131,87.5,98.2286,0.425,0.139,0.357,70.0,8.8,33.3,21.8,36.0,7.0,3.26,32.51,86.36,0.2891,0.0802,22.6,4.9,4.9,4.9,Rate Field,98,83,6,178 deg,Open-Meteo forecast; MLB fallback,https://forecast.weather.gov/MapClick.php?lat=41.8300&lon=-87.6338,76,0,No,No,1,Yes,Yes,RotoWire projected lineup; MLB probable pitchers,lineup projected / unconfirmed,H:2026 P:2026/2025,,,Direct BvP not yet weighted; 2026/2025 Statcast baseline active,7,6,23,0,"Last 7 games: 6/23, 0 HR","same-side matchup; pitcher baseline 3.3% barrel, 4.9 HR allowed",neutral batted-ball profile; pitcher fly-ball pressure modest,,
808959,Munetaka Murakami,CWS,NYY,2026-07-27T23:40:00Z,Scheduled,2,Max Fried,608331,L,L,19.7,0.286,94.0,104.6824,0.502,0.286,0.369,75.3,55.5,43.7,40.1,58.5,20.0,3.26,32.51,86.36,0.2891,0.0802,22.6,4.9,4.9,4.9,Rate Field,98,83,6,178 deg,Open-Meteo forecast; MLB fallback,https://forecast.weather.gov/MapClick.php?lat=41.8300&lon=-87.6338,76,0,No,No,2,Yes,Yes,RotoWire projected lineup; MLB probable pitchers,lineup projected / unconfirmed,H:2026 P:2026/2025,,,Direct BvP not yet weighted; 2026/2025 Statcast baseline active,7,7,25,2,Hot streak: 2 HR in last 7 games,"same-side matchup; pitcher baseline 3.3% barrel, 4.9 HR allowed",lift-pull EV profile; pitcher fly-ball pressure modest,,
678246,Miguel Vargas,CWS,NYY,2026-07-27T23:40:00Z,Scheduled,3,Max Fried,608331,L,R,12.97,0.216,90.19,100.4119,0.4896,0.2305,0.3687,73.05,35.08,42.67,36.22,44.14,19.5,3.26,32.51,86.36,0.2891,0.0802,22.6,4.9,4.9,4.9,Rate Field,98,83,6,178 deg,Open-Meteo forecast; MLB fallback,https://forecast.weather.gov/MapClick.php?lat=41.8300&lon=-87.6338,76,0,No,No,3,Yes,Yes,RotoWire projected lineup; MLB probable pitchers,lineup projected / unconfirmed,H:2026/2025 P:2026/2025,,,Direct BvP not yet weighted; 2026/2025 Statcast baseline active,7,6,29,1,"Last 7 games: 6/29, 1 HR","platoon edge; pitcher baseline 3.3% barrel, 4.9 HR allowed",fly-ball profile; pitcher fly-ball pressure modest,,
695657,Colson Montgomery,CWS,NYY,2026-07-27T23:40:00Z,Scheduled,4,Max Fried,608331,L,L,13.59,0.2564,89.12,101.8536,0.4562,0.2339,0.3256,76.51,68.41,49.44,35.05,43.03,23.1,3.26,32.51,86.36,0.2891,0.0802,22.6,4.9,4.9,4.9,Rate Field,98,83,6,178 deg,Open-Meteo forecast; MLB fallback,https://forecast.weather.gov/MapClick.php?lat=41.8300&lon=-87.6338,76,0,No,No,4,Yes,Yes,RotoWire projected lineup; MLB probable pitchers,lineup projected / unconfirmed,H:2026/2025 P:2026/2025,,,Direct BvP not yet weighted; 2026/2025 Statcast baseline active,7,5,26,1,"Last 7 games: 5/26, 1 HR","same-side matchup; pitcher baseline 3.3% barrel, 4.9 HR allowed",fly-ball profile; pitcher fly-ball pressure modest,,
695731,Braden Montgomery,CWS,NYY,2026-07-27T23:40:00Z,Scheduled,5,Max Fried,608331,L,S,3.7,0.154,89.2,100.0293,0.362,0.118,0.298,69.8,9.4,31.8,18.7,40.2,3.0,3.26,32.51,86.36,0.2891,0.0802,22.6,4.9,4.9,4.9,Rate Field,98,83,6,178 deg,Open-Meteo forecast; MLB fallback,https://forecast.weather.gov/MapClick.php?lat=41.8300&lon=-87.6338,76,0,No,No,5,Yes,Yes,RotoWire projected lineup; MLB probable pitchers,lineup projected / unconfirmed,H:2026 P:2026/2025,,,Direct BvP not yet weighted; 2026/2025 Statcast baseline active,7,8,26,0,"Last 7 games: 8/26, 0 HR","switch hitter; pitcher baseline 3.3% barrel, 4.9 HR allowed",neutral batted-ball profile; pitcher fly-ball pressure modest,,
643217,Andrew Benintendi,CWS,NYY,2026-07-27T23:40:00Z,Scheduled,6,Max Fried,608331,L,L,9.7,0.1812,88.7,98.8018,0.4244,0.1774,0.3207,69.54,4.43,51.57,30.87,43.41,13.0,3.26,32.51,86.36,0.2891,0.0802,22.6,4.9,4.9,4.9,Rate Field,98,83,6,178 deg,Open-Meteo forecast; MLB fallback,https://forecast.weather.gov/MapClick.php?lat=41.8300&lon=-87.6338,76,0,No,No,6,Yes,Yes,RotoWire projected lineup; MLB probable pitchers,lineup projected / unconfirmed,H:2026/2025 P:2026/2025,,,Direct BvP not yet weighted; 2026/2025 Statcast baseline active,7,5,21,0,"Last 7 games: 5/21, 0 HR","same-side matchup; pitcher baseline 3.3% barrel, 4.9 HR allowed",neutral batted-ball profile; pitcher fly-ball pressure modest,,
671976,Tristan Peters,CWS,NYY,2026-07-27T23:40:00Z,Scheduled,7,Max Fried,608331,L,L,3.71,0.1148,87.36,97.9968,0.3257,0.1015,0.2621,69.35,5.04,42.4,18.83,34.33,4.2,3.26,32.51,86.36,0.2891,0.0802,22.6,4.9,4.9,4.9,Rate Field,98,83,6,178 deg,Open-Meteo forecast; MLB fallback,https://forecast.weather.gov/MapClick.php?lat=41.8300&lon=-87.6338,76,0,No,No,7,Yes,Yes,RotoWire projected lineup; MLB probable pitchers,lineup projected / unconfirmed,H:2026/2025 P:2026/2025,,,Direct BvP not yet weighted; 2026/2025 Statcast baseline active,7,3,23,0,"Last 7 games: 3/23, 0 HR","same-side matchup; pitcher baseline 3.3% barrel, 4.9 HR allowed",neutral batted-ball profile; pitcher fly-ball pressure modest,,
805367,Chase Meidroth,CWS,NYY,2026-07-27T23:40:00Z,Scheduled,8,Max Fried,608331,L,R,3.56,0.0936,87.99,97.4389,0.3288,0.0891,0.2923,67.05,1.18,37.63,19.42,35.4,6.4,3.26,32.51,86.36,0.2891,0.0802,22.6,4.9,4.9,4.9,Rate Field,98,83,6,178 deg,Open-Meteo forecast; MLB fallback,https://forecast.weather.gov/MapClick.php?lat=41.8300&lon=-87.6338,76,0,No,No,8,Yes,Yes,RotoWire projected lineup; MLB probable pitchers,lineup projected / unconfirmed,H:2026/2025 P:2026/2025,,,Direct BvP not yet weighted; 2026/2025 Statcast baseline active,7,8,23,1,Contact streak: 8/23 over last 7 games,"platoon edge; pitcher baseline 3.3% barrel, 4.9 HR allowed",neutral batted-ball profile; pitcher fly-ball pressure modest,,
691011,Drew Romo,CWS,NYY,2026-07-27T23:40:00Z,Scheduled,9,Max Fried,608331,L,S,7.0,0.119,83.5,95.073,0.1946,0.0777,0.1701,68.49,3.78,38.4,33.7,25.6,3.5,3.26,32.51,86.36,0.2891,0.0802,22.6,4.9,4.9,4.9,Rate Field,98,83,6,178 deg,Open-Meteo forecast; MLB fallback,https://forecast.weather.gov/MapClick.php?lat=41.8300&lon=-87.6338,76,0,No,No,9,Yes,Yes,RotoWire projected lineup; MLB probable pitchers,lineup projected / unconfirmed,H:2026/2025 P:2026/2025,,,Direct BvP not yet weighted; 2026/2025 Statcast baseline active,7,2,21,0,"Last 7 games: 2/21, 0 HR","switch hitter; pitcher baseline 3.3% barrel, 4.9 HR allowed",neutral batted-ball profile; pitcher fly-ball pressure modest,,
691718,Pete Crow-Armstrong,CHC,STL,2026-07-27T23:45:00Z,Scheduled,1,,,,L,11.91,0.2473,89.92,101.6895,0.4743,0.2197,0.3511,74.17,43.9,49.39,34.1,46.22,25.4,,,,,,,,,,Busch Stadium,90,93,8,245 deg,Open-Meteo forecast; MLB fallback,https://forecast.weather.gov/MapClick.php?lat=38.6226&lon=-90.1928,67,8,No,No,1,Yes,Yes,RotoWire projected lineup; MLB probable pitchers,lineup projected / unconfirmed,H:2026/2025 P:,,,Direct BvP not yet weighted; 2026/2025 Statcast baseline active,7,10,27,2,Hot streak: 2 HR in last 7 games,"handedness incomplete; pitcher baseline 0.0% barrel, 0.0 HR allowed",neutral batted-ball profile; pitcher fly-ball pressure modest,,
673548,Seiya Suzuki,CHC,STL,2026-07-27T23:45:00Z,Scheduled,2,,,,R,11.84,0.2113,89.69,101.4024,0.4461,0.197,0.3408,73.33,36.36,43.09,30.15,43.03,21.5,,,,,,,,,,Busch Stadium,90,93,8,245 deg,Open-Meteo forecast; MLB fallback,https://forecast.weather.gov/MapClick.php?lat=38.6226&lon=-90.1928,67,8,No,No,2,Yes,Yes,RotoWire projected lineup; MLB probable pitchers,lineup projected / unconfirmed,H:2026/2025 P:,,,Direct BvP not yet weighted; 2026/2025 Statcast baseline active,7,5,27,3,Hot streak: 3 HR in last 7 games,"handedness incomplete; pitcher baseline 0.0% barrel, 0.0 HR allowed",neutral batted-ball profile; pitcher fly-ball pressure modest,,
608324,Alex Bregman,CHC,STL,2026-07-27T23:45:00Z,Scheduled,3,,,,R,4.92,0.1386,88.56,98.1373,0.3696,0.1327,0.3139,70.16,5.01,47.07,25.55,38.52,12.4,,,,,,,,,,Busch Stadium,90,93,8,245 deg,Open-Meteo forecast; MLB fallback,https://forecast.weather.gov/MapClick.php?lat=38.6226&lon=-90.1928,67,8,No,No,3,Yes,Yes,RotoWire projected lineup; MLB probable pitchers,lineup projected / unconfirmed,H:2026/2025 P:,,,Direct BvP not yet weighted; 2026/2025 Statcast baseline active,7,5,29,1,"Last 7 games: 5/29, 1 HR","handedness incomplete; pitcher baseline 0.0% barrel, 0.0 HR allowed",neutral batted-ball profile; pitcher fly-ball pressure modest,,
608348,Carson Kelly,CHC,STL,2026-07-27T23:45:00Z,Scheduled,4,,,,R,7.22,0.1363,88.24,99.0767,0.3949,0.1547,0.3224,70.89,8.89,38.31,24.52,38.55,9.3,,,,,,,,,,Busch Stadium,90,93,8,245 deg,Open-Meteo forecast; MLB fallback,https://forecast.weather.gov/MapClick.php?lat=38.6226&lon=-90.1928,67,8,No,No,4,Yes,Yes,RotoWire projected lineup; MLB probable pitchers,lineup projected / unconfirmed,H:2026/2025 P:,,,Direct BvP not yet weighted; 2026/2025 Statcast baseline active,7,2,21,0,"Last 7 games: 2/21, 0 HR","handedness incomplete; pitcher baseline 0.0% barrel, 0.0 HR allowed",neutral batted-ball profile; pitcher fly-ball pressure modest,,
683737,Michael Busch,CHC,STL,2026-07-27T23:45:00Z,Scheduled,5,,,,L,12.13,0.1878,89.61,99.7784,0.45,0.2097,0.3507,68.76,5.11,39.37,35.18,42.54,19.3,,,,,,,,,,Busch Stadium,90,93,8,245 deg,Open-Meteo forecast; MLB fallback,https://forecast.weather.gov/MapClick.php?lat=38.6226&lon=-90.1928,67,8,No,No,5,Yes,Yes,RotoWire projected lineup; MLB probable pitchers,lineup projected / unconfirmed,H:2026/2025 P:,,,Direct BvP not yet weighted; 2026/2025 Statcast baseline active,7,11,33,1,Contact streak: 11/33 over last 7 games,"handedness incomplete; pitcher baseline 0.0% barrel, 0.0 HR allowed",fly-ball profile; pitcher fly-ball pressure modest,,
663538,Nico Hoerner,CHC,STL,2026-07-27T23:45:00Z,Scheduled,6,,,,R,1.28,0.0928,86.28,96.2812,0.3749,0.0822,0.3213,68.36,1.76,33.43,21.49,28.83,4.9,,,,,,,,,,Busch Stadium,90,93,8,245 deg,Open-Meteo forecast; MLB fallback,https://forecast.weather.gov/MapClick.php?lat=38.6226&lon=-90.1928,67,8,No,No,6,Yes,Yes,RotoWire projected lineup; MLB probable pitchers,lineup projected / unconfirmed,H:2026/2025 P:,,,Direct BvP not yet weighted; 2026/2025 Statcast baseline active,7,9,31,0,"Last 7 games: 9/31, 0 HR","handedness incomplete; pitcher baseline 0.0% barrel, 0.0 HR allowed",neutral batted-ball profile; pitcher fly-ball pressure modest,,
664023,Ian Happ,CHC,STL,2026-07-27T23:45:00Z,Scheduled,7,,,,S,11.52,0.198,89.58,101.0364,0.4227,0.2028,0.3302,71.98,19.09,43.35,33.58,42.79,19.5,,,,,,,,,,Busch Stadium,90,93,8,245 deg,Open-Meteo forecast; MLB fallback,https://forecast.weather.gov/MapClick.php?lat=38.6226&lon=-90.1928,67,8,No,No,7,Yes,Yes,RotoWire projected lineup; MLB probable pitchers,lineup projected / unconfirmed,H:2026/2025 P:,,,Direct BvP not yet weighted; 2026/2025 Statcast baseline active,7,6,25,1,"Last 7 games: 6/25, 1 HR","switch hitter; pitcher baseline 0.0% barrel, 0.0 HR allowed",neutral batted-ball profile; pitcher fly-ball pressure modest,,
621020,Dansby Swanson,CHC,STL,2026-07-27T23:45:00Z,Scheduled,8,,,,R,8.97,0.1891,90.01,100.1581,0.4217,0.1848,0.3198,71.32,8.64,46.36,30.73,44.44,18.4,,,,,,,,,,Busch Stadium,90,93,8,245 deg,Open-Meteo forecast; MLB fallback,https://forecast.weather.gov/MapClick.php?lat=38.6226&lon=-90.1928,67,8,No,No,8,Yes,Yes,RotoWire projected lineup; MLB probable pitchers,lineup projected / unconfirmed,H:2026/2025 P:,,,Direct BvP not yet weighted; 2026/2025 Statcast baseline active,7,9,26,0,Contact streak: 9/26 over last 7 games,"handedness incomplete; pitcher baseline 0.0% barrel, 0.0 HR allowed",neutral batted-ball profile; pitcher fly-ball pressure modest,,
665804,Miguel Amaya,CHC,STL,2026-07-27T23:45:00Z,Scheduled,9,,,,R,6.04,0.1497,86.68,97.604,0.3412,0.1217,0.2999,70.73,13.24,40.52,31.88,33.67,3.3,,,,,,,,,,Busch Stadium,90,93,8,245 deg,Open-Meteo forecast; MLB fallback,https://forecast.weather.gov/MapClick.php?lat=38.6226&lon=-90.1928,67,8,No,No,9,Yes,Yes,RotoWire projected lineup; MLB probable pitchers,lineup projected / unconfirmed,H:2026/2025 P:,,,Direct BvP not yet weighted; 2026/2025 Statcast baseline active,7,7,21,0,Contact streak: 7/21 over last 7 games,"handedness incomplete; pitcher baseline 0.0% barrel, 0.0 HR allowed",neutral batted-ball profile; pitcher fly-ball pressure modest,,
802139,JJ Wetherholt,STL,CHC,2026-07-27T23:45:00Z,Scheduled,1,David Peterson,656849,L,L,7.3,0.142,90.0,99.4495,0.435,0.177,0.349,72.3,22.3,36.8,30.2,45.1,15.0,6.54,44.11,90.46,0.4238,0.1475,20.2,9.6,9.6,9.6,Busch Stadium,90,93,8,245 deg,Open-Meteo forecast; MLB fallback,https://forecast.weather.gov/MapClick.php?lat=38.6226&lon=-90.1928,67,8,No,No,1,Yes,Yes,RotoWire projected lineup; MLB probable pitchers,lineup projected / unconfirmed,H:2026 P:2026/2025,,,Direct BvP not yet weighted; 2026/2025 Statcast baseline active,7,3,26,1,"Last 7 games: 3/26, 1 HR","same-side matchup; pitcher baseline 6.5% barrel, 9.6 HR allowed",neutral batted-ball profile; pitcher fly-ball pressure modest,,
691023,Jordan Walker,STL,CHC,2026-07-27T23:45:00Z,Scheduled,2,David Peterson,656849,L,R,12.93,0.1862,93.21,105.1718,0.4582,0.1984,0.3382,78.87,83.26,38.17,22.93,49.86,17.2,6.54,44.11,90.46,0.4238,0.1475,20.2,9.6,9.6,9.6,Busch Stadium,90,93,8,245 deg,Open-Meteo forecast; MLB fallback,https://forecast.weather.gov/MapClick.php?lat=38.6226&lon=-90.1928,67,8,No,No,2,Yes,Yes,RotoWire projected lineup; MLB probable pitchers,lineup projected / unconfirmed,H:2026/2025 P:2026/2025,,,Direct BvP not yet weighted; 2026/2025 Statcast baseline active,7,6,28,0,"Last 7 games: 6/28, 0 HR","platoon edge; pitcher baseline 6.5% barrel, 9.6 HR allowed",EV profile; pitcher fly-ball pressure modest,,
671056,Ivan Herrera,STL,CHC,2026-07-27T23:45:00Z,Scheduled,3,David Peterson,656849,L,R,7.04,0.1464,89.73,101.0104,0.4044,0.1527,0.3435,74.05,44.13,36.26,19.52,41.54,13.4,6.54,44.11,90.46,0.4238,0.1475,20.2,9.6,9.6,9.6,Busch Stadium,90,93,8,245 deg,Open-Meteo forecast; MLB fallback,https://forecast.weather.gov/MapClick.php?lat=38.6226&lon=-90.1928,67,8,No,No,3,Yes,Yes,RotoWire projected lineup; MLB probable pitchers,lineup projected / unconfirmed,H:2026/2025 P:2026/2025,,,Direct BvP not yet weighted; 2026/2025 Statcast baseline active,7,8,30,1,"Last 7 games: 8/30, 1 HR","platoon edge; pitcher baseline 6.5% barrel, 9.6 HR allowed",neutral batted-ball profile; pitcher fly-ball pressure modest,,
676475,Alec Burleson,STL,CHC,2026-07-27T23:45:00Z,Scheduled,4,David Peterson,656849,L,L,10.69,0.1781,91.42,101.7491,0.5144,0.2249,0.3702,73.1,31.44,43.61,27.61,46.43,15.9,6.54,44.11,90.46,0.4238,0.1475,20.2,9.6,9.6,9.6,Busch Stadium,90,93,8,245 deg,Open-Meteo forecast; MLB fallback,https://forecast.weather.gov/MapClick.php?lat=38.6226&lon=-90.1928,67,8,No,No,4,Yes,Yes,RotoWire projected lineup; MLB probable pitchers,lineup projected / unconfirmed,H:2026/2025 P:2026/2025,,,Direct BvP not yet weighted; 2026/2025 Statcast baseline active,7,12,29,0,Contact streak: 12/29 over last 7 games,"same-side matchup; pitcher baseline 6.5% barrel, 9.6 HR allowed",neutral batted-ball profile; pitcher fly-ball pressure modest,,
691026,Masyn Winn,STL,CHC,2026-07-27T23:45:00Z,Scheduled,5,David Peterson,656849,L,R,3.75,0.0897,88.02,98.613,0.333,0.0867,0.2958,71.17,15.48,32.53,21.04,34.81,5.5,6.54,44.11,90.46,0.4238,0.1475,20.2,9.6,9.6,9.6,Busch Stadium,90,93,8,245 deg,Open-Meteo forecast; MLB fallback,https://forecast.weather.gov/MapClick.php?lat=38.6226&lon=-90.1928,67,8,No,No,5,Yes,Yes,RotoWire projected lineup; MLB probable pitchers,lineup projected / unconfirmed,H:2026/2025 P:2026/2025,,,Direct BvP not yet weighted; 2026/2025 Statcast baseline active,7,4,24,0,"Last 7 games: 4/24, 0 HR","platoon edge; pitcher baseline 6.5% barrel, 9.6 HR allowed",neutral batted-ball profile; pitcher fly-ball pressure modest,,
665877,Jose Fermin,STL,CHC,2026-07-27T23:45:00Z,Scheduled,6,David Peterson,656849,L,R,1.4,0.1235,86.12,96.3875,0.3432,0.0913,0.3019,68.0,3.09,46.92,24.31,30.59,3.1,6.54,44.11,90.46,0.4238,0.1475,20.2,9.6,9.6,9.6,Busch Stadium,90,93,8,245 deg,Open-Meteo forecast; MLB fallback,https://forecast.weather.gov/MapClick.php?lat=38.6226&lon=-90.1928,67,8,No,No,6,Yes,Yes,RotoWire projected lineup; MLB probable pitchers,lineup projected / unconfirmed,H:2026/2025 P:2026/2025,,,Direct BvP not yet weighted; 2026/2025 Statcast baseline active,7,3,13,0,"Last 7 games: 3/13, 0 HR","platoon edge; pitcher baseline 6.5% barrel, 9.6 HR allowed",neutral batted-ball profile; pitcher fly-ball pressure modest,,
676369,Nelson Velazquez,STL,CHC,2026-07-27T23:45:00Z,Scheduled,7,David Peterson,656849,L,R,11.6,0.231,94.6,102.8714,0.501,0.248,0.357,74.8,53.1,46.5,32.6,65.1,4.0,6.54,44.11,90.46,0.4238,0.1475,20.2,9.6,9.6,9.6,Busch Stadium,90,93,8,245 deg,Open-Meteo forecast; MLB fallback,https://forecast.weather.gov/MapClick.php?lat=38.6226&lon=-90.1928,67,8,No,No,7,Yes,Yes,RotoWire projected lineup; MLB probable pitchers,lineup projected / unconfirmed,H:2026 P:2026/2025,,,Direct BvP not yet weighted; 2026/2025 Statcast baseline active,7,0,12,0,"Last 7 games: 0/12, 0 HR","platoon edge; pitcher baseline 6.5% barrel, 9.6 HR allowed",lift-pull EV profile; pitcher fly-ball pressure modest,,
691458,Blaze Jordan,STL,CHC,2026-07-27T23:45:00Z,Scheduled,8,David Peterson,656849,L,R,6.6,0.118,89.2,99.6962,0.387,0.131,0.294,72.8,29.6,38.5,19.8,45.1,1.0,6.54,44.11,90.46,0.4238,0.1475,20.2,9.6,9.6,9.6,Busch Stadium,90,93,8,245 deg,Open-Meteo forecast; MLB fallback,https://forecast.weather.gov/MapClick.php?lat=38.6226&lon=-90.1928,67,8,No,No,8,Yes,Yes,RotoWire projected lineup; MLB probable pitchers,lineup projected / unconfirmed,H:2026 P:2026/2025,,,Direct BvP not yet weighted; 2026/2025 Statcast baseline active,7,4,24,0,"Last 7 games: 4/24, 0 HR","platoon edge; pitcher baseline 6.5% barrel, 9.6 HR allowed",neutral batted-ball profile; pitcher fly-ball pressure modest,,
663457,Lars Nootbaar,STL,CHC,2026-07-27T23:45:00Z,Scheduled,9,David Peterson,656849,L,L,9.36,0.1284,91.86,101.7795,0.4273,0.1844,0.3352,73.12,35.28,38.84,28.13,50.7,6.0,6.54,44.11,90.46,0.4238,0.1475,20.2,9.6,9.6,9.6,Busch Stadium,90,93,8,245 deg,Open-Meteo forecast; MLB fallback,https://forecast.weather.gov/MapClick.php?lat=38.6226&lon=-90.1928,67,8,No,No,9,Yes,Yes,RotoWire projected lineup; MLB probable pitchers,lineup projected / unconfirmed,H:2026/2025 P:2026/2025,,,Direct BvP not yet weighted; 2026/2025 Statcast baseline active,7,3,21,0,"Last 7 games: 3/21, 0 HR","same-side matchup; pitcher baseline 6.5% barrel, 9.6 HR allowed",neutral batted-ball profile; pitcher fly-ball pressure modest,,
665161,Jeremy Pena,HOU,LAA,2026-07-28T01:38:00Z,Scheduled,1,Walbert Ureña,700712,R,R,5.89,0.1653,88.34,99.9039,0.4425,0.148,0.3487,72.23,14.23,46.69,24.64,40.66,11.4,5.0,33.2,86.9,0.292,0.091,22.0,5.0,5.0,5.0,Angel Stadium,101,87,7,229 deg,Open-Meteo forecast; MLB fallback,https://forecast.weather.gov/MapClick.php?lat=33.8003&lon=-117.8827,47,0,No,No,1,Yes,Yes,RotoWire projected lineup; MLB probable pitchers,lineup projected / unconfirmed,H:2026/2025 P:2026,,,Direct BvP not yet weighted; 2026/2025 Statcast baseline active,7,14,28,5,Hot streak: 5 HR in last 7 games,"same-side matchup; pitcher baseline 5.0% barrel, 5.0 HR allowed",neutral batted-ball profile; pitcher fly-ball pressure modest,,
670541,Yordan Alvarez,HOU,LAA,2026-07-28T01:38:00Z,Scheduled,2,Walbert Ureña,700712,R,L,17.37,0.2718,94.63,105.1568,0.6638,0.3441,0.449,76.1,62.09,41.93,36.94,53.18,25.6,5.0,33.2,86.9,0.292,0.091,22.0,5.0,5.0,5.0,Angel Stadium,101,87,7,229 deg,Open-Meteo forecast; MLB fallback,https://forecast.weather.gov/MapClick.php?lat=33.8003&lon=-117.8827,47,0,No,No,2,Yes,Yes,RotoWire projected lineup; MLB probable pitchers,lineup projected / unconfirmed,H:2026/2025 P:2026,,,Direct BvP not yet weighted; 2026/2025 Statcast baseline active,7,9,25,3,Hot streak: 3 HR in last 7 games,"platoon edge; pitcher baseline 5.0% barrel, 5.0 HR allowed",lift-pull EV profile; pitcher fly-ball pressure modest,,
670623,Isaac Paredes,HOU,LAA,2026-07-28T01:38:00Z,Scheduled,3,Walbert Ureña,700712,R,R,6.09,0.1816,86.91,97.1346,0.3737,0.1334,0.3193,67.95,7.54,52.77,31.71,31.15,15.8,5.0,33.2,86.9,0.292,0.091,22.0,5.0,5.0,5.0,Angel Stadium,101,87,7,229 deg,Open-Meteo forecast; MLB fallback,https://forecast.weather.gov/MapClick.php?lat=33.8003&lon=-117.8827,47,0,No,No,3,Yes,Yes,RotoWire projected lineup; MLB probable pitchers,lineup projected / unconfirmed,H:2026/2025 P:2026,,,Direct BvP not yet weighted; 2026/2025 Statcast baseline active,7,9,26,2,Hot streak: 2 HR in last 7 games,"same-side matchup; pitcher baseline 5.0% barrel, 5.0 HR allowed",neutral batted-ball profile; pitcher fly-ball pressure modest,,
514888,Jose Altuve,HOU,LAA,2026-07-28T01:38:00Z,Scheduled,4,Walbert Ureña,700712,R,R,5.92,0.1686,85.59,97.2713,0.3511,0.1218,0.286,69.07,9.67,44.59,22.51,32.02,16.2,5.0,33.2,86.9,0.292,0.091,22.0,5.0,5.0,5.0,Angel Stadium,101,87,7,229 deg,Open-Meteo forecast; MLB fallback,https://forecast.weather.gov/MapClick.php?lat=33.8003&lon=-117.8827,47,0,No,No,4,Yes,Yes,RotoWire projected lineup; MLB probable pitchers,lineup projected / unconfirmed,H:2026/2025 P:2026,,,Direct BvP not yet weighted; 2026/2025 Statcast baseline active,7,7,30,1,"Last 7 games: 7/30, 1 HR","same-side matchup; pitcher baseline 5.0% barrel, 5.0 HR allowed",neutral batted-ball profile; pitcher fly-ball pressure modest,,
664774,LaMonte Wade,HOU,LAA,2026-07-28T01:38:00Z,Scheduled,5,Walbert Ureña,700712,R,L,4.92,0.1318,86.06,97.366,0.3,0.1069,0.2817,70.98,10.18,34.41,24.67,32.85,2.0,5.0,33.2,86.9,0.292,0.091,22.0,5.0,5.0,5.0,Angel Stadium,101,87,7,229 deg,Open-Meteo forecast; MLB fallback,https://forecast.weather.gov/MapClick.php?lat=33.8003&lon=-117.8827,47,0,No,No,5,Yes,Yes,RotoWire projected lineup; MLB probable pitchers,lineup projected / unconfirmed,H:2026/2025 P:2026,,,Direct BvP not yet weighted; 2026/2025 Statcast baseline active,7,2,19,0,"Last 7 games: 2/19, 0 HR","platoon edge; pitcher baseline 5.0% barrel, 5.0 HR allowed",neutral batted-ball profile; pitcher fly-ball pressure modest,,
572233,Christian Walker,HOU,LAA,2026-07-28T01:38:00Z,Scheduled,6,Walbert Ureña,700712,R,R,10.59,0.2054,89.85,101.5096,0.3916,0.1694,0.3007,74.31,43.86,43.88,28.35,43.3,22.1,5.0,33.2,86.9,0.292,0.091,22.0,5.0,5.0,5.0,Angel Stadium,101,87,7,229 deg,Open-Meteo forecast; MLB fallback,https://forecast.weather.gov/MapClick.php?lat=33.8003&lon=-117.8827,47,0,No,No,6,Yes,Yes,RotoWire projected lineup; MLB probable pitchers,lineup projected / unconfirmed,H:2026/2025 P:2026,,,Direct BvP not yet weighted; 2026/2025 Statcast baseline active,7,3,21,0,"Last 7 games: 3/21, 0 HR","same-side matchup; pitcher baseline 5.0% barrel, 5.0 HR allowed",neutral batted-ball profile; pitcher fly-ball pressure modest,,
673237,Yainer Diaz,HOU,LAA,2026-07-28T01:38:00Z,Scheduled,7,Walbert Ureña,700712,R,R,6.45,0.1505,88.36,99.3519,0.4097,0.1487,0.3043,72.41,21.1,35.72,20.01,35.55,10.2,5.0,33.2,86.9,0.292,0.091,22.0,5.0,5.0,5.0,Angel Stadium,101,87,7,229 deg,Open-Meteo forecast; MLB fallback,https://forecast.weather.gov/MapClick.php?lat=33.8003&lon=-117.8827,47,0,No,No,7,Yes,Yes,RotoWire projected lineup; MLB probable pitchers,lineup projected / unconfirmed,H:2026/2025 P:2026,,,Direct BvP not yet weighted; 2026/2025 Statcast baseline active,7,4,25,0,"Last 7 games: 4/25, 0 HR","same-side matchup; pitcher baseline 5.0% barrel, 5.0 HR allowed",neutral batted-ball profile; pitcher fly-ball pressure modest,,
828599,Lucas Spence,HOU,LAA,2026-07-28T01:38:00Z,Scheduled,8,Walbert Ureña,700712,R,L,5.9,0.035,91.9,100.4159,0.274,0.086,0.248,73.0,29.4,47.1,23.5,41.2,0.0,5.0,33.2,86.9,0.292,0.091,22.0,5.0,5.0,5.0,Angel Stadium,101,87,7,229 deg,Open-Meteo forecast; MLB fallback,https://forecast.weather.gov/MapClick.php?lat=33.8003&lon=-117.8827,47,0,No,No,8,Yes,Yes,RotoWire projected lineup; MLB probable pitchers,lineup projected / unconfirmed,H:2026 P:2026,,,Direct BvP not yet weighted; 2026/2025 Statcast baseline active,7,4,25,0,"Last 7 games: 4/25, 0 HR","platoon edge; pitcher baseline 5.0% barrel, 5.0 HR allowed",neutral batted-ball profile; pitcher fly-ball pressure modest,,
701358,Cam Smith,HOU,LAA,2026-07-28T01:38:00Z,Scheduled,9,Walbert Ureña,700712,R,R,10.47,0.1479,89.02,101.5985,0.4236,0.1802,0.3243,76.6,67.2,36.72,24.3,43.53,11.8,5.0,33.2,86.9,0.292,0.091,22.0,5.0,5.0,5.0,Angel Stadium,101,87,7,229 deg,Open-Meteo forecast; MLB fallback,https://forecast.weather.gov/MapClick.php?lat=33.8003&lon=-117.8827,47,0,No,No,9,Yes,Yes,RotoWire projected lineup; MLB probable pitchers,lineup projected / unconfirmed,H:2026/2025 P:2026,,,Direct BvP not yet weighted; 2026/2025 Statcast baseline active,7,1,14,1,"Last 7 games: 1/14, 1 HR","same-side matchup; pitcher baseline 5.0% barrel, 5.0 HR allowed",neutral batted-ball profile; pitcher fly-ball pressure modest,,
687263,Zach Neto,LAA,HOU,2026-07-28T01:38:00Z,Scheduled,1,Tatsuya Imai,837227,R,R,13.16,0.2114,89.95,100.2689,0.4313,0.2139,0.3188,71.19,13.23,47.55,35.17,41.91,21.1,10.9,45.6,89.9,0.412,0.183,25.9,9.0,9.0,9.0,Angel Stadium,101,87,7,229 deg,Open-Meteo forecast; MLB fallback,https://forecast.weather.gov/MapClick.php?lat=33.8003&lon=-117.8827,47,0,No,No,1,Yes,Yes,RotoWire projected lineup; MLB probable pitchers,lineup projected / unconfirmed,H:2026/2025 P:2026,,,Direct BvP not yet weighted; 2026/2025 Statcast baseline active,7,6,27,0,"Last 7 games: 6/27, 0 HR","same-side matchup; pitcher baseline 10.9% barrel, 9.0 HR allowed",fly-ball profile; pitcher fly-ball pressure modest,,
545361,Mike Trout,LAA,HOU,2026-07-28T01:38:00Z,Scheduled,2,Tatsuya Imai,837227,R,R,17.97,0.2168,90.76,103.482,0.5174,0.2642,0.3895,74.77,49.41,39.87,32.12,48.67,20.4,10.9,45.6,89.9,0.412,0.183,25.9,9.0,9.0,9.0,Angel Stadium,101,87,7,229 deg,Open-Meteo forecast; MLB fallback,https://forecast.weather.gov/MapClick.php?lat=33.8003&lon=-117.8827,47,0,No,No,2,Yes,Yes,RotoWire projected lineup; MLB probable pitchers,lineup projected / unconfirmed,H:2026/2025 P:2026,,,Direct BvP not yet weighted; 2026/2025 Statcast baseline active,7,8,22,0,Contact streak: 8/22 over last 7 games,"same-side matchup; pitcher baseline 10.9% barrel, 9.0 HR allowed",neutral batted-ball profile; pitcher fly-ball pressure modest,,
694384,Nolan Schanuel,LAA,HOU,2026-07-28T01:38:00Z,Scheduled,3,Tatsuya Imai,837227,R,L,2.68,0.1145,87.29,96.905,0.3838,0.1057,0.3291,67.85,6.17,40.45,20.38,30.96,7.8,10.9,45.6,89.9,0.412,0.183,25.9,9.0,9.0,9.0,Angel Stadium,101,87,7,229 deg,Open-Meteo forecast; MLB fallback,https://forecast.weather.gov/MapClick.php?lat=33.8003&lon=-117.8827,47,0,No,No,3,Yes,Yes,RotoWire projected lineup; MLB probable pitchers,lineup projected / unconfirmed,H:2026/2025 P:2026,,,Direct BvP not yet weighted; 2026/2025 Statcast baseline active,7,9,25,0,Contact streak: 9/25 over last 7 games,"platoon edge; pitcher baseline 10.9% barrel, 9.0 HR allowed",neutral batted-ball profile; pitcher fly-ball pressure modest,,
624585,Jorge Soler,LAA,HOU,2026-07-28T01:38:00Z,Scheduled,4,Tatsuya Imai,837227,R,R,11.61,0.1671,88.86,101.7446,0.3695,0.1634,0.294,74.7,48.62,50.84,24.75,42.84,11.3,10.9,45.6,89.9,0.412,0.183,25.9,9.0,9.0,9.0,Angel Stadium,101,87,7,229 deg,Open-Meteo forecast; MLB fallback,https://forecast.weather.gov/MapClick.php?lat=33.8003&lon=-117.8827,47,0,No,No,4,Yes,Yes,RotoWire projected lineup; MLB probable pitchers,lineup projected / unconfirmed,H:2026/2025 P:2026,,,Direct BvP not yet weighted; 2026/2025 Statcast baseline active,7,4,29,1,"Last 7 games: 4/29, 1 HR","same-side matchup; pitcher baseline 10.9% barrel, 9.0 HR allowed",neutral batted-ball profile; pitcher fly-ball pressure modest,,
687093,Vaughn Grissom,LAA,HOU,2026-07-28T01:38:00Z,Scheduled,5,Tatsuya Imai,837227,R,R,7.1,0.143,89.0,99.7119,0.417,0.154,0.333,71.7,21.5,39.9,26.8,41.0,6.0,10.9,45.6,89.9,0.412,0.183,25.9,9.0,9.0,9.0,Angel Stadium,101,87,7,229 deg,Open-Meteo forecast; MLB fallback,https://forecast.weather.gov/MapClick.php?lat=33.8003&lon=-117.8827,47,0,No,No,5,Yes,Yes,RotoWire projected lineup; MLB probable pitchers,lineup projected / unconfirmed,H:2026 P:2026,,,Direct BvP not yet weighted; 2026/2025 Statcast baseline active,7,7,28,1,"Last 7 games: 7/28, 1 HR","same-side matchup; pitcher baseline 10.9% barrel, 9.0 HR allowed",neutral batted-ball profile; pitcher fly-ball pressure modest,,
666139,Josh Lowe,LAA,HOU,2026-07-28T01:38:00Z,Scheduled,6,Tatsuya Imai,837227,R,L,8.07,0.1502,89.02,99.3099,0.3917,0.166,0.2917,73.66,36.53,38.02,31.36,38.69,8.9,10.9,45.6,89.9,0.412,0.183,25.9,9.0,9.0,9.0,Angel Stadium,101,87,7,229 deg,Open-Meteo forecast; MLB fallback,https://forecast.weather.gov/MapClick.php?lat=33.8003&lon=-117.8827,47,0,No,No,6,Yes,Yes,RotoWire projected lineup; MLB probable pitchers,lineup projected / unconfirmed,H:2026/2025 P:2026,,,Direct BvP not yet weighted; 2026/2025 Statcast baseline active,7,3,18,1,"Last 7 games: 3/18, 1 HR","platoon edge; pitcher baseline 10.9% barrel, 9.0 HR allowed",neutral batted-ball profile; pitcher fly-ball pressure modest,,
666176,Jo Adell,LAA,HOU,2026-07-28T01:38:00Z,Scheduled,7,Tatsuya Imai,837227,R,R,11.21,0.1839,90.16,102.565,0.4734,0.212,0.3384,77.39,71.86,37.86,27.21,45.17,21.6,10.9,45.6,89.9,0.412,0.183,25.9,9.0,9.0,9.0,Angel Stadium,101,87,7,229 deg,Open-Meteo forecast; MLB fallback,https://forecast.weather.gov/MapClick.php?lat=33.8003&lon=-117.8827,47,0,No,No,7,Yes,Yes,RotoWire projected lineup; MLB probable pitchers,lineup projected / unconfirmed,H:2026/2025 P:2026,,,Direct BvP not yet weighted; 2026/2025 Statcast baseline active,7,7,24,3,Hot streak: 3 HR in last 7 games,"same-side matchup; pitcher baseline 10.9% barrel, 9.0 HR allowed",neutral batted-ball profile; pitcher fly-ball pressure modest,,
694203,Denzer Guzman,LAA,HOU,2026-07-28T01:38:00Z,Scheduled,8,Tatsuya Imai,837227,R,R,8.42,0.1397,87.13,98.6606,0.3349,0.1197,0.2581,73.43,32.95,44.73,25.31,39.19,3.4,10.9,45.6,89.9,0.412,0.183,25.9,9.0,9.0,9.0,Angel Stadium,101,87,7,229 deg,Open-Meteo forecast; MLB fallback,https://forecast.weather.gov/MapClick.php?lat=33.8003&lon=-117.8827,47,0,No,No,8,Yes,Yes,RotoWire projected lineup; MLB probable pitchers,lineup projected / unconfirmed,H:2026/2025 P:2026,,,Direct BvP not yet weighted; 2026/2025 Statcast baseline active,7,3,22,0,"Last 7 games: 3/22, 0 HR","same-side matchup; pitcher baseline 10.9% barrel, 9.0 HR allowed",neutral batted-ball profile; pitcher fly-ball pressure modest,,
681351,Logan O'Hoppe,LAA,HOU,2026-07-28T01:38:00Z,Scheduled,9,Tatsuya Imai,837227,R,R,11.06,0.109,88.1,99.7439,0.3641,0.1536,0.28,72.07,23.97,44.52,29.63,39.34,8.5,10.9,45.6,89.9,0.412,0.183,25.9,9.0,9.0,9.0,Angel Stadium,101,87,7,229 deg,Open-Meteo forecast; MLB fallback,https://forecast.weather.gov/MapClick.php?lat=33.8003&lon=-117.8827,47,0,No,No,9,Yes,Yes,RotoWire projected lineup; MLB probable pitchers,lineup projected / unconfirmed,H:2026/2025 P:2026,,,Direct BvP not yet weighted; 2026/2025 Statcast baseline active,7,4,21,0,"Last 7 games: 4/21, 0 HR","same-side matchup; pitcher baseline 10.9% barrel, 9.0 HR allowed",neutral batted-ball profile; pitcher fly-ball pressure modest,,
807799,Masataka Yoshida,BOS,ATH,2026-07-28T01:40:00Z,Scheduled,1,Jack Perkins,678022,R,L,3.94,0.1227,89.29,99.4932,0.3791,0.1101,0.3217,71.55,16.78,43.85,21.81,40.57,4.0,8.41,37.35,88.08,0.3832,0.1517,33.82,8.9,8.9,8.9,Sutter Health Park,106,94,8,231 deg,Open-Meteo forecast; MLB fallback,https://forecast.weather.gov/MapClick.php?lat=38.5804&lon=-121.5139,26,0,No,No,1,Yes,Yes,RotoWire projected lineup; MLB probable pitchers,lineup projected / unconfirmed,H:2026/2025 P:2026/2025,,,Direct BvP not yet weighted; 2026/2025 Statcast baseline active,7,3,20,0,"Last 7 games: 3/20, 0 HR","platoon edge; pitcher baseline 8.4% barrel, 8.9 HR allowed",neutral batted-ball profile; pitcher allows elevated contact,,
678882,Ceddanne Rafaela,BOS,ATH,2026-07-28T01:40:00Z,Scheduled,2,Jack Perkins,678022,R,R,6.26,0.1615,86.9,97.8664,0.3691,0.1271,0.2882,70.16,9.11,35.36,25.44,34.78,11.8,8.41,37.35,88.08,0.3832,0.1517,33.82,8.9,8.9,8.9,Sutter Health Park,106,94,8,231 deg,Open-Meteo forecast; MLB fallback,https://forecast.weather.gov/MapClick.php?lat=38.5804&lon=-121.5139,26,0,No,No,2,Yes,Yes,RotoWire projected lineup; MLB probable pitchers,lineup projected / unconfirmed,H:2026/2025 P:2026/2025,,,Direct BvP not yet weighted; 2026/2025 Statcast baseline active,7,8,29,2,Hot streak: 2 HR in last 7 games,"same-side matchup; pitcher baseline 8.4% barrel, 8.9 HR allowed",neutral batted-ball profile; pitcher allows elevated contact,,
677800,Wilyer Abreu,BOS,ATH,2026-07-28T01:40:00Z,Scheduled,3,Jack Perkins,678022,R,L,12.51,0.1968,90.1,101.2159,0.4701,0.218,0.3406,73.89,38.38,37.13,37.73,42.94,17.1,8.41,37.35,88.08,0.3832,0.1517,33.82,8.9,8.9,8.9,Sutter Health Park,106,94,8,231 deg,Open-Meteo forecast; MLB fallback,https://forecast.weather.gov/MapClick.php?lat=38.5804&lon=-121.5139,26,0,No,No,3,Yes,Yes,RotoWire projected lineup; MLB probable pitchers,lineup projected / unconfirmed,H:2026/2025 P:2026/2025,,,Direct BvP not yet weighted; 2026/2025 Statcast baseline active,7,2,27,0,"Last 7 games: 2/27, 0 HR","platoon edge; pitcher baseline 8.4% barrel, 8.9 HR allowed",fly-ball profile; pitcher allows elevated contact,,
575929,Willson Contreras,BOS,ATH,2026-07-28T01:40:00Z,Scheduled,4,Jack Perkins,678022,R,R,14.39,0.2397,90.53,103.1642,0.5104,0.2436,0.3797,76.77,68.82,44.98,28.42,47.25,21.4,8.41,37.35,88.08,0.3832,0.1517,33.82,8.9,8.9,8.9,Sutter Health Park,106,94,8,231 deg,Open-Meteo forecast; MLB fallback,https://forecast.weather.gov/MapClick.php?lat=38.5804&lon=-121.5139,26,0,No,No,4,Yes,Yes,RotoWire projected lineup; MLB probable pitchers,lineup projected / unconfirmed,H:2026/2025 P:2026/2025,,,Direct BvP not yet weighted; 2026/2025 Statcast baseline active,7,8,22,1,Contact streak: 8/22 over last 7 games,"same-side matchup; pitcher baseline 8.4% barrel, 8.9 HR allowed",neutral batted-ball profile; pitcher allows elevated contact,,
678554,Curtis Mead,BOS,ATH,2026-07-28T01:40:00Z,Scheduled,5,Jack Perkins,678022,R,R,8.98,0.1986,87.85,99.7969,0.4256,0.1747,0.3373,72.81,30.27,43.05,30.51,40.05,12.8,8.41,37.35,88.08,0.3832,0.1517,33.82,8.9,8.9,8.9,Sutter Health Park,106,94,8,231 deg,Open-Meteo forecast; MLB fallback,https://forecast.weather.gov/MapClick.php?lat=38.5804&lon=-121.5139,26,0,No,No,5,Yes,Yes,RotoWire projected lineup; MLB probable pitchers,lineup projected / unconfirmed,H:2026/2025 P:2026/2025,,,Direct BvP not yet weighted; 2026/2025 Statcast baseline active,7,8,25,0,Contact streak: 8/25 over last 7 games,"same-side matchup; pitcher baseline 8.4% barrel, 8.9 HR allowed",neutral batted-ball profile; pitcher allows elevated contact,,
702332,Caleb Durbin,BOS,ATH,2026-07-28T01:40:00Z,Scheduled,6,Jack Perkins,678022,R,R,3.02,0.1499,84.64,96.1509,0.3354,0.0958,0.2917,68.81,5.12,41.65,18.63,27.81,10.3,8.41,37.35,88.08,0.3832,0.1517,33.82,8.9,8.9,8.9,Sutter Health Park,106,94,8,231 deg,Open-Meteo forecast; MLB fallback,https://forecast.weather.gov/MapClick.php?lat=38.5804&lon=-121.5139,26,0,No,No,6,Yes,Yes,RotoWire projected lineup; MLB probable pitchers,lineup projected / unconfirmed,H:2026/2025 P:2026/2025,,,Direct BvP not yet weighted; 2026/2025 Statcast baseline active,7,6,24,1,"Last 7 games: 6/24, 1 HR","same-side matchup; pitcher baseline 8.4% barrel, 8.9 HR allowed",neutral batted-ball profile; pitcher allows elevated contact,,
680776,Jarren Duran,BOS,ATH,2026-07-28T01:40:00Z,Scheduled,7,Jack Perkins,678022,R,L,10.33,0.1601,90.26,101.8722,0.3827,0.1515,0.3022,74.94,49.46,39.74,22.23,40.99,13.9,8.41,37.35,88.08,0.3832,0.1517,33.82,8.9,8.9,8.9,Sutter Health Park,106,94,8,231 deg,Open-Meteo forecast; MLB fallback,https://forecast.weather.gov/MapClick.php?lat=38.5804&lon=-121.5139,26,0,No,No,7,Yes,Yes,RotoWire projected lineup; MLB probable pitchers,lineup projected / unconfirmed,H:2026/2025 P:2026/2025,,,Direct BvP not yet weighted; 2026/2025 Statcast baseline active,7,7,24,0,"Last 7 games: 7/24, 0 HR","platoon edge; pitcher baseline 8.4% barrel, 8.9 HR allowed",neutral batted-ball profile; pitcher allows elevated contact,,
655316,Andruw Monasterio,BOS,ATH,2026-07-28T01:40:00Z,Scheduled,8,Jack Perkins,678022,R,R,7.89,0.1845,88.19,98.0516,0.3875,0.1474,0.2975,69.17,3.18,41.74,32.74,36.85,4.7,8.41,37.35,88.08,0.3832,0.1517,33.82,8.9,8.9,8.9,Sutter Health Park,106,94,8,231 deg,Open-Meteo forecast; MLB fallback,https://forecast.weather.gov/MapClick.php?lat=38.5804&lon=-121.5139,26,0,No,No,8,Yes,Yes,RotoWire projected lineup; MLB probable pitchers,lineup projected / unconfirmed,H:2026/2025 P:2026/2025,,,Direct BvP not yet weighted; 2026/2025 Statcast baseline active,7,9,20,0,Contact streak: 9/20 over last 7 games,"same-side matchup; pitcher baseline 8.4% barrel, 8.9 HR allowed",neutral batted-ball profile; pitcher allows elevated contact,,
657136,Connor Wong,BOS,ATH,2026-07-28T01:40:00Z,Scheduled,9,Jack Perkins,678022,R,R,3.87,0.0746,85.85,98.8106,0.3146,0.0894,0.2884,72.51,24.74,39.12,21.6,34.85,0.7,8.41,37.35,88.08,0.3832,0.1517,33.82,8.9,8.9,8.9,Sutter Health Park,106,94,8,231 deg,Open-Meteo forecast; MLB fallback,https://forecast.weather.gov/MapClick.php?lat=38.5804&lon=-121.5139,26,0,No,No,9,Yes,Yes,RotoWire projected lineup; MLB probable pitchers,lineup projected / unconfirmed,H:2026/2025 P:2026/2025,,,Direct BvP not yet weighted; 2026/2025 Statcast baseline active,7,2,15,0,"Last 7 games: 2/15, 0 HR","same-side matchup; pitcher baseline 8.4% barrel, 8.9 HR allowed",neutral batted-ball profile; pitcher allows elevated contact,,
805779,Jacob Wilson,ATH,BOS,2026-07-28T01:40:00Z,Scheduled,1,Payton Tolle,801139,L,R,2.48,0.1288,84.11,95.5845,0.3584,0.0863,0.2935,64.18,0.44,33.51,20.88,26.8,8.8,6.89,35.5,88.01,0.3588,0.1387,28.51,7.8,7.8,7.8,Sutter Health Park,106,94,8,231 deg,Open-Meteo forecast; MLB fallback,https://forecast.weather.gov/MapClick.php?lat=38.5804&lon=-121.5139,26,0,No,No,1,Yes,Yes,RotoWire projected lineup; MLB probable pitchers,lineup projected / unconfirmed,H:2026/2025 P:2026/2025,,,Direct BvP not yet weighted; 2026/2025 Statcast baseline active,7,6,30,2,Hot streak: 2 HR in last 7 games,"platoon edge; pitcher baseline 6.9% barrel, 7.8 HR allowed",neutral batted-ball profile; pitcher fly-ball pressure modest,,
701762,Nick Kurtz,ATH,BOS,2026-07-28T01:40:00Z,Scheduled,2,Payton Tolle,801139,L,L,18.22,0.2583,93.33,105.6398,0.502,0.2563,0.3741,77.97,78.58,33.9,30.7,56.14,24.8,6.89,35.5,88.01,0.3588,0.1387,28.51,7.8,7.8,7.8,Sutter Health Park,106,94,8,231 deg,Open-Meteo forecast; MLB fallback,https://forecast.weather.gov/MapClick.php?lat=38.5804&lon=-121.5139,26,0,No,No,2,Yes,Yes,RotoWire projected lineup; MLB probable pitchers,lineup projected / unconfirmed,H:2026/2025 P:2026/2025,,,Direct BvP not yet weighted; 2026/2025 Statcast baseline active,7,1,25,1,"Last 7 games: 1/25, 1 HR","same-side matchup; pitcher baseline 6.9% barrel, 7.8 HR allowed",EV profile; pitcher fly-ball pressure modest,,
691016,Tyler Soderstrom,ATH,BOS,2026-07-28T01:40:00Z,Scheduled,3,Payton Tolle,801139,L,L,10.35,0.2148,90.55,101.9102,0.4339,0.1771,0.3396,74.28,42.38,36.07,25.67,45.53,18.7,6.89,35.5,88.01,0.3588,0.1387,28.51,7.8,7.8,7.8,Sutter Health Park,106,94,8,231 deg,Open-Meteo forecast; MLB fallback,https://forecast.weather.gov/MapClick.php?lat=38.5804&lon=-121.5139,26,0,No,No,3,Yes,Yes,RotoWire projected lineup; MLB probable pitchers,lineup projected / unconfirmed,H:2026/2025 P:2026/2025,,,Direct BvP not yet weighted; 2026/2025 Statcast baseline active,7,9,28,0,Contact streak: 9/28 over last 7 games,"same-side matchup; pitcher baseline 6.9% barrel, 7.8 HR allowed",neutral batted-ball profile; pitcher fly-ball pressure modest,,
641680,Jonah Heim,ATH,BOS,2026-07-28T01:40:00Z,Scheduled,4,Payton Tolle,801139,L,S,6.45,0.1729,87.4,97.7741,0.3684,0.1375,0.2893,69.91,10.29,40.77,27.97,31.49,9.6,6.89,35.5,88.01,0.3588,0.1387,28.51,7.8,7.8,7.8,Sutter Health Park,106,94,8,231 deg,Open-Meteo forecast; MLB fallback,https://forecast.weather.gov/MapClick.php?lat=38.5804&lon=-121.5139,26,0,No,No,4,Yes,Yes,RotoWire projected lineup; MLB probable pitchers,lineup projected / unconfirmed,H:2026/2025 P:2026/2025,,,Direct BvP not yet weighted; 2026/2025 Statcast baseline active,7,6,29,0,"Last 7 games: 6/29, 0 HR","switch hitter; pitcher baseline 6.9% barrel, 7.8 HR allowed",neutral batted-ball profile; pitcher fly-ball pressure modest,,
687515,Colby Thomas,ATH,BOS,2026-07-28T01:40:00Z,Scheduled,5,Payton Tolle,801139,L,R,10.78,0.1598,90.03,100.9427,0.379,0.1865,0.2661,75.29,54.59,37.32,35.68,40.06,4.6,6.89,35.5,88.01,0.3588,0.1387,28.51,7.8,7.8,7.8,Sutter Health Park,106,94,8,231 deg,Open-Meteo forecast; MLB fallback,https://forecast.weather.gov/MapClick.php?lat=38.5804&lon=-121.5139,26,0,No,No,5,Yes,Yes,RotoWire projected lineup; MLB probable pitchers,lineup projected / unconfirmed,H:2026/2025 P:2026/2025,,,Direct BvP not yet weighted; 2026/2025 Statcast baseline active,7,1,12,0,"Last 7 games: 1/12, 0 HR","platoon edge; pitcher baseline 6.9% barrel, 7.8 HR allowed",fly-ball profile; pitcher fly-ball pressure modest,,
695720,Tommy White,ATH,BOS,2026-07-28T01:40:00Z,Scheduled,6,Payton Tolle,801139,L,R,7.7,0.074,85.2,97.4266,0.439,0.122,0.35,70.3,13.6,30.8,15.4,30.8,0.0,6.89,35.5,88.01,0.3588,0.1387,28.51,7.8,7.8,7.8,Sutter Health Park,106,94,8,231 deg,Open-Meteo forecast; MLB fallback,https://forecast.weather.gov/MapClick.php?lat=38.5804&lon=-121.5139,26,0,No,No,6,Yes,Yes,RotoWire projected lineup; MLB probable pitchers,lineup projected / unconfirmed,H:2026 P:2026/2025,,,Direct BvP not yet weighted; 2026/2025 Statcast baseline active,7,9,27,0,Contact streak: 9/27 over last 7 games,"platoon edge; pitcher baseline 6.9% barrel, 7.8 HR allowed",neutral batted-ball profile; pitcher fly-ball pressure modest,,
643446,Jeff McNeil,ATH,BOS,2026-07-28T01:40:00Z,Scheduled,7,Payton Tolle,801139,L,L,2.37,0.1127,86.64,96.6439,0.3698,0.0985,0.3146,69.02,5.3,43.14,23.89,32.55,6.4,6.89,35.5,88.01,0.3588,0.1387,28.51,7.8,7.8,7.8,Sutter Health Park,106,94,8,231 deg,Open-Meteo forecast; MLB fallback,https://forecast.weather.gov/MapClick.php?lat=38.5804&lon=-121.5139,26,0,No,No,7,Yes,Yes,RotoWire projected lineup; MLB probable pitchers,lineup projected / unconfirmed,H:2026/2025 P:2026/2025,,,Direct BvP not yet weighted; 2026/2025 Statcast baseline active,7,7,17,1,Contact streak: 7/17 over last 7 games,"same-side matchup; pitcher baseline 6.9% barrel, 7.8 HR allowed",neutral batted-ball profile; pitcher fly-ball pressure modest,,
703607,Henry Bolte,ATH,BOS,2026-07-28T01:40:00Z,Scheduled,8,Payton Tolle,801139,L,R,6.6,0.082,90.0,103.7434,0.345,0.12,0.295,76.9,73.2,31.4,18.2,46.3,3.0,6.89,35.5,88.01,0.3588,0.1387,28.51,7.8,7.8,7.8,Sutter Health Park,106,94,8,231 deg,Open-Meteo forecast; MLB fallback,https://forecast.weather.gov/MapClick.php?lat=38.5804&lon=-121.5139,26,0,No,No,8,Yes,Yes,RotoWire projected lineup; MLB probable pitchers,lineup projected / unconfirmed,H:2026 P:2026/2025,,,Direct BvP not yet weighted; 2026/2025 Statcast baseline active,7,2,18,0,"Last 7 games: 2/18, 0 HR","platoon edge; pitcher baseline 6.9% barrel, 7.8 HR allowed",neutral batted-ball profile; pitcher fly-ball pressure modest,,
675961,Alika Williams,ATH,BOS,2026-07-28T01:40:00Z,Scheduled,9,Payton Tolle,801139,L,R,0.0,0.159,85.6,97.3572,0.272,0.059,0.229,69.5,4.3,36.8,22.1,35.8,2.0,6.89,35.5,88.01,0.3588,0.1387,28.51,7.8,7.8,7.8,Sutter Health Park,106,94,8,231 deg,Open-Meteo forecast; MLB fallback,https://forecast.weather.gov/MapClick.php?lat=38.5804&lon=-121.5139,26,0,No,No,9,Yes,Yes,RotoWire projected lineup; MLB probable pitchers,lineup projected / unconfirmed,H:2026 P:2026/2025,,,Direct BvP not yet weighted; 2026/2025 Statcast baseline active,7,4,12,0,Contact streak: 4/12 over last 7 games,"platoon edge; pitcher baseline 6.9% barrel, 7.8 HR allowed",neutral batted-ball profile; pitcher fly-ball pressure modest,,
592885,Christian Yelich,MIL,SF,2026-07-28T01:45:00Z,Scheduled,1,Tyler Mahle,641816,R,L,9.74,0.1642,89.5,101.035,0.3998,0.1688,0.3139,73.26,32.17,34.24,20.56,43.6,13.6,7.51,36.26,89.27,0.4053,0.153,27.75,10.6,10.6,10.6,Oracle Park,85,69,18,290 deg,Open-Meteo forecast; MLB fallback,https://forecast.weather.gov/MapClick.php?lat=37.7786&lon=-122.3893,68,0,No,No,1,Yes,Yes,RotoWire projected lineup; MLB probable pitchers,lineup projected / unconfirmed,H:2026/2025 P:2026/2025,,,Direct BvP not yet weighted; 2026/2025 Statcast baseline active,7,7,29,1,"Last 7 games: 7/29, 1 HR","platoon edge; pitcher baseline 7.5% barrel, 10.6 HR allowed",neutral batted-ball profile; pitcher fly-ball pressure modest,,
694192,Jackson Chourio,MIL,SF,2026-07-28T01:45:00Z,Scheduled,2,Tyler Mahle,641816,R,R,11.8,0.1923,91.4,102.0811,0.4484,0.2,0.3231,74.39,45.67,32.62,28.08,45.03,15.4,7.51,36.26,89.27,0.4053,0.153,27.75,10.6,10.6,10.6,Oracle Park,85,69,18,290 deg,Open-Meteo forecast; MLB fallback,https://forecast.weather.gov/MapClick.php?lat=37.7786&lon=-122.3893,68,0,No,No,2,Yes,Yes,RotoWire projected lineup; MLB probable pitchers,lineup projected / unconfirmed,H:2026/2025 P:2026/2025,,,Direct BvP not yet weighted; 2026/2025 Statcast baseline active,7,7,27,0,"Last 7 games: 7/27, 0 HR","same-side matchup; pitcher baseline 7.5% barrel, 10.6 HR allowed",neutral batted-ball profile; pitcher fly-ball pressure modest,,
668930,Brice Turang,MIL,SF,2026-07-28T01:45:00Z,Scheduled,3,Tyler Mahle,641816,R,L,8.49,0.1834,90.82,100.6346,0.443,0.1838,0.3455,70.25,12.57,27.16,24.55,44.67,15.9,7.51,36.26,89.27,0.4053,0.153,27.75,10.6,10.6,10.6,Oracle Park,85,69,18,290 deg,Open-Meteo forecast; MLB fallback,https://forecast.weather.gov/MapClick.php?lat=37.7786&lon=-122.3893,68,0,No,No,3,Yes,Yes,RotoWire projected lineup; MLB probable pitchers,lineup projected / unconfirmed,H:2026/2025 P:2026/2025,,,Direct BvP not yet weighted; 2026/2025 Statcast baseline active,7,8,25,1,Contact streak: 8/25 over last 7 games,"platoon edge; pitcher baseline 7.5% barrel, 10.6 HR allowed",neutral batted-ball profile; pitcher fly-ball pressure modest,,
661388,William Contreras,MIL,SF,2026-07-28T01:45:00Z,Scheduled,4,Tyler Mahle,641816,R,R,6.96,0.1243,90.33,101.4947,0.4245,0.1618,0.3322,73.2,35.07,36.25,23.38,44.37,12.1,7.51,36.26,89.27,0.4053,0.153,27.75,10.6,10.6,10.6,Oracle Park,85,69,18,290 deg,Open-Meteo forecast; MLB fallback,https://forecast.weather.gov/MapClick.php?lat=37.7786&lon=-122.3893,68,0,No,No,4,Yes,Yes,RotoWire projected lineup; MLB probable pitchers,lineup projected / unconfirmed,H:2026/2025 P:2026/2025,,,Direct BvP not yet weighted; 2026/2025 Statcast baseline active,7,5,26,1,"Last 7 games: 5/26, 1 HR","same-side matchup; pitcher baseline 7.5% barrel, 10.6 HR allowed",neutral batted-ball profile; pitcher fly-ball pressure modest,,
669003,Garrett Mitchell,MIL,SF,2026-07-28T01:45:00Z,Scheduled,5,Tyler Mahle,641816,R,L,11.95,0.1482,91.94,103.3697,0.4236,0.1722,0.3342,77.01,75.97,33.93,18.88,47.31,5.6,7.51,36.26,89.27,0.4053,0.153,27.75,10.6,10.6,10.6,Oracle Park,85,69,18,290 deg,Open-Meteo forecast; MLB fallback,https://forecast.weather.gov/MapClick.php?lat=37.7786&lon=-122.3893,68,0,No,No,5,Yes,Yes,RotoWire projected lineup; MLB probable pitchers,lineup projected / unconfirmed,H:2026/2025 P:2026/2025,,,Direct BvP not yet weighted; 2026/2025 Statcast baseline active,7,5,24,0,"Last 7 games: 5/24, 0 HR","platoon edge; pitcher baseline 7.5% barrel, 10.6 HR allowed",neutral batted-ball profile; pitcher fly-ball pressure modest,,
683734,Andrew Vaughn,MIL,SF,2026-07-28T01:45:00Z,Scheduled,6,Tyler Mahle,641816,R,R,7.03,0.1661,90.41,99.7546,0.4195,0.1423,0.3434,70.42,10.52,34.77,24.27,42.73,6.3,7.51,36.26,89.27,0.4053,0.153,27.75,10.6,10.6,10.6,Oracle Park,85,69,18,290 deg,Open-Meteo forecast; MLB fallback,https://forecast.weather.gov/MapClick.php?lat=37.7786&lon=-122.3893,68,0,No,No,6,Yes,Yes,RotoWire projected lineup; MLB probable pitchers,lineup projected / unconfirmed,H:2026/2025 P:2026/2025,,,Direct BvP not yet weighted; 2026/2025 Statcast baseline active,7,6,21,2,Hot streak: 2 HR in last 7 games,"same-side matchup; pitcher baseline 7.5% barrel, 10.6 HR allowed",neutral batted-ball profile; pitcher fly-ball pressure modest,,
641343,Jake Bauers,MIL,SF,2026-07-28T01:45:00Z,Scheduled,7,Tyler Mahle,641816,R,L,13.42,0.2046,92.33,103.2074,0.4584,0.2139,0.3547,76.71,71.33,39.43,30.12,50.92,14.7,7.51,36.26,89.27,0.4053,0.153,27.75,10.6,10.6,10.6,Oracle Park,85,69,18,290 deg,Open-Meteo forecast; MLB fallback,https://forecast.weather.gov/MapClick.php?lat=37.7786&lon=-122.3893,68,0,No,No,7,Yes,Yes,RotoWire projected lineup; MLB probable pitchers,lineup projected / unconfirmed,H:2026/2025 P:2026/2025,,,Direct BvP not yet weighted; 2026/2025 Statcast baseline active,7,6,20,0,"Last 7 games: 6/20, 0 HR","platoon edge; pitcher baseline 7.5% barrel, 10.6 HR allowed",lift-pull EV profile; pitcher fly-ball pressure modest,,
806198,Cooper Pratt,MIL,SF,2026-07-28T01:45:00Z,Scheduled,8,Tyler Mahle,641816,R,R,5.2,0.115,88.4,97.5199,0.401,0.113,0.345,70.4,8.6,35.4,21.5,31.6,2.0,7.51,36.26,89.27,0.4053,0.153,27.75,10.6,10.6,10.6,Oracle Park,85,69,18,290 deg,Open-Meteo forecast; MLB fallback,https://forecast.weather.gov/MapClick.php?lat=37.7786&lon=-122.3893,68,0,No,No,8,Yes,Yes,RotoWire projected lineup; MLB probable pitchers,lineup projected / unconfirmed,H:2026 P:2026/2025,,,Direct BvP not yet weighted; 2026/2025 Statcast baseline active,7,10,23,2,Hot streak: 2 HR in last 7 games,"same-side matchup; pitcher baseline 7.5% barrel, 10.6 HR allowed",neutral batted-ball profile; pitcher fly-ball pressure modest,,
666152,David Hamilton,MIL,SF,2026-07-28T01:45:00Z,Scheduled,9,Tyler Mahle,641816,R,L,4.39,0.1035,86.74,97.0706,0.3022,0.0974,0.2621,70.01,7.81,34.55,26.65,28.08,3.9,7.51,36.26,89.27,0.4053,0.153,27.75,10.6,10.6,10.6,Oracle Park,85,69,18,290 deg,Open-Meteo forecast; MLB fallback,https://forecast.weather.gov/MapClick.php?lat=37.7786&lon=-122.3893,68,0,No,No,9,Yes,Yes,RotoWire projected lineup; MLB probable pitchers,lineup projected / unconfirmed,H:2026/2025 P:2026/2025,,,Direct BvP not yet weighted; 2026/2025 Statcast baseline active,7,5,20,0,"Last 7 games: 5/20, 0 HR","platoon edge; pitcher baseline 7.5% barrel, 10.6 HR allowed",neutral batted-ball profile; pitcher fly-ball pressure modest,,
650333,Luis Arraez,SF,MIL,2026-07-28T01:45:00Z,Scheduled,1,Brandon Sproat,687075,R,L,0.68,0.1161,86.73,94.0671,0.3686,0.083,0.3037,63.02,0.12,29.89,26.91,19.71,5.2,7.18,41.4,89.3,0.3948,0.1465,22.55,11.2,11.2,11.2,Oracle Park,85,69,18,290 deg,Open-Meteo forecast; MLB fallback,https://forecast.weather.gov/MapClick.php?lat=37.7786&lon=-122.3893,68,0,No,No,1,Yes,Yes,RotoWire projected lineup; MLB probable pitchers,lineup projected / unconfirmed,H:2026/2025 P:2026/2025,,,Direct BvP not yet weighted; 2026/2025 Statcast baseline active,7,9,29,0,"Last 7 games: 9/29, 0 HR","platoon edge; pitcher baseline 7.2% barrel, 11.2 HR allowed",neutral batted-ball profile; pitcher fly-ball pressure modest,,
805811,Bryce Eldridge,SF,MIL,2026-07-28T01:45:00Z,Scheduled,2,Brandon Sproat,687075,R,L,16.74,0.163,93.5,103.6185,0.4988,0.2638,0.3671,73.11,29.35,41.42,38.31,59.07,7.0,7.18,41.4,89.3,0.3948,0.1465,22.55,11.2,11.2,11.2,Oracle Park,85,69,18,290 deg,Open-Meteo forecast; MLB fallback,https://forecast.weather.gov/MapClick.php?lat=37.7786&lon=-122.3893,68,0,No,No,2,Yes,Yes,RotoWire projected lineup; MLB probable pitchers,lineup projected / unconfirmed,H:2026/2025 P:2026/2025,,,Direct BvP not yet weighted; 2026/2025 Statcast baseline active,7,3,23,1,"Last 7 games: 3/23, 1 HR","platoon edge; pitcher baseline 7.2% barrel, 11.2 HR allowed",lift-pull EV profile; pitcher fly-ball pressure modest,,
671218,Heliot Ramos,SF,MIL,2026-07-28T01:45:00Z,Scheduled,3,Brandon Sproat,687075,R,R,13.49,0.1685,92.22,103.153,0.4597,0.1981,0.3298,72.74,30.21,35.06,23.23,49.22,12.6,7.18,41.4,89.3,0.3948,0.1465,22.55,11.2,11.2,11.2,Oracle Park,85,69,18,290 deg,Open-Meteo forecast; MLB fallback,https://forecast.weather.gov/MapClick.php?lat=37.7786&lon=-122.3893,68,0,No,No,3,Yes,Yes,RotoWire projected lineup; MLB probable pitchers,lineup projected / unconfirmed,H:2026/2025 P:2026/2025,,,Direct BvP not yet weighted; 2026/2025 Statcast baseline active,7,4,29,1,"Last 7 games: 4/29, 1 HR","same-side matchup; pitcher baseline 7.2% barrel, 11.2 HR allowed",EV profile; pitcher fly-ball pressure modest,,
646240,Rafael Devers,SF,MIL,2026-07-28T01:45:00Z,Scheduled,4,Brandon Sproat,687075,R,L,12.92,0.2361,92.66,103.0863,0.4646,0.2287,0.3369,71.81,21.69,33.63,33.18,52.32,25.9,7.18,41.4,89.3,0.3948,0.1465,22.55,11.2,11.2,11.2,Oracle Park,85,69,18,290 deg,Open-Meteo forecast; MLB fallback,https://forecast.weather.gov/MapClick.php?lat=37.7786&lon=-122.3893,68,0,No,No,4,Yes,Yes,RotoWire projected lineup; MLB probable pitchers,lineup projected / unconfirmed,H:2026/2025 P:2026/2025,,,Direct BvP not yet weighted; 2026/2025 Statcast baseline active,7,7,25,2,Hot streak: 2 HR in last 7 games,"platoon edge; pitcher baseline 7.2% barrel, 11.2 HR allowed",EV profile; pitcher fly-ball pressure modest,,
669477,Casey Schmitt,SF,MIL,2026-07-28T01:45:00Z,Scheduled,5,Brandon Sproat,687075,R,R,11.38,0.1997,89.71,100.7536,0.492,0.2122,0.3483,72.26,25.71,41.62,33.15,44.36,18.3,7.18,41.4,89.3,0.3948,0.1465,22.55,11.2,11.2,11.2,Oracle Park,85,69,18,290 deg,Open-Meteo forecast; MLB fallback,https://forecast.weather.gov/MapClick.php?lat=37.7786&lon=-122.3893,68,0,No,No,5,Yes,Yes,RotoWire projected lineup; MLB probable pitchers,lineup projected / unconfirmed,H:2026/2025 P:2026/2025,,,Direct BvP not yet weighted; 2026/2025 Statcast baseline active,7,4,27,2,Hot streak: 2 HR in last 7 games,"same-side matchup; pitcher baseline 7.2% barrel, 11.2 HR allowed",neutral batted-ball profile; pitcher fly-ball pressure modest,,
808982,Jung Hoo Lee,SF,MIL,2026-07-28T01:45:00Z,Scheduled,6,Brandon Sproat,687075,R,L,2.86,0.1354,87.03,96.5974,0.3829,0.094,0.3168,68.37,2.77,39.72,22.1,29.76,6.6,7.18,41.4,89.3,0.3948,0.1465,22.55,11.2,11.2,11.2,Oracle Park,85,69,18,290 deg,Open-Meteo forecast; MLB fallback,https://forecast.weather.gov/MapClick.php?lat=37.7786&lon=-122.3893,68,0,No,No,6,Yes,Yes,RotoWire projected lineup; MLB probable pitchers,lineup projected / unconfirmed,H:2026/2025 P:2026/2025,,,Direct BvP not yet weighted; 2026/2025 Statcast baseline active,7,6,26,1,"Last 7 games: 6/26, 1 HR","platoon edge; pitcher baseline 7.2% barrel, 11.2 HR allowed",neutral batted-ball profile; pitcher fly-ball pressure modest,,
642715,Willy Adames,SF,MIL,2026-07-28T01:45:00Z,Scheduled,7,Brandon Sproat,687075,R,R,10.36,0.2016,88.27,99.1609,0.4049,0.1844,0.3018,72.24,23.86,48.12,34.76,40.63,21.6,7.18,41.4,89.3,0.3948,0.1465,22.55,11.2,11.2,11.2,Oracle Park,85,69,18,290 deg,Open-Meteo forecast; MLB fallback,https://forecast.weather.gov/MapClick.php?lat=37.7786&lon=-122.3893,68,0,No,No,7,Yes,Yes,RotoWire projected lineup; MLB probable pitchers,lineup projected / unconfirmed,H:2026/2025 P:2026/2025,,,Direct BvP not yet weighted; 2026/2025 Statcast baseline active,7,4,25,1,"Last 7 games: 4/25, 1 HR","same-side matchup; pitcher baseline 7.2% barrel, 11.2 HR allowed",neutral batted-ball profile; pitcher fly-ball pressure modest,,
687551,Drew Gilbert,SF,MIL,2026-07-28T01:45:00Z,Scheduled,8,Brandon Sproat,687075,R,L,2.66,0.1334,85.97,97.467,0.3303,0.0957,0.287,70.52,10.16,39.79,18.29,33.84,3.7,7.18,41.4,89.3,0.3948,0.1465,22.55,11.2,11.2,11.2,Oracle Park,85,69,18,290 deg,Open-Meteo forecast; MLB fallback,https://forecast.weather.gov/MapClick.php?lat=37.7786&lon=-122.3893,68,0,No,No,8,Yes,Yes,RotoWire projected lineup; MLB probable pitchers,lineup projected / unconfirmed,H:2026/2025 P:2026/2025,,,Direct BvP not yet weighted; 2026/2025 Statcast baseline active,7,5,21,0,"Last 7 games: 5/21, 0 HR","platoon edge; pitcher baseline 7.2% barrel, 11.2 HR allowed",neutral batted-ball profile; pitcher fly-ball pressure modest,,
691740,Daniel Susac,SF,MIL,2026-07-28T01:45:00Z,Scheduled,9,Brandon Sproat,687075,R,R,4.4,0.069,86.3,96.797,0.347,0.089,0.295,68.8,3.9,42.9,29.7,29.7,0.0,7.18,41.4,89.3,0.3948,0.1465,22.55,11.2,11.2,11.2,Oracle Park,85,69,18,290 deg,Open-Meteo forecast; MLB fallback,https://forecast.weather.gov/MapClick.php?lat=37.7786&lon=-122.3893,68,0,No,No,9,Yes,Yes,RotoWire projected lineup; MLB probable pitchers,lineup projected / unconfirmed,H:2026 P:2026/2025,,,Direct BvP not yet weighted; 2026/2025 Statcast baseline active,7,2,16,0,"Last 7 games: 2/16, 0 HR","same-side matchup; pitcher baseline 7.2% barrel, 11.2 HR allowed",neutral batted-ball profile; pitcher fly-ball pressure modest,,
