hitter_id,player,team,opponent,game_start_time,game_status,batting_order,pitcher,pitcher_id,pitcher_hand,hitter_hand,barrel_pct,iso,avg_exit_velocity,ev50,xslg,xiso,xwoba,bat_speed,fast_swing_pct,pull_pct,fb_pct,hard_hit_pct,hr_total,pitcher_barrel_pct_allowed,pitcher_hard_hit_pct_allowed,pitcher_avg_exit_velocity_allowed,pitcher_xslg_allowed,pitcher_xiso_allowed,pitcher_fb_pct_allowed,pitcher_hr_allowed,pitcher_hr_allowed_vs_lhh,pitcher_hr_allowed_vs_rhh,ballpark,park_hr_factor,weather_temp,wind_speed,wind_direction,weather_source,weather_url,weather_humidity,weather_precip_pct,confirmed_lineup,rotowire_confirmed_lineup,rotowire_batting_order,rotowire_player_found,lineup_disagreement,lineup_sources_used,source_warnings,stat_years_used,bvp_pa,bvp_hr,bvp_note,recent_games,recent_hits,recent_abs,recent_hr,recent_form_note,split_matchup_note,pitch_mix_note,public_attention,odds
691718,Pete Crow-Armstrong,CHC,BOS,2026-09-25T17:05:00Z,Scheduled,1,,,,L,13.45,0.2781,90.27,101.8619,0.5016,0.2435,0.3595,74.38,46.21,50.58,34.45,46.57,40.8,,,,,,,,,,Fenway Park,102,53,5,349 deg,Open-Meteo forecast; MLB fallback,https://forecast.weather.gov/MapClick.php?lat=42.3467&lon=-71.0972,59,0,No,Yes,1,Yes,Yes,RotoWire projected lineup; MLB probable pitchers,lineup projected / unconfirmed,H:2026/2025 P:,,,Direct BvP not yet weighted; 2026/2025 Statcast baseline active,7,9,29,3,Hot streak: 3 HR in last 7 games,"handedness incomplete; pitcher baseline 0.0% barrel, 0.0 HR allowed",neutral batted-ball profile; pitcher fly-ball pressure modest,,
673548,Seiya Suzuki,CHC,BOS,2026-09-25T17:05:00Z,Scheduled,2,,,,R,12.4,0.2113,89.41,101.021,0.4443,0.1994,0.3415,73.3,36.76,40.99,32.11,41.91,27.1,,,,,,,,,,Fenway Park,102,53,5,349 deg,Open-Meteo forecast; MLB fallback,https://forecast.weather.gov/MapClick.php?lat=42.3467&lon=-71.0972,59,0,No,Yes,2,Yes,Yes,RotoWire projected lineup; MLB probable pitchers,lineup projected / unconfirmed,H:2026/2025 P:,,,Direct BvP not yet weighted; 2026/2025 Statcast baseline active,7,9,30,2,Hot streak: 2 HR in last 7 games,"handedness incomplete; pitcher baseline 0.0% barrel, 0.0 HR allowed",neutral batted-ball profile; pitcher fly-ball pressure modest,,
683737,Michael Busch,CHC,BOS,2026-09-25T17:05:00Z,Scheduled,3,,,,L,11.5,0.1871,89.54,99.7216,0.4465,0.2048,0.3465,68.9,5.92,40.98,35.11,42.12,24.2,,,,,,,,,,Fenway Park,102,53,5,349 deg,Open-Meteo forecast; MLB fallback,https://forecast.weather.gov/MapClick.php?lat=42.3467&lon=-71.0972,59,0,No,Yes,3,Yes,Yes,RotoWire projected lineup; MLB probable pitchers,lineup projected / unconfirmed,H:2026/2025 P:,,,Direct BvP not yet weighted; 2026/2025 Statcast baseline active,7,6,25,1,"Last 7 games: 6/25, 1 HR","handedness incomplete; pitcher baseline 0.0% barrel, 0.0 HR allowed",fly-ball profile; pitcher fly-ball pressure modest,,
624424,Michael Conforto,CHC,BOS,2026-09-25T17:05:00Z,Scheduled,4,,,,L,11.38,0.2054,90.25,100.7312,0.4345,0.1966,0.3342,72.99,33.51,43.53,33.08,43.02,14.1,,,,,,,,,,Fenway Park,102,53,5,349 deg,Open-Meteo forecast; MLB fallback,https://forecast.weather.gov/MapClick.php?lat=42.3467&lon=-71.0972,59,0,No,Yes,4,Yes,Yes,RotoWire projected lineup; MLB probable pitchers,lineup projected / unconfirmed,H:2026/2025 P:,,,Direct BvP not yet weighted; 2026/2025 Statcast baseline active,7,6,22,1,"Last 7 games: 6/22, 1 HR","handedness incomplete; pitcher baseline 0.0% barrel, 0.0 HR allowed",neutral batted-ball profile; pitcher fly-ball pressure modest,,
664023,Ian Happ,CHC,BOS,2026-09-25T17:05:00Z,Scheduled,5,,,,S,11.1,0.1896,89.51,100.7429,0.4129,0.1902,0.3267,71.74,17.94,44.75,31.06,42.72,23.7,,,,,,,,,,Fenway Park,102,53,5,349 deg,Open-Meteo forecast; MLB fallback,https://forecast.weather.gov/MapClick.php?lat=42.3467&lon=-71.0972,59,0,No,Yes,5,Yes,Yes,RotoWire projected lineup; MLB probable pitchers,lineup projected / unconfirmed,H:2026/2025 P:,,,Direct BvP not yet weighted; 2026/2025 Statcast baseline active,7,7,24,1,"Last 7 games: 7/24, 1 HR","switch hitter; pitcher baseline 0.0% barrel, 0.0 HR allowed",neutral batted-ball profile; pitcher fly-ball pressure modest,,
663538,Nico Hoerner,CHC,BOS,2026-09-25T17:05:00Z,Scheduled,6,,,,R,1.7,0.0914,86.21,96.3256,0.3812,0.0843,0.3227,68.33,1.76,32.59,21.91,29.6,7.7,,,,,,,,,,Fenway Park,102,53,5,349 deg,Open-Meteo forecast; MLB fallback,https://forecast.weather.gov/MapClick.php?lat=42.3467&lon=-71.0972,59,0,No,Yes,6,Yes,Yes,RotoWire projected lineup; MLB probable pitchers,lineup projected / unconfirmed,H:2026/2025 P:,,,Direct BvP not yet weighted; 2026/2025 Statcast baseline active,7,6,26,0,"Last 7 games: 6/26, 0 HR","handedness incomplete; pitcher baseline 0.0% barrel, 0.0 HR allowed",neutral batted-ball profile; pitcher fly-ball pressure modest,,
699393,Pedro Ramirez,CHC,BOS,2026-09-25T17:05:00Z,Scheduled,7,,,,S,4.3,0.147,89.0,99.3293,0.344,0.103,0.282,72.1,22.3,41.0,23.4,38.8,6.0,,,,,,,,,,Fenway Park,102,53,5,349 deg,Open-Meteo forecast; MLB fallback,https://forecast.weather.gov/MapClick.php?lat=42.3467&lon=-71.0972,59,0,No,Yes,7,Yes,Yes,RotoWire projected lineup; MLB probable pitchers,lineup projected / unconfirmed,H:2026 P:,,,Direct BvP not yet weighted; 2026/2025 Statcast baseline active,7,7,28,0,"Last 7 games: 7/28, 0 HR","switch hitter; pitcher baseline 0.0% barrel, 0.0 HR allowed",neutral batted-ball profile; pitcher fly-ball pressure modest,,
608348,Carson Kelly,CHC,BOS,2026-09-25T17:05:00Z,Scheduled,8,,,,R,6.52,0.1377,87.33,98.6999,0.3851,0.1421,0.3154,70.54,7.98,40.41,25.92,37.36,12.1,,,,,,,,,,Fenway Park,102,53,5,349 deg,Open-Meteo forecast; MLB fallback,https://forecast.weather.gov/MapClick.php?lat=42.3467&lon=-71.0972,59,0,No,Yes,8,Yes,Yes,RotoWire projected lineup; MLB probable pitchers,lineup projected / unconfirmed,H:2026/2025 P:,,,Direct BvP not yet weighted; 2026/2025 Statcast baseline active,7,5,20,0,"Last 7 games: 5/20, 0 HR","handedness incomplete; pitcher baseline 0.0% barrel, 0.0 HR allowed",neutral batted-ball profile; pitcher fly-ball pressure modest,,
621020,Dansby Swanson,CHC,BOS,2026-09-25T17:05:00Z,Scheduled,9,,,,R,8.69,0.1842,89.8,99.9731,0.4133,0.1778,0.317,71.32,8.61,47.48,29.26,43.25,20.5,,,,,,,,,,Fenway Park,102,53,5,349 deg,Open-Meteo forecast; MLB fallback,https://forecast.weather.gov/MapClick.php?lat=42.3467&lon=-71.0972,59,0,No,Yes,9,Yes,Yes,RotoWire projected lineup; MLB probable pitchers,lineup projected / unconfirmed,H:2026/2025 P:,,,Direct BvP not yet weighted; 2026/2025 Statcast baseline active,7,5,21,1,"Last 7 games: 5/21, 1 HR","handedness incomplete; pitcher baseline 0.0% barrel, 0.0 HR allowed",neutral batted-ball profile; pitcher fly-ball pressure modest,,
686765,Nick Sogard,BOS,CHC,2026-09-25T17:05:00Z,Scheduled,1,Clay Holmes,605280,R,S,5.25,0.1218,86.56,96.9378,0.361,0.1121,0.3076,68.78,3.82,44.19,24.58,30.57,3.5,5.05,41.46,89.56,0.3639,0.1185,18.62,8.4,8.4,8.4,Fenway Park,102,53,5,349 deg,Open-Meteo forecast; MLB fallback,https://forecast.weather.gov/MapClick.php?lat=42.3467&lon=-71.0972,59,0,No,Yes,1,Yes,Yes,RotoWire projected lineup; MLB probable pitchers,lineup projected / unconfirmed,H:2026/2025 P:2026/2025,,,Direct BvP not yet weighted; 2026/2025 Statcast baseline active,7,6,30,0,"Last 7 games: 6/30, 0 HR","switch hitter; pitcher baseline 5.0% barrel, 8.4 HR allowed",neutral batted-ball profile; pitcher fly-ball pressure modest,,
681508,Mickey Gasper,BOS,CHC,2026-09-25T17:05:00Z,Scheduled,2,Clay Holmes,605280,R,S,7.74,0.1762,88.57,98.5767,0.3915,0.1629,0.3228,71.58,12.21,40.8,30.85,35.47,7.6,5.05,41.46,89.56,0.3639,0.1185,18.62,8.4,8.4,8.4,Fenway Park,102,53,5,349 deg,Open-Meteo forecast; MLB fallback,https://forecast.weather.gov/MapClick.php?lat=42.3467&lon=-71.0972,59,0,No,Yes,2,Yes,Yes,RotoWire projected lineup; MLB probable pitchers,lineup projected / unconfirmed,H:2026/2025 P:2026/2025,,,Direct BvP not yet weighted; 2026/2025 Statcast baseline active,7,2,15,1,"Last 7 games: 2/15, 1 HR","switch hitter; pitcher baseline 5.0% barrel, 8.4 HR allowed",neutral batted-ball profile; pitcher fly-ball pressure modest,,
668939,Adley Rutschman,BOS,CHC,2026-09-25T17:05:00Z,Scheduled,3,Clay Holmes,605280,R,S,7.01,0.1705,88.98,99.19,0.4114,0.1606,0.3271,70.42,12.14,38.75,30.13,38.46,11.1,5.05,41.46,89.56,0.3639,0.1185,18.62,8.4,8.4,8.4,Fenway Park,102,53,5,349 deg,Open-Meteo forecast; MLB fallback,https://forecast.weather.gov/MapClick.php?lat=42.3467&lon=-71.0972,59,0,No,Yes,3,Yes,Yes,RotoWire projected lineup; MLB probable pitchers,lineup projected / unconfirmed,H:2026/2025 P:2026/2025,,,Direct BvP not yet weighted; 2026/2025 Statcast baseline active,7,7,28,0,"Last 7 games: 7/28, 0 HR","switch hitter; pitcher baseline 5.0% barrel, 8.4 HR allowed",neutral batted-ball profile; pitcher fly-ball pressure modest,,
677800,Wilyer Abreu,BOS,CHC,2026-09-25T17:05:00Z,Scheduled,4,Clay Holmes,605280,R,L,12.51,0.2073,90.1,101.3393,0.4743,0.2229,0.3455,73.89,37.89,38.25,37.17,44.06,23.4,5.05,41.46,89.56,0.3639,0.1185,18.62,8.4,8.4,8.4,Fenway Park,102,53,5,349 deg,Open-Meteo forecast; MLB fallback,https://forecast.weather.gov/MapClick.php?lat=42.3467&lon=-71.0972,59,0,No,Yes,4,Yes,Yes,RotoWire projected lineup; MLB probable pitchers,lineup projected / unconfirmed,H:2026/2025 P:2026/2025,,,Direct BvP not yet weighted; 2026/2025 Statcast baseline active,7,4,26,0,"Last 7 games: 4/26, 0 HR","platoon edge; pitcher baseline 5.0% barrel, 8.4 HR allowed",fly-ball profile; pitcher fly-ball pressure modest,,
702332,Caleb Durbin,BOS,CHC,2026-09-25T17:05:00Z,Scheduled,5,Clay Holmes,605280,R,R,3.16,0.1317,83.8,95.5002,0.3326,0.0895,0.3001,68.81,4.81,41.37,20.24,25.78,12.4,5.05,41.46,89.56,0.3639,0.1185,18.62,8.4,8.4,8.4,Fenway Park,102,53,5,349 deg,Open-Meteo forecast; MLB fallback,https://forecast.weather.gov/MapClick.php?lat=42.3467&lon=-71.0972,59,0,No,Yes,5,Yes,Yes,RotoWire projected lineup; MLB probable pitchers,lineup projected / unconfirmed,H:2026/2025 P:2026/2025,,,Direct BvP not yet weighted; 2026/2025 Statcast baseline active,7,6,23,0,"Last 7 games: 6/23, 0 HR","same-side matchup; pitcher baseline 5.0% barrel, 8.4 HR allowed",neutral batted-ball profile; pitcher fly-ball pressure modest,,
678882,Ceddanne Rafaela,BOS,CHC,2026-09-25T17:05:00Z,Scheduled,6,Clay Holmes,605280,R,R,6.61,0.1615,86.9,97.7345,0.3782,0.132,0.2903,69.95,8.62,35.29,26.07,33.94,16.0,5.05,41.46,89.56,0.3639,0.1185,18.62,8.4,8.4,8.4,Fenway Park,102,53,5,349 deg,Open-Meteo forecast; MLB fallback,https://forecast.weather.gov/MapClick.php?lat=42.3467&lon=-71.0972,59,0,No,Yes,6,Yes,Yes,RotoWire projected lineup; MLB probable pitchers,lineup projected / unconfirmed,H:2026/2025 P:2026/2025,,,Direct BvP not yet weighted; 2026/2025 Statcast baseline active,7,5,23,0,"Last 7 games: 5/23, 0 HR","same-side matchup; pitcher baseline 5.0% barrel, 8.4 HR allowed",neutral batted-ball profile; pitcher fly-ball pressure modest,,
680776,Jarren Duran,BOS,CHC,2026-09-25T17:05:00Z,Scheduled,7,Clay Holmes,605280,R,L,9.49,0.1657,90.33,101.9306,0.396,0.1564,0.3085,74.98,50.03,37.92,23.84,42.11,18.8,5.05,41.46,89.56,0.3639,0.1185,18.62,8.4,8.4,8.4,Fenway Park,102,53,5,349 deg,Open-Meteo forecast; MLB fallback,https://forecast.weather.gov/MapClick.php?lat=42.3467&lon=-71.0972,59,0,No,Yes,7,Yes,Yes,RotoWire projected lineup; MLB probable pitchers,lineup projected / unconfirmed,H:2026/2025 P:2026/2025,,,Direct BvP not yet weighted; 2026/2025 Statcast baseline active,7,5,15,0,Contact streak: 5/15 over last 7 games,"platoon edge; pitcher baseline 5.0% barrel, 8.4 HR allowed",neutral batted-ball profile; pitcher fly-ball pressure modest,,
596115,Trevor Story,BOS,CHC,2026-09-25T17:05:00Z,Scheduled,8,Clay Holmes,605280,R,R,6.82,0.1343,88.32,99.6407,0.3538,0.1282,0.2683,71.03,13.89,42.37,25.3,39.72,11.0,5.05,41.46,89.56,0.3639,0.1185,18.62,8.4,8.4,8.4,Fenway Park,102,53,5,349 deg,Open-Meteo forecast; MLB fallback,https://forecast.weather.gov/MapClick.php?lat=42.3467&lon=-71.0972,59,0,No,Yes,8,Yes,Yes,RotoWire projected lineup; MLB probable pitchers,lineup projected / unconfirmed,H:2026/2025 P:2026/2025,,,Direct BvP not yet weighted; 2026/2025 Statcast baseline active,7,6,25,2,Hot streak: 2 HR in last 7 games,"same-side matchup; pitcher baseline 5.0% barrel, 8.4 HR allowed",neutral batted-ball profile; pitcher fly-ball pressure modest,,
643396,Isiah Kiner-Falefa,BOS,CHC,2026-09-25T17:05:00Z,Scheduled,9,Clay Holmes,605280,R,R,2.03,0.072,83.27,95.2075,0.3166,0.0632,0.2858,67.9,3.09,38.57,14.53,26.45,2.0,5.05,41.46,89.56,0.3639,0.1185,18.62,8.4,8.4,8.4,Fenway Park,102,53,5,349 deg,Open-Meteo forecast; MLB fallback,https://forecast.weather.gov/MapClick.php?lat=42.3467&lon=-71.0972,59,0,No,Yes,9,Yes,Yes,RotoWire projected lineup; MLB probable pitchers,lineup projected / unconfirmed,H:2026/2025 P:2026/2025,,,Direct BvP not yet weighted; 2026/2025 Statcast baseline active,7,0,15,0,"Last 7 games: 0/15, 0 HR","same-side matchup; pitcher baseline 5.0% barrel, 8.4 HR allowed",neutral batted-ball profile; pitcher fly-ball pressure modest,,
691718,Pete Crow-Armstrong,CHC,BOS,2026-09-25T22:05:00Z,Scheduled,1,Brayan Bello,678394,R,L,13.45,0.2781,90.27,101.8619,0.5016,0.2435,0.3595,74.38,46.21,50.58,34.45,46.57,40.8,7.45,39.72,88.87,0.4321,0.1559,22.11,13.2,13.2,13.2,Fenway Park,102,53,5,349 deg,Open-Meteo forecast; MLB fallback,https://forecast.weather.gov/MapClick.php?lat=42.3467&lon=-71.0972,59,0,No,Yes,1,Yes,Yes,RotoWire projected lineup; MLB probable pitchers,lineup projected / unconfirmed,H:2026/2025 P:2026/2025,,,Direct BvP not yet weighted; 2026/2025 Statcast baseline active,7,9,29,3,Hot streak: 3 HR in last 7 games,"platoon edge; pitcher baseline 7.5% barrel, 13.2 HR allowed",neutral batted-ball profile; pitcher fly-ball pressure modest,,
673548,Seiya Suzuki,CHC,BOS,2026-09-25T22:05:00Z,Scheduled,2,Brayan Bello,678394,R,R,12.4,0.2113,89.41,101.021,0.4443,0.1994,0.3415,73.3,36.76,40.99,32.11,41.91,27.1,7.45,39.72,88.87,0.4321,0.1559,22.11,13.2,13.2,13.2,Fenway Park,102,53,5,349 deg,Open-Meteo forecast; MLB fallback,https://forecast.weather.gov/MapClick.php?lat=42.3467&lon=-71.0972,59,0,No,Yes,2,Yes,Yes,RotoWire projected lineup; MLB probable pitchers,lineup projected / unconfirmed,H:2026/2025 P:2026/2025,,,Direct BvP not yet weighted; 2026/2025 Statcast baseline active,7,9,30,2,Hot streak: 2 HR in last 7 games,"same-side matchup; pitcher baseline 7.5% barrel, 13.2 HR allowed",neutral batted-ball profile; pitcher fly-ball pressure modest,,
683737,Michael Busch,CHC,BOS,2026-09-25T22:05:00Z,Scheduled,3,Brayan Bello,678394,R,L,11.5,0.1871,89.54,99.7216,0.4465,0.2048,0.3465,68.9,5.92,40.98,35.11,42.12,24.2,7.45,39.72,88.87,0.4321,0.1559,22.11,13.2,13.2,13.2,Fenway Park,102,53,5,349 deg,Open-Meteo forecast; MLB fallback,https://forecast.weather.gov/MapClick.php?lat=42.3467&lon=-71.0972,59,0,No,Yes,3,Yes,Yes,RotoWire projected lineup; MLB probable pitchers,lineup projected / unconfirmed,H:2026/2025 P:2026/2025,,,Direct BvP not yet weighted; 2026/2025 Statcast baseline active,7,6,25,1,"Last 7 games: 6/25, 1 HR","platoon edge; pitcher baseline 7.5% barrel, 13.2 HR allowed",fly-ball profile; pitcher fly-ball pressure modest,,
624424,Michael Conforto,CHC,BOS,2026-09-25T22:05:00Z,Scheduled,4,Brayan Bello,678394,R,L,11.38,0.2054,90.25,100.7312,0.4345,0.1966,0.3342,72.99,33.51,43.53,33.08,43.02,14.1,7.45,39.72,88.87,0.4321,0.1559,22.11,13.2,13.2,13.2,Fenway Park,102,53,5,349 deg,Open-Meteo forecast; MLB fallback,https://forecast.weather.gov/MapClick.php?lat=42.3467&lon=-71.0972,59,0,No,Yes,4,Yes,Yes,RotoWire projected lineup; MLB probable pitchers,lineup projected / unconfirmed,H:2026/2025 P:2026/2025,,,Direct BvP not yet weighted; 2026/2025 Statcast baseline active,7,6,22,1,"Last 7 games: 6/22, 1 HR","platoon edge; pitcher baseline 7.5% barrel, 13.2 HR allowed",neutral batted-ball profile; pitcher fly-ball pressure modest,,
664023,Ian Happ,CHC,BOS,2026-09-25T22:05:00Z,Scheduled,5,Brayan Bello,678394,R,S,11.1,0.1896,89.51,100.7429,0.4129,0.1902,0.3267,71.74,17.94,44.75,31.06,42.72,23.7,7.45,39.72,88.87,0.4321,0.1559,22.11,13.2,13.2,13.2,Fenway Park,102,53,5,349 deg,Open-Meteo forecast; MLB fallback,https://forecast.weather.gov/MapClick.php?lat=42.3467&lon=-71.0972,59,0,No,Yes,5,Yes,Yes,RotoWire projected lineup; MLB probable pitchers,lineup projected / unconfirmed,H:2026/2025 P:2026/2025,,,Direct BvP not yet weighted; 2026/2025 Statcast baseline active,7,7,24,1,"Last 7 games: 7/24, 1 HR","switch hitter; pitcher baseline 7.5% barrel, 13.2 HR allowed",neutral batted-ball profile; pitcher fly-ball pressure modest,,
663538,Nico Hoerner,CHC,BOS,2026-09-25T22:05:00Z,Scheduled,6,Brayan Bello,678394,R,R,1.7,0.0914,86.21,96.3256,0.3812,0.0843,0.3227,68.33,1.76,32.59,21.91,29.6,7.7,7.45,39.72,88.87,0.4321,0.1559,22.11,13.2,13.2,13.2,Fenway Park,102,53,5,349 deg,Open-Meteo forecast; MLB fallback,https://forecast.weather.gov/MapClick.php?lat=42.3467&lon=-71.0972,59,0,No,Yes,6,Yes,Yes,RotoWire projected lineup; MLB probable pitchers,lineup projected / unconfirmed,H:2026/2025 P:2026/2025,,,Direct BvP not yet weighted; 2026/2025 Statcast baseline active,7,6,26,0,"Last 7 games: 6/26, 0 HR","same-side matchup; pitcher baseline 7.5% barrel, 13.2 HR allowed",neutral batted-ball profile; pitcher fly-ball pressure modest,,
699393,Pedro Ramirez,CHC,BOS,2026-09-25T22:05:00Z,Scheduled,7,Brayan Bello,678394,R,S,4.3,0.147,89.0,99.3293,0.344,0.103,0.282,72.1,22.3,41.0,23.4,38.8,6.0,7.45,39.72,88.87,0.4321,0.1559,22.11,13.2,13.2,13.2,Fenway Park,102,53,5,349 deg,Open-Meteo forecast; MLB fallback,https://forecast.weather.gov/MapClick.php?lat=42.3467&lon=-71.0972,59,0,No,Yes,7,Yes,Yes,RotoWire projected lineup; MLB probable pitchers,lineup projected / unconfirmed,H:2026 P:2026/2025,,,Direct BvP not yet weighted; 2026/2025 Statcast baseline active,7,7,28,0,"Last 7 games: 7/28, 0 HR","switch hitter; pitcher baseline 7.5% barrel, 13.2 HR allowed",neutral batted-ball profile; pitcher fly-ball pressure modest,,
608348,Carson Kelly,CHC,BOS,2026-09-25T22:05:00Z,Scheduled,8,Brayan Bello,678394,R,R,6.52,0.1377,87.33,98.6999,0.3851,0.1421,0.3154,70.54,7.98,40.41,25.92,37.36,12.1,7.45,39.72,88.87,0.4321,0.1559,22.11,13.2,13.2,13.2,Fenway Park,102,53,5,349 deg,Open-Meteo forecast; MLB fallback,https://forecast.weather.gov/MapClick.php?lat=42.3467&lon=-71.0972,59,0,No,Yes,8,Yes,Yes,RotoWire projected lineup; MLB probable pitchers,lineup projected / unconfirmed,H:2026/2025 P:2026/2025,,,Direct BvP not yet weighted; 2026/2025 Statcast baseline active,7,5,20,0,"Last 7 games: 5/20, 0 HR","same-side matchup; pitcher baseline 7.5% barrel, 13.2 HR allowed",neutral batted-ball profile; pitcher fly-ball pressure modest,,
621020,Dansby Swanson,CHC,BOS,2026-09-25T22:05:00Z,Scheduled,9,Brayan Bello,678394,R,R,8.69,0.1842,89.8,99.9731,0.4133,0.1778,0.317,71.32,8.61,47.48,29.26,43.25,20.5,7.45,39.72,88.87,0.4321,0.1559,22.11,13.2,13.2,13.2,Fenway Park,102,53,5,349 deg,Open-Meteo forecast; MLB fallback,https://forecast.weather.gov/MapClick.php?lat=42.3467&lon=-71.0972,59,0,No,Yes,9,Yes,Yes,RotoWire projected lineup; MLB probable pitchers,lineup projected / unconfirmed,H:2026/2025 P:2026/2025,,,Direct BvP not yet weighted; 2026/2025 Statcast baseline active,7,5,21,1,"Last 7 games: 5/21, 1 HR","same-side matchup; pitcher baseline 7.5% barrel, 13.2 HR allowed",neutral batted-ball profile; pitcher fly-ball pressure modest,,
686765,Nick Sogard,BOS,CHC,2026-09-25T22:05:00Z,Scheduled,1,David Peterson,656849,L,S,5.25,0.1218,86.56,96.9378,0.361,0.1121,0.3076,68.78,3.82,44.19,24.58,30.57,3.5,6.33,41.87,89.34,0.4042,0.1356,18.45,13.8,13.8,13.8,Fenway Park,102,53,5,349 deg,Open-Meteo forecast; MLB fallback,https://forecast.weather.gov/MapClick.php?lat=42.3467&lon=-71.0972,59,0,No,Yes,1,Yes,Yes,RotoWire projected lineup; MLB probable pitchers,lineup projected / unconfirmed,H:2026/2025 P:2026/2025,,,Direct BvP not yet weighted; 2026/2025 Statcast baseline active,7,6,30,0,"Last 7 games: 6/30, 0 HR","switch hitter; pitcher baseline 6.3% barrel, 13.8 HR allowed",neutral batted-ball profile; pitcher fly-ball pressure modest,,
681508,Mickey Gasper,BOS,CHC,2026-09-25T22:05:00Z,Scheduled,2,David Peterson,656849,L,S,7.74,0.1762,88.57,98.5767,0.3915,0.1629,0.3228,71.58,12.21,40.8,30.85,35.47,7.6,6.33,41.87,89.34,0.4042,0.1356,18.45,13.8,13.8,13.8,Fenway Park,102,53,5,349 deg,Open-Meteo forecast; MLB fallback,https://forecast.weather.gov/MapClick.php?lat=42.3467&lon=-71.0972,59,0,No,Yes,2,Yes,Yes,RotoWire projected lineup; MLB probable pitchers,lineup projected / unconfirmed,H:2026/2025 P:2026/2025,,,Direct BvP not yet weighted; 2026/2025 Statcast baseline active,7,2,15,1,"Last 7 games: 2/15, 1 HR","switch hitter; pitcher baseline 6.3% barrel, 13.8 HR allowed",neutral batted-ball profile; pitcher fly-ball pressure modest,,
668939,Adley Rutschman,BOS,CHC,2026-09-25T22:05:00Z,Scheduled,3,David Peterson,656849,L,S,7.01,0.1705,88.98,99.19,0.4114,0.1606,0.3271,70.42,12.14,38.75,30.13,38.46,11.1,6.33,41.87,89.34,0.4042,0.1356,18.45,13.8,13.8,13.8,Fenway Park,102,53,5,349 deg,Open-Meteo forecast; MLB fallback,https://forecast.weather.gov/MapClick.php?lat=42.3467&lon=-71.0972,59,0,No,Yes,3,Yes,Yes,RotoWire projected lineup; MLB probable pitchers,lineup projected / unconfirmed,H:2026/2025 P:2026/2025,,,Direct BvP not yet weighted; 2026/2025 Statcast baseline active,7,7,28,0,"Last 7 games: 7/28, 0 HR","switch hitter; pitcher baseline 6.3% barrel, 13.8 HR allowed",neutral batted-ball profile; pitcher fly-ball pressure modest,,
677800,Wilyer Abreu,BOS,CHC,2026-09-25T22:05:00Z,Scheduled,4,David Peterson,656849,L,L,12.51,0.2073,90.1,101.3393,0.4743,0.2229,0.3455,73.89,37.89,38.25,37.17,44.06,23.4,6.33,41.87,89.34,0.4042,0.1356,18.45,13.8,13.8,13.8,Fenway Park,102,53,5,349 deg,Open-Meteo forecast; MLB fallback,https://forecast.weather.gov/MapClick.php?lat=42.3467&lon=-71.0972,59,0,No,Yes,4,Yes,Yes,RotoWire projected lineup; MLB probable pitchers,lineup projected / unconfirmed,H:2026/2025 P:2026/2025,,,Direct BvP not yet weighted; 2026/2025 Statcast baseline active,7,4,26,0,"Last 7 games: 4/26, 0 HR","same-side matchup; pitcher baseline 6.3% barrel, 13.8 HR allowed",fly-ball profile; pitcher fly-ball pressure modest,,
702332,Caleb Durbin,BOS,CHC,2026-09-25T22:05:00Z,Scheduled,5,David Peterson,656849,L,R,3.16,0.1317,83.8,95.5002,0.3326,0.0895,0.3001,68.81,4.81,41.37,20.24,25.78,12.4,6.33,41.87,89.34,0.4042,0.1356,18.45,13.8,13.8,13.8,Fenway Park,102,53,5,349 deg,Open-Meteo forecast; MLB fallback,https://forecast.weather.gov/MapClick.php?lat=42.3467&lon=-71.0972,59,0,No,Yes,5,Yes,Yes,RotoWire projected lineup; MLB probable pitchers,lineup projected / unconfirmed,H:2026/2025 P:2026/2025,,,Direct BvP not yet weighted; 2026/2025 Statcast baseline active,7,6,23,0,"Last 7 games: 6/23, 0 HR","platoon edge; pitcher baseline 6.3% barrel, 13.8 HR allowed",neutral batted-ball profile; pitcher fly-ball pressure modest,,
678882,Ceddanne Rafaela,BOS,CHC,2026-09-25T22:05:00Z,Scheduled,6,David Peterson,656849,L,R,6.61,0.1615,86.9,97.7345,0.3782,0.132,0.2903,69.95,8.62,35.29,26.07,33.94,16.0,6.33,41.87,89.34,0.4042,0.1356,18.45,13.8,13.8,13.8,Fenway Park,102,53,5,349 deg,Open-Meteo forecast; MLB fallback,https://forecast.weather.gov/MapClick.php?lat=42.3467&lon=-71.0972,59,0,No,Yes,6,Yes,Yes,RotoWire projected lineup; MLB probable pitchers,lineup projected / unconfirmed,H:2026/2025 P:2026/2025,,,Direct BvP not yet weighted; 2026/2025 Statcast baseline active,7,5,23,0,"Last 7 games: 5/23, 0 HR","platoon edge; pitcher baseline 6.3% barrel, 13.8 HR allowed",neutral batted-ball profile; pitcher fly-ball pressure modest,,
680776,Jarren Duran,BOS,CHC,2026-09-25T22:05:00Z,Scheduled,7,David Peterson,656849,L,L,9.49,0.1657,90.33,101.9306,0.396,0.1564,0.3085,74.98,50.03,37.92,23.84,42.11,18.8,6.33,41.87,89.34,0.4042,0.1356,18.45,13.8,13.8,13.8,Fenway Park,102,53,5,349 deg,Open-Meteo forecast; MLB fallback,https://forecast.weather.gov/MapClick.php?lat=42.3467&lon=-71.0972,59,0,No,Yes,7,Yes,Yes,RotoWire projected lineup; MLB probable pitchers,lineup projected / unconfirmed,H:2026/2025 P:2026/2025,,,Direct BvP not yet weighted; 2026/2025 Statcast baseline active,7,5,15,0,Contact streak: 5/15 over last 7 games,"same-side matchup; pitcher baseline 6.3% barrel, 13.8 HR allowed",neutral batted-ball profile; pitcher fly-ball pressure modest,,
596115,Trevor Story,BOS,CHC,2026-09-25T22:05:00Z,Scheduled,8,David Peterson,656849,L,R,6.82,0.1343,88.32,99.6407,0.3538,0.1282,0.2683,71.03,13.89,42.37,25.3,39.72,11.0,6.33,41.87,89.34,0.4042,0.1356,18.45,13.8,13.8,13.8,Fenway Park,102,53,5,349 deg,Open-Meteo forecast; MLB fallback,https://forecast.weather.gov/MapClick.php?lat=42.3467&lon=-71.0972,59,0,No,Yes,8,Yes,Yes,RotoWire projected lineup; MLB probable pitchers,lineup projected / unconfirmed,H:2026/2025 P:2026/2025,,,Direct BvP not yet weighted; 2026/2025 Statcast baseline active,7,6,25,2,Hot streak: 2 HR in last 7 games,"platoon edge; pitcher baseline 6.3% barrel, 13.8 HR allowed",neutral batted-ball profile; pitcher fly-ball pressure modest,,
643396,Isiah Kiner-Falefa,BOS,CHC,2026-09-25T22:05:00Z,Scheduled,9,David Peterson,656849,L,R,2.03,0.072,83.27,95.2075,0.3166,0.0632,0.2858,67.9,3.09,38.57,14.53,26.45,2.0,6.33,41.87,89.34,0.4042,0.1356,18.45,13.8,13.8,13.8,Fenway Park,102,53,5,349 deg,Open-Meteo forecast; MLB fallback,https://forecast.weather.gov/MapClick.php?lat=42.3467&lon=-71.0972,59,0,No,Yes,9,Yes,Yes,RotoWire projected lineup; MLB probable pitchers,lineup projected / unconfirmed,H:2026/2025 P:2026/2025,,,Direct BvP not yet weighted; 2026/2025 Statcast baseline active,7,0,15,0,"Last 7 games: 0/15, 0 HR","platoon edge; pitcher baseline 6.3% barrel, 13.8 HR allowed",neutral batted-ball profile; pitcher fly-ball pressure modest,,
502671,Paul Goldschmidt,NYY,BAL,2026-09-25T20:05:00Z,Scheduled,1,Trevor Rogers,669432,L,R,9.54,0.1801,87.81,99.306,0.4276,0.1805,0.3178,71.69,16.62,33.46,29.56,38.45,15.6,6.9,39.79,88.58,0.3795,0.1461,24.74,15.1,15.1,15.1,Yankee Stadium,119,63,11,12 deg,Open-Meteo forecast; MLB fallback,https://forecast.weather.gov/MapClick.php?lat=40.8296&lon=-73.9262,44,0,No,Yes,1,Yes,Yes,RotoWire projected lineup; MLB probable pitchers,lineup projected / unconfirmed,H:2026/2025 P:2026/2025,,,Direct BvP not yet weighted; 2026/2025 Statcast baseline active,7,5,15,0,Contact streak: 5/15 over last 7 games,"platoon edge; pitcher baseline 6.9% barrel, 15.1 HR allowed",neutral batted-ball profile; pitcher fly-ball pressure modest,,
641355,Cody Bellinger,NYY,BAL,2026-09-25T20:05:00Z,Scheduled,2,Trevor Rogers,669432,L,L,6.94,0.18,88.86,98.5305,0.4166,0.1519,0.3328,69.89,4.82,44.15,32.13,37.69,20.6,6.9,39.79,88.58,0.3795,0.1461,24.74,15.1,15.1,15.1,Yankee Stadium,119,63,11,12 deg,Open-Meteo forecast; MLB fallback,https://forecast.weather.gov/MapClick.php?lat=40.8296&lon=-73.9262,44,0,No,Yes,2,Yes,Yes,RotoWire projected lineup; MLB probable pitchers,lineup projected / unconfirmed,H:2026/2025 P:2026/2025,,,Direct BvP not yet weighted; 2026/2025 Statcast baseline active,7,6,29,1,"Last 7 games: 6/29, 1 HR","same-side matchup; pitcher baseline 6.9% barrel, 15.1 HR allowed",neutral batted-ball profile; pitcher fly-ball pressure modest,,
671218,Heliot Ramos,NYY,BAL,2026-09-25T20:05:00Z,Scheduled,3,Trevor Rogers,669432,L,R,12.37,0.1587,92.08,103.0196,0.4345,0.1834,0.3249,73.13,33.66,33.45,24.28,48.31,15.4,6.9,39.79,88.58,0.3795,0.1461,24.74,15.1,15.1,15.1,Yankee Stadium,119,63,11,12 deg,Open-Meteo forecast; MLB fallback,https://forecast.weather.gov/MapClick.php?lat=40.8296&lon=-73.9262,44,0,No,Yes,3,Yes,Yes,RotoWire projected lineup; MLB probable pitchers,lineup projected / unconfirmed,H:2026/2025 P:2026/2025,,,Direct BvP not yet weighted; 2026/2025 Statcast baseline active,7,6,27,2,Hot streak: 2 HR in last 7 games,"platoon edge; pitcher baseline 6.9% barrel, 15.1 HR allowed",EV profile; pitcher fly-ball pressure modest,,
700250,Ben Rice,NYY,BAL,2026-09-25T20:05:00Z,Scheduled,4,Trevor Rogers,669432,L,L,14.56,0.265,92.25,102.4623,0.525,0.2534,0.3826,72.84,27.45,44.75,31.02,50.43,36.5,6.9,39.79,88.58,0.3795,0.1461,24.74,15.1,15.1,15.1,Yankee Stadium,119,63,11,12 deg,Open-Meteo forecast; MLB fallback,https://forecast.weather.gov/MapClick.php?lat=40.8296&lon=-73.9262,44,0,No,Yes,4,Yes,Yes,RotoWire projected lineup; MLB probable pitchers,lineup projected / unconfirmed,H:2026/2025 P:2026/2025,,,Direct BvP not yet weighted; 2026/2025 Statcast baseline active,7,6,23,3,Hot streak: 3 HR in last 7 games,"same-side matchup; pitcher baseline 6.9% barrel, 15.1 HR allowed",lift-pull EV profile; pitcher fly-ball pressure modest,,
642708,Amed Rosario,NYY,BAL,2026-09-25T20:05:00Z,Scheduled,5,Trevor Rogers,669432,L,R,9.36,0.1691,90.57,101.4309,0.4285,0.1706,0.3149,73.8,37.83,38.59,24.07,41.36,8.8,6.9,39.79,88.58,0.3795,0.1461,24.74,15.1,15.1,15.1,Yankee Stadium,119,63,11,12 deg,Open-Meteo forecast; MLB fallback,https://forecast.weather.gov/MapClick.php?lat=40.8296&lon=-73.9262,44,0,No,Yes,5,Yes,Yes,RotoWire projected lineup; MLB probable pitchers,lineup projected / unconfirmed,H:2026/2025 P:2026/2025,,,Direct BvP not yet weighted; 2026/2025 Statcast baseline active,7,4,22,0,"Last 7 games: 4/22, 0 HR","platoon edge; pitcher baseline 6.9% barrel, 15.1 HR allowed",neutral batted-ball profile; pitcher fly-ball pressure modest,,
806146,George Lombard,NYY,BAL,2026-09-25T20:05:00Z,Scheduled,6,Trevor Rogers,669432,L,R,7.7,0.16,86.3,98.4044,0.368,0.134,0.289,72.4,24.9,35.2,22.9,34.3,6.0,6.9,39.79,88.58,0.3795,0.1461,24.74,15.1,15.1,15.1,Yankee Stadium,119,63,11,12 deg,Open-Meteo forecast; MLB fallback,https://forecast.weather.gov/MapClick.php?lat=40.8296&lon=-73.9262,44,0,No,Yes,6,Yes,Yes,RotoWire projected lineup; MLB probable pitchers,lineup projected / unconfirmed,H:2026 P:2026/2025,,,Direct BvP not yet weighted; 2026/2025 Statcast baseline active,7,9,28,4,Hot streak: 4 HR in last 7 games,"platoon edge; pitcher baseline 6.9% barrel, 15.1 HR allowed",neutral batted-ball profile; pitcher fly-ball pressure modest,,
683011,Anthony Volpe,NYY,BAL,2026-09-25T20:05:00Z,Scheduled,7,Trevor Rogers,669432,L,R,6.3,0.1174,88.39,98.8125,0.3546,0.1246,0.2947,71.48,18.77,32.87,24.48,38.26,7.1,6.9,39.79,88.58,0.3795,0.1461,24.74,15.1,15.1,15.1,Yankee Stadium,119,63,11,12 deg,Open-Meteo forecast; MLB fallback,https://forecast.weather.gov/MapClick.php?lat=40.8296&lon=-73.9262,44,0,No,Yes,7,Yes,Yes,RotoWire projected lineup; MLB probable pitchers,lineup projected / unconfirmed,H:2026/2025 P:2026/2025,,,Direct BvP not yet weighted; 2026/2025 Statcast baseline active,7,6,27,0,"Last 7 games: 6/27, 0 HR","platoon edge; pitcher baseline 6.9% barrel, 15.1 HR allowed",neutral batted-ball profile; pitcher fly-ball pressure modest,,
669224,Austin Wells,NYY,BAL,2026-09-25T20:05:00Z,Scheduled,8,Trevor Rogers,669432,L,L,8.24,0.1624,89.76,100.6753,0.3683,0.1598,0.2945,72.98,28.09,45.05,34.05,43.59,15.4,6.9,39.79,88.58,0.3795,0.1461,24.74,15.1,15.1,15.1,Yankee Stadium,119,63,11,12 deg,Open-Meteo forecast; MLB fallback,https://forecast.weather.gov/MapClick.php?lat=40.8296&lon=-73.9262,44,0,No,Yes,8,Yes,Yes,RotoWire projected lineup; MLB probable pitchers,lineup projected / unconfirmed,H:2026/2025 P:2026/2025,,,Direct BvP not yet weighted; 2026/2025 Statcast baseline active,7,6,19,3,Hot streak: 3 HR in last 7 games,"same-side matchup; pitcher baseline 6.9% barrel, 15.1 HR allowed",neutral batted-ball profile; pitcher fly-ball pressure modest,,
676609,Jose Caballero,NYY,BAL,2026-09-25T20:05:00Z,Scheduled,9,Trevor Rogers,669432,L,R,4.71,0.1278,84.53,96.4163,0.3362,0.1101,0.2855,68.96,7.98,41.74,21.31,27.24,11.3,6.9,39.79,88.58,0.3795,0.1461,24.74,15.1,15.1,15.1,Yankee Stadium,119,63,11,12 deg,Open-Meteo forecast; MLB fallback,https://forecast.weather.gov/MapClick.php?lat=40.8296&lon=-73.9262,44,0,No,Yes,9,Yes,Yes,RotoWire projected lineup; MLB probable pitchers,lineup projected / unconfirmed,H:2026/2025 P:2026/2025,,,Direct BvP not yet weighted; 2026/2025 Statcast baseline active,7,3,15,0,"Last 7 games: 3/15, 0 HR","platoon edge; pitcher baseline 6.9% barrel, 15.1 HR allowed",neutral batted-ball profile; pitcher fly-ball pressure modest,,
502671,Paul Goldschmidt,NYY,BAL,2026-09-25T20:10:00Z,Scheduled,1,Brandon Young,687064,R,R,9.54,0.1801,87.81,99.306,0.4276,0.1805,0.3178,71.69,16.62,33.46,29.56,38.45,15.6,7.82,40.24,89.26,0.4117,0.1637,26.66,19.0,19.0,19.0,Yankee Stadium,119,63,11,12 deg,Open-Meteo forecast; MLB fallback,https://forecast.weather.gov/MapClick.php?lat=40.8296&lon=-73.9262,44,0,No,Yes,1,Yes,Yes,RotoWire projected lineup; MLB probable pitchers,lineup projected / unconfirmed,H:2026/2025 P:2026/2025,,,Direct BvP not yet weighted; 2026/2025 Statcast baseline active,7,5,15,0,Contact streak: 5/15 over last 7 games,"same-side matchup; pitcher baseline 7.8% barrel, 19.0 HR allowed",neutral batted-ball profile; pitcher fly-ball pressure modest,,
641355,Cody Bellinger,NYY,BAL,2026-09-25T20:10:00Z,Scheduled,2,Brandon Young,687064,R,L,6.94,0.18,88.86,98.5305,0.4166,0.1519,0.3328,69.89,4.82,44.15,32.13,37.69,20.6,7.82,40.24,89.26,0.4117,0.1637,26.66,19.0,19.0,19.0,Yankee Stadium,119,63,11,12 deg,Open-Meteo forecast; MLB fallback,https://forecast.weather.gov/MapClick.php?lat=40.8296&lon=-73.9262,44,0,No,Yes,2,Yes,Yes,RotoWire projected lineup; MLB probable pitchers,lineup projected / unconfirmed,H:2026/2025 P:2026/2025,,,Direct BvP not yet weighted; 2026/2025 Statcast baseline active,7,6,29,1,"Last 7 games: 6/29, 1 HR","platoon edge; pitcher baseline 7.8% barrel, 19.0 HR allowed",neutral batted-ball profile; pitcher fly-ball pressure modest,,
671218,Heliot Ramos,NYY,BAL,2026-09-25T20:10:00Z,Scheduled,3,Brandon Young,687064,R,R,12.37,0.1587,92.08,103.0196,0.4345,0.1834,0.3249,73.13,33.66,33.45,24.28,48.31,15.4,7.82,40.24,89.26,0.4117,0.1637,26.66,19.0,19.0,19.0,Yankee Stadium,119,63,11,12 deg,Open-Meteo forecast; MLB fallback,https://forecast.weather.gov/MapClick.php?lat=40.8296&lon=-73.9262,44,0,No,Yes,3,Yes,Yes,RotoWire projected lineup; MLB probable pitchers,lineup projected / unconfirmed,H:2026/2025 P:2026/2025,,,Direct BvP not yet weighted; 2026/2025 Statcast baseline active,7,6,27,2,Hot streak: 2 HR in last 7 games,"same-side matchup; pitcher baseline 7.8% barrel, 19.0 HR allowed",EV profile; pitcher fly-ball pressure modest,,
700250,Ben Rice,NYY,BAL,2026-09-25T20:10:00Z,Scheduled,4,Brandon Young,687064,R,L,14.56,0.265,92.25,102.4623,0.525,0.2534,0.3826,72.84,27.45,44.75,31.02,50.43,36.5,7.82,40.24,89.26,0.4117,0.1637,26.66,19.0,19.0,19.0,Yankee Stadium,119,63,11,12 deg,Open-Meteo forecast; MLB fallback,https://forecast.weather.gov/MapClick.php?lat=40.8296&lon=-73.9262,44,0,No,Yes,4,Yes,Yes,RotoWire projected lineup; MLB probable pitchers,lineup projected / unconfirmed,H:2026/2025 P:2026/2025,,,Direct BvP not yet weighted; 2026/2025 Statcast baseline active,7,6,23,3,Hot streak: 3 HR in last 7 games,"platoon edge; pitcher baseline 7.8% barrel, 19.0 HR allowed",lift-pull EV profile; pitcher fly-ball pressure modest,,
642708,Amed Rosario,NYY,BAL,2026-09-25T20:10:00Z,Scheduled,5,Brandon Young,687064,R,R,9.36,0.1691,90.57,101.4309,0.4285,0.1706,0.3149,73.8,37.83,38.59,24.07,41.36,8.8,7.82,40.24,89.26,0.4117,0.1637,26.66,19.0,19.0,19.0,Yankee Stadium,119,63,11,12 deg,Open-Meteo forecast; MLB fallback,https://forecast.weather.gov/MapClick.php?lat=40.8296&lon=-73.9262,44,0,No,Yes,5,Yes,Yes,RotoWire projected lineup; MLB probable pitchers,lineup projected / unconfirmed,H:2026/2025 P:2026/2025,,,Direct BvP not yet weighted; 2026/2025 Statcast baseline active,7,4,22,0,"Last 7 games: 4/22, 0 HR","same-side matchup; pitcher baseline 7.8% barrel, 19.0 HR allowed",neutral batted-ball profile; pitcher fly-ball pressure modest,,
806146,George Lombard,NYY,BAL,2026-09-25T20:10:00Z,Scheduled,6,Brandon Young,687064,R,R,7.7,0.16,86.3,98.4044,0.368,0.134,0.289,72.4,24.9,35.2,22.9,34.3,6.0,7.82,40.24,89.26,0.4117,0.1637,26.66,19.0,19.0,19.0,Yankee Stadium,119,63,11,12 deg,Open-Meteo forecast; MLB fallback,https://forecast.weather.gov/MapClick.php?lat=40.8296&lon=-73.9262,44,0,No,Yes,6,Yes,Yes,RotoWire projected lineup; MLB probable pitchers,lineup projected / unconfirmed,H:2026 P:2026/2025,,,Direct BvP not yet weighted; 2026/2025 Statcast baseline active,7,9,28,4,Hot streak: 4 HR in last 7 games,"same-side matchup; pitcher baseline 7.8% barrel, 19.0 HR allowed",neutral batted-ball profile; pitcher fly-ball pressure modest,,
683011,Anthony Volpe,NYY,BAL,2026-09-25T20:10:00Z,Scheduled,7,Brandon Young,687064,R,R,6.3,0.1174,88.39,98.8125,0.3546,0.1246,0.2947,71.48,18.77,32.87,24.48,38.26,7.1,7.82,40.24,89.26,0.4117,0.1637,26.66,19.0,19.0,19.0,Yankee Stadium,119,63,11,12 deg,Open-Meteo forecast; MLB fallback,https://forecast.weather.gov/MapClick.php?lat=40.8296&lon=-73.9262,44,0,No,Yes,7,Yes,Yes,RotoWire projected lineup; MLB probable pitchers,lineup projected / unconfirmed,H:2026/2025 P:2026/2025,,,Direct BvP not yet weighted; 2026/2025 Statcast baseline active,7,6,27,0,"Last 7 games: 6/27, 0 HR","same-side matchup; pitcher baseline 7.8% barrel, 19.0 HR allowed",neutral batted-ball profile; pitcher fly-ball pressure modest,,
669224,Austin Wells,NYY,BAL,2026-09-25T20:10:00Z,Scheduled,8,Brandon Young,687064,R,L,8.24,0.1624,89.76,100.6753,0.3683,0.1598,0.2945,72.98,28.09,45.05,34.05,43.59,15.4,7.82,40.24,89.26,0.4117,0.1637,26.66,19.0,19.0,19.0,Yankee Stadium,119,63,11,12 deg,Open-Meteo forecast; MLB fallback,https://forecast.weather.gov/MapClick.php?lat=40.8296&lon=-73.9262,44,0,No,Yes,8,Yes,Yes,RotoWire projected lineup; MLB probable pitchers,lineup projected / unconfirmed,H:2026/2025 P:2026/2025,,,Direct BvP not yet weighted; 2026/2025 Statcast baseline active,7,6,19,3,Hot streak: 3 HR in last 7 games,"platoon edge; pitcher baseline 7.8% barrel, 19.0 HR allowed",neutral batted-ball profile; pitcher fly-ball pressure modest,,
676609,Jose Caballero,NYY,BAL,2026-09-25T20:10:00Z,Scheduled,9,Brandon Young,687064,R,R,4.71,0.1278,84.53,96.4163,0.3362,0.1101,0.2855,68.96,7.98,41.74,21.31,27.24,11.3,7.82,40.24,89.26,0.4117,0.1637,26.66,19.0,19.0,19.0,Yankee Stadium,119,63,11,12 deg,Open-Meteo forecast; MLB fallback,https://forecast.weather.gov/MapClick.php?lat=40.8296&lon=-73.9262,44,0,No,Yes,9,Yes,Yes,RotoWire projected lineup; MLB probable pitchers,lineup projected / unconfirmed,H:2026/2025 P:2026/2025,,,Direct BvP not yet weighted; 2026/2025 Statcast baseline active,7,3,15,0,"Last 7 games: 3/15, 0 HR","same-side matchup; pitcher baseline 7.8% barrel, 19.0 HR allowed",neutral batted-ball profile; pitcher fly-ball pressure modest,,
665833,Oneil Cruz,PIT,DET,2026-09-25T22:40:00Z,Scheduled,1,Jackson Jobe,695549,R,L,16.46,0.199,94.47,106.281,0.4593,0.2189,0.3436,78.03,74.14,39.11,23.24,54.01,20.0,9.61,37.56,88.54,0.4065,0.1722,28.56,7.0,7.0,7.0,Comerica Park,100,58,5,61 deg,Open-Meteo forecast; MLB fallback,https://forecast.weather.gov/MapClick.php?lat=42.3390&lon=-83.0485,57,0,No,Yes,1,Yes,Yes,RotoWire projected lineup; MLB probable pitchers,lineup projected / unconfirmed,H:2026/2025 P:2026/2025,,,Direct BvP not yet weighted; 2026/2025 Statcast baseline active,7,11,28,2,Hot streak: 2 HR in last 7 games,"platoon edge; pitcher baseline 9.6% barrel, 7.0 HR allowed",EV profile; pitcher fly-ball pressure modest,,
804606,Konnor Griffin,PIT,DET,2026-09-25T22:40:00Z,Scheduled,2,Jackson Jobe,695549,R,R,6.5,0.125,87.9,100.4694,0.391,0.138,0.307,75.5,56.7,39.7,17.8,36.5,5.0,9.61,37.56,88.54,0.4065,0.1722,28.56,7.0,7.0,7.0,Comerica Park,100,58,5,61 deg,Open-Meteo forecast; MLB fallback,https://forecast.weather.gov/MapClick.php?lat=42.3390&lon=-83.0485,57,0,No,Yes,2,Yes,Yes,RotoWire projected lineup; MLB probable pitchers,lineup projected / unconfirmed,H:2026 P:2026/2025,,,Direct BvP not yet weighted; 2026/2025 Statcast baseline active,7,10,29,0,Contact streak: 10/29 over last 7 games,"same-side matchup; pitcher baseline 9.6% barrel, 7.0 HR allowed",neutral batted-ball profile; pitcher fly-ball pressure modest,,
664040,Brandon Lowe,PIT,DET,2026-09-25T22:40:00Z,Scheduled,3,Jackson Jobe,695549,R,L,12.58,0.2294,91.1,101.5258,0.4556,0.211,0.3329,73.66,39.6,46.09,32.64,46.04,33.1,9.61,37.56,88.54,0.4065,0.1722,28.56,7.0,7.0,7.0,Comerica Park,100,58,5,61 deg,Open-Meteo forecast; MLB fallback,https://forecast.weather.gov/MapClick.php?lat=42.3390&lon=-83.0485,57,0,No,Yes,3,Yes,Yes,RotoWire projected lineup; MLB probable pitchers,lineup projected / unconfirmed,H:2026/2025 P:2026/2025,,,Direct BvP not yet weighted; 2026/2025 Statcast baseline active,7,8,26,3,Hot streak: 3 HR in last 7 games,"platoon edge; pitcher baseline 9.6% barrel, 7.0 HR allowed",neutral batted-ball profile; pitcher fly-ball pressure modest,,
656811,Ryan O'Hearn,PIT,DET,2026-09-25T22:40:00Z,Scheduled,4,Jackson Jobe,695549,R,L,6.9,0.1735,89.19,99.2657,0.4057,0.1523,0.3225,71.1,11.5,38.87,27.66,42.43,17.7,9.61,37.56,88.54,0.4065,0.1722,28.56,7.0,7.0,7.0,Comerica Park,100,58,5,61 deg,Open-Meteo forecast; MLB fallback,https://forecast.weather.gov/MapClick.php?lat=42.3390&lon=-83.0485,57,0,No,Yes,4,Yes,Yes,RotoWire projected lineup; MLB probable pitchers,lineup projected / unconfirmed,H:2026/2025 P:2026/2025,,,Direct BvP not yet weighted; 2026/2025 Statcast baseline active,7,6,24,0,"Last 7 games: 6/24, 0 HR","platoon edge; pitcher baseline 9.6% barrel, 7.0 HR allowed",neutral batted-ball profile; pitcher fly-ball pressure modest,,
693304,Nick Gonzales,PIT,DET,2026-09-25T22:40:00Z,Scheduled,5,Jackson Jobe,695549,R,R,3.59,0.0915,87.12,98.1996,0.3792,0.1077,0.3148,70.71,12.52,36.8,21.68,35.44,5.7,9.61,37.56,88.54,0.4065,0.1722,28.56,7.0,7.0,7.0,Comerica Park,100,58,5,61 deg,Open-Meteo forecast; MLB fallback,https://forecast.weather.gov/MapClick.php?lat=42.3390&lon=-83.0485,57,0,No,Yes,5,Yes,Yes,RotoWire projected lineup; MLB probable pitchers,lineup projected / unconfirmed,H:2026/2025 P:2026/2025,,,Direct BvP not yet weighted; 2026/2025 Statcast baseline active,7,4,22,0,"Last 7 games: 4/22, 0 HR","same-side matchup; pitcher baseline 9.6% barrel, 7.0 HR allowed",neutral batted-ball profile; pitcher fly-ball pressure modest,,
682927,Ronny Simon,PIT,DET,2026-09-25T22:40:00Z,Scheduled,6,Jackson Jobe,695549,R,S,4.87,0.088,87.63,98.4961,0.3801,0.1156,0.3062,71.87,23.37,37.04,16.97,31.93,0.7,9.61,37.56,88.54,0.4065,0.1722,28.56,7.0,7.0,7.0,Comerica Park,100,58,5,61 deg,Open-Meteo forecast; MLB fallback,https://forecast.weather.gov/MapClick.php?lat=42.3390&lon=-83.0485,57,0,No,Yes,6,Yes,Yes,RotoWire projected lineup; MLB probable pitchers,lineup projected / unconfirmed,H:2026/2025 P:2026/2025,,,Direct BvP not yet weighted; 2026/2025 Statcast baseline active,7,4,21,1,"Last 7 games: 4/21, 1 HR","switch hitter; pitcher baseline 9.6% barrel, 7.0 HR allowed",neutral batted-ball profile; pitcher fly-ball pressure modest,,
687462,Spencer Horwitz,PIT,DET,2026-09-25T22:40:00Z,Scheduled,7,Jackson Jobe,695549,R,L,6.55,0.1333,86.98,97.4124,0.3685,0.1318,0.3183,68.54,5.25,39.52,27.63,32.36,10.3,9.61,37.56,88.54,0.4065,0.1722,28.56,7.0,7.0,7.0,Comerica Park,100,58,5,61 deg,Open-Meteo forecast; MLB fallback,https://forecast.weather.gov/MapClick.php?lat=42.3390&lon=-83.0485,57,0,No,Yes,7,Yes,Yes,RotoWire projected lineup; MLB probable pitchers,lineup projected / unconfirmed,H:2026/2025 P:2026/2025,,,Direct BvP not yet weighted; 2026/2025 Statcast baseline active,7,5,18,0,"Last 7 games: 5/18, 0 HR","platoon edge; pitcher baseline 9.6% barrel, 7.0 HR allowed",neutral batted-ball profile; pitcher fly-ball pressure modest,,
663968,Jake Mangum,PIT,DET,2026-09-25T22:40:00Z,Scheduled,8,Jackson Jobe,695549,R,S,2.49,0.0846,86.25,96.8073,0.3339,0.0857,0.2837,67.72,4.43,28.21,16.26,29.41,4.4,9.61,37.56,88.54,0.4065,0.1722,28.56,7.0,7.0,7.0,Comerica Park,100,58,5,61 deg,Open-Meteo forecast; MLB fallback,https://forecast.weather.gov/MapClick.php?lat=42.3390&lon=-83.0485,57,0,No,Yes,8,Yes,Yes,RotoWire projected lineup; MLB probable pitchers,lineup projected / unconfirmed,H:2026/2025 P:2026/2025,,,Direct BvP not yet weighted; 2026/2025 Statcast baseline active,7,4,23,1,"Last 7 games: 4/23, 1 HR","switch hitter; pitcher baseline 9.6% barrel, 7.0 HR allowed",neutral batted-ball profile; pitcher fly-ball pressure modest,,
680779,Henry Davis,PIT,DET,2026-09-25T22:40:00Z,Scheduled,9,Jackson Jobe,695549,R,R,9.61,0.1341,89.79,100.5722,0.3568,0.1543,0.2923,74.18,42.21,49.18,27.47,39.71,9.1,9.61,37.56,88.54,0.4065,0.1722,28.56,7.0,7.0,7.0,Comerica Park,100,58,5,61 deg,Open-Meteo forecast; MLB fallback,https://forecast.weather.gov/MapClick.php?lat=42.3390&lon=-83.0485,57,0,No,Yes,9,Yes,Yes,RotoWire projected lineup; MLB probable pitchers,lineup projected / unconfirmed,H:2026/2025 P:2026/2025,,,Direct BvP not yet weighted; 2026/2025 Statcast baseline active,7,2,16,1,"Last 7 games: 2/16, 1 HR","same-side matchup; pitcher baseline 9.6% barrel, 7.0 HR allowed",neutral batted-ball profile; pitcher fly-ball pressure modest,,
650490,Yandy Diaz,TB,PHI,2026-09-25T22:40:00Z,Scheduled,1,Cristopher Sánchez,650911,L,R,7.6,0.1624,91.53,103.21,0.4453,0.1635,0.3484,73.5,37.44,23.81,19.72,49.35,22.9,6.82,41.2,89.28,0.359,0.1256,16.83,16.2,16.2,16.2,Citizens Bank Park,112,62,5,18 deg,Open-Meteo forecast; MLB fallback,https://forecast.weather.gov/MapClick.php?lat=39.9061&lon=-75.1665,52,0,No,Yes,1,Yes,Yes,RotoWire projected lineup; MLB probable pitchers,lineup projected / unconfirmed,H:2026/2025 P:2026/2025,,,Direct BvP not yet weighted; 2026/2025 Statcast baseline active,7,4,28,0,"Last 7 games: 4/28, 0 HR","platoon edge; pitcher baseline 6.8% barrel, 16.2 HR allowed",neutral batted-ball profile; pitcher fly-ball pressure modest,,
689414,Liam Hicks,TB,PHI,2026-09-25T22:40:00Z,Scheduled,2,Cristopher Sánchez,650911,L,L,3.74,0.1354,84.46,96.0575,0.3549,0.099,0.3192,68.03,3.79,41.26,24.15,27.0,14.4,6.82,41.2,89.28,0.359,0.1256,16.83,16.2,16.2,16.2,Citizens Bank Park,112,62,5,18 deg,Open-Meteo forecast; MLB fallback,https://forecast.weather.gov/MapClick.php?lat=39.9061&lon=-75.1665,52,0,No,Yes,2,Yes,Yes,RotoWire projected lineup; MLB probable pitchers,lineup projected / unconfirmed,H:2026/2025 P:2026/2025,,,Direct BvP not yet weighted; 2026/2025 Statcast baseline active,7,4,19,0,"Last 7 games: 4/19, 0 HR","same-side matchup; pitcher baseline 6.8% barrel, 16.2 HR allowed",neutral batted-ball profile; pitcher fly-ball pressure modest,,
691406,Junior Caminero,TB,PHI,2026-09-25T22:40:00Z,Scheduled,3,Cristopher Sánchez,650911,L,R,13.09,0.2556,92.54,104.8811,0.4926,0.2271,0.3558,79.2,83.78,45.03,23.35,49.86,42.2,6.82,41.2,89.28,0.359,0.1256,16.83,16.2,16.2,16.2,Citizens Bank Park,112,62,5,18 deg,Open-Meteo forecast; MLB fallback,https://forecast.weather.gov/MapClick.php?lat=39.9061&lon=-75.1665,52,0,No,Yes,3,Yes,Yes,RotoWire projected lineup; MLB probable pitchers,lineup projected / unconfirmed,H:2026/2025 P:2026/2025,,,Direct BvP not yet weighted; 2026/2025 Statcast baseline active,7,6,26,0,"Last 7 games: 6/26, 0 HR","platoon edge; pitcher baseline 6.8% barrel, 16.2 HR allowed",EV profile; pitcher fly-ball pressure modest,,
683748,Victor Mesa,TB,PHI,2026-09-25T22:40:00Z,Scheduled,4,Cristopher Sánchez,650911,L,L,10.11,0.2176,89.63,100.0914,0.4381,0.1949,0.3333,73.65,32.95,41.15,33.77,40.87,10.1,6.82,41.2,89.28,0.359,0.1256,16.83,16.2,16.2,16.2,Citizens Bank Park,112,62,5,18 deg,Open-Meteo forecast; MLB fallback,https://forecast.weather.gov/MapClick.php?lat=39.9061&lon=-75.1665,52,0,No,Yes,4,Yes,Yes,RotoWire projected lineup; MLB probable pitchers,lineup projected / unconfirmed,H:2026/2025 P:2026/2025,,,Direct BvP not yet weighted; 2026/2025 Statcast baseline active,7,4,24,1,"Last 7 games: 4/24, 1 HR","same-side matchup; pitcher baseline 6.8% barrel, 16.2 HR allowed",neutral batted-ball profile; pitcher fly-ball pressure modest,,
802415,Chandler Simpson,TB,PHI,2026-09-25T22:40:00Z,Scheduled,5,Cristopher Sánchez,650911,L,L,0.0,0.05,83.81,92.9129,0.3101,0.0382,0.2746,64.8,0.44,28.41,12.51,14.71,0.0,6.82,41.2,89.28,0.359,0.1256,16.83,16.2,16.2,16.2,Citizens Bank Park,112,62,5,18 deg,Open-Meteo forecast; MLB fallback,https://forecast.weather.gov/MapClick.php?lat=39.9061&lon=-75.1665,52,0,No,Yes,5,Yes,Yes,RotoWire projected lineup; MLB probable pitchers,lineup projected / unconfirmed,H:2026/2025 P:2026/2025,,,Direct BvP not yet weighted; 2026/2025 Statcast baseline active,7,8,29,0,"Last 7 games: 8/29, 0 HR","same-side matchup; pitcher baseline 6.8% barrel, 16.2 HR allowed",neutral batted-ball profile; pitcher fly-ball pressure modest,,
676356,Jonny DeLuca,TB,PHI,2026-09-25T22:40:00Z,Scheduled,6,Cristopher Sánchez,650911,L,R,2.79,0.1433,85.74,97.6601,0.3248,0.0872,0.26,72.68,28.17,46.23,22.41,30.33,6.3,6.82,41.2,89.28,0.359,0.1256,16.83,16.2,16.2,16.2,Citizens Bank Park,112,62,5,18 deg,Open-Meteo forecast; MLB fallback,https://forecast.weather.gov/MapClick.php?lat=39.9061&lon=-75.1665,52,0,No,Yes,6,Yes,Yes,RotoWire projected lineup; MLB probable pitchers,lineup projected / unconfirmed,H:2026/2025 P:2026/2025,,,Direct BvP not yet weighted; 2026/2025 Statcast baseline active,7,6,23,0,"Last 7 games: 6/23, 0 HR","platoon edge; pitcher baseline 6.8% barrel, 16.2 HR allowed",neutral batted-ball profile; pitcher fly-ball pressure modest,,
680700,Richie Palacios,TB,PHI,2026-09-25T22:40:00Z,Scheduled,7,Cristopher Sánchez,650911,L,L,4.64,0.1337,87.45,97.1046,0.3709,0.1018,0.3243,68.84,3.87,36.39,21.4,33.46,7.3,6.82,41.2,89.28,0.359,0.1256,16.83,16.2,16.2,16.2,Citizens Bank Park,112,62,5,18 deg,Open-Meteo forecast; MLB fallback,https://forecast.weather.gov/MapClick.php?lat=39.9061&lon=-75.1665,52,0,No,Yes,7,Yes,Yes,RotoWire projected lineup; MLB probable pitchers,lineup projected / unconfirmed,H:2026/2025 P:2026/2025,,,Direct BvP not yet weighted; 2026/2025 Statcast baseline active,7,4,15,0,"Last 7 games: 4/15, 0 HR","same-side matchup; pitcher baseline 6.8% barrel, 16.2 HR allowed",neutral batted-ball profile; pitcher fly-ball pressure modest,,
668723,Ryan Vilade,TB,PHI,2026-09-25T22:40:00Z,Scheduled,8,Cristopher Sánchez,650911,L,R,9.0,0.1344,91.7,102.7409,0.404,0.1611,0.3223,75.84,58.77,24.29,24.82,50.92,7.7,6.82,41.2,89.28,0.359,0.1256,16.83,16.2,16.2,16.2,Citizens Bank Park,112,62,5,18 deg,Open-Meteo forecast; MLB fallback,https://forecast.weather.gov/MapClick.php?lat=39.9061&lon=-75.1665,52,0,No,Yes,8,Yes,Yes,RotoWire projected lineup; MLB probable pitchers,lineup projected / unconfirmed,H:2026/2025 P:2026/2025,,,Direct BvP not yet weighted; 2026/2025 Statcast baseline active,7,2,22,0,"Last 7 games: 2/22, 0 HR","platoon edge; pitcher baseline 6.8% barrel, 16.2 HR allowed",neutral batted-ball profile; pitcher fly-ball pressure modest,,
670764,Taylor Walls,TB,PHI,2026-09-25T22:40:00Z,Scheduled,9,Cristopher Sánchez,650911,L,S,2.22,0.0801,85.95,95.5007,0.274,0.0773,0.254,68.35,2.06,38.68,28.49,23.18,2.6,6.82,41.2,89.28,0.359,0.1256,16.83,16.2,16.2,16.2,Citizens Bank Park,112,62,5,18 deg,Open-Meteo forecast; MLB fallback,https://forecast.weather.gov/MapClick.php?lat=39.9061&lon=-75.1665,52,0,No,Yes,9,Yes,Yes,RotoWire projected lineup; MLB probable pitchers,lineup projected / unconfirmed,H:2026/2025 P:2026/2025,,,Direct BvP not yet weighted; 2026/2025 Statcast baseline active,7,5,17,0,"Last 7 games: 5/17, 0 HR","switch hitter; pitcher baseline 6.8% barrel, 16.2 HR allowed",neutral batted-ball profile; pitcher fly-ball pressure modest,,
656941,Kyle Schwarber,PHI,TB,2026-09-25T22:40:00Z,Scheduled,1,Freddy Peralta,642547,R,L,17.37,0.2887,92.83,103.9779,0.5166,0.2784,0.3751,77.16,75.28,54.0,33.25,52.11,48.3,6.92,36.6,87.65,0.3694,0.1438,28.62,22.4,22.4,22.4,Citizens Bank Park,112,62,5,18 deg,Open-Meteo forecast; MLB fallback,https://forecast.weather.gov/MapClick.php?lat=39.9061&lon=-75.1665,52,0,No,Yes,1,Yes,Yes,RotoWire projected lineup; MLB probable pitchers,lineup projected / unconfirmed,H:2026/2025 P:2026/2025,,,Direct BvP not yet weighted; 2026/2025 Statcast baseline active,7,3,22,0,"Last 7 games: 3/22, 0 HR","platoon edge; pitcher baseline 6.9% barrel, 22.4 HR allowed",lift-pull EV profile; pitcher fly-ball pressure modest,,
607208,Trea Turner,PHI,TB,2026-09-25T22:40:00Z,Scheduled,2,Freddy Peralta,642547,R,R,6.08,0.1432,88.6,99.2152,0.3778,0.1274,0.3021,71.38,18.37,35.59,24.92,39.79,17.8,6.92,36.6,87.65,0.3694,0.1438,28.62,22.4,22.4,22.4,Citizens Bank Park,112,62,5,18 deg,Open-Meteo forecast; MLB fallback,https://forecast.weather.gov/MapClick.php?lat=39.9061&lon=-75.1665,52,0,No,Yes,2,Yes,Yes,RotoWire projected lineup; MLB probable pitchers,lineup projected / unconfirmed,H:2026/2025 P:2026/2025,,,Direct BvP not yet weighted; 2026/2025 Statcast baseline active,7,6,26,0,"Last 7 games: 6/26, 0 HR","same-side matchup; pitcher baseline 6.9% barrel, 22.4 HR allowed",neutral batted-ball profile; pitcher fly-ball pressure modest,,
547180,Bryce Harper,PHI,TB,2026-09-25T22:40:00Z,Scheduled,3,Freddy Peralta,642547,R,L,10.97,0.2204,90.46,101.6973,0.4843,0.2156,0.3764,74.1,45.22,38.33,27.03,44.63,27.7,6.92,36.6,87.65,0.3694,0.1438,28.62,22.4,22.4,22.4,Citizens Bank Park,112,62,5,18 deg,Open-Meteo forecast; MLB fallback,https://forecast.weather.gov/MapClick.php?lat=39.9061&lon=-75.1665,52,0,No,Yes,3,Yes,Yes,RotoWire projected lineup; MLB probable pitchers,lineup projected / unconfirmed,H:2026/2025 P:2026/2025,,,Direct BvP not yet weighted; 2026/2025 Statcast baseline active,7,7,27,0,"Last 7 games: 7/27, 0 HR","platoon edge; pitcher baseline 6.9% barrel, 22.4 HR allowed",neutral batted-ball profile; pitcher fly-ball pressure modest,,
650333,Luis Arraez,PHI,TB,2026-09-25T22:40:00Z,Scheduled,4,Freddy Peralta,642547,R,L,1.17,0.107,86.31,93.9097,0.3728,0.0844,0.3065,62.92,0.19,30.45,28.31,18.38,6.6,6.92,36.6,87.65,0.3694,0.1438,28.62,22.4,22.4,22.4,Citizens Bank Park,112,62,5,18 deg,Open-Meteo forecast; MLB fallback,https://forecast.weather.gov/MapClick.php?lat=39.9061&lon=-75.1665,52,0,No,Yes,4,Yes,Yes,RotoWire projected lineup; MLB probable pitchers,lineup projected / unconfirmed,H:2026/2025 P:2026/2025,,,Direct BvP not yet weighted; 2026/2025 Statcast baseline active,7,5,26,0,"Last 7 games: 5/26, 0 HR","platoon edge; pitcher baseline 6.9% barrel, 22.4 HR allowed",neutral batted-ball profile; pitcher fly-ball pressure modest,,
664761,Alec Bohm,PHI,TB,2026-09-25T22:40:00Z,Scheduled,5,Freddy Peralta,642547,R,R,6.2,0.1325,90.66,100.4688,0.4158,0.146,0.3282,71.28,15.4,28.21,22.44,44.65,13.8,6.92,36.6,87.65,0.3694,0.1438,28.62,22.4,22.4,22.4,Citizens Bank Park,112,62,5,18 deg,Open-Meteo forecast; MLB fallback,https://forecast.weather.gov/MapClick.php?lat=39.9061&lon=-75.1665,52,0,No,Yes,5,Yes,Yes,RotoWire projected lineup; MLB probable pitchers,lineup projected / unconfirmed,H:2026/2025 P:2026/2025,,,Direct BvP not yet weighted; 2026/2025 Statcast baseline active,7,8,27,0,"Last 7 games: 8/27, 0 HR","same-side matchup; pitcher baseline 6.9% barrel, 22.4 HR allowed",neutral batted-ball profile; pitcher fly-ball pressure modest,,
650559,Bryan De La Cruz,PHI,TB,2026-09-25T22:40:00Z,Scheduled,6,Freddy Peralta,642547,R,R,5.99,0.1095,89.82,100.2739,0.3367,0.1098,0.2751,70.99,16.86,38.6,19.45,45.33,1.4,6.92,36.6,87.65,0.3694,0.1438,28.62,22.4,22.4,22.4,Citizens Bank Park,112,62,5,18 deg,Open-Meteo forecast; MLB fallback,https://forecast.weather.gov/MapClick.php?lat=39.9061&lon=-75.1665,52,0,No,Yes,6,Yes,Yes,RotoWire projected lineup; MLB probable pitchers,lineup projected / unconfirmed,H:2026/2025 P:2026/2025,,,Direct BvP not yet weighted; 2026/2025 Statcast baseline active,7,4,18,0,"Last 7 games: 4/18, 0 HR","same-side matchup; pitcher baseline 6.9% barrel, 22.4 HR allowed",neutral batted-ball profile; pitcher fly-ball pressure modest,,
681082,Bryson Stott,PHI,TB,2026-09-25T22:40:00Z,Scheduled,7,Freddy Peralta,642547,R,L,5.8,0.1396,88.72,98.3246,0.3986,0.139,0.3235,69.72,6.68,34.45,27.73,34.82,10.9,6.92,36.6,87.65,0.3694,0.1438,28.62,22.4,22.4,22.4,Citizens Bank Park,112,62,5,18 deg,Open-Meteo forecast; MLB fallback,https://forecast.weather.gov/MapClick.php?lat=39.9061&lon=-75.1665,52,0,No,Yes,7,Yes,Yes,RotoWire projected lineup; MLB probable pitchers,lineup projected / unconfirmed,H:2026/2025 P:2026/2025,,,Direct BvP not yet weighted; 2026/2025 Statcast baseline active,7,7,24,0,"Last 7 games: 7/24, 0 HR","platoon edge; pitcher baseline 6.9% barrel, 22.4 HR allowed",neutral batted-ball profile; pitcher fly-ball pressure modest,,
592663,J.T. Realmuto,PHI,TB,2026-09-25T22:40:00Z,Scheduled,8,Freddy Peralta,642547,R,R,6.49,0.127,89.72,100.0698,0.3942,0.1433,0.3167,72.77,30.54,41.25,26.08,41.65,11.3,6.92,36.6,87.65,0.3694,0.1438,28.62,22.4,22.4,22.4,Citizens Bank Park,112,62,5,18 deg,Open-Meteo forecast; MLB fallback,https://forecast.weather.gov/MapClick.php?lat=39.9061&lon=-75.1665,52,0,No,Yes,8,Yes,Yes,RotoWire projected lineup; MLB probable pitchers,lineup projected / unconfirmed,H:2026/2025 P:2026/2025,,,Direct BvP not yet weighted; 2026/2025 Statcast baseline active,7,0,24,0,"Last 7 games: 0/24, 0 HR","same-side matchup; pitcher baseline 6.9% barrel, 22.4 HR allowed",neutral batted-ball profile; pitcher fly-ball pressure modest,,
702222,Justin Crawford,PHI,TB,2026-09-25T22:40:00Z,Scheduled,9,Freddy Peralta,642547,R,L,1.8,0.092,87.0,98.1112,0.326,0.069,0.284,69.2,6.1,29.2,16.3,35.3,3.0,6.92,36.6,87.65,0.3694,0.1438,28.62,22.4,22.4,22.4,Citizens Bank Park,112,62,5,18 deg,Open-Meteo forecast; MLB fallback,https://forecast.weather.gov/MapClick.php?lat=39.9061&lon=-75.1665,52,0,No,Yes,9,Yes,Yes,RotoWire projected lineup; MLB probable pitchers,lineup projected / unconfirmed,H:2026 P:2026/2025,,,Direct BvP not yet weighted; 2026/2025 Statcast baseline active,7,4,19,0,"Last 7 games: 4/19, 0 HR","platoon edge; pitcher baseline 6.9% barrel, 22.4 HR allowed",neutral batted-ball profile; pitcher fly-ball pressure modest,,
596019,Francisco Lindor,NYM,WSH,2026-09-25T22:45:00Z,Scheduled,1,Andrew Alvarez,674841,L,S,8.97,0.1976,91.13,100.5287,0.44,0.194,0.3359,72.23,24.49,44.13,32.12,47.76,23.3,4.75,38.98,88.83,0.3388,0.106,18.32,3.8,3.8,3.8,Nationals Park,101,60,5,79 deg,Open-Meteo forecast; MLB fallback,https://forecast.weather.gov/MapClick.php?lat=38.8730&lon=-77.0074,66,0,No,Yes,1,Yes,Yes,RotoWire projected lineup; MLB probable pitchers,lineup projected / unconfirmed,H:2026/2025 P:2026/2025,,,Direct BvP not yet weighted; 2026/2025 Statcast baseline active,7,5,30,0,"Last 7 games: 5/30, 0 HR","switch hitter; pitcher baseline 4.8% barrel, 3.8 HR allowed",neutral batted-ball profile; pitcher fly-ball pressure modest,,
665742,Juan Soto,NYM,WSH,2026-09-25T22:45:00Z,Scheduled,2,Andrew Alvarez,674841,L,L,15.33,0.2536,93.03,103.1668,0.5863,0.293,0.4178,72.83,32.47,39.95,31.28,50.47,31.8,4.75,38.98,88.83,0.3388,0.106,18.32,3.8,3.8,3.8,Nationals Park,101,60,5,79 deg,Open-Meteo forecast; MLB fallback,https://forecast.weather.gov/MapClick.php?lat=38.8730&lon=-77.0074,66,0,No,Yes,2,Yes,Yes,RotoWire projected lineup; MLB probable pitchers,lineup projected / unconfirmed,H:2026/2025 P:2026/2025,,,Direct BvP not yet weighted; 2026/2025 Statcast baseline active,7,8,26,2,Hot streak: 2 HR in last 7 games,"same-side matchup; pitcher baseline 4.8% barrel, 3.8 HR allowed",lift-pull EV profile; pitcher fly-ball pressure modest,,
666182,Bo Bichette,NYM,WSH,2026-09-25T22:45:00Z,Scheduled,3,Andrew Alvarez,674841,L,R,6.85,0.1405,90.02,101.0776,0.4359,0.1517,0.3355,69.59,12.81,26.63,22.74,43.97,17.3,4.75,38.98,88.83,0.3388,0.106,18.32,3.8,3.8,3.8,Nationals Park,101,60,5,79 deg,Open-Meteo forecast; MLB fallback,https://forecast.weather.gov/MapClick.php?lat=38.8730&lon=-77.0074,66,0,No,Yes,3,Yes,Yes,RotoWire projected lineup; MLB probable pitchers,lineup projected / unconfirmed,H:2026/2025 P:2026/2025,,,Direct BvP not yet weighted; 2026/2025 Statcast baseline active,7,5,29,1,"Last 7 games: 5/29, 1 HR","platoon edge; pitcher baseline 4.8% barrel, 3.8 HR allowed",neutral batted-ball profile; pitcher fly-ball pressure modest,,
701807,Carson Benge,NYM,WSH,2026-09-25T22:45:00Z,Scheduled,4,Andrew Alvarez,674841,L,L,7.3,0.145,88.8,99.6028,0.434,0.157,0.339,71.0,17.1,33.1,27.9,39.0,19.0,4.75,38.98,88.83,0.3388,0.106,18.32,3.8,3.8,3.8,Nationals Park,101,60,5,79 deg,Open-Meteo forecast; MLB fallback,https://forecast.weather.gov/MapClick.php?lat=38.8730&lon=-77.0074,66,0,No,Yes,4,Yes,Yes,RotoWire projected lineup; MLB probable pitchers,lineup projected / unconfirmed,H:2026 P:2026/2025,,,Direct BvP not yet weighted; 2026/2025 Statcast baseline active,7,10,28,1,Contact streak: 10/28 over last 7 games,"same-side matchup; pitcher baseline 4.8% barrel, 3.8 HR allowed",neutral batted-ball profile; pitcher fly-ball pressure modest,,
683146,Brett Baty,NYM,WSH,2026-09-25T22:45:00Z,Scheduled,5,Andrew Alvarez,674841,L,L,11.08,0.1516,90.56,101.8115,0.4234,0.1798,0.3242,75.15,54.0,35.4,26.59,43.4,13.1,4.75,38.98,88.83,0.3388,0.106,18.32,3.8,3.8,3.8,Nationals Park,101,60,5,79 deg,Open-Meteo forecast; MLB fallback,https://forecast.weather.gov/MapClick.php?lat=38.8730&lon=-77.0074,66,0,No,Yes,5,Yes,Yes,RotoWire projected lineup; MLB probable pitchers,lineup projected / unconfirmed,H:2026/2025 P:2026/2025,,,Direct BvP not yet weighted; 2026/2025 Statcast baseline active,7,7,14,1,Contact streak: 7/14 over last 7 games,"same-side matchup; pitcher baseline 4.8% barrel, 3.8 HR allowed",neutral batted-ball profile; pitcher fly-ball pressure modest,,
543760,Marcus Semien,NYM,WSH,2026-09-25T22:45:00Z,Scheduled,6,Andrew Alvarez,674841,L,R,6.17,0.1284,87.18,97.4194,0.3845,0.1418,0.3075,68.57,3.48,46.21,32.84,34.16,15.0,4.75,38.98,88.83,0.3388,0.106,18.32,3.8,3.8,3.8,Nationals Park,101,60,5,79 deg,Open-Meteo forecast; MLB fallback,https://forecast.weather.gov/MapClick.php?lat=38.8730&lon=-77.0074,66,0,No,Yes,6,Yes,Yes,RotoWire projected lineup; MLB probable pitchers,lineup projected / unconfirmed,H:2026/2025 P:2026/2025,,,Direct BvP not yet weighted; 2026/2025 Statcast baseline active,7,4,26,1,"Last 7 games: 4/26, 1 HR","platoon edge; pitcher baseline 4.8% barrel, 3.8 HR allowed",neutral batted-ball profile; pitcher fly-ball pressure modest,,
805999,A.J. Ewing,NYM,WSH,2026-09-25T22:45:00Z,Scheduled,7,Andrew Alvarez,674841,L,L,6.8,0.12,89.4,99.906,0.394,0.137,0.318,70.5,12.6,31.2,24.1,41.5,10.0,4.75,38.98,88.83,0.3388,0.106,18.32,3.8,3.8,3.8,Nationals Park,101,60,5,79 deg,Open-Meteo forecast; MLB fallback,https://forecast.weather.gov/MapClick.php?lat=38.8730&lon=-77.0074,66,0,No,Yes,7,Yes,Yes,RotoWire projected lineup; MLB probable pitchers,lineup projected / unconfirmed,H:2026 P:2026/2025,,,Direct BvP not yet weighted; 2026/2025 Statcast baseline active,7,6,24,0,"Last 7 games: 6/24, 0 HR","same-side matchup; pitcher baseline 4.8% barrel, 3.8 HR allowed",neutral batted-ball profile; pitcher fly-ball pressure modest,,
620443,Luis Torrens,NYM,WSH,2026-09-25T22:45:00Z,Scheduled,8,Andrew Alvarez,674841,L,R,7.2,0.1512,89.27,99.6047,0.3945,0.1492,0.3058,70.35,7.57,31.08,21.53,43.2,7.8,4.75,38.98,88.83,0.3388,0.106,18.32,3.8,3.8,3.8,Nationals Park,101,60,5,79 deg,Open-Meteo forecast; MLB fallback,https://forecast.weather.gov/MapClick.php?lat=38.8730&lon=-77.0074,66,0,No,Yes,8,Yes,Yes,RotoWire projected lineup; MLB probable pitchers,lineup projected / unconfirmed,H:2026/2025 P:2026/2025,,,Direct BvP not yet weighted; 2026/2025 Statcast baseline active,7,4,19,1,"Last 7 games: 4/19, 1 HR","platoon edge; pitcher baseline 4.8% barrel, 3.8 HR allowed",neutral batted-ball profile; pitcher fly-ball pressure modest,,
703492,Nick Morabito,NYM,WSH,2026-09-25T22:45:00Z,Scheduled,9,Andrew Alvarez,674841,L,R,0.0,0.027,90.3,100.2027,0.319,0.05,0.31,70.6,23.2,33.3,8.3,45.8,0.0,4.75,38.98,88.83,0.3388,0.106,18.32,3.8,3.8,3.8,Nationals Park,101,60,5,79 deg,Open-Meteo forecast; MLB fallback,https://forecast.weather.gov/MapClick.php?lat=38.8730&lon=-77.0074,66,0,No,Yes,9,Yes,Yes,RotoWire projected lineup; MLB probable pitchers,lineup projected / unconfirmed,H:2026 P:2026/2025,,,Direct BvP not yet weighted; 2026/2025 Statcast baseline active,7,4,18,0,"Last 7 games: 4/18, 0 HR","platoon edge; pitcher baseline 4.8% barrel, 3.8 HR allowed",neutral batted-ball profile; pitcher fly-ball pressure modest,,
699115,Carlos Jorge,CIN,TOR,2026-09-25T23:07:00Z,Scheduled,1,,,,L,5.0,0.067,79.6,90.289,0.276,0.073,0.238,68.9,3.3,30.0,15.0,15.0,0.0,,,,,,,,,,Rogers Centre,105,57,4,43 deg,Open-Meteo forecast; MLB fallback,https://forecast.weather.gov/MapClick.php?lat=43.6414&lon=-79.3894,68,0,No,Yes,1,Yes,Yes,RotoWire projected lineup; MLB probable pitchers,lineup projected / unconfirmed,H:2026 P:,,,Direct BvP not yet weighted; 2026/2025 Statcast baseline active,7,3,15,1,"Last 7 games: 3/15, 1 HR","handedness incomplete; pitcher baseline 0.0% barrel, 0.0 HR allowed",neutral batted-ball profile; pitcher fly-ball pressure modest,,
682829,Elly De La Cruz,CIN,TOR,2026-09-25T23:07:00Z,Scheduled,2,,,,S,14.43,0.2152,93.59,104.4967,0.4786,0.2066,0.3591,75.66,56.01,34.89,24.82,50.92,26.9,,,,,,,,,,Rogers Centre,105,57,4,43 deg,Open-Meteo forecast; MLB fallback,https://forecast.weather.gov/MapClick.php?lat=43.6414&lon=-79.3894,68,0,No,Yes,2,Yes,Yes,RotoWire projected lineup; MLB probable pitchers,lineup projected / unconfirmed,H:2026/2025 P:,,,Direct BvP not yet weighted; 2026/2025 Statcast baseline active,7,6,23,2,Hot streak: 2 HR in last 7 games,"switch hitter; pitcher baseline 0.0% barrel, 0.0 HR allowed",EV profile; pitcher fly-ball pressure modest,,
701398,Sal Stewart,CIN,TOR,2026-09-25T23:07:00Z,Scheduled,3,,,,R,14.19,0.2263,91.9,101.6527,0.5194,0.2512,0.3625,72.1,26.51,38.15,31.88,44.8,23.9,,,,,,,,,,Rogers Centre,105,57,4,43 deg,Open-Meteo forecast; MLB fallback,https://forecast.weather.gov/MapClick.php?lat=43.6414&lon=-79.3894,68,0,No,Yes,3,Yes,Yes,RotoWire projected lineup; MLB probable pitchers,lineup projected / unconfirmed,H:2026/2025 P:,,,Direct BvP not yet weighted; 2026/2025 Statcast baseline active,7,5,26,1,"Last 7 games: 5/26, 1 HR","handedness incomplete; pitcher baseline 0.0% barrel, 0.0 HR allowed",neutral batted-ball profile; pitcher fly-ball pressure modest,,
663886,Tyler Stephenson,CIN,TOR,2026-09-25T23:07:00Z,Scheduled,4,,,,R,12.89,0.1732,90.85,100.3964,0.4228,0.1928,0.3215,70.45,6.86,37.29,33.15,45.84,14.4,,,,,,,,,,Rogers Centre,105,57,4,43 deg,Open-Meteo forecast; MLB fallback,https://forecast.weather.gov/MapClick.php?lat=43.6414&lon=-79.3894,68,0,No,Yes,4,Yes,Yes,RotoWire projected lineup; MLB probable pitchers,lineup projected / unconfirmed,H:2026/2025 P:,,,Direct BvP not yet weighted; 2026/2025 Statcast baseline active,7,4,22,0,"Last 7 games: 4/22, 0 HR","handedness incomplete; pitcher baseline 0.0% barrel, 0.0 HR allowed",neutral batted-ball profile; pitcher fly-ball pressure modest,,
668709,JJ Bleday,CIN,TOR,2026-09-25T23:07:00Z,Scheduled,5,,,,L,8.99,0.1962,88.49,99.7274,0.3954,0.169,0.3201,73.0,27.16,47.0,32.71,39.47,20.3,,,,,,,,,,Rogers Centre,105,57,4,43 deg,Open-Meteo forecast; MLB fallback,https://forecast.weather.gov/MapClick.php?lat=43.6414&lon=-79.3894,68,0,No,Yes,5,Yes,Yes,RotoWire projected lineup; MLB probable pitchers,lineup projected / unconfirmed,H:2026/2025 P:,,,Direct BvP not yet weighted; 2026/2025 Statcast baseline active,7,6,23,1,"Last 7 games: 6/23, 1 HR","handedness incomplete; pitcher baseline 0.0% barrel, 0.0 HR allowed",neutral batted-ball profile; pitcher fly-ball pressure modest,,
553993,Eugenio Suarez,CIN,TOR,2026-09-25T23:07:00Z,Scheduled,6,,,,R,12.76,0.242,89.01,99.9296,0.3965,0.1946,0.3053,72.23,23.98,46.84,34.95,39.13,32.2,,,,,,,,,,Rogers Centre,105,57,4,43 deg,Open-Meteo forecast; MLB fallback,https://forecast.weather.gov/MapClick.php?lat=43.6414&lon=-79.3894,68,0,No,Yes,6,Yes,Yes,RotoWire projected lineup; MLB probable pitchers,lineup projected / unconfirmed,H:2026/2025 P:,,,Direct BvP not yet weighted; 2026/2025 Statcast baseline active,7,3,23,1,"Last 7 games: 3/23, 1 HR","handedness incomplete; pitcher baseline 0.0% barrel, 0.0 HR allowed",neutral batted-ball profile; pitcher fly-ball pressure modest,,
699302,Hector Rodriguez,CIN,TOR,2026-09-25T23:07:00Z,Scheduled,7,,,,L,5.5,0.156,87.8,98.5539,0.308,0.114,0.245,74.6,49.0,41.8,30.8,33.0,5.0,,,,,,,,,,Rogers Centre,105,57,4,43 deg,Open-Meteo forecast; MLB fallback,https://forecast.weather.gov/MapClick.php?lat=43.6414&lon=-79.3894,68,0,No,Yes,7,Yes,Yes,RotoWire projected lineup; MLB probable pitchers,lineup projected / unconfirmed,H:2026 P:,,,Direct BvP not yet weighted; 2026/2025 Statcast baseline active,7,3,22,1,"Last 7 games: 3/22, 1 HR","handedness incomplete; pitcher baseline 0.0% barrel, 0.0 HR allowed",neutral batted-ball profile; pitcher fly-ball pressure modest,,
680574,Matt McLain,CIN,TOR,2026-09-25T23:07:00Z,Scheduled,8,,,,R,8.78,0.144,88.24,98.9038,0.3655,0.1504,0.2945,70.93,9.82,36.06,34.06,37.48,15.0,,,,,,,,,,Rogers Centre,105,57,4,43 deg,Open-Meteo forecast; MLB fallback,https://forecast.weather.gov/MapClick.php?lat=43.6414&lon=-79.3894,68,0,No,Yes,8,Yes,Yes,RotoWire projected lineup; MLB probable pitchers,lineup projected / unconfirmed,H:2026/2025 P:,,,Direct BvP not yet weighted; 2026/2025 Statcast baseline active,7,5,24,0,"Last 7 games: 5/24, 0 HR","handedness incomplete; pitcher baseline 0.0% barrel, 0.0 HR allowed",neutral batted-ball profile; pitcher fly-ball pressure modest,,
663647,Ke'Bryan Hayes,CIN,TOR,2026-09-25T23:07:00Z,Scheduled,9,,,,R,6.28,0.0815,90.14,99.7144,0.3651,0.1271,0.2876,70.82,7.43,29.97,27.15,40.33,5.0,,,,,,,,,,Rogers Centre,105,57,4,43 deg,Open-Meteo forecast; MLB fallback,https://forecast.weather.gov/MapClick.php?lat=43.6414&lon=-79.3894,68,0,No,Yes,9,Yes,Yes,RotoWire projected lineup; MLB probable pitchers,lineup projected / unconfirmed,H:2026/2025 P:,,,Direct BvP not yet weighted; 2026/2025 Statcast baseline active,7,1,15,0,"Last 7 games: 1/15, 0 HR","handedness incomplete; pitcher baseline 0.0% barrel, 0.0 HR allowed",neutral batted-ball profile; pitcher fly-ball pressure modest,,
686948,Drake Baldwin,ATL,MIA,2026-09-25T23:10:00Z,Scheduled,1,Eury Pérez,691587,R,L,12.12,0.1789,91.42,102.1289,0.4905,0.2157,0.3621,75.3,56.37,32.29,25.95,49.88,22.5,10.05,41.6,89.1,0.3842,0.17,30.94,17.6,17.6,17.6,loanDepot park,89,82,3,61 deg,Open-Meteo forecast; MLB fallback,https://forecast.weather.gov/MapClick.php?lat=25.7781&lon=-80.2197,80,11,No,Yes,1,Yes,Yes,RotoWire projected lineup; MLB probable pitchers,lineup projected / unconfirmed,H:2026/2025 P:2026/2025,,,Direct BvP not yet weighted; 2026/2025 Statcast baseline active,7,10,29,0,Contact streak: 10/29 over last 7 games,"platoon edge; pitcher baseline 10.1% barrel, 17.6 HR allowed",neutral batted-ball profile; pitcher allows elevated contact,,
660670,Ronald Acuna,ATL,MIA,2026-09-25T23:10:00Z,Scheduled,2,Eury Pérez,691587,R,R,13.67,0.2105,90.53,103.0289,0.5063,0.244,0.3767,75.91,61.62,36.44,28.3,46.48,20.3,10.05,41.6,89.1,0.3842,0.17,30.94,17.6,17.6,17.6,loanDepot park,89,82,3,61 deg,Open-Meteo forecast; MLB fallback,https://forecast.weather.gov/MapClick.php?lat=25.7781&lon=-80.2197,80,11,No,Yes,2,Yes,Yes,RotoWire projected lineup; MLB probable pitchers,lineup projected / unconfirmed,H:2026/2025 P:2026/2025,,,Direct BvP not yet weighted; 2026/2025 Statcast baseline active,7,9,26,3,Hot streak: 3 HR in last 7 games,"same-side matchup; pitcher baseline 10.1% barrel, 17.6 HR allowed",neutral batted-ball profile; pitcher allows elevated contact,,
621566,Matt Olson,ATL,MIA,2026-09-25T23:10:00Z,Scheduled,3,Eury Pérez,691587,R,L,14.47,0.2435,92.67,103.6905,0.5025,0.2538,0.3558,74.53,47.19,37.51,32.99,52.25,37.4,10.05,41.6,89.1,0.3842,0.17,30.94,17.6,17.6,17.6,loanDepot park,89,82,3,61 deg,Open-Meteo forecast; MLB fallback,https://forecast.weather.gov/MapClick.php?lat=25.7781&lon=-80.2197,80,11,No,Yes,3,Yes,Yes,RotoWire projected lineup; MLB probable pitchers,lineup projected / unconfirmed,H:2026/2025 P:2026/2025,,,Direct BvP not yet weighted; 2026/2025 Statcast baseline active,7,9,29,2,Hot streak: 2 HR in last 7 games,"platoon edge; pitcher baseline 10.1% barrel, 17.6 HR allowed",EV profile; pitcher allows elevated contact,,
671739,Michael Harris,ATL,MIA,2026-09-25T23:10:00Z,Scheduled,4,Eury Pérez,691587,R,L,9.8,0.1845,90.34,103.0166,0.4625,0.1802,0.3325,74.72,46.91,36.15,22.49,46.06,24.2,10.05,41.6,89.1,0.3842,0.17,30.94,17.6,17.6,17.6,loanDepot park,89,82,3,61 deg,Open-Meteo forecast; MLB fallback,https://forecast.weather.gov/MapClick.php?lat=25.7781&lon=-80.2197,80,11,No,Yes,4,Yes,Yes,RotoWire projected lineup; MLB probable pitchers,lineup projected / unconfirmed,H:2026/2025 P:2026/2025,,,Direct BvP not yet weighted; 2026/2025 Statcast baseline active,7,9,28,1,Contact streak: 9/28 over last 7 games,"platoon edge; pitcher baseline 10.1% barrel, 17.6 HR allowed",neutral batted-ball profile; pitcher allows elevated contact,,
643289,Mauricio Dubon,ATL,MIA,2026-09-25T23:10:00Z,Scheduled,5,Eury Pérez,691587,R,R,3.09,0.1175,85.83,96.1871,0.3604,0.0994,0.2955,68.87,4.1,31.82,25.72,28.4,9.8,10.05,41.6,89.1,0.3842,0.17,30.94,17.6,17.6,17.6,loanDepot park,89,82,3,61 deg,Open-Meteo forecast; MLB fallback,https://forecast.weather.gov/MapClick.php?lat=25.7781&lon=-80.2197,80,11,No,Yes,5,Yes,Yes,RotoWire projected lineup; MLB probable pitchers,lineup projected / unconfirmed,H:2026/2025 P:2026/2025,,,Direct BvP not yet weighted; 2026/2025 Statcast baseline active,7,11,29,0,Contact streak: 11/29 over last 7 games,"same-side matchup; pitcher baseline 10.1% barrel, 17.6 HR allowed",neutral batted-ball profile; pitcher allows elevated contact,,
645277,Ozzie Albies,ATL,MIA,2026-09-25T23:10:00Z,Scheduled,6,Eury Pérez,691587,R,S,4.2,0.1481,87.22,96.6902,0.3502,0.1198,0.2843,68.86,5.74,46.56,31.69,28.6,20.2,10.05,41.6,89.1,0.3842,0.17,30.94,17.6,17.6,17.6,loanDepot park,89,82,3,61 deg,Open-Meteo forecast; MLB fallback,https://forecast.weather.gov/MapClick.php?lat=25.7781&lon=-80.2197,80,11,No,Yes,6,Yes,Yes,RotoWire projected lineup; MLB probable pitchers,lineup projected / unconfirmed,H:2026/2025 P:2026/2025,,,Direct BvP not yet weighted; 2026/2025 Statcast baseline active,7,4,26,0,"Last 7 games: 4/26, 0 HR","switch hitter; pitcher baseline 10.1% barrel, 17.6 HR allowed",neutral batted-ball profile; pitcher allows elevated contact,,
573262,Mike Yastrzemski,ATL,MIA,2026-09-25T23:10:00Z,Scheduled,7,Eury Pérez,691587,R,L,7.24,0.1637,90.45,99.7476,0.3847,0.1477,0.3157,71.31,8.58,44.01,30.63,42.67,13.5,10.05,41.6,89.1,0.3842,0.17,30.94,17.6,17.6,17.6,loanDepot park,89,82,3,61 deg,Open-Meteo forecast; MLB fallback,https://forecast.weather.gov/MapClick.php?lat=25.7781&lon=-80.2197,80,11,No,Yes,7,Yes,Yes,RotoWire projected lineup; MLB probable pitchers,lineup projected / unconfirmed,H:2026/2025 P:2026/2025,,,Direct BvP not yet weighted; 2026/2025 Statcast baseline active,7,5,18,2,Hot streak: 2 HR in last 7 games,"platoon edge; pitcher baseline 10.1% barrel, 17.6 HR allowed",neutral batted-ball profile; pitcher allows elevated contact,,
663586,Austin Riley,ATL,MIA,2026-09-25T23:10:00Z,Scheduled,8,Eury Pérez,691587,R,R,13.24,0.1505,91.53,102.718,0.4188,0.1949,0.3083,75.83,59.5,40.22,30.59,46.0,17.4,10.05,41.6,89.1,0.3842,0.17,30.94,17.6,17.6,17.6,loanDepot park,89,82,3,61 deg,Open-Meteo forecast; MLB fallback,https://forecast.weather.gov/MapClick.php?lat=25.7781&lon=-80.2197,80,11,No,Yes,8,Yes,Yes,RotoWire projected lineup; MLB probable pitchers,lineup projected / unconfirmed,H:2026/2025 P:2026/2025,,,Direct BvP not yet weighted; 2026/2025 Statcast baseline active,7,6,25,2,Hot streak: 2 HR in last 7 games,"same-side matchup; pitcher baseline 10.1% barrel, 17.6 HR allowed",neutral batted-ball profile; pitcher allows elevated contact,,
669221,Sean Murphy,ATL,MIA,2026-09-25T23:10:00Z,Scheduled,9,Eury Pérez,691587,R,R,9.41,0.1533,87.35,100.6162,0.3387,0.1475,0.2706,72.46,28.4,48.0,25.23,38.76,6.9,10.05,41.6,89.1,0.3842,0.17,30.94,17.6,17.6,17.6,loanDepot park,89,82,3,61 deg,Open-Meteo forecast; MLB fallback,https://forecast.weather.gov/MapClick.php?lat=25.7781&lon=-80.2197,80,11,No,Yes,9,Yes,Yes,RotoWire projected lineup; MLB probable pitchers,lineup projected / unconfirmed,H:2026/2025 P:2026/2025,,,Direct BvP not yet weighted; 2026/2025 Statcast baseline active,7,0,22,0,"Last 7 games: 0/22, 0 HR","same-side matchup; pitcher baseline 10.1% barrel, 17.6 HR allowed",neutral batted-ball profile; pitcher allows elevated contact,,
672640,Otto Lopez,MIA,ATL,2026-09-25T23:10:00Z,Scheduled,1,,,,R,6.4,0.1304,88.92,100.155,0.4228,0.1461,0.3279,71.84,23.16,34.12,22.71,40.26,12.2,,,,,,,,,,loanDepot park,89,82,3,61 deg,Open-Meteo forecast; MLB fallback,https://forecast.weather.gov/MapClick.php?lat=25.7781&lon=-80.2197,80,11,No,Yes,1,Yes,Yes,RotoWire projected lineup; MLB probable pitchers,lineup projected / unconfirmed,H:2026/2025 P:,,,Direct BvP not yet weighted; 2026/2025 Statcast baseline active,7,8,29,1,"Last 7 games: 8/29, 1 HR","handedness incomplete; pitcher baseline 0.0% barrel, 0.0 HR allowed",neutral batted-ball profile; pitcher fly-ball pressure modest,,
681715,Heriberto Hernandez,MIA,ATL,2026-09-25T23:10:00Z,Scheduled,2,,,,R,12.12,0.1972,90.9,101.636,0.4588,0.2145,0.3438,74.07,44.06,46.12,30.62,46.52,19.8,,,,,,,,,,loanDepot park,89,82,3,61 deg,Open-Meteo forecast; MLB fallback,https://forecast.weather.gov/MapClick.php?lat=25.7781&lon=-80.2197,80,11,No,Yes,2,Yes,Yes,RotoWire projected lineup; MLB probable pitchers,lineup projected / unconfirmed,H:2026/2025 P:,,,Direct BvP not yet weighted; 2026/2025 Statcast baseline active,7,7,28,0,"Last 7 games: 7/28, 0 HR","handedness incomplete; pitcher baseline 0.0% barrel, 0.0 HR allowed",neutral batted-ball profile; pitcher fly-ball pressure modest,,
805300,Jakob Marsee,MIA,ATL,2026-09-25T23:10:00Z,Scheduled,3,,,,L,4.95,0.1447,87.78,98.5524,0.3622,0.119,0.3211,70.29,5.3,41.02,23.12,36.64,9.2,,,,,,,,,,loanDepot park,89,82,3,61 deg,Open-Meteo forecast; MLB fallback,https://forecast.weather.gov/MapClick.php?lat=25.7781&lon=-80.2197,80,11,No,Yes,3,Yes,Yes,RotoWire projected lineup; MLB probable pitchers,lineup projected / unconfirmed,H:2026/2025 P:,,,Direct BvP not yet weighted; 2026/2025 Statcast baseline active,7,8,23,1,Contact streak: 8/23 over last 7 games,"handedness incomplete; pitcher baseline 0.0% barrel, 0.0 HR allowed",neutral batted-ball profile; pitcher fly-ball pressure modest,,
691594,Javier Sanoja,MIA,ATL,2026-09-25T23:10:00Z,Scheduled,4,,,,R,2.43,0.1593,87.38,97.5092,0.3525,0.0865,0.2904,69.0,6.88,38.15,19.39,32.83,8.8,,,,,,,,,,loanDepot park,89,82,3,61 deg,Open-Meteo forecast; MLB fallback,https://forecast.weather.gov/MapClick.php?lat=25.7781&lon=-80.2197,80,11,No,Yes,4,Yes,Yes,RotoWire projected lineup; MLB probable pitchers,lineup projected / unconfirmed,H:2026/2025 P:,,,Direct BvP not yet weighted; 2026/2025 Statcast baseline active,7,9,28,1,Contact streak: 9/28 over last 7 games,"handedness incomplete; pitcher baseline 0.0% barrel, 0.0 HR allowed",neutral batted-ball profile; pitcher fly-ball pressure modest,,
682663,Agustin Ramirez,MIA,ATL,2026-09-25T23:10:00Z,Scheduled,5,,,,R,6.45,0.1442,90.17,102.6687,0.359,0.1245,0.2984,75.69,57.09,42.85,18.49,42.73,9.8,,,,,,,,,,loanDepot park,89,82,3,61 deg,Open-Meteo forecast; MLB fallback,https://forecast.weather.gov/MapClick.php?lat=25.7781&lon=-80.2197,80,11,No,Yes,5,Yes,Yes,RotoWire projected lineup; MLB probable pitchers,lineup projected / unconfirmed,H:2026/2025 P:,,,Direct BvP not yet weighted; 2026/2025 Statcast baseline active,7,8,24,1,Contact streak: 8/24 over last 7 games,"handedness incomplete; pitcher baseline 0.0% barrel, 0.0 HR allowed",neutral batted-ball profile; pitcher fly-ball pressure modest,,
665923,Esteury Ruiz,MIA,ATL,2026-09-25T23:10:00Z,Scheduled,6,,,,R,7.7,0.1521,82.62,95.3582,0.3062,0.1323,0.2679,71.03,16.84,40.18,25.76,24.15,4.5,,,,,,,,,,loanDepot park,89,82,3,61 deg,Open-Meteo forecast; MLB fallback,https://forecast.weather.gov/MapClick.php?lat=25.7781&lon=-80.2197,80,11,No,Yes,6,Yes,Yes,RotoWire projected lineup; MLB probable pitchers,lineup projected / unconfirmed,H:2026/2025 P:,,,Direct BvP not yet weighted; 2026/2025 Statcast baseline active,7,3,19,0,"Last 7 games: 3/19, 0 HR","handedness incomplete; pitcher baseline 0.0% barrel, 0.0 HR allowed",neutral batted-ball profile; pitcher fly-ball pressure modest,,
691277,Deyvison De Los Santos,MIA,ATL,2026-09-25T23:10:00Z,Scheduled,7,,,,R,5.6,0.074,82.6,94.4915,0.203,0.056,0.173,76.4,64.7,33.3,22.2,16.7,0.0,,,,,,,,,,loanDepot park,89,82,3,61 deg,Open-Meteo forecast; MLB fallback,https://forecast.weather.gov/MapClick.php?lat=25.7781&lon=-80.2197,80,11,No,Yes,7,Yes,Yes,RotoWire projected lineup; MLB probable pitchers,lineup projected / unconfirmed,H:2026 P:,,,Direct BvP not yet weighted; 2026/2025 Statcast baseline active,7,1,18,0,"Last 7 games: 1/18, 0 HR","handedness incomplete; pitcher baseline 0.0% barrel, 0.0 HR allowed",neutral batted-ball profile; pitcher fly-ball pressure modest,,
691858,Jared Serna,MIA,ATL,2026-09-25T23:10:00Z,Scheduled,8,,,,R,9.1,0.118,88.1,100.3913,0.227,0.062,0.214,71.2,10.3,45.5,9.1,54.5,0.0,,,,,,,,,,loanDepot park,89,82,3,61 deg,Open-Meteo forecast; MLB fallback,https://forecast.weather.gov/MapClick.php?lat=25.7781&lon=-80.2197,80,11,No,Yes,8,Yes,Yes,RotoWire projected lineup; MLB probable pitchers,lineup projected / unconfirmed,H:2026 P:,,,Direct BvP not yet weighted; 2026/2025 Statcast baseline active,7,1,9,0,"Last 7 games: 1/9, 0 HR","handedness incomplete; pitcher baseline 0.0% barrel, 0.0 HR allowed",neutral batted-ball profile; pitcher fly-ball pressure modest,,
640459,Brian Navarreto,MIA,ATL,2026-09-25T23:10:00Z,Scheduled,9,,,,R,11.91,0.1813,88.12,98.2729,0.2713,0.1092,0.2213,72.86,22.82,56.9,20.91,35.34,1.0,,,,,,,,,,loanDepot park,89,82,3,61 deg,Open-Meteo forecast; MLB fallback,https://forecast.weather.gov/MapClick.php?lat=25.7781&lon=-80.2197,80,11,No,Yes,9,Yes,Yes,RotoWire projected lineup; MLB probable pitchers,lineup projected / unconfirmed,H:2026/2025 P:,,,Direct BvP not yet weighted; 2026/2025 Statcast baseline active,7,2,6,0,Contact streak: 2/6 over last 7 games,"handedness incomplete; pitcher baseline 0.0% barrel, 0.0 HR allowed",neutral batted-ball profile; pitcher fly-ball pressure modest,,
680757,Steven Kwan,CLE,KC,2026-09-25T23:40:00Z,Scheduled,1,Noah Cameron,702070,L,L,0.85,0.0754,84.45,92.7494,0.3499,0.0734,0.3219,62.73,0.31,27.95,23.65,13.07,5.4,7.63,37.61,88.53,0.4054,0.1604,27.36,18.7,18.7,18.7,Kauffman Stadium,92,71,11,75 deg,Open-Meteo forecast; MLB fallback,https://forecast.weather.gov/MapClick.php?lat=39.0517&lon=-94.4803,63,1,No,Yes,1,Yes,Yes,RotoWire projected lineup; MLB probable pitchers,lineup projected / unconfirmed,H:2026/2025 P:2026/2025,,,Direct BvP not yet weighted; 2026/2025 Statcast baseline active,7,8,26,0,"Last 7 games: 8/26, 0 HR","same-side matchup; pitcher baseline 7.6% barrel, 18.7 HR allowed",neutral batted-ball profile; pitcher fly-ball pressure modest,,
608070,Jose Ramirez,CLE,KC,2026-09-25T23:40:00Z,Scheduled,2,Noah Cameron,702070,L,S,5.11,0.1619,88.62,99.2508,0.4103,0.1382,0.3315,70.34,12.91,50.69,28.29,37.91,17.4,7.63,37.61,88.53,0.4054,0.1604,27.36,18.7,18.7,18.7,Kauffman Stadium,92,71,11,75 deg,Open-Meteo forecast; MLB fallback,https://forecast.weather.gov/MapClick.php?lat=39.0517&lon=-94.4803,63,1,No,Yes,2,Yes,Yes,RotoWire projected lineup; MLB probable pitchers,lineup projected / unconfirmed,H:2026/2025 P:2026/2025,,,Direct BvP not yet weighted; 2026/2025 Statcast baseline active,7,11,29,1,Contact streak: 11/29 over last 7 games,"switch hitter; pitcher baseline 7.6% barrel, 18.7 HR allowed",neutral batted-ball profile; pitcher fly-ball pressure modest,,
800050,Chase DeLauter,CLE,KC,2026-09-25T23:40:00Z,Scheduled,3,Noah Cameron,702070,L,L,6.1,0.165,91.3,101.2935,0.427,0.148,0.346,71.5,18.7,37.5,19.6,46.4,15.0,7.63,37.61,88.53,0.4054,0.1604,27.36,18.7,18.7,18.7,Kauffman Stadium,92,71,11,75 deg,Open-Meteo forecast; MLB fallback,https://forecast.weather.gov/MapClick.php?lat=39.0517&lon=-94.4803,63,1,No,Yes,3,Yes,Yes,RotoWire projected lineup; MLB probable pitchers,lineup projected / unconfirmed,H:2026 P:2026/2025,,,Direct BvP not yet weighted; 2026/2025 Statcast baseline active,7,6,26,1,"Last 7 games: 6/26, 1 HR","same-side matchup; pitcher baseline 7.6% barrel, 18.7 HR allowed",neutral batted-ball profile; pitcher fly-ball pressure modest,,
666176,Jo Adell,CLE,KC,2026-09-25T23:40:00Z,Scheduled,4,Noah Cameron,702070,L,R,11.35,0.1853,90.65,102.8856,0.4706,0.2141,0.3363,77.46,72.32,39.61,27.35,45.66,26.5,7.63,37.61,88.53,0.4054,0.1604,27.36,18.7,18.7,18.7,Kauffman Stadium,92,71,11,75 deg,Open-Meteo forecast; MLB fallback,https://forecast.weather.gov/MapClick.php?lat=39.0517&lon=-94.4803,63,1,No,Yes,4,Yes,Yes,RotoWire projected lineup; MLB probable pitchers,lineup projected / unconfirmed,H:2026/2025 P:2026/2025,,,Direct BvP not yet weighted; 2026/2025 Statcast baseline active,7,6,27,0,"Last 7 games: 6/27, 0 HR","platoon edge; pitcher baseline 7.6% barrel, 18.7 HR allowed",neutral batted-ball profile; pitcher fly-ball pressure modest,,
682657,Angel Martinez,CLE,KC,2026-09-25T23:40:00Z,Scheduled,5,Noah Cameron,702070,L,S,6.37,0.1875,87.52,98.5619,0.3823,0.1389,0.2907,71.08,15.81,45.16,27.01,34.48,15.2,7.63,37.61,88.53,0.4054,0.1604,27.36,18.7,18.7,18.7,Kauffman Stadium,92,71,11,75 deg,Open-Meteo forecast; MLB fallback,https://forecast.weather.gov/MapClick.php?lat=39.0517&lon=-94.4803,63,1,No,Yes,5,Yes,Yes,RotoWire projected lineup; MLB probable pitchers,lineup projected / unconfirmed,H:2026/2025 P:2026/2025,,,Direct BvP not yet weighted; 2026/2025 Statcast baseline active,7,10,25,3,Hot streak: 3 HR in last 7 games,"switch hitter; pitcher baseline 7.6% barrel, 18.7 HR allowed",neutral batted-ball profile; pitcher fly-ball pressure modest,,
681807,David Fry,CLE,KC,2026-09-25T23:40:00Z,Scheduled,6,Noah Cameron,702070,L,R,7.0,0.1675,86.95,98.0339,0.2679,0.108,0.2454,71.03,11.89,52.1,28.61,35.04,7.3,7.63,37.61,88.53,0.4054,0.1604,27.36,18.7,18.7,18.7,Kauffman Stadium,92,71,11,75 deg,Open-Meteo forecast; MLB fallback,https://forecast.weather.gov/MapClick.php?lat=39.0517&lon=-94.4803,63,1,No,Yes,6,Yes,Yes,RotoWire projected lineup; MLB probable pitchers,lineup projected / unconfirmed,H:2026/2025 P:2026/2025,,,Direct BvP not yet weighted; 2026/2025 Statcast baseline active,7,4,17,1,"Last 7 games: 4/17, 1 HR","platoon edge; pitcher baseline 7.6% barrel, 18.7 HR allowed",neutral batted-ball profile; pitcher fly-ball pressure modest,,
683953,Travis Bazzana,CLE,KC,2026-09-25T23:40:00Z,Scheduled,7,Noah Cameron,702070,L,L,5.1,0.159,87.7,98.356,0.348,0.121,0.302,69.7,12.1,38.9,28.1,36.7,15.0,7.63,37.61,88.53,0.4054,0.1604,27.36,18.7,18.7,18.7,Kauffman Stadium,92,71,11,75 deg,Open-Meteo forecast; MLB fallback,https://forecast.weather.gov/MapClick.php?lat=39.0517&lon=-94.4803,63,1,No,Yes,7,Yes,Yes,RotoWire projected lineup; MLB probable pitchers,lineup projected / unconfirmed,H:2026 P:2026/2025,,,Direct BvP not yet weighted; 2026/2025 Statcast baseline active,7,2,23,1,"Last 7 games: 2/23, 1 HR","same-side matchup; pitcher baseline 7.6% barrel, 18.7 HR allowed",neutral batted-ball profile; pitcher fly-ball pressure modest,,
672275,Patrick Bailey,CLE,KC,2026-09-25T23:40:00Z,Scheduled,8,Noah Cameron,702070,L,S,6.51,0.11,89.67,99.6247,0.3729,0.1412,0.292,72.41,25.99,34.67,26.9,40.11,7.4,7.63,37.61,88.53,0.4054,0.1604,27.36,18.7,18.7,18.7,Kauffman Stadium,92,71,11,75 deg,Open-Meteo forecast; MLB fallback,https://forecast.weather.gov/MapClick.php?lat=39.0517&lon=-94.4803,63,1,No,Yes,8,Yes,Yes,RotoWire projected lineup; MLB probable pitchers,lineup projected / unconfirmed,H:2026/2025 P:2026/2025,,,Direct BvP not yet weighted; 2026/2025 Statcast baseline active,7,4,25,0,"Last 7 games: 4/25, 0 HR","switch hitter; pitcher baseline 7.6% barrel, 18.7 HR allowed",neutral batted-ball profile; pitcher fly-ball pressure modest,,
677587,Brayan Rocchio,CLE,KC,2026-09-25T23:40:00Z,Scheduled,9,Noah Cameron,702070,L,S,3.02,0.1224,87.3,97.2349,0.3524,0.106,0.295,69.86,6.59,43.57,25.16,31.65,10.6,7.63,37.61,88.53,0.4054,0.1604,27.36,18.7,18.7,18.7,Kauffman Stadium,92,71,11,75 deg,Open-Meteo forecast; MLB fallback,https://forecast.weather.gov/MapClick.php?lat=39.0517&lon=-94.4803,63,1,No,Yes,9,Yes,Yes,RotoWire projected lineup; MLB probable pitchers,lineup projected / unconfirmed,H:2026/2025 P:2026/2025,,,Direct BvP not yet weighted; 2026/2025 Statcast baseline active,7,7,23,0,"Last 7 games: 7/23, 0 HR","switch hitter; pitcher baseline 7.6% barrel, 18.7 HR allowed",neutral batted-ball profile; pitcher fly-ball pressure modest,,
695600,Carter Jensen,KC,CLE,2026-09-25T23:40:00Z,Scheduled,1,Gavin Williams,668909,R,L,14.36,0.2269,92.53,103.0296,0.472,0.2214,0.3511,74.1,38.73,41.56,30.91,48.71,18.4,10.68,45.84,90.19,0.3973,0.1747,25.79,25.8,25.8,25.8,Kauffman Stadium,92,71,11,75 deg,Open-Meteo forecast; MLB fallback,https://forecast.weather.gov/MapClick.php?lat=39.0517&lon=-94.4803,63,1,No,Yes,1,Yes,Yes,RotoWire projected lineup; MLB probable pitchers,lineup projected / unconfirmed,H:2026/2025 P:2026/2025,,,Direct BvP not yet weighted; 2026/2025 Statcast baseline active,7,8,28,1,"Last 7 games: 8/28, 1 HR","platoon edge; pitcher baseline 10.7% barrel, 25.8 HR allowed",lift-pull EV profile; pitcher fly-ball pressure modest,,
677951,Bobby Witt,KC,CLE,2026-09-25T23:40:00Z,Scheduled,2,Gavin Williams,668909,R,R,11.8,0.1745,92.6,103.4474,0.5052,0.2094,0.3741,74.02,42.65,31.22,26.99,49.9,19.5,10.68,45.84,90.19,0.3973,0.1747,25.79,25.8,25.8,25.8,Kauffman Stadium,92,71,11,75 deg,Open-Meteo forecast; MLB fallback,https://forecast.weather.gov/MapClick.php?lat=39.0517&lon=-94.4803,63,1,No,Yes,2,Yes,Yes,RotoWire projected lineup; MLB probable pitchers,lineup projected / unconfirmed,H:2026/2025 P:2026/2025,,,Direct BvP not yet weighted; 2026/2025 Statcast baseline active,7,10,28,0,Contact streak: 10/28 over last 7 games,"same-side matchup; pitcher baseline 10.7% barrel, 25.8 HR allowed",EV profile; pitcher fly-ball pressure modest,,
686469,Vinnie Pasquantino,KC,CLE,2026-09-25T23:40:00Z,Scheduled,3,Gavin Williams,668909,R,L,9.68,0.1823,90.27,100.3089,0.4413,0.1854,0.3347,71.17,15.31,44.47,30.19,42.74,20.1,10.68,45.84,90.19,0.3973,0.1747,25.79,25.8,25.8,25.8,Kauffman Stadium,92,71,11,75 deg,Open-Meteo forecast; MLB fallback,https://forecast.weather.gov/MapClick.php?lat=39.0517&lon=-94.4803,63,1,No,Yes,3,Yes,Yes,RotoWire projected lineup; MLB probable pitchers,lineup projected / unconfirmed,H:2026/2025 P:2026/2025,,,Direct BvP not yet weighted; 2026/2025 Statcast baseline active,7,9,26,3,Hot streak: 3 HR in last 7 games,"platoon edge; pitcher baseline 10.7% barrel, 25.8 HR allowed",neutral batted-ball profile; pitcher fly-ball pressure modest,,
521692,Salvador Perez,KC,CLE,2026-09-25T23:40:00Z,Scheduled,4,Gavin Williams,668909,R,R,11.51,0.1645,89.37,100.8609,0.4612,0.2072,0.3248,71.99,22.42,41.63,30.85,44.04,22.3,10.68,45.84,90.19,0.3973,0.1747,25.79,25.8,25.8,25.8,Kauffman Stadium,92,71,11,75 deg,Open-Meteo forecast; MLB fallback,https://forecast.weather.gov/MapClick.php?lat=39.0517&lon=-94.4803,63,1,No,Yes,4,Yes,Yes,RotoWire projected lineup; MLB probable pitchers,lineup projected / unconfirmed,H:2026/2025 P:2026/2025,,,Direct BvP not yet weighted; 2026/2025 Statcast baseline active,7,5,22,1,"Last 7 games: 5/22, 1 HR","same-side matchup; pitcher baseline 10.7% barrel, 25.8 HR allowed",neutral batted-ball profile; pitcher fly-ball pressure modest,,
686681,Michael Massey,KC,CLE,2026-09-25T23:40:00Z,Scheduled,5,Gavin Williams,668909,R,L,5.26,0.1334,88.83,98.6155,0.3908,0.1395,0.2937,71.36,11.49,49.01,30.1,37.41,10.0,10.68,45.84,90.19,0.3973,0.1747,25.79,25.8,25.8,25.8,Kauffman Stadium,92,71,11,75 deg,Open-Meteo forecast; MLB fallback,https://forecast.weather.gov/MapClick.php?lat=39.0517&lon=-94.4803,63,1,No,Yes,5,Yes,Yes,RotoWire projected lineup; MLB probable pitchers,lineup projected / unconfirmed,H:2026/2025 P:2026/2025,,,Direct BvP not yet weighted; 2026/2025 Statcast baseline active,7,4,28,1,"Last 7 games: 4/28, 1 HR","platoon edge; pitcher baseline 10.7% barrel, 25.8 HR allowed",neutral batted-ball profile; pitcher fly-ball pressure modest,,
679845,Nick Loftin,KC,CLE,2026-09-25T23:40:00Z,Scheduled,6,Gavin Williams,668909,R,R,4.9,0.1476,87.22,97.0725,0.3443,0.1144,0.294,68.98,5.87,43.17,28.22,30.92,6.8,10.68,45.84,90.19,0.3973,0.1747,25.79,25.8,25.8,25.8,Kauffman Stadium,92,71,11,75 deg,Open-Meteo forecast; MLB fallback,https://forecast.weather.gov/MapClick.php?lat=39.0517&lon=-94.4803,63,1,No,Yes,6,Yes,Yes,RotoWire projected lineup; MLB probable pitchers,lineup projected / unconfirmed,H:2026/2025 P:2026/2025,,,Direct BvP not yet weighted; 2026/2025 Statcast baseline active,7,9,23,1,Contact streak: 9/23 over last 7 games,"same-side matchup; pitcher baseline 10.7% barrel, 25.8 HR allowed",neutral batted-ball profile; pitcher fly-ball pressure modest,,
670231,John Rave,KC,CLE,2026-09-25T23:40:00Z,Scheduled,7,Gavin Williams,668909,R,L,8.93,0.1775,88.09,100.0593,0.3735,0.143,0.3083,73.97,38.53,44.59,24.64,37.97,5.4,10.68,45.84,90.19,0.3973,0.1747,25.79,25.8,25.8,25.8,Kauffman Stadium,92,71,11,75 deg,Open-Meteo forecast; MLB fallback,https://forecast.weather.gov/MapClick.php?lat=39.0517&lon=-94.4803,63,1,No,Yes,7,Yes,Yes,RotoWire projected lineup; MLB probable pitchers,lineup projected / unconfirmed,H:2026/2025 P:2026/2025,,,Direct BvP not yet weighted; 2026/2025 Statcast baseline active,7,7,25,1,"Last 7 games: 7/25, 1 HR","platoon edge; pitcher baseline 10.7% barrel, 25.8 HR allowed",neutral batted-ball profile; pitcher fly-ball pressure modest,,
664728,Kyle Isbel,KC,CLE,2026-09-25T23:40:00Z,Scheduled,8,Gavin Williams,668909,R,L,2.37,0.1008,88.15,98.7898,0.2963,0.0756,0.2524,71.1,12.71,33.51,19.71,33.51,5.4,10.68,45.84,90.19,0.3973,0.1747,25.79,25.8,25.8,25.8,Kauffman Stadium,92,71,11,75 deg,Open-Meteo forecast; MLB fallback,https://forecast.weather.gov/MapClick.php?lat=39.0517&lon=-94.4803,63,1,No,Yes,8,Yes,Yes,RotoWire projected lineup; MLB probable pitchers,lineup projected / unconfirmed,H:2026/2025 P:2026/2025,,,Direct BvP not yet weighted; 2026/2025 Statcast baseline active,7,3,16,0,"Last 7 games: 3/16, 0 HR","platoon edge; pitcher baseline 10.7% barrel, 25.8 HR allowed",neutral batted-ball profile; pitcher fly-ball pressure modest,,
686555,Isaac Collins,KC,CLE,2026-09-25T23:40:00Z,Scheduled,9,Gavin Williams,668909,R,S,4.97,0.1221,88.31,99.7461,0.3198,0.0927,0.3024,73.26,29.99,39.7,25.11,39.04,6.9,10.68,45.84,90.19,0.3973,0.1747,25.79,25.8,25.8,25.8,Kauffman Stadium,92,71,11,75 deg,Open-Meteo forecast; MLB fallback,https://forecast.weather.gov/MapClick.php?lat=39.0517&lon=-94.4803,63,1,No,Yes,9,Yes,Yes,RotoWire projected lineup; MLB probable pitchers,lineup projected / unconfirmed,H:2026/2025 P:2026/2025,,,Direct BvP not yet weighted; 2026/2025 Statcast baseline active,7,1,17,0,"Last 7 games: 1/17, 0 HR","switch hitter; pitcher baseline 10.7% barrel, 25.8 HR allowed",neutral batted-ball profile; pitcher fly-ball pressure modest,,
664983,Jake McCarthy,COL,CWS,2026-09-25T23:40:00Z,Scheduled,1,Sean Burke,680732,R,L,5.51,0.1746,85.05,96.8804,0.4034,0.1378,0.3133,70.89,13.4,37.87,21.45,28.16,11.7,8.82,40.11,89.6,0.3996,0.1641,30.98,19.5,19.5,19.5,Rate Field,98,,,,NOAA link only,https://forecast.weather.gov/MapClick.php?lat=41.8300&lon=-87.6338,,,No,Yes,1,Yes,Yes,RotoWire projected lineup; MLB probable pitchers,lineup projected / unconfirmed,H:2026/2025 P:2026/2025,,,Direct BvP not yet weighted; 2026/2025 Statcast baseline active,7,8,28,0,"Last 7 games: 8/28, 0 HR","platoon edge; pitcher baseline 8.8% barrel, 19.5 HR allowed",neutral batted-ball profile; pitcher allows elevated contact,,
681393,Connor Norby,COL,CWS,2026-09-25T23:40:00Z,Scheduled,2,Sean Burke,680732,R,R,8.0,0.1352,87.53,98.0692,0.3757,0.1529,0.3049,70.28,8.69,41.47,35.14,36.05,7.3,8.82,40.11,89.6,0.3996,0.1641,30.98,19.5,19.5,19.5,Rate Field,98,,,,NOAA link only,https://forecast.weather.gov/MapClick.php?lat=41.8300&lon=-87.6338,,,No,Yes,2,Yes,Yes,RotoWire projected lineup; MLB probable pitchers,lineup projected / unconfirmed,H:2026/2025 P:2026/2025,,,Direct BvP not yet weighted; 2026/2025 Statcast baseline active,7,8,22,0,Contact streak: 8/22 over last 7 games,"same-side matchup; pitcher baseline 8.8% barrel, 19.5 HR allowed",fly-ball profile; pitcher allows elevated contact,,
696100,Hunter Goodman,COL,CWS,2026-09-25T23:40:00Z,Scheduled,3,Sean Burke,680732,R,R,14.02,0.2679,90.1,102.3928,0.4546,0.2238,0.3206,74.86,47.55,48.21,32.55,45.36,36.6,8.82,40.11,89.6,0.3996,0.1641,30.98,19.5,19.5,19.5,Rate Field,98,,,,NOAA link only,https://forecast.weather.gov/MapClick.php?lat=41.8300&lon=-87.6338,,,No,Yes,3,Yes,Yes,RotoWire projected lineup; MLB probable pitchers,lineup projected / unconfirmed,H:2026/2025 P:2026/2025,,,Direct BvP not yet weighted; 2026/2025 Statcast baseline active,7,8,27,1,"Last 7 games: 8/27, 1 HR","same-side matchup; pitcher baseline 8.8% barrel, 19.5 HR allowed",neutral batted-ball profile; pitcher allows elevated contact,,
681198,TJ Rumfield,COL,CWS,2026-09-25T23:40:00Z,Scheduled,4,Sean Burke,680732,R,L,4.9,0.148,84.2,96.1655,0.385,0.125,0.333,68.3,7.6,41.0,28.9,27.8,15.0,8.82,40.11,89.6,0.3996,0.1641,30.98,19.5,19.5,19.5,Rate Field,98,,,,NOAA link only,https://forecast.weather.gov/MapClick.php?lat=41.8300&lon=-87.6338,,,No,Yes,4,Yes,Yes,RotoWire projected lineup; MLB probable pitchers,lineup projected / unconfirmed,H:2026 P:2026/2025,,,Direct BvP not yet weighted; 2026/2025 Statcast baseline active,7,6,26,0,"Last 7 games: 6/26, 0 HR","platoon edge; pitcher baseline 8.8% barrel, 19.5 HR allowed",neutral batted-ball profile; pitcher allows elevated contact,,
694249,Cole Carrigg,COL,CWS,2026-09-25T23:40:00Z,Scheduled,5,Sean Burke,680732,R,S,5.5,0.186,87.9,98.9832,0.392,0.147,0.31,73.1,34.5,47.1,29.0,37.0,10.0,8.82,40.11,89.6,0.3996,0.1641,30.98,19.5,19.5,19.5,Rate Field,98,,,,NOAA link only,https://forecast.weather.gov/MapClick.php?lat=41.8300&lon=-87.6338,,,No,Yes,5,Yes,Yes,RotoWire projected lineup; MLB probable pitchers,lineup projected / unconfirmed,H:2026 P:2026/2025,,,Direct BvP not yet weighted; 2026/2025 Statcast baseline active,7,11,29,1,Contact streak: 11/29 over last 7 games,"switch hitter; pitcher baseline 8.8% barrel, 19.5 HR allowed",neutral batted-ball profile; pitcher allows elevated contact,,
691720,Kyle Karros,COL,CWS,2026-09-25T23:40:00Z,Scheduled,6,Sean Burke,680732,R,R,6.11,0.1266,89.09,99.668,0.3621,0.1229,0.3133,69.8,5.58,38.87,24.06,38.67,8.7,8.82,40.11,89.6,0.3996,0.1641,30.98,19.5,19.5,19.5,Rate Field,98,,,,NOAA link only,https://forecast.weather.gov/MapClick.php?lat=41.8300&lon=-87.6338,,,No,Yes,6,Yes,Yes,RotoWire projected lineup; MLB probable pitchers,lineup projected / unconfirmed,H:2026/2025 P:2026/2025,,,Direct BvP not yet weighted; 2026/2025 Statcast baseline active,7,6,26,2,Hot streak: 2 HR in last 7 games,"same-side matchup; pitcher baseline 8.8% barrel, 19.5 HR allowed",neutral batted-ball profile; pitcher allows elevated contact,,
664954,Brett Sullivan,COL,CWS,2026-09-25T23:40:00Z,Scheduled,7,Sean Burke,680732,R,L,10.3,0.119,90.16,97.8404,0.3603,0.1528,0.311,69.23,5.32,50.42,34.25,53.17,4.9,8.82,40.11,89.6,0.3996,0.1641,30.98,19.5,19.5,19.5,Rate Field,98,,,,NOAA link only,https://forecast.weather.gov/MapClick.php?lat=41.8300&lon=-87.6338,,,No,Yes,7,Yes,Yes,RotoWire projected lineup; MLB probable pitchers,lineup projected / unconfirmed,H:2026/2025 P:2026/2025,,,Direct BvP not yet weighted; 2026/2025 Statcast baseline active,7,3,23,0,"Last 7 games: 3/23, 0 HR","platoon edge; pitcher baseline 8.8% barrel, 19.5 HR allowed",neutral batted-ball profile; pitcher allows elevated contact,,
687597,Jordan Beck,COL,CWS,2026-09-25T23:40:00Z,Scheduled,8,Sean Burke,680732,R,R,5.54,0.1104,86.84,98.4923,0.3194,0.1052,0.2642,73.69,36.76,40.15,28.39,32.69,5.5,8.82,40.11,89.6,0.3996,0.1641,30.98,19.5,19.5,19.5,Rate Field,98,,,,NOAA link only,https://forecast.weather.gov/MapClick.php?lat=41.8300&lon=-87.6338,,,No,Yes,8,Yes,Yes,RotoWire projected lineup; MLB probable pitchers,lineup projected / unconfirmed,H:2026/2025 P:2026/2025,,,Direct BvP not yet weighted; 2026/2025 Statcast baseline active,7,2,15,0,"Last 7 games: 2/15, 0 HR","same-side matchup; pitcher baseline 8.8% barrel, 19.5 HR allowed",neutral batted-ball profile; pitcher allows elevated contact,,
678662,Ezequiel Tovar,COL,CWS,2026-09-25T23:40:00Z,Scheduled,9,Sean Burke,680732,R,R,7.62,0.1344,87.93,99.0298,0.3906,0.1534,0.2917,71.95,20.96,36.91,29.92,34.63,11.1,8.82,40.11,89.6,0.3996,0.1641,30.98,19.5,19.5,19.5,Rate Field,98,,,,NOAA link only,https://forecast.weather.gov/MapClick.php?lat=41.8300&lon=-87.6338,,,No,Yes,9,Yes,Yes,RotoWire projected lineup; MLB probable pitchers,lineup projected / unconfirmed,H:2026/2025 P:2026/2025,,,Direct BvP not yet weighted; 2026/2025 Statcast baseline active,7,5,21,1,"Last 7 games: 5/21, 1 HR","same-side matchup; pitcher baseline 8.8% barrel, 19.5 HR allowed",neutral batted-ball profile; pitcher allows elevated contact,,
803011,Sam Antonacci,CWS,COL,2026-09-25T23:40:00Z,Scheduled,1,Tomoyuki Sugano,608372,R,L,5.2,0.121,87.5,97.5328,0.393,0.116,0.343,69.7,7.4,31.7,22.2,33.3,8.0,11.8,42.53,90.77,0.5359,0.2357,30.07,31.6,31.6,31.6,Rate Field,98,,,,NOAA link only,https://forecast.weather.gov/MapClick.php?lat=41.8300&lon=-87.6338,,,No,Yes,1,Yes,Yes,RotoWire projected lineup; MLB probable pitchers,lineup projected / unconfirmed,H:2026 P:2026/2025,,,Direct BvP not yet weighted; 2026/2025 Statcast baseline active,7,7,23,0,"Last 7 games: 7/23, 0 HR","platoon edge; pitcher baseline 11.8% barrel, 31.6 HR allowed",neutral batted-ball profile; pitcher allows elevated contact,,
691019,Kyle Teel,CWS,COL,2026-09-25T23:40:00Z,Scheduled,2,Tomoyuki Sugano,608372,R,L,10.93,0.1366,85.78,100.2364,0.3684,0.1573,0.3146,71.29,23.64,43.13,29.59,45.72,5.2,11.8,42.53,90.77,0.5359,0.2357,30.07,31.6,31.6,31.6,Rate Field,98,,,,NOAA link only,https://forecast.weather.gov/MapClick.php?lat=41.8300&lon=-87.6338,,,No,Yes,2,Yes,Yes,RotoWire projected lineup; MLB probable pitchers,lineup projected / unconfirmed,H:2026/2025 P:2026/2025,,,Direct BvP not yet weighted; 2026/2025 Statcast baseline active,7,4,23,1,"Last 7 games: 4/23, 1 HR","platoon edge; pitcher baseline 11.8% barrel, 31.6 HR allowed",neutral batted-ball profile; pitcher allows elevated contact,,
678246,Miguel Vargas,CWS,COL,2026-09-25T23:40:00Z,Scheduled,3,Tomoyuki Sugano,608372,R,R,12.06,0.2097,89.98,100.1324,0.4728,0.2165,0.3617,72.91,33.37,45.05,35.1,42.81,27.9,11.8,42.53,90.77,0.5359,0.2357,30.07,31.6,31.6,31.6,Rate Field,98,,,,NOAA link only,https://forecast.weather.gov/MapClick.php?lat=41.8300&lon=-87.6338,,,No,Yes,3,Yes,Yes,RotoWire projected lineup; MLB probable pitchers,lineup projected / unconfirmed,H:2026/2025 P:2026/2025,,,Direct BvP not yet weighted; 2026/2025 Statcast baseline active,7,8,25,2,Hot streak: 2 HR in last 7 games,"same-side matchup; pitcher baseline 11.8% barrel, 31.6 HR allowed",fly-ball profile; pitcher allows elevated contact,,
808959,Munetaka Murakami,CWS,COL,2026-09-25T23:40:00Z,Scheduled,4,Tomoyuki Sugano,608372,R,L,19.0,0.265,93.7,104.3227,0.453,0.253,0.346,74.7,49.7,46.8,38.3,56.0,33.0,11.8,42.53,90.77,0.5359,0.2357,30.07,31.6,31.6,31.6,Rate Field,98,,,,NOAA link only,https://forecast.weather.gov/MapClick.php?lat=41.8300&lon=-87.6338,,,No,Yes,4,Yes,Yes,RotoWire projected lineup; MLB probable pitchers,lineup projected / unconfirmed,H:2026 P:2026/2025,,,Direct BvP not yet weighted; 2026/2025 Statcast baseline active,7,6,25,2,Hot streak: 2 HR in last 7 games,"platoon edge; pitcher baseline 11.8% barrel, 31.6 HR allowed",lift-pull EV profile; pitcher allows elevated contact,,
643217,Andrew Benintendi,CWS,COL,2026-09-25T23:40:00Z,Scheduled,5,Tomoyuki Sugano,608372,R,L,9.21,0.1763,88.91,98.8649,0.4074,0.169,0.3093,69.61,4.57,49.19,32.97,42.57,15.8,11.8,42.53,90.77,0.5359,0.2357,30.07,31.6,31.6,31.6,Rate Field,98,,,,NOAA link only,https://forecast.weather.gov/MapClick.php?lat=41.8300&lon=-87.6338,,,No,Yes,5,Yes,Yes,RotoWire projected lineup; MLB probable pitchers,lineup projected / unconfirmed,H:2026/2025 P:2026/2025,,,Direct BvP not yet weighted; 2026/2025 Statcast baseline active,7,4,17,0,"Last 7 games: 4/17, 0 HR","platoon edge; pitcher baseline 11.8% barrel, 31.6 HR allowed",neutral batted-ball profile; pitcher allows elevated contact,,
671976,Tristan Peters,CWS,COL,2026-09-25T23:40:00Z,Scheduled,6,Tomoyuki Sugano,608372,R,L,3.92,0.1239,87.15,98.1614,0.325,0.1064,0.2649,69.16,5.18,42.12,19.74,35.66,8.4,11.8,42.53,90.77,0.5359,0.2357,30.07,31.6,31.6,31.6,Rate Field,98,,,,NOAA link only,https://forecast.weather.gov/MapClick.php?lat=41.8300&lon=-87.6338,,,No,Yes,6,Yes,Yes,RotoWire projected lineup; MLB probable pitchers,lineup projected / unconfirmed,H:2026/2025 P:2026/2025,,,Direct BvP not yet weighted; 2026/2025 Statcast baseline active,7,1,14,0,"Last 7 games: 1/14, 0 HR","platoon edge; pitcher baseline 11.8% barrel, 31.6 HR allowed",neutral batted-ball profile; pitcher allows elevated contact,,
805367,Chase Meidroth,CWS,COL,2026-09-25T23:40:00Z,Scheduled,7,Tomoyuki Sugano,608372,R,R,3.77,0.116,87.57,97.4646,0.3421,0.1003,0.2993,67.05,1.25,38.68,20.61,34.98,12.7,11.8,42.53,90.77,0.5359,0.2357,30.07,31.6,31.6,31.6,Rate Field,98,,,,NOAA link only,https://forecast.weather.gov/MapClick.php?lat=41.8300&lon=-87.6338,,,No,Yes,7,Yes,Yes,RotoWire projected lineup; MLB probable pitchers,lineup projected / unconfirmed,H:2026/2025 P:2026/2025,,,Direct BvP not yet weighted; 2026/2025 Statcast baseline active,7,9,25,2,Hot streak: 2 HR in last 7 games,"same-side matchup; pitcher baseline 11.8% barrel, 31.6 HR allowed",neutral batted-ball profile; pitcher allows elevated contact,,
695657,Colson Montgomery,CWS,COL,2026-09-25T23:40:00Z,Scheduled,8,Tomoyuki Sugano,608372,R,L,12.96,0.2347,88.84,101.814,0.4268,0.2164,0.3116,76.72,70.86,49.3,32.95,42.26,28.0,11.8,42.53,90.77,0.5359,0.2357,30.07,31.6,31.6,31.6,Rate Field,98,,,,NOAA link only,https://forecast.weather.gov/MapClick.php?lat=41.8300&lon=-87.6338,,,No,Yes,8,Yes,Yes,RotoWire projected lineup; MLB probable pitchers,lineup projected / unconfirmed,H:2026/2025 P:2026/2025,,,Direct BvP not yet weighted; 2026/2025 Statcast baseline active,7,3,24,0,"Last 7 games: 3/24, 0 HR","platoon edge; pitcher baseline 11.8% barrel, 31.6 HR allowed",neutral batted-ball profile; pitcher allows elevated contact,,
695731,Braden Montgomery,CWS,COL,2026-09-25T23:40:00Z,Scheduled,9,Tomoyuki Sugano,608372,R,S,4.6,0.126,88.9,100.0319,0.388,0.136,0.325,69.7,8.3,36.9,18.3,40.2,6.0,11.8,42.53,90.77,0.5359,0.2357,30.07,31.6,31.6,31.6,Rate Field,98,,,,NOAA link only,https://forecast.weather.gov/MapClick.php?lat=41.8300&lon=-87.6338,,,No,Yes,9,Yes,Yes,RotoWire projected lineup; MLB probable pitchers,lineup projected / unconfirmed,H:2026 P:2026/2025,,,Direct BvP not yet weighted; 2026/2025 Statcast baseline active,7,9,25,0,Contact streak: 9/25 over last 7 games,"switch hitter; pitcher baseline 11.8% barrel, 31.6 HR allowed",neutral batted-ball profile; pitcher allows elevated contact,,
802139,JJ Wetherholt,STL,MIL,2026-09-25T23:40:00Z,Scheduled,1,Robert Gasser,688107,L,L,7.3,0.124,89.8,99.3935,0.434,0.179,0.348,71.9,19.4,36.5,29.2,44.8,17.0,8.58,36.7,88.27,0.3988,0.1614,25.7,10.1,10.1,10.1,American Family Field,100,60,3,23 deg,Open-Meteo forecast; MLB fallback,https://forecast.weather.gov/MapClick.php?lat=43.0280&lon=-87.9712,82,0,No,Yes,1,Yes,Yes,RotoWire projected lineup; MLB probable pitchers,lineup projected / unconfirmed,H:2026 P:2026/2025,,,Direct BvP not yet weighted; 2026/2025 Statcast baseline active,7,8,24,0,Contact streak: 8/24 over last 7 games,"same-side matchup; pitcher baseline 8.6% barrel, 10.1 HR allowed",neutral batted-ball profile; pitcher fly-ball pressure modest,,
671056,Ivan Herrera,STL,MIL,2026-09-25T23:40:00Z,Scheduled,2,Robert Gasser,688107,L,R,7.46,0.1513,90.01,101.3439,0.4175,0.1607,0.3465,73.81,42.37,37.1,19.66,42.73,18.3,8.58,36.7,88.27,0.3988,0.1614,25.7,10.1,10.1,10.1,American Family Field,100,60,3,23 deg,Open-Meteo forecast; MLB fallback,https://forecast.weather.gov/MapClick.php?lat=43.0280&lon=-87.9712,82,0,No,Yes,2,Yes,Yes,RotoWire projected lineup; MLB probable pitchers,lineup projected / unconfirmed,H:2026/2025 P:2026/2025,,,Direct BvP not yet weighted; 2026/2025 Statcast baseline active,7,7,24,2,Hot streak: 2 HR in last 7 games,"platoon edge; pitcher baseline 8.6% barrel, 10.1 HR allowed",neutral batted-ball profile; pitcher fly-ball pressure modest,,
676475,Alec Burleson,STL,MIL,2026-09-25T23:40:00Z,Scheduled,3,Robert Gasser,688107,L,L,10.41,0.1781,91.63,101.9407,0.4983,0.2158,0.3618,73.28,34.91,43.68,26.98,47.69,21.5,8.58,36.7,88.27,0.3988,0.1614,25.7,10.1,10.1,10.1,American Family Field,100,60,3,23 deg,Open-Meteo forecast; MLB fallback,https://forecast.weather.gov/MapClick.php?lat=43.0280&lon=-87.9712,82,0,No,Yes,3,Yes,Yes,RotoWire projected lineup; MLB probable pitchers,lineup projected / unconfirmed,H:2026/2025 P:2026/2025,,,Direct BvP not yet weighted; 2026/2025 Statcast baseline active,7,4,27,1,"Last 7 games: 4/27, 1 HR","same-side matchup; pitcher baseline 8.6% barrel, 10.1 HR allowed",neutral batted-ball profile; pitcher fly-ball pressure modest,,
691023,Jordan Walker,STL,MIL,2026-09-25T23:40:00Z,Scheduled,4,Robert Gasser,688107,L,R,12.58,0.1652,92.51,104.6813,0.433,0.1858,0.3221,78.87,83.12,37.96,23.63,49.65,21.4,8.58,36.7,88.27,0.3988,0.1614,25.7,10.1,10.1,10.1,American Family Field,100,60,3,23 deg,Open-Meteo forecast; MLB fallback,https://forecast.weather.gov/MapClick.php?lat=43.0280&lon=-87.9712,82,0,No,Yes,4,Yes,Yes,RotoWire projected lineup; MLB probable pitchers,lineup projected / unconfirmed,H:2026/2025 P:2026/2025,,,Direct BvP not yet weighted; 2026/2025 Statcast baseline active,7,2,25,0,"Last 7 games: 2/25, 0 HR","platoon edge; pitcher baseline 8.6% barrel, 10.1 HR allowed",EV profile; pitcher fly-ball pressure modest,,
699024,Leo Bernal,STL,MIL,2026-09-25T23:40:00Z,Scheduled,5,Robert Gasser,688107,L,S,9.7,0.185,92.8,102.1888,0.501,0.218,0.355,73.8,32.1,43.5,35.5,58.1,4.0,8.58,36.7,88.27,0.3988,0.1614,25.7,10.1,10.1,10.1,American Family Field,100,60,3,23 deg,Open-Meteo forecast; MLB fallback,https://forecast.weather.gov/MapClick.php?lat=43.0280&lon=-87.9712,82,0,No,Yes,5,Yes,Yes,RotoWire projected lineup; MLB probable pitchers,lineup projected / unconfirmed,H:2026 P:2026/2025,,,Direct BvP not yet weighted; 2026/2025 Statcast baseline active,7,7,29,1,"Last 7 games: 7/29, 1 HR","switch hitter; pitcher baseline 8.6% barrel, 10.1 HR allowed",lift-pull EV profile; pitcher fly-ball pressure modest,,
663494,Bryan Torres,STL,MIL,2026-09-25T23:40:00Z,Scheduled,6,Robert Gasser,688107,L,L,3.2,0.105,86.9,95.8294,0.335,0.102,0.288,65.9,1.1,48.0,23.6,26.8,4.0,8.58,36.7,88.27,0.3988,0.1614,25.7,10.1,10.1,10.1,American Family Field,100,60,3,23 deg,Open-Meteo forecast; MLB fallback,https://forecast.weather.gov/MapClick.php?lat=43.0280&lon=-87.9712,82,0,No,Yes,6,Yes,Yes,RotoWire projected lineup; MLB probable pitchers,lineup projected / unconfirmed,H:2026 P:2026/2025,,,Direct BvP not yet weighted; 2026/2025 Statcast baseline active,7,0,18,0,"Last 7 games: 0/18, 0 HR","same-side matchup; pitcher baseline 8.6% barrel, 10.1 HR allowed",neutral batted-ball profile; pitcher fly-ball pressure modest,,
695336,Thomas Saggese,STL,MIL,2026-09-25T23:40:00Z,Scheduled,7,Robert Gasser,688107,L,R,8.82,0.1155,90.41,100.6121,0.3951,0.1516,0.3069,71.55,18.18,29.48,27.32,43.05,3.4,8.58,36.7,88.27,0.3988,0.1614,25.7,10.1,10.1,10.1,American Family Field,100,60,3,23 deg,Open-Meteo forecast; MLB fallback,https://forecast.weather.gov/MapClick.php?lat=43.0280&lon=-87.9712,82,0,No,Yes,7,Yes,Yes,RotoWire projected lineup; MLB probable pitchers,lineup projected / unconfirmed,H:2026/2025 P:2026/2025,,,Direct BvP not yet weighted; 2026/2025 Statcast baseline active,7,2,24,0,"Last 7 games: 2/24, 0 HR","platoon edge; pitcher baseline 8.6% barrel, 10.1 HR allowed",neutral batted-ball profile; pitcher fly-ball pressure modest,,
701675,Nathan Church,STL,MIL,2026-09-25T23:40:00Z,Scheduled,8,Robert Gasser,688107,L,L,4.5,0.1053,86.62,97.4182,0.3343,0.1046,0.2743,69.46,7.99,34.22,22.16,33.1,7.3,8.58,36.7,88.27,0.3988,0.1614,25.7,10.1,10.1,10.1,American Family Field,100,60,3,23 deg,Open-Meteo forecast; MLB fallback,https://forecast.weather.gov/MapClick.php?lat=43.0280&lon=-87.9712,82,0,No,Yes,8,Yes,Yes,RotoWire projected lineup; MLB probable pitchers,lineup projected / unconfirmed,H:2026/2025 P:2026/2025,,,Direct BvP not yet weighted; 2026/2025 Statcast baseline active,7,7,26,0,"Last 7 games: 7/26, 0 HR","same-side matchup; pitcher baseline 8.6% barrel, 10.1 HR allowed",neutral batted-ball profile; pitcher fly-ball pressure modest,,
691026,Masyn Winn,STL,MIL,2026-09-25T23:40:00Z,Scheduled,9,Robert Gasser,688107,L,R,3.82,0.0932,88.23,98.6147,0.3358,0.0916,0.2937,71.24,15.98,32.53,21.95,34.74,6.2,8.58,36.7,88.27,0.3988,0.1614,25.7,10.1,10.1,10.1,American Family Field,100,60,3,23 deg,Open-Meteo forecast; MLB fallback,https://forecast.weather.gov/MapClick.php?lat=43.0280&lon=-87.9712,82,0,No,Yes,9,Yes,Yes,RotoWire projected lineup; MLB probable pitchers,lineup projected / unconfirmed,H:2026/2025 P:2026/2025,,,Direct BvP not yet weighted; 2026/2025 Statcast baseline active,7,2,15,0,"Last 7 games: 2/15, 0 HR","platoon edge; pitcher baseline 8.6% barrel, 10.1 HR allowed",neutral batted-ball profile; pitcher fly-ball pressure modest,,
669003,Garrett Mitchell,MIL,STL,2026-09-25T23:40:00Z,Scheduled,1,Michael McGreevy,700241,R,L,10.27,0.1377,92.36,103.8265,0.4152,0.1596,0.3328,77.15,77.51,33.23,16.92,49.48,7.7,9.15,40.73,90.01,0.4689,0.19,26.76,18.3,18.3,18.3,American Family Field,100,60,3,23 deg,Open-Meteo forecast; MLB fallback,https://forecast.weather.gov/MapClick.php?lat=43.0280&lon=-87.9712,82,0,No,Yes,1,Yes,Yes,RotoWire projected lineup; MLB probable pitchers,lineup projected / unconfirmed,H:2026/2025 P:2026/2025,,,Direct BvP not yet weighted; 2026/2025 Statcast baseline active,7,4,25,0,"Last 7 games: 4/25, 0 HR","platoon edge; pitcher baseline 9.2% barrel, 18.3 HR allowed",EV profile; pitcher fly-ball pressure modest,,
668930,Brice Turang,MIL,STL,2026-09-25T23:40:00Z,Scheduled,2,Michael McGreevy,700241,R,L,7.79,0.1694,90.47,100.378,0.4269,0.1705,0.3413,70.25,13.41,28.14,23.57,43.27,19.4,9.15,40.73,90.01,0.4689,0.19,26.76,18.3,18.3,18.3,American Family Field,100,60,3,23 deg,Open-Meteo forecast; MLB fallback,https://forecast.weather.gov/MapClick.php?lat=43.0280&lon=-87.9712,82,0,No,Yes,2,Yes,Yes,RotoWire projected lineup; MLB probable pitchers,lineup projected / unconfirmed,H:2026/2025 P:2026/2025,,,Direct BvP not yet weighted; 2026/2025 Statcast baseline active,7,7,26,1,"Last 7 games: 7/26, 1 HR","platoon edge; pitcher baseline 9.2% barrel, 18.3 HR allowed",neutral batted-ball profile; pitcher fly-ball pressure modest,,
661388,William Contreras,MIL,STL,2026-09-25T23:40:00Z,Scheduled,3,Michael McGreevy,700241,R,R,7.87,0.146,90.54,101.6727,0.4266,0.1702,0.3315,73.41,36.37,35.9,24.15,45.42,17.7,9.15,40.73,90.01,0.4689,0.19,26.76,18.3,18.3,18.3,American Family Field,100,60,3,23 deg,Open-Meteo forecast; MLB fallback,https://forecast.weather.gov/MapClick.php?lat=43.0280&lon=-87.9712,82,0,No,Yes,3,Yes,Yes,RotoWire projected lineup; MLB probable pitchers,lineup projected / unconfirmed,H:2026/2025 P:2026/2025,,,Direct BvP not yet weighted; 2026/2025 Statcast baseline active,7,6,25,1,"Last 7 games: 6/25, 1 HR","same-side matchup; pitcher baseline 9.2% barrel, 18.3 HR allowed",neutral batted-ball profile; pitcher fly-ball pressure modest,,
641343,Jake Bauers,MIL,STL,2026-09-25T23:40:00Z,Scheduled,4,Michael McGreevy,700241,R,L,13.98,0.2053,92.05,103.0071,0.4682,0.2195,0.3694,76.5,69.65,40.2,30.33,50.22,20.3,9.15,40.73,90.01,0.4689,0.19,26.76,18.3,18.3,18.3,American Family Field,100,60,3,23 deg,Open-Meteo forecast; MLB fallback,https://forecast.weather.gov/MapClick.php?lat=43.0280&lon=-87.9712,82,0,No,Yes,4,Yes,Yes,RotoWire projected lineup; MLB probable pitchers,lineup projected / unconfirmed,H:2026/2025 P:2026/2025,,,Direct BvP not yet weighted; 2026/2025 Statcast baseline active,7,6,24,0,"Last 7 games: 6/24, 0 HR","platoon edge; pitcher baseline 9.2% barrel, 18.3 HR allowed",lift-pull EV profile; pitcher fly-ball pressure modest,,
596142,Gary Sanchez,MIL,STL,2026-09-25T23:40:00Z,Scheduled,5,Michael McGreevy,700241,R,R,8.94,0.2031,89.45,100.7192,0.4063,0.1775,0.3318,71.85,25.4,47.1,27.51,42.12,9.2,9.15,40.73,90.01,0.4689,0.19,26.76,18.3,18.3,18.3,American Family Field,100,60,3,23 deg,Open-Meteo forecast; MLB fallback,https://forecast.weather.gov/MapClick.php?lat=43.0280&lon=-87.9712,82,0,No,Yes,5,Yes,Yes,RotoWire projected lineup; MLB probable pitchers,lineup projected / unconfirmed,H:2026/2025 P:2026/2025,,,Direct BvP not yet weighted; 2026/2025 Statcast baseline active,7,5,19,0,"Last 7 games: 5/19, 0 HR","same-side matchup; pitcher baseline 9.2% barrel, 18.3 HR allowed",neutral batted-ball profile; pitcher fly-ball pressure modest,,
800325,Luis Lara,MIL,STL,2026-09-25T23:40:00Z,Scheduled,6,Michael McGreevy,700241,R,S,3.6,0.084,87.8,98.8423,0.332,0.075,0.294,71.4,17.2,29.9,14.6,40.9,1.0,9.15,40.73,90.01,0.4689,0.19,26.76,18.3,18.3,18.3,American Family Field,100,60,3,23 deg,Open-Meteo forecast; MLB fallback,https://forecast.weather.gov/MapClick.php?lat=43.0280&lon=-87.9712,82,0,No,Yes,6,Yes,Yes,RotoWire projected lineup; MLB probable pitchers,lineup projected / unconfirmed,H:2026 P:2026/2025,,,Direct BvP not yet weighted; 2026/2025 Statcast baseline active,7,5,26,0,"Last 7 games: 5/26, 0 HR","switch hitter; pitcher baseline 9.2% barrel, 18.3 HR allowed",neutral batted-ball profile; pitcher fly-ball pressure modest,,
806198,Cooper Pratt,MIL,STL,2026-09-25T23:40:00Z,Scheduled,7,Michael McGreevy,700241,R,R,3.4,0.088,87.4,96.8724,0.362,0.097,0.314,70.0,9.0,32.0,21.5,28.2,3.0,9.15,40.73,90.01,0.4689,0.19,26.76,18.3,18.3,18.3,American Family Field,100,60,3,23 deg,Open-Meteo forecast; MLB fallback,https://forecast.weather.gov/MapClick.php?lat=43.0280&lon=-87.9712,82,0,No,Yes,7,Yes,Yes,RotoWire projected lineup; MLB probable pitchers,lineup projected / unconfirmed,H:2026 P:2026/2025,,,Direct BvP not yet weighted; 2026/2025 Statcast baseline active,7,8,22,0,Contact streak: 8/22 over last 7 games,"same-side matchup; pitcher baseline 9.2% barrel, 18.3 HR allowed",neutral batted-ball profile; pitcher fly-ball pressure modest,,
686217,Sal Frelick,MIL,STL,2026-09-25T23:40:00Z,Scheduled,8,Michael McGreevy,700241,R,L,2.54,0.096,85.71,96.3363,0.3278,0.0833,0.285,68.24,3.83,39.81,21.25,27.4,6.4,9.15,40.73,90.01,0.4689,0.19,26.76,18.3,18.3,18.3,American Family Field,100,60,3,23 deg,Open-Meteo forecast; MLB fallback,https://forecast.weather.gov/MapClick.php?lat=43.0280&lon=-87.9712,82,0,No,Yes,8,Yes,Yes,RotoWire projected lineup; MLB probable pitchers,lineup projected / unconfirmed,H:2026/2025 P:2026/2025,,,Direct BvP not yet weighted; 2026/2025 Statcast baseline active,7,4,15,0,"Last 7 games: 4/15, 0 HR","platoon edge; pitcher baseline 9.2% barrel, 18.3 HR allowed",neutral batted-ball profile; pitcher fly-ball pressure modest,,
687401,Joey Ortiz,MIL,STL,2026-09-25T23:40:00Z,Scheduled,9,Michael McGreevy,700241,R,R,3.77,0.1206,87.84,99.1583,0.3389,0.0967,0.289,73.0,30.71,32.05,19.96,35.67,8.4,9.15,40.73,90.01,0.4689,0.19,26.76,18.3,18.3,18.3,American Family Field,100,60,3,23 deg,Open-Meteo forecast; MLB fallback,https://forecast.weather.gov/MapClick.php?lat=43.0280&lon=-87.9712,82,0,No,Yes,9,Yes,Yes,RotoWire projected lineup; MLB probable pitchers,lineup projected / unconfirmed,H:2026/2025 P:2026/2025,,,Direct BvP not yet weighted; 2026/2025 Statcast baseline active,7,6,27,0,"Last 7 games: 6/27, 0 HR","same-side matchup; pitcher baseline 9.2% barrel, 18.3 HR allowed",neutral batted-ball profile; pitcher fly-ball pressure modest,,
679822,Justin Foscue,TEX,MIN,2026-09-26T00:10:00Z,Scheduled,1,Joe Ryan,657746,R,R,7.49,0.1873,90.34,99.4365,0.3916,0.1712,0.2862,70.96,9.38,46.71,36.98,49.48,7.7,10.52,40.99,89.64,0.3977,0.174,30.45,22.5,22.5,22.5,Target Field,99,62,9,138 deg,Open-Meteo forecast; MLB fallback,https://forecast.weather.gov/MapClick.php?lat=44.9817&lon=-93.2776,86,34,No,Yes,1,Yes,Yes,RotoWire projected lineup; MLB probable pitchers,lineup projected / unconfirmed,H:2026/2025 P:2026/2025,,,Direct BvP not yet weighted; 2026/2025 Statcast baseline active,7,5,17,0,"Last 7 games: 5/17, 0 HR","same-side matchup; pitcher baseline 10.5% barrel, 22.5 HR allowed",fly-ball profile; pitcher allows elevated contact,,
608369,Corey Seager,TEX,MIN,2026-09-26T00:10:00Z,Scheduled,2,Joe Ryan,657746,R,L,14.39,0.1985,91.99,102.4683,0.5011,0.2413,0.3622,71.8,15.3,40.99,30.78,49.4,18.9,10.52,40.99,89.64,0.3977,0.174,30.45,22.5,22.5,22.5,Target Field,99,62,9,138 deg,Open-Meteo forecast; MLB fallback,https://forecast.weather.gov/MapClick.php?lat=44.9817&lon=-93.2776,86,34,No,Yes,2,Yes,Yes,RotoWire projected lineup; MLB probable pitchers,lineup projected / unconfirmed,H:2026/2025 P:2026/2025,,,Direct BvP not yet weighted; 2026/2025 Statcast baseline active,7,4,29,1,"Last 7 games: 4/29, 1 HR","platoon edge; pitcher baseline 10.5% barrel, 22.5 HR allowed",neutral batted-ball profile; pitcher allows elevated contact,,
673962,Josh Jung,TEX,MIN,2026-09-26T00:10:00Z,Scheduled,3,Joe Ryan,657746,R,R,7.32,0.1495,90.28,100.3711,0.4273,0.1557,0.3313,70.41,7.48,37.83,23.57,48.38,11.9,10.52,40.99,89.64,0.3977,0.174,30.45,22.5,22.5,22.5,Target Field,99,62,9,138 deg,Open-Meteo forecast; MLB fallback,https://forecast.weather.gov/MapClick.php?lat=44.9817&lon=-93.2776,86,34,No,Yes,3,Yes,Yes,RotoWire projected lineup; MLB probable pitchers,lineup projected / unconfirmed,H:2026/2025 P:2026/2025,,,Direct BvP not yet weighted; 2026/2025 Statcast baseline active,7,8,26,3,Hot streak: 3 HR in last 7 games,"same-side matchup; pitcher baseline 10.5% barrel, 22.5 HR allowed",neutral batted-ball profile; pitcher allows elevated contact,,
669394,Jake Burger,TEX,MIN,2026-09-26T00:10:00Z,Scheduled,4,Joe Ryan,657746,R,R,12.85,0.19,90.26,102.7555,0.4395,0.2054,0.3191,75.44,58.42,41.04,28.81,46.89,23.7,10.52,40.99,89.64,0.3977,0.174,30.45,22.5,22.5,22.5,Target Field,99,62,9,138 deg,Open-Meteo forecast; MLB fallback,https://forecast.weather.gov/MapClick.php?lat=44.9817&lon=-93.2776,86,34,No,Yes,4,Yes,Yes,RotoWire projected lineup; MLB probable pitchers,lineup projected / unconfirmed,H:2026/2025 P:2026/2025,,,Direct BvP not yet weighted; 2026/2025 Statcast baseline active,7,3,23,1,"Last 7 games: 3/23, 1 HR","same-side matchup; pitcher baseline 10.5% barrel, 22.5 HR allowed",neutral batted-ball profile; pitcher allows elevated contact,,
607043,Brandon Nimmo,TEX,MIN,2026-09-26T00:10:00Z,Scheduled,5,Joe Ryan,657746,R,L,9.01,0.1544,91.97,102.0213,0.4393,0.1747,0.3357,72.34,27.67,33.73,25.77,50.41,17.3,10.52,40.99,89.64,0.3977,0.174,30.45,22.5,22.5,22.5,Target Field,99,62,9,138 deg,Open-Meteo forecast; MLB fallback,https://forecast.weather.gov/MapClick.php?lat=44.9817&lon=-93.2776,86,34,No,Yes,5,Yes,Yes,RotoWire projected lineup; MLB probable pitchers,lineup projected / unconfirmed,H:2026/2025 P:2026/2025,,,Direct BvP not yet weighted; 2026/2025 Statcast baseline active,7,5,25,0,"Last 7 games: 5/25, 0 HR","platoon edge; pitcher baseline 10.5% barrel, 22.5 HR allowed",neutral batted-ball profile; pitcher allows elevated contact,,
694671,Wyatt Langford,TEX,MIN,2026-09-26T00:10:00Z,Scheduled,6,Joe Ryan,657746,R,R,9.94,0.19,89.58,100.4506,0.4088,0.1757,0.3292,72.82,27.36,43.66,30.88,40.49,18.5,10.52,40.99,89.64,0.3977,0.174,30.45,22.5,22.5,22.5,Target Field,99,62,9,138 deg,Open-Meteo forecast; MLB fallback,https://forecast.weather.gov/MapClick.php?lat=44.9817&lon=-93.2776,86,34,No,Yes,6,Yes,Yes,RotoWire projected lineup; MLB probable pitchers,lineup projected / unconfirmed,H:2026/2025 P:2026/2025,,,Direct BvP not yet weighted; 2026/2025 Statcast baseline active,7,5,19,0,"Last 7 games: 5/19, 0 HR","same-side matchup; pitcher baseline 10.5% barrel, 22.5 HR allowed",neutral batted-ball profile; pitcher allows elevated contact,,
677649,Ezequiel Duran,TEX,MIN,2026-09-26T00:10:00Z,Scheduled,7,Joe Ryan,657746,R,R,5.05,0.1355,87.82,98.9997,0.3496,0.1146,0.2862,72.27,24.59,35.45,21.58,36.15,11.9,10.52,40.99,89.64,0.3977,0.174,30.45,22.5,22.5,22.5,Target Field,99,62,9,138 deg,Open-Meteo forecast; MLB fallback,https://forecast.weather.gov/MapClick.php?lat=44.9817&lon=-93.2776,86,34,No,Yes,7,Yes,Yes,RotoWire projected lineup; MLB probable pitchers,lineup projected / unconfirmed,H:2026/2025 P:2026/2025,,,Direct BvP not yet weighted; 2026/2025 Statcast baseline active,7,1,25,0,"Last 7 games: 1/25, 0 HR","same-side matchup; pitcher baseline 10.5% barrel, 22.5 HR allowed",neutral batted-ball profile; pitcher allows elevated contact,,
553869,Elias Diaz,TEX,MIN,2026-09-26T00:10:00Z,Scheduled,8,Joe Ryan,657746,R,R,8.65,0.1515,88.33,100.5511,0.3445,0.1341,0.2666,74.34,43.86,37.93,27.24,39.61,7.6,10.52,40.99,89.64,0.3977,0.174,30.45,22.5,22.5,22.5,Target Field,99,62,9,138 deg,Open-Meteo forecast; MLB fallback,https://forecast.weather.gov/MapClick.php?lat=44.9817&lon=-93.2776,86,34,No,Yes,8,Yes,Yes,RotoWire projected lineup; MLB probable pitchers,lineup projected / unconfirmed,H:2026/2025 P:2026/2025,,,Direct BvP not yet weighted; 2026/2025 Statcast baseline active,7,5,21,0,"Last 7 games: 5/21, 0 HR","same-side matchup; pitcher baseline 10.5% barrel, 22.5 HR allowed",neutral batted-ball profile; pitcher allows elevated contact,,
643376,Danny Jansen,TEX,MIN,2026-09-26T00:10:00Z,Scheduled,9,Joe Ryan,657746,R,R,6.77,0.1658,87.67,97.8804,0.3192,0.129,0.2776,69.85,6.74,54.05,28.84,35.01,8.4,10.52,40.99,89.64,0.3977,0.174,30.45,22.5,22.5,22.5,Target Field,99,62,9,138 deg,Open-Meteo forecast; MLB fallback,https://forecast.weather.gov/MapClick.php?lat=44.9817&lon=-93.2776,86,34,No,Yes,9,Yes,Yes,RotoWire projected lineup; MLB probable pitchers,lineup projected / unconfirmed,H:2026/2025 P:2026/2025,,,Direct BvP not yet weighted; 2026/2025 Statcast baseline active,7,4,19,0,"Last 7 games: 4/19, 0 HR","same-side matchup; pitcher baseline 10.5% barrel, 22.5 HR allowed",neutral batted-ball profile; pitcher allows elevated contact,,
665161,Jeremy Pena,HOU,ATH,2026-09-26T01:40:00Z,Scheduled,1,Jacob Lopez,682052,L,R,7.29,0.1877,88.69,99.9887,0.4278,0.1592,0.3284,72.3,15.39,46.62,25.06,40.45,19.1,6.6,32.36,85.22,0.3599,0.145,34.72,19.9,19.9,19.9,Sutter Health Park,106,92,8,232 deg,Open-Meteo forecast; MLB fallback,https://forecast.weather.gov/MapClick.php?lat=38.5804&lon=-121.5139,24,0,No,Yes,1,Yes,Yes,RotoWire projected lineup; MLB probable pitchers,lineup projected / unconfirmed,H:2026/2025 P:2026/2025,,,Direct BvP not yet weighted; 2026/2025 Statcast baseline active,7,6,27,1,"Last 7 games: 6/27, 1 HR","platoon edge; pitcher baseline 6.6% barrel, 19.9 HR allowed",neutral batted-ball profile; pitcher allows elevated contact,,
670541,Yordan Alvarez,HOU,ATH,2026-09-26T01:40:00Z,Scheduled,2,Jacob Lopez,682052,L,L,15.48,0.2487,94.42,104.8019,0.6141,0.3049,0.4287,76.1,61.59,41.02,36.1,53.46,30.5,6.6,32.36,85.22,0.3599,0.145,34.72,19.9,19.9,19.9,Sutter Health Park,106,92,8,232 deg,Open-Meteo forecast; MLB fallback,https://forecast.weather.gov/MapClick.php?lat=38.5804&lon=-121.5139,24,0,No,Yes,2,Yes,Yes,RotoWire projected lineup; MLB probable pitchers,lineup projected / unconfirmed,H:2026/2025 P:2026/2025,,,Direct BvP not yet weighted; 2026/2025 Statcast baseline active,7,11,26,2,Hot streak: 2 HR in last 7 games,"same-side matchup; pitcher baseline 6.6% barrel, 19.9 HR allowed",lift-pull EV profile; pitcher allows elevated contact,,
670623,Isaac Paredes,HOU,ATH,2026-09-26T01:40:00Z,Scheduled,3,Jacob Lopez,682052,L,R,5.32,0.1872,86.42,97.0108,0.3744,0.1327,0.3221,67.74,7.64,51.79,31.22,30.59,22.1,6.6,32.36,85.22,0.3599,0.145,34.72,19.9,19.9,19.9,Sutter Health Park,106,92,8,232 deg,Open-Meteo forecast; MLB fallback,https://forecast.weather.gov/MapClick.php?lat=38.5804&lon=-121.5139,24,0,No,Yes,3,Yes,Yes,RotoWire projected lineup; MLB probable pitchers,lineup projected / unconfirmed,H:2026/2025 P:2026/2025,,,Direct BvP not yet weighted; 2026/2025 Statcast baseline active,7,9,25,3,Hot streak: 3 HR in last 7 games,"platoon edge; pitcher baseline 6.6% barrel, 19.9 HR allowed",neutral batted-ball profile; pitcher allows elevated contact,,
514888,Jose Altuve,HOU,ATH,2026-09-26T01:40:00Z,Scheduled,4,Jacob Lopez,682052,L,R,4.87,0.1581,85.45,97.1163,0.3441,0.1162,0.2804,68.93,9.64,45.78,23.07,31.6,19.0,6.6,32.36,85.22,0.3599,0.145,34.72,19.9,19.9,19.9,Sutter Health Park,106,92,8,232 deg,Open-Meteo forecast; MLB fallback,https://forecast.weather.gov/MapClick.php?lat=38.5804&lon=-121.5139,24,0,No,Yes,4,Yes,Yes,RotoWire projected lineup; MLB probable pitchers,lineup projected / unconfirmed,H:2026/2025 P:2026/2025,,,Direct BvP not yet weighted; 2026/2025 Statcast baseline active,7,11,30,1,Contact streak: 11/30 over last 7 games,"platoon edge; pitcher baseline 6.6% barrel, 19.9 HR allowed",neutral batted-ball profile; pitcher allows elevated contact,,
673237,Yainer Diaz,HOU,ATH,2026-09-26T01:40:00Z,Scheduled,5,Jacob Lopez,682052,L,R,7.71,0.1729,89.34,100.0977,0.4293,0.1592,0.3162,72.48,22.79,36.49,19.24,39.89,15.8,6.6,32.36,85.22,0.3599,0.145,34.72,19.9,19.9,19.9,Sutter Health Park,106,92,8,232 deg,Open-Meteo forecast; MLB fallback,https://forecast.weather.gov/MapClick.php?lat=38.5804&lon=-121.5139,24,0,No,Yes,5,Yes,Yes,RotoWire projected lineup; MLB probable pitchers,lineup projected / unconfirmed,H:2026/2025 P:2026/2025,,,Direct BvP not yet weighted; 2026/2025 Statcast baseline active,7,8,27,2,Hot streak: 2 HR in last 7 games,"platoon edge; pitcher baseline 6.6% barrel, 19.9 HR allowed",neutral batted-ball profile; pitcher allows elevated contact,,
572233,Christian Walker,HOU,ATH,2026-09-26T01:40:00Z,Scheduled,6,Jacob Lopez,682052,L,R,10.31,0.1865,89.5,101.4383,0.3979,0.1722,0.3028,74.31,43.2,41.57,28.07,42.04,26.3,6.6,32.36,85.22,0.3599,0.145,34.72,19.9,19.9,19.9,Sutter Health Park,106,92,8,232 deg,Open-Meteo forecast; MLB fallback,https://forecast.weather.gov/MapClick.php?lat=38.5804&lon=-121.5139,24,0,No,Yes,6,Yes,Yes,RotoWire projected lineup; MLB probable pitchers,lineup projected / unconfirmed,H:2026/2025 P:2026/2025,,,Direct BvP not yet weighted; 2026/2025 Statcast baseline active,7,6,28,2,Hot streak: 2 HR in last 7 games,"platoon edge; pitcher baseline 6.6% barrel, 19.9 HR allowed",neutral batted-ball profile; pitcher allows elevated contact,,
701358,Cam Smith,HOU,ATH,2026-09-26T01:40:00Z,Scheduled,7,Jacob Lopez,682052,L,R,10.12,0.1619,88.39,101.3234,0.4103,0.1739,0.3138,76.95,68.88,37.63,24.93,42.69,16.7,6.6,32.36,85.22,0.3599,0.145,34.72,19.9,19.9,19.9,Sutter Health Park,106,92,8,232 deg,Open-Meteo forecast; MLB fallback,https://forecast.weather.gov/MapClick.php?lat=38.5804&lon=-121.5139,24,0,No,Yes,7,Yes,Yes,RotoWire projected lineup; MLB probable pitchers,lineup projected / unconfirmed,H:2026/2025 P:2026/2025,,,Direct BvP not yet weighted; 2026/2025 Statcast baseline active,7,2,24,0,"Last 7 games: 2/24, 0 HR","platoon edge; pitcher baseline 6.6% barrel, 19.9 HR allowed",neutral batted-ball profile; pitcher allows elevated contact,,
828599,Lucas Spence,HOU,ATH,2026-09-26T01:40:00Z,Scheduled,8,Jacob Lopez,682052,L,L,4.3,0.025,90.9,100.4525,0.234,0.07,0.231,72.8,28.0,47.8,17.4,39.1,0.0,6.6,32.36,85.22,0.3599,0.145,34.72,19.9,19.9,19.9,Sutter Health Park,106,92,8,232 deg,Open-Meteo forecast; MLB fallback,https://forecast.weather.gov/MapClick.php?lat=38.5804&lon=-121.5139,24,0,No,Yes,8,Yes,Yes,RotoWire projected lineup; MLB probable pitchers,lineup projected / unconfirmed,H:2026 P:2026/2025,,,Direct BvP not yet weighted; 2026/2025 Statcast baseline active,7,4,12,3,Hot streak: 3 HR in last 7 games,"same-side matchup; pitcher baseline 6.6% barrel, 19.9 HR allowed",neutral batted-ball profile; pitcher allows elevated contact,,
543877,Christian Vazquez,HOU,ATH,2026-09-26T01:40:00Z,Scheduled,9,Jacob Lopez,682052,L,R,2.61,0.1081,85.9,95.4089,0.2783,0.0809,0.2444,65.95,1.01,34.77,24.84,23.9,5.8,6.6,32.36,85.22,0.3599,0.145,34.72,19.9,19.9,19.9,Sutter Health Park,106,92,8,232 deg,Open-Meteo forecast; MLB fallback,https://forecast.weather.gov/MapClick.php?lat=38.5804&lon=-121.5139,24,0,No,Yes,9,Yes,Yes,RotoWire projected lineup; MLB probable pitchers,lineup projected / unconfirmed,H:2026/2025 P:2026/2025,,,Direct BvP not yet weighted; 2026/2025 Statcast baseline active,7,2,17,0,"Last 7 games: 2/17, 0 HR","platoon edge; pitcher baseline 6.6% barrel, 19.9 HR allowed",neutral batted-ball profile; pitcher allows elevated contact,,
703607,Henry Bolte,ATH,HOU,2026-09-26T01:40:00Z,Scheduled,1,,,,R,8.1,0.128,90.8,104.3571,0.375,0.128,0.318,76.8,70.6,32.8,15.0,48.0,11.0,,,,,,,,,,Sutter Health Park,106,92,8,232 deg,Open-Meteo forecast; MLB fallback,https://forecast.weather.gov/MapClick.php?lat=38.5804&lon=-121.5139,24,0,No,Yes,1,Yes,Yes,RotoWire projected lineup; MLB probable pitchers,lineup projected / unconfirmed,H:2026 P:,,,Direct BvP not yet weighted; 2026/2025 Statcast baseline active,7,8,28,0,"Last 7 games: 8/28, 0 HR","handedness incomplete; pitcher baseline 0.0% barrel, 0.0 HR allowed",neutral batted-ball profile; pitcher fly-ball pressure modest,,
671732,Lawrence Butler,ATH,HOU,2026-09-26T01:40:00Z,Scheduled,2,,,,L,8.85,0.163,90.08,101.9587,0.3989,0.1577,0.3211,73.63,37.88,35.8,22.14,45.17,18.2,,,,,,,,,,Sutter Health Park,106,92,8,232 deg,Open-Meteo forecast; MLB fallback,https://forecast.weather.gov/MapClick.php?lat=38.5804&lon=-121.5139,24,0,No,Yes,2,Yes,Yes,RotoWire projected lineup; MLB probable pitchers,lineup projected / unconfirmed,H:2026/2025 P:,,,Direct BvP not yet weighted; 2026/2025 Statcast baseline active,7,11,27,1,Contact streak: 11/27 over last 7 games,"handedness incomplete; pitcher baseline 0.0% barrel, 0.0 HR allowed",neutral batted-ball profile; pitcher fly-ball pressure modest,,
669127,Shea Langeliers,ATH,HOU,2026-09-26T01:40:00Z,Scheduled,3,,,,R,12.98,0.2313,91.32,102.3438,0.4906,0.2263,0.3493,74.71,48.12,40.09,29.7,44.27,25.4,,,,,,,,,,Sutter Health Park,106,92,8,232 deg,Open-Meteo forecast; MLB fallback,https://forecast.weather.gov/MapClick.php?lat=38.5804&lon=-121.5139,24,0,No,Yes,3,Yes,Yes,RotoWire projected lineup; MLB probable pitchers,lineup projected / unconfirmed,H:2026/2025 P:,,,Direct BvP not yet weighted; 2026/2025 Statcast baseline active,7,8,31,0,"Last 7 games: 8/31, 0 HR","handedness incomplete; pitcher baseline 0.0% barrel, 0.0 HR allowed",neutral batted-ball profile; pitcher fly-ball pressure modest,,
643446,Jeff McNeil,ATH,HOU,2026-09-26T01:40:00Z,Scheduled,4,,,,L,2.72,0.1197,86.57,96.6116,0.3698,0.1006,0.309,69.37,5.72,43.49,23.75,30.94,9.2,,,,,,,,,,Sutter Health Park,106,92,8,232 deg,Open-Meteo forecast; MLB fallback,https://forecast.weather.gov/MapClick.php?lat=38.5804&lon=-121.5139,24,0,No,Yes,4,Yes,Yes,RotoWire projected lineup; MLB probable pitchers,lineup projected / unconfirmed,H:2026/2025 P:,,,Direct BvP not yet weighted; 2026/2025 Statcast baseline active,7,5,23,1,"Last 7 games: 5/23, 1 HR","handedness incomplete; pitcher baseline 0.0% barrel, 0.0 HR allowed",neutral batted-ball profile; pitcher fly-ball pressure modest,,
680869,Zack Gelof,ATH,HOU,2026-09-26T01:40:00Z,Scheduled,5,,,,R,11.03,0.1771,89.15,99.8792,0.3935,0.1858,0.2911,73.22,26.73,40.02,28.78,44.12,14.6,,,,,,,,,,Sutter Health Park,106,92,8,232 deg,Open-Meteo forecast; MLB fallback,https://forecast.weather.gov/MapClick.php?lat=38.5804&lon=-121.5139,24,0,No,Yes,5,Yes,Yes,RotoWire projected lineup; MLB probable pitchers,lineup projected / unconfirmed,H:2026/2025 P:,,,Direct BvP not yet weighted; 2026/2025 Statcast baseline active,7,11,26,4,Hot streak: 4 HR in last 7 games,"handedness incomplete; pitcher baseline 0.0% barrel, 0.0 HR allowed",neutral batted-ball profile; pitcher fly-ball pressure modest,,
622268,Donovan Walton,ATH,HOU,2026-09-26T01:40:00Z,Scheduled,6,,,,L,3.5,0.1379,88.68,97.311,0.366,0.1061,0.3104,67.92,0.49,37.77,22.93,33.93,6.3,,,,,,,,,,Sutter Health Park,106,92,8,232 deg,Open-Meteo forecast; MLB fallback,https://forecast.weather.gov/MapClick.php?lat=38.5804&lon=-121.5139,24,0,No,Yes,6,Yes,Yes,RotoWire projected lineup; MLB probable pitchers,lineup projected / unconfirmed,H:2026/2025 P:,,,Direct BvP not yet weighted; 2026/2025 Statcast baseline active,7,6,17,2,Hot streak: 2 HR in last 7 games,"handedness incomplete; pitcher baseline 0.0% barrel, 0.0 HR allowed",neutral batted-ball profile; pitcher fly-ball pressure modest,,
666126,Carlos Cortes,ATH,HOU,2026-09-26T01:40:00Z,Scheduled,7,,,,L,7.1,0.1752,88.82,99.3738,0.3947,0.1434,0.3077,70.69,14.06,30.55,22.87,38.61,8.2,,,,,,,,,,Sutter Health Park,106,92,8,232 deg,Open-Meteo forecast; MLB fallback,https://forecast.weather.gov/MapClick.php?lat=38.5804&lon=-121.5139,24,0,No,Yes,7,Yes,Yes,RotoWire projected lineup; MLB probable pitchers,lineup projected / unconfirmed,H:2026/2025 P:,,,Direct BvP not yet weighted; 2026/2025 Statcast baseline active,7,3,17,1,"Last 7 games: 3/17, 1 HR","handedness incomplete; pitcher baseline 0.0% barrel, 0.0 HR allowed",neutral batted-ball profile; pitcher fly-ball pressure modest,,
811965,Joshua Kuroda-Grauer,ATH,HOU,2026-09-26T01:40:00Z,Scheduled,8,,,,R,1.8,0.159,89.8,99.9472,0.404,0.096,0.32,68.2,8.2,41.8,12.7,42.6,1.0,,,,,,,,,,Sutter Health Park,106,92,8,232 deg,Open-Meteo forecast; MLB fallback,https://forecast.weather.gov/MapClick.php?lat=38.5804&lon=-121.5139,24,0,No,Yes,8,Yes,Yes,RotoWire projected lineup; MLB probable pitchers,lineup projected / unconfirmed,H:2026 P:,,,Direct BvP not yet weighted; 2026/2025 Statcast baseline active,7,6,21,1,"Last 7 games: 6/21, 1 HR","handedness incomplete; pitcher baseline 0.0% barrel, 0.0 HR allowed",neutral batted-ball profile; pitcher fly-ball pressure modest,,
641680,Jonah Heim,ATH,HOU,2026-09-26T01:40:00Z,Scheduled,9,,,,S,6.03,0.1505,87.54,97.6188,0.3551,0.1326,0.2809,69.84,9.52,40.0,27.27,32.89,12.4,,,,,,,,,,Sutter Health Park,106,92,8,232 deg,Open-Meteo forecast; MLB fallback,https://forecast.weather.gov/MapClick.php?lat=38.5804&lon=-121.5139,24,0,No,Yes,9,Yes,Yes,RotoWire projected lineup; MLB probable pitchers,lineup projected / unconfirmed,H:2026/2025 P:,,,Direct BvP not yet weighted; 2026/2025 Statcast baseline active,7,2,21,0,"Last 7 games: 2/21, 0 HR","switch hitter; pitcher baseline 0.0% barrel, 0.0 HR allowed",neutral batted-ball profile; pitcher fly-ball pressure modest,,
665487,Fernando Tatis,SD,AZ,2026-09-26T01:40:00Z,Scheduled,1,Brandon Pfaadt,694297,R,R,12.26,0.1808,93.02,104.4576,0.4985,0.2086,0.377,75.65,57.98,34.38,22.5,53.06,25.0,8.45,38.24,89.26,0.4233,0.1645,23.48,17.6,17.6,17.6,Petco Park,91,75,7,304 deg,Open-Meteo forecast; MLB fallback,https://forecast.weather.gov/MapClick.php?lat=32.7073&lon=-117.1573,75,0,No,Yes,1,Yes,Yes,RotoWire projected lineup; MLB probable pitchers,lineup projected / unconfirmed,H:2026/2025 P:2026/2025,,,Direct BvP not yet weighted; 2026/2025 Statcast baseline active,7,10,28,2,Hot streak: 2 HR in last 7 games,"same-side matchup; pitcher baseline 8.4% barrel, 17.6 HR allowed",EV profile; pitcher fly-ball pressure modest,,
687957,Dustin Harris,SD,AZ,2026-09-26T01:40:00Z,Scheduled,2,Brandon Pfaadt,694297,R,L,2.44,0.1045,85.43,95.1057,0.331,0.0862,0.2884,66.89,2.45,44.42,21.35,21.35,0.3,8.45,38.24,89.26,0.4233,0.1645,23.48,17.6,17.6,17.6,Petco Park,91,75,7,304 deg,Open-Meteo forecast; MLB fallback,https://forecast.weather.gov/MapClick.php?lat=32.7073&lon=-117.1573,75,0,No,Yes,2,Yes,Yes,RotoWire projected lineup; MLB probable pitchers,lineup projected / unconfirmed,H:2026/2025 P:2026/2025,,,Direct BvP not yet weighted; 2026/2025 Statcast baseline active,7,7,28,0,"Last 7 games: 7/28, 0 HR","platoon edge; pitcher baseline 8.4% barrel, 17.6 HR allowed",neutral batted-ball profile; pitcher fly-ball pressure modest,,
592518,Manny Machado,SD,AZ,2026-09-26T01:40:00Z,Scheduled,3,Brandon Pfaadt,694297,R,R,10.66,0.1885,90.94,101.8132,0.4446,0.1925,0.3379,74.64,45.0,38.75,28.36,45.9,28.4,8.45,38.24,89.26,0.4233,0.1645,23.48,17.6,17.6,17.6,Petco Park,91,75,7,304 deg,Open-Meteo forecast; MLB fallback,https://forecast.weather.gov/MapClick.php?lat=32.7073&lon=-117.1573,75,0,No,Yes,3,Yes,Yes,RotoWire projected lineup; MLB probable pitchers,lineup projected / unconfirmed,H:2026/2025 P:2026/2025,,,Direct BvP not yet weighted; 2026/2025 Statcast baseline active,7,3,27,1,"Last 7 games: 3/27, 1 HR","same-side matchup; pitcher baseline 8.4% barrel, 17.6 HR allowed",neutral batted-ball profile; pitcher fly-ball pressure modest,,
664034,Ty France,SD,AZ,2026-09-26T01:40:00Z,Scheduled,4,Brandon Pfaadt,694297,R,R,8.89,0.1807,91.04,100.9574,0.4292,0.1737,0.3308,71.77,19.81,36.57,24.83,46.86,16.8,8.45,38.24,89.26,0.4233,0.1645,23.48,17.6,17.6,17.6,Petco Park,91,75,7,304 deg,Open-Meteo forecast; MLB fallback,https://forecast.weather.gov/MapClick.php?lat=32.7073&lon=-117.1573,75,0,No,Yes,4,Yes,Yes,RotoWire projected lineup; MLB probable pitchers,lineup projected / unconfirmed,H:2026/2025 P:2026/2025,,,Direct BvP not yet weighted; 2026/2025 Statcast baseline active,7,9,28,1,Contact streak: 9/28 over last 7 games,"same-side matchup; pitcher baseline 8.4% barrel, 17.6 HR allowed",neutral batted-ball profile; pitcher fly-ball pressure modest,,
701538,Jackson Merrill,SD,AZ,2026-09-26T01:40:00Z,Scheduled,5,Brandon Pfaadt,694297,R,L,12.58,0.1888,91.03,101.2132,0.4893,0.2228,0.3463,72.95,28.03,37.63,30.2,47.1,23.0,8.45,38.24,89.26,0.4233,0.1645,23.48,17.6,17.6,17.6,Petco Park,91,75,7,304 deg,Open-Meteo forecast; MLB fallback,https://forecast.weather.gov/MapClick.php?lat=32.7073&lon=-117.1573,75,0,No,Yes,5,Yes,Yes,RotoWire projected lineup; MLB probable pitchers,lineup projected / unconfirmed,H:2026/2025 P:2026/2025,,,Direct BvP not yet weighted; 2026/2025 Statcast baseline active,7,5,28,1,"Last 7 games: 5/28, 1 HR","platoon edge; pitcher baseline 8.4% barrel, 17.6 HR allowed",neutral batted-ball profile; pitcher fly-ball pressure modest,,
593428,Xander Bogaerts,SD,AZ,2026-09-26T01:40:00Z,Scheduled,6,Brandon Pfaadt,694297,R,R,5.99,0.1147,89.42,100.2748,0.3857,0.132,0.3242,72.31,27.73,43.31,23.2,41.44,11.7,8.45,38.24,89.26,0.4233,0.1645,23.48,17.6,17.6,17.6,Petco Park,91,75,7,304 deg,Open-Meteo forecast; MLB fallback,https://forecast.weather.gov/MapClick.php?lat=32.7073&lon=-117.1573,75,0,No,Yes,6,Yes,Yes,RotoWire projected lineup; MLB probable pitchers,lineup projected / unconfirmed,H:2026/2025 P:2026/2025,,,Direct BvP not yet weighted; 2026/2025 Statcast baseline active,7,7,22,1,"Last 7 games: 7/22, 1 HR","same-side matchup; pitcher baseline 8.4% barrel, 17.6 HR allowed",neutral batted-ball profile; pitcher fly-ball pressure modest,,
630105,Jake Cronenworth,SD,AZ,2026-09-26T01:40:00Z,Scheduled,7,Brandon Pfaadt,694297,R,L,4.38,0.1065,87.52,97.6648,0.3194,0.1021,0.2868,71.32,17.32,32.24,24.47,32.0,8.2,8.45,38.24,89.26,0.4233,0.1645,23.48,17.6,17.6,17.6,Petco Park,91,75,7,304 deg,Open-Meteo forecast; MLB fallback,https://forecast.weather.gov/MapClick.php?lat=32.7073&lon=-117.1573,75,0,No,Yes,7,Yes,Yes,RotoWire projected lineup; MLB probable pitchers,lineup projected / unconfirmed,H:2026/2025 P:2026/2025,,,Direct BvP not yet weighted; 2026/2025 Statcast baseline active,7,8,25,2,Hot streak: 2 HR in last 7 games,"platoon edge; pitcher baseline 8.4% barrel, 17.6 HR allowed",neutral batted-ball profile; pitcher fly-ball pressure modest,,
669392,Samad Taylor,SD,AZ,2026-09-26T01:40:00Z,Scheduled,8,Brandon Pfaadt,694297,R,R,2.66,0.07,82.35,93.8594,0.3035,0.0668,0.2754,68.81,3.85,30.39,16.56,19.92,1.4,8.45,38.24,89.26,0.4233,0.1645,23.48,17.6,17.6,17.6,Petco Park,91,75,7,304 deg,Open-Meteo forecast; MLB fallback,https://forecast.weather.gov/MapClick.php?lat=32.7073&lon=-117.1573,75,0,No,Yes,8,Yes,Yes,RotoWire projected lineup; MLB probable pitchers,lineup projected / unconfirmed,H:2026/2025 P:2026/2025,,,Direct BvP not yet weighted; 2026/2025 Statcast baseline active,7,8,19,1,Contact streak: 8/19 over last 7 games,"same-side matchup; pitcher baseline 8.4% barrel, 17.6 HR allowed",neutral batted-ball profile; pitcher fly-ball pressure modest,,
806956,Ethan Salas,SD,AZ,2026-09-26T01:40:00Z,Scheduled,9,Brandon Pfaadt,694297,R,L,4.2,0.25,89.6,97.189,0.285,0.143,0.197,70.2,16.1,20.8,50.0,29.2,2.0,8.45,38.24,89.26,0.4233,0.1645,23.48,17.6,17.6,17.6,Petco Park,91,75,7,304 deg,Open-Meteo forecast; MLB fallback,https://forecast.weather.gov/MapClick.php?lat=32.7073&lon=-117.1573,75,0,No,Yes,9,Yes,Yes,RotoWire projected lineup; MLB probable pitchers,lineup projected / unconfirmed,H:2026 P:2026/2025,,,Direct BvP not yet weighted; 2026/2025 Statcast baseline active,7,7,18,2,Hot streak: 2 HR in last 7 games,"platoon edge; pitcher baseline 8.4% barrel, 17.6 HR allowed",fly-ball profile; pitcher fly-ball pressure modest,,
687263,Zach Neto,LAA,SEA,2026-09-26T02:10:00Z,Scheduled,1,Bryce Miller,682243,R,R,12.18,0.2009,90.23,100.4048,0.4334,0.2083,0.3223,71.47,15.65,47.69,34.4,43.03,26.0,8.28,36.98,88.83,0.4066,0.1673,31.3,19.1,19.1,19.1,T-Mobile Park,96,58,6,360 deg,Open-Meteo forecast; MLB fallback,https://forecast.weather.gov/MapClick.php?lat=47.5914&lon=-122.3325,82,7,No,Yes,1,Yes,Yes,RotoWire projected lineup; MLB probable pitchers,lineup projected / unconfirmed,H:2026/2025 P:2026/2025,,,Direct BvP not yet weighted; 2026/2025 Statcast baseline active,7,3,23,0,"Last 7 games: 3/23, 0 HR","same-side matchup; pitcher baseline 8.3% barrel, 19.1 HR allowed",neutral batted-ball profile; pitcher allows elevated contact,,
545361,Mike Trout,LAA,SEA,2026-09-26T02:10:00Z,Scheduled,2,Bryce Miller,682243,R,R,16.01,0.1902,90.27,102.9199,0.4838,0.2348,0.3734,74.49,46.3,36.23,30.93,47.06,23.2,8.28,36.98,88.83,0.4066,0.1673,31.3,19.1,19.1,19.1,T-Mobile Park,96,58,6,360 deg,Open-Meteo forecast; MLB fallback,https://forecast.weather.gov/MapClick.php?lat=47.5914&lon=-122.3325,82,7,No,Yes,2,Yes,Yes,RotoWire projected lineup; MLB probable pitchers,lineup projected / unconfirmed,H:2026/2025 P:2026/2025,,,Direct BvP not yet weighted; 2026/2025 Statcast baseline active,7,8,24,1,Contact streak: 8/24 over last 7 games,"same-side matchup; pitcher baseline 8.3% barrel, 19.1 HR allowed",neutral batted-ball profile; pitcher allows elevated contact,,
685133,Wade Meckler,LAA,SEA,2026-09-26T02:10:00Z,Scheduled,3,Bryce Miller,682243,R,L,3.1,0.08,87.2,96.7933,0.359,0.098,0.314,69.0,2.2,33.9,19.4,33.5,3.0,8.28,36.98,88.83,0.4066,0.1673,31.3,19.1,19.1,19.1,T-Mobile Park,96,58,6,360 deg,Open-Meteo forecast; MLB fallback,https://forecast.weather.gov/MapClick.php?lat=47.5914&lon=-122.3325,82,7,No,Yes,3,Yes,Yes,RotoWire projected lineup; MLB probable pitchers,lineup projected / unconfirmed,H:2026 P:2026/2025,,,Direct BvP not yet weighted; 2026/2025 Statcast baseline active,7,10,29,0,Contact streak: 10/29 over last 7 games,"platoon edge; pitcher baseline 8.3% barrel, 19.1 HR allowed",neutral batted-ball profile; pitcher allows elevated contact,,
687093,Vaughn Grissom,LAA,SEA,2026-09-26T02:10:00Z,Scheduled,4,Bryce Miller,682243,R,R,7.0,0.151,87.5,98.6516,0.383,0.139,0.311,70.9,16.2,39.8,24.9,35.9,13.0,8.28,36.98,88.83,0.4066,0.1673,31.3,19.1,19.1,19.1,T-Mobile Park,96,58,6,360 deg,Open-Meteo forecast; MLB fallback,https://forecast.weather.gov/MapClick.php?lat=47.5914&lon=-122.3325,82,7,No,Yes,4,Yes,Yes,RotoWire projected lineup; MLB probable pitchers,lineup projected / unconfirmed,H:2026 P:2026/2025,,,Direct BvP not yet weighted; 2026/2025 Statcast baseline active,7,7,25,2,Hot streak: 2 HR in last 7 games,"same-side matchup; pitcher baseline 8.3% barrel, 19.1 HR allowed",neutral batted-ball profile; pitcher allows elevated contact,,
694208,Moises Ballesteros,LAA,SEA,2026-09-26T02:10:00Z,Scheduled,5,Bryce Miller,682243,R,L,8.03,0.1375,90.01,100.6341,0.3804,0.1429,0.3053,72.36,29.72,33.94,22.33,42.47,6.9,8.28,36.98,88.83,0.4066,0.1673,31.3,19.1,19.1,19.1,T-Mobile Park,96,58,6,360 deg,Open-Meteo forecast; MLB fallback,https://forecast.weather.gov/MapClick.php?lat=47.5914&lon=-122.3325,82,7,No,Yes,5,Yes,Yes,RotoWire projected lineup; MLB probable pitchers,lineup projected / unconfirmed,H:2026/2025 P:2026/2025,,,Direct BvP not yet weighted; 2026/2025 Statcast baseline active,7,3,25,0,"Last 7 games: 3/25, 0 HR","platoon edge; pitcher baseline 8.3% barrel, 19.1 HR allowed",neutral batted-ball profile; pitcher allows elevated contact,,
694203,Denzer Guzman,LAA,SEA,2026-09-26T02:10:00Z,Scheduled,6,Bryce Miller,682243,R,R,8.07,0.1355,86.78,98.8442,0.3251,0.1148,0.2518,73.64,37.93,40.53,24.54,37.86,6.2,8.28,36.98,88.83,0.4066,0.1673,31.3,19.1,19.1,19.1,T-Mobile Park,96,58,6,360 deg,Open-Meteo forecast; MLB fallback,https://forecast.weather.gov/MapClick.php?lat=47.5914&lon=-122.3325,82,7,No,Yes,6,Yes,Yes,RotoWire projected lineup; MLB probable pitchers,lineup projected / unconfirmed,H:2026/2025 P:2026/2025,,,Direct BvP not yet weighted; 2026/2025 Statcast baseline active,7,3,26,1,"Last 7 games: 3/26, 1 HR","same-side matchup; pitcher baseline 8.3% barrel, 19.1 HR allowed",neutral batted-ball profile; pitcher allows elevated contact,,
666139,Josh Lowe,LAA,SEA,2026-09-26T02:10:00Z,Scheduled,7,Bryce Miller,682243,R,L,8.28,0.1509,88.67,99.2296,0.373,0.1566,0.2877,73.31,33.42,35.71,30.45,37.99,11.7,8.28,36.98,88.83,0.4066,0.1673,31.3,19.1,19.1,19.1,T-Mobile Park,96,58,6,360 deg,Open-Meteo forecast; MLB fallback,https://forecast.weather.gov/MapClick.php?lat=47.5914&lon=-122.3325,82,7,No,Yes,7,Yes,Yes,RotoWire projected lineup; MLB probable pitchers,lineup projected / unconfirmed,H:2026/2025 P:2026/2025,,,Direct BvP not yet weighted; 2026/2025 Statcast baseline active,7,4,19,0,"Last 7 games: 4/19, 0 HR","platoon edge; pitcher baseline 8.3% barrel, 19.1 HR allowed",neutral batted-ball profile; pitcher allows elevated contact,,
695681,Christian Moore,LAA,SEA,2026-09-26T02:10:00Z,Scheduled,8,Bryce Miller,682243,R,R,7.6,0.0978,88.55,99.7653,0.3002,0.1112,0.2463,72.07,25.01,25.24,27.01,38.19,2.8,8.28,36.98,88.83,0.4066,0.1673,31.3,19.1,19.1,19.1,T-Mobile Park,96,58,6,360 deg,Open-Meteo forecast; MLB fallback,https://forecast.weather.gov/MapClick.php?lat=47.5914&lon=-122.3325,82,7,No,Yes,8,Yes,Yes,RotoWire projected lineup; MLB probable pitchers,lineup projected / unconfirmed,H:2026/2025 P:2026/2025,,,Direct BvP not yet weighted; 2026/2025 Statcast baseline active,7,6,23,0,"Last 7 games: 6/23, 0 HR","same-side matchup; pitcher baseline 8.3% barrel, 19.1 HR allowed",neutral batted-ball profile; pitcher allows elevated contact,,
669326,Bryce Teodosio,LAA,SEA,2026-09-26T02:10:00Z,Scheduled,9,Bryce Miller,682243,R,R,5.42,0.0555,83.25,95.7851,0.2366,0.0708,0.2087,69.46,3.53,33.21,23.14,22.4,0.3,8.28,36.98,88.83,0.4066,0.1673,31.3,19.1,19.1,19.1,T-Mobile Park,96,58,6,360 deg,Open-Meteo forecast; MLB fallback,https://forecast.weather.gov/MapClick.php?lat=47.5914&lon=-122.3325,82,7,No,Yes,9,Yes,Yes,RotoWire projected lineup; MLB probable pitchers,lineup projected / unconfirmed,H:2026/2025 P:2026/2025,,,Direct BvP not yet weighted; 2026/2025 Statcast baseline active,7,2,14,0,"Last 7 games: 2/14, 0 HR","same-side matchup; pitcher baseline 8.3% barrel, 19.1 HR allowed",neutral batted-ball profile; pitcher allows elevated contact,,
641487,J.P. Crawford,SEA,LAA,2026-09-26T02:10:00Z,Scheduled,1,Reid Detmers,672282,L,L,5.74,0.1204,87.62,98.0324,0.3664,0.1221,0.3224,71.21,18.53,35.77,22.47,34.49,12.7,7.78,39.37,89.89,0.3609,0.139,27.78,15.1,15.1,15.1,T-Mobile Park,96,58,6,360 deg,Open-Meteo forecast; MLB fallback,https://forecast.weather.gov/MapClick.php?lat=47.5914&lon=-122.3325,82,7,No,Yes,1,Yes,Yes,RotoWire projected lineup; MLB probable pitchers,lineup projected / unconfirmed,H:2026/2025 P:2026/2025,,,Direct BvP not yet weighted; 2026/2025 Statcast baseline active,7,4,29,1,"Last 7 games: 4/29, 1 HR","same-side matchup; pitcher baseline 7.8% barrel, 15.1 HR allowed",neutral batted-ball profile; pitcher fly-ball pressure modest,,
668227,Randy Arozarena,SEA,LAA,2026-09-26T02:10:00Z,Scheduled,2,Reid Detmers,672282,L,R,9.12,0.1964,91.02,101.1536,0.4212,0.1718,0.3438,71.32,24.66,35.03,24.87,45.49,26.3,7.78,39.37,89.89,0.3609,0.139,27.78,15.1,15.1,15.1,T-Mobile Park,96,58,6,360 deg,Open-Meteo forecast; MLB fallback,https://forecast.weather.gov/MapClick.php?lat=47.5914&lon=-122.3325,82,7,No,Yes,2,Yes,Yes,RotoWire projected lineup; MLB probable pitchers,lineup projected / unconfirmed,H:2026/2025 P:2026/2025,,,Direct BvP not yet weighted; 2026/2025 Statcast baseline active,7,7,22,1,"Last 7 games: 7/22, 1 HR","platoon edge; pitcher baseline 7.8% barrel, 15.1 HR allowed",neutral batted-ball profile; pitcher fly-ball pressure modest,,
686527,Dominic Canzone,SEA,LAA,2026-09-26T02:10:00Z,Scheduled,3,Reid Detmers,672282,L,L,12.82,0.2083,91.46,102.557,0.5008,0.2241,0.362,73.94,41.71,39.06,26.3,46.34,18.7,7.78,39.37,89.89,0.3609,0.139,27.78,15.1,15.1,15.1,T-Mobile Park,96,58,6,360 deg,Open-Meteo forecast; MLB fallback,https://forecast.weather.gov/MapClick.php?lat=47.5914&lon=-122.3325,82,7,No,Yes,3,Yes,Yes,RotoWire projected lineup; MLB probable pitchers,lineup projected / unconfirmed,H:2026/2025 P:2026/2025,,,Direct BvP not yet weighted; 2026/2025 Statcast baseline active,7,8,25,0,Contact streak: 8/25 over last 7 games,"same-side matchup; pitcher baseline 7.8% barrel, 15.1 HR allowed",neutral batted-ball profile; pitcher fly-ball pressure modest,,
663728,Cal Raleigh,SEA,LAA,2026-09-26T02:10:00Z,Scheduled,4,Reid Detmers,672282,L,S,16.0,0.2356,90.39,101.2349,0.4413,0.2397,0.3283,75.06,52.53,53.1,43.06,42.25,34.1,7.78,39.37,89.89,0.3609,0.139,27.78,15.1,15.1,15.1,T-Mobile Park,96,58,6,360 deg,Open-Meteo forecast; MLB fallback,https://forecast.weather.gov/MapClick.php?lat=47.5914&lon=-122.3325,82,7,No,Yes,4,Yes,Yes,RotoWire projected lineup; MLB probable pitchers,lineup projected / unconfirmed,H:2026/2025 P:2026/2025,,,Direct BvP not yet weighted; 2026/2025 Statcast baseline active,7,4,23,1,"Last 7 games: 4/23, 1 HR","switch hitter; pitcher baseline 7.8% barrel, 15.1 HR allowed",fly-ball profile; pitcher fly-ball pressure modest,,
677594,Julio Rodriguez,SEA,LAA,2026-09-26T02:10:00Z,Scheduled,5,Reid Detmers,672282,L,R,9.1,0.1685,90.75,102.7939,0.451,0.1845,0.337,76.54,66.43,38.42,25.42,45.48,24.3,7.78,39.37,89.89,0.3609,0.139,27.78,15.1,15.1,15.1,T-Mobile Park,96,58,6,360 deg,Open-Meteo forecast; MLB fallback,https://forecast.weather.gov/MapClick.php?lat=47.5914&lon=-122.3325,82,7,No,Yes,5,Yes,Yes,RotoWire projected lineup; MLB probable pitchers,lineup projected / unconfirmed,H:2026/2025 P:2026/2025,,,Direct BvP not yet weighted; 2026/2025 Statcast baseline active,7,12,27,1,Contact streak: 12/27 over last 7 games,"platoon edge; pitcher baseline 7.8% barrel, 15.1 HR allowed",neutral batted-ball profile; pitcher fly-ball pressure modest,,
647304,Josh Naylor,SEA,LAA,2026-09-26T02:10:00Z,Scheduled,6,Reid Detmers,672282,L,L,5.23,0.1131,87.73,98.9811,0.3977,0.1282,0.318,70.34,11.68,41.43,22.22,37.77,13.0,7.78,39.37,89.89,0.3609,0.139,27.78,15.1,15.1,15.1,T-Mobile Park,96,58,6,360 deg,Open-Meteo forecast; MLB fallback,https://forecast.weather.gov/MapClick.php?lat=47.5914&lon=-122.3325,82,7,No,Yes,6,Yes,Yes,RotoWire projected lineup; MLB probable pitchers,lineup projected / unconfirmed,H:2026/2025 P:2026/2025,,,Direct BvP not yet weighted; 2026/2025 Statcast baseline active,7,4,28,0,"Last 7 games: 4/28, 0 HR","same-side matchup; pitcher baseline 7.8% barrel, 15.1 HR allowed",neutral batted-ball profile; pitcher fly-ball pressure modest,,
702284,Cole Young,SEA,LAA,2026-09-26T02:10:00Z,Scheduled,7,Reid Detmers,672282,L,L,5.18,0.1248,88.09,98.7712,0.3774,0.1296,0.3075,71.51,21.72,42.05,26.87,35.86,13.1,7.78,39.37,89.89,0.3609,0.139,27.78,15.1,15.1,15.1,T-Mobile Park,96,58,6,360 deg,Open-Meteo forecast; MLB fallback,https://forecast.weather.gov/MapClick.php?lat=47.5914&lon=-122.3325,82,7,No,Yes,7,Yes,Yes,RotoWire projected lineup; MLB probable pitchers,lineup projected / unconfirmed,H:2026/2025 P:2026/2025,,,Direct BvP not yet weighted; 2026/2025 Statcast baseline active,7,4,24,0,"Last 7 games: 4/24, 0 HR","same-side matchup; pitcher baseline 7.8% barrel, 15.1 HR allowed",neutral batted-ball profile; pitcher fly-ball pressure modest,,
703155,Lazaro Montes,SEA,LAA,2026-09-26T02:10:00Z,Scheduled,8,Reid Detmers,672282,L,L,18.2,0.295,91.7,103.8388,0.471,0.279,0.319,75.6,60.6,31.8,50.0,45.5,4.0,7.78,39.37,89.89,0.3609,0.139,27.78,15.1,15.1,15.1,T-Mobile Park,96,58,6,360 deg,Open-Meteo forecast; MLB fallback,https://forecast.weather.gov/MapClick.php?lat=47.5914&lon=-122.3325,82,7,No,Yes,8,Yes,Yes,RotoWire projected lineup; MLB probable pitchers,lineup projected / unconfirmed,H:2026 P:2026/2025,,,Direct BvP not yet weighted; 2026/2025 Statcast baseline active,7,4,22,1,"Last 7 games: 4/22, 1 HR","same-side matchup; pitcher baseline 7.8% barrel, 15.1 HR allowed",fly-ball profile; pitcher fly-ball pressure modest,,
660844,Leo Rivas,SEA,LAA,2026-09-26T02:10:00Z,Scheduled,9,Reid Detmers,672282,L,S,1.81,0.0568,86.44,93.8466,0.2422,0.0679,0.2614,65.9,1.16,43.77,31.0,17.32,0.6,7.78,39.37,89.89,0.3609,0.139,27.78,15.1,15.1,15.1,T-Mobile Park,96,58,6,360 deg,Open-Meteo forecast; MLB fallback,https://forecast.weather.gov/MapClick.php?lat=47.5914&lon=-122.3325,82,7,No,Yes,9,Yes,Yes,RotoWire projected lineup; MLB probable pitchers,lineup projected / unconfirmed,H:2026/2025 P:2026/2025,,,Direct BvP not yet weighted; 2026/2025 Statcast baseline active,7,4,13,0,"Last 7 games: 4/13, 0 HR","switch hitter; pitcher baseline 7.8% barrel, 15.1 HR allowed",neutral batted-ball profile; pitcher fly-ball pressure modest,,
660271,Shohei Ohtani,LAD,SF,2026-09-26T02:15:00Z,Scheduled,1,Yunior Marte,805074,R,L,18.25,0.2721,93.78,104.4706,0.5832,0.2994,0.4075,75.03,53.01,46.49,31.99,53.87,37.5,11.1,41.3,88.4,0.435,0.184,28.6,3.0,3.0,3.0,Oracle Park,85,71,17,283 deg,Open-Meteo forecast; MLB fallback,https://forecast.weather.gov/MapClick.php?lat=37.7786&lon=-122.3893,47,0,No,Yes,1,Yes,Yes,RotoWire projected lineup; MLB probable pitchers,lineup projected / unconfirmed,H:2026/2025 P:2026,,,Direct BvP not yet weighted; 2026/2025 Statcast baseline active,7,4,26,0,"Last 7 games: 4/26, 0 HR","platoon edge; pitcher baseline 11.1% barrel, 3.0 HR allowed",lift-pull EV profile; pitcher fly-ball pressure modest,,
605141,Mookie Betts,LAD,SF,2026-09-26T02:15:00Z,Scheduled,2,Yunior Marte,805074,R,R,7.11,0.1802,90.01,98.5427,0.4297,0.156,0.3356,69.46,8.81,40.87,33.24,37.55,21.4,11.1,41.3,88.4,0.435,0.184,28.6,3.0,3.0,3.0,Oracle Park,85,71,17,283 deg,Open-Meteo forecast; MLB fallback,https://forecast.weather.gov/MapClick.php?lat=37.7786&lon=-122.3893,47,0,No,Yes,2,Yes,Yes,RotoWire projected lineup; MLB probable pitchers,lineup projected / unconfirmed,H:2026/2025 P:2026,,,Direct BvP not yet weighted; 2026/2025 Statcast baseline active,7,14,27,2,Hot streak: 2 HR in last 7 games,"same-side matchup; pitcher baseline 11.1% barrel, 3.0 HR allowed",neutral batted-ball profile; pitcher fly-ball pressure modest,,
518692,Freddie Freeman,LAD,SF,2026-09-26T02:15:00Z,Scheduled,3,Yunior Marte,805074,R,L,8.86,0.1636,89.85,100.1528,0.4663,0.1825,0.3605,70.01,7.77,36.47,26.93,42.48,18.4,11.1,41.3,88.4,0.435,0.184,28.6,3.0,3.0,3.0,Oracle Park,85,71,17,283 deg,Open-Meteo forecast; MLB fallback,https://forecast.weather.gov/MapClick.php?lat=37.7786&lon=-122.3893,47,0,No,Yes,3,Yes,Yes,RotoWire projected lineup; MLB probable pitchers,lineup projected / unconfirmed,H:2026/2025 P:2026,,,Direct BvP not yet weighted; 2026/2025 Statcast baseline active,7,8,29,0,"Last 7 games: 8/29, 0 HR","platoon edge; pitcher baseline 11.1% barrel, 3.0 HR allowed",neutral batted-ball profile; pitcher fly-ball pressure modest,,
606192,Teoscar Hernandez,LAD,SF,2026-09-26T02:15:00Z,Scheduled,4,Yunior Marte,805074,R,R,10.66,0.1699,90.2,101.5945,0.4399,0.1843,0.3296,72.62,26.95,35.06,28.19,45.47,18.0,11.1,41.3,88.4,0.435,0.184,28.6,3.0,3.0,3.0,Oracle Park,85,71,17,283 deg,Open-Meteo forecast; MLB fallback,https://forecast.weather.gov/MapClick.php?lat=37.7786&lon=-122.3893,47,0,No,Yes,4,Yes,Yes,RotoWire projected lineup; MLB probable pitchers,lineup projected / unconfirmed,H:2026/2025 P:2026,,,Direct BvP not yet weighted; 2026/2025 Statcast baseline active,7,10,28,0,Contact streak: 10/28 over last 7 games,"same-side matchup; pitcher baseline 11.1% barrel, 3.0 HR allowed",neutral batted-ball profile; pitcher fly-ball pressure modest,,
663656,Kyle Tucker,LAD,SF,2026-09-26T02:15:00Z,Scheduled,5,Yunior Marte,805074,R,L,7.86,0.1686,89.05,98.7923,0.4221,0.1612,0.3447,71.65,20.73,42.82,34.03,37.81,18.5,11.1,41.3,88.4,0.435,0.184,28.6,3.0,3.0,3.0,Oracle Park,85,71,17,283 deg,Open-Meteo forecast; MLB fallback,https://forecast.weather.gov/MapClick.php?lat=37.7786&lon=-122.3893,47,0,No,Yes,5,Yes,Yes,RotoWire projected lineup; MLB probable pitchers,lineup projected / unconfirmed,H:2026/2025 P:2026,,,Direct BvP not yet weighted; 2026/2025 Statcast baseline active,7,10,23,2,Hot streak: 2 HR in last 7 games,"platoon edge; pitcher baseline 11.1% barrel, 3.0 HR allowed",neutral batted-ball profile; pitcher fly-ball pressure modest,,
691777,Max Muncy,LAD,SF,2026-09-26T02:15:00Z,Scheduled,6,Yunior Marte,805074,R,R,10.52,0.1594,88.5,100.9708,0.3621,0.1493,0.2817,73.8,42.11,43.52,22.51,40.17,9.0,11.1,41.3,88.4,0.435,0.184,28.6,3.0,3.0,3.0,Oracle Park,85,71,17,283 deg,Open-Meteo forecast; MLB fallback,https://forecast.weather.gov/MapClick.php?lat=37.7786&lon=-122.3893,47,0,No,Yes,6,Yes,Yes,RotoWire projected lineup; MLB probable pitchers,lineup projected / unconfirmed,H:2026/2025 P:2026,,,Direct BvP not yet weighted; 2026/2025 Statcast baseline active,7,5,17,0,"Last 7 games: 5/17, 0 HR","same-side matchup; pitcher baseline 11.1% barrel, 3.0 HR allowed",neutral batted-ball profile; pitcher fly-ball pressure modest,,
681624,Andy Pages,LAD,SF,2026-09-26T02:15:00Z,Scheduled,7,Yunior Marte,805074,R,R,7.84,0.1869,88.67,99.6698,0.4357,0.1665,0.3342,72.85,26.19,38.39,28.51,40.35,22.8,11.1,41.3,88.4,0.435,0.184,28.6,3.0,3.0,3.0,Oracle Park,85,71,17,283 deg,Open-Meteo forecast; MLB fallback,https://forecast.weather.gov/MapClick.php?lat=37.7786&lon=-122.3893,47,0,No,Yes,7,Yes,Yes,RotoWire projected lineup; MLB probable pitchers,lineup projected / unconfirmed,H:2026/2025 P:2026,,,Direct BvP not yet weighted; 2026/2025 Statcast baseline active,7,8,23,0,Contact streak: 8/23 over last 7 games,"same-side matchup; pitcher baseline 11.1% barrel, 3.0 HR allowed",neutral batted-ball profile; pitcher fly-ball pressure modest,,
676439,Hunter Feduccia,LAD,SF,2026-09-26T02:15:00Z,Scheduled,8,Yunior Marte,805074,R,L,7.92,0.0843,88.93,98.6979,0.3461,0.1199,0.3044,70.71,12.56,33.01,27.24,36.86,2.1,11.1,41.3,88.4,0.435,0.184,28.6,3.0,3.0,3.0,Oracle Park,85,71,17,283 deg,Open-Meteo forecast; MLB fallback,https://forecast.weather.gov/MapClick.php?lat=37.7786&lon=-122.3893,47,0,No,Yes,8,Yes,Yes,RotoWire projected lineup; MLB probable pitchers,lineup projected / unconfirmed,H:2026/2025 P:2026,,,Direct BvP not yet weighted; 2026/2025 Statcast baseline active,7,2,20,0,"Last 7 games: 2/20, 0 HR","platoon edge; pitcher baseline 11.1% barrel, 3.0 HR allowed",neutral batted-ball profile; pitcher fly-ball pressure modest,,
669242,Tommy Edman,LAD,SF,2026-09-26T02:15:00Z,Scheduled,9,Yunior Marte,805074,R,S,5.2,0.1444,87.67,98.774,0.3662,0.116,0.3091,70.66,13.72,42.81,27.13,35.0,9.5,11.1,41.3,88.4,0.435,0.184,28.6,3.0,3.0,3.0,Oracle Park,85,71,17,283 deg,Open-Meteo forecast; MLB fallback,https://forecast.weather.gov/MapClick.php?lat=37.7786&lon=-122.3893,47,0,No,Yes,9,Yes,Yes,RotoWire projected lineup; MLB probable pitchers,lineup projected / unconfirmed,H:2026/2025 P:2026,,,Direct BvP not yet weighted; 2026/2025 Statcast baseline active,7,3,23,2,Hot streak: 2 HR in last 7 games,"switch hitter; pitcher baseline 11.1% barrel, 3.0 HR allowed",neutral batted-ball profile; pitcher fly-ball pressure modest,,
