hitter_id,player,team,opponent,game_start_time,game_status,batting_order,pitcher,pitcher_id,pitcher_hand,hitter_hand,barrel_pct,iso,avg_exit_velocity,ev50,xslg,xiso,xwoba,bat_speed,fast_swing_pct,pull_pct,fb_pct,hard_hit_pct,hr_total,pitcher_barrel_pct_allowed,pitcher_hard_hit_pct_allowed,pitcher_avg_exit_velocity_allowed,pitcher_xslg_allowed,pitcher_xiso_allowed,pitcher_fb_pct_allowed,pitcher_hr_allowed,pitcher_hr_allowed_vs_lhh,pitcher_hr_allowed_vs_rhh,ballpark,park_hr_factor,weather_temp,wind_speed,wind_direction,weather_source,weather_url,weather_humidity,weather_precip_pct,confirmed_lineup,rotowire_confirmed_lineup,rotowire_batting_order,rotowire_player_found,lineup_disagreement,lineup_sources_used,source_warnings,stat_years_used,bvp_pa,bvp_hr,bvp_note,recent_games,recent_hits,recent_abs,recent_hr,recent_form_note,split_matchup_note,pitch_mix_note,public_attention,odds
686765,Nick Sogard,BOS,NYY,2026-08-29T17:05:00Z,Scheduled,1,Carlos Rodón,607074,L,S,4.83,0.1134,85.79,96.3966,0.3554,0.1065,0.3167,68.85,3.47,45.17,22.76,28.89,1.4,6.83,37.36,89.58,0.3489,0.1317,26.9,9.4,9.4,9.4,Yankee Stadium,119,80,3,318 deg,Open-Meteo forecast; MLB fallback,https://forecast.weather.gov/MapClick.php?lat=40.8296&lon=-73.9262,49,7,No,Yes,1,Yes,Yes,RotoWire projected lineup; MLB probable pitchers,lineup projected / unconfirmed,H:2026/2025 P:2026/2025,,,Direct BvP not yet weighted; 2026/2025 Statcast baseline active,7,6,28,1,"Last 7 games: 6/28, 1 HR","switch hitter; pitcher baseline 6.8% barrel, 9.4 HR allowed",neutral batted-ball profile; pitcher fly-ball pressure modest,,
678882,Ceddanne Rafaela,BOS,NYY,2026-08-29T17:05:00Z,Scheduled,2,Carlos Rodón,607074,L,R,6.61,0.1685,86.97,97.7783,0.3775,0.1313,0.2903,70.02,8.62,35.43,25.72,34.22,16.0,6.83,37.36,89.58,0.3489,0.1317,26.9,9.4,9.4,9.4,Yankee Stadium,119,80,3,318 deg,Open-Meteo forecast; MLB fallback,https://forecast.weather.gov/MapClick.php?lat=40.8296&lon=-73.9262,49,7,No,Yes,2,Yes,Yes,RotoWire projected lineup; MLB probable pitchers,lineup projected / unconfirmed,H:2026/2025 P:2026/2025,,,Direct BvP not yet weighted; 2026/2025 Statcast baseline active,7,10,30,0,Contact streak: 10/30 over last 7 games,"platoon edge; pitcher baseline 6.8% barrel, 9.4 HR allowed",neutral batted-ball profile; pitcher fly-ball pressure modest,,
677800,Wilyer Abreu,BOS,NYY,2026-08-29T17:05:00Z,Scheduled,3,Carlos Rodón,607074,L,L,12.58,0.2108,90.17,101.4663,0.4785,0.2264,0.3469,73.96,38.8,38.88,36.89,44.48,22.0,6.83,37.36,89.58,0.3489,0.1317,26.9,9.4,9.4,9.4,Yankee Stadium,119,80,3,318 deg,Open-Meteo forecast; MLB fallback,https://forecast.weather.gov/MapClick.php?lat=40.8296&lon=-73.9262,49,7,No,Yes,3,Yes,Yes,RotoWire projected lineup; MLB probable pitchers,lineup projected / unconfirmed,H:2026/2025 P:2026/2025,,,Direct BvP not yet weighted; 2026/2025 Statcast baseline active,7,6,28,0,"Last 7 games: 6/28, 0 HR","same-side matchup; pitcher baseline 6.8% barrel, 9.4 HR allowed",fly-ball profile; pitcher fly-ball pressure modest,,
575929,Willson Contreras,BOS,NYY,2026-08-29T17:05:00Z,Scheduled,4,Carlos Rodón,607074,L,R,13.83,0.2285,90.11,102.7998,0.4922,0.2338,0.3727,76.77,68.66,45.82,28.91,45.71,24.2,6.83,37.36,89.58,0.3489,0.1317,26.9,9.4,9.4,9.4,Yankee Stadium,119,80,3,318 deg,Open-Meteo forecast; MLB fallback,https://forecast.weather.gov/MapClick.php?lat=40.8296&lon=-73.9262,49,7,No,Yes,4,Yes,Yes,RotoWire projected lineup; MLB probable pitchers,lineup projected / unconfirmed,H:2026/2025 P:2026/2025,,,Direct BvP not yet weighted; 2026/2025 Statcast baseline active,7,6,28,1,"Last 7 games: 6/28, 1 HR","platoon edge; pitcher baseline 6.8% barrel, 9.4 HR allowed",neutral batted-ball profile; pitcher fly-ball pressure modest,,
668939,Adley Rutschman,BOS,NYY,2026-08-29T17:05:00Z,Scheduled,5,Carlos Rodón,607074,L,S,7.22,0.1628,88.98,99.4317,0.4184,0.1634,0.3355,70.42,12.28,38.4,29.08,40.35,9.0,6.83,37.36,89.58,0.3489,0.1317,26.9,9.4,9.4,9.4,Yankee Stadium,119,80,3,318 deg,Open-Meteo forecast; MLB fallback,https://forecast.weather.gov/MapClick.php?lat=40.8296&lon=-73.9262,49,7,No,Yes,5,Yes,Yes,RotoWire projected lineup; MLB probable pitchers,lineup projected / unconfirmed,H:2026/2025 P:2026/2025,,,Direct BvP not yet weighted; 2026/2025 Statcast baseline active,7,3,23,1,"Last 7 games: 3/23, 1 HR","switch hitter; pitcher baseline 6.8% barrel, 9.4 HR allowed",neutral batted-ball profile; pitcher fly-ball pressure modest,,
702332,Caleb Durbin,BOS,NYY,2026-08-29T17:05:00Z,Scheduled,6,Carlos Rodón,607074,L,R,3.09,0.1387,84.01,95.5612,0.3333,0.0909,0.2945,68.88,5.23,40.32,20.1,25.78,11.7,6.83,37.36,89.58,0.3489,0.1317,26.9,9.4,9.4,9.4,Yankee Stadium,119,80,3,318 deg,Open-Meteo forecast; MLB fallback,https://forecast.weather.gov/MapClick.php?lat=40.8296&lon=-73.9262,49,7,No,Yes,6,Yes,Yes,RotoWire projected lineup; MLB probable pitchers,lineup projected / unconfirmed,H:2026/2025 P:2026/2025,,,Direct BvP not yet weighted; 2026/2025 Statcast baseline active,7,6,22,0,"Last 7 games: 6/22, 0 HR","platoon edge; pitcher baseline 6.8% barrel, 9.4 HR allowed",neutral batted-ball profile; pitcher fly-ball pressure modest,,
681508,Mickey Gasper,BOS,NYY,2026-08-29T17:05:00Z,Scheduled,7,Carlos Rodón,607074,L,S,6.69,0.1559,88.5,98.6665,0.3859,0.1503,0.3193,71.58,13.68,39.75,31.41,35.82,4.1,6.83,37.36,89.58,0.3489,0.1317,26.9,9.4,9.4,9.4,Yankee Stadium,119,80,3,318 deg,Open-Meteo forecast; MLB fallback,https://forecast.weather.gov/MapClick.php?lat=40.8296&lon=-73.9262,49,7,No,Yes,7,Yes,Yes,RotoWire projected lineup; MLB probable pitchers,lineup projected / unconfirmed,H:2026/2025 P:2026/2025,,,Direct BvP not yet weighted; 2026/2025 Statcast baseline active,7,6,14,2,Hot streak: 2 HR in last 7 games,"switch hitter; pitcher baseline 6.8% barrel, 9.4 HR allowed",neutral batted-ball profile; pitcher fly-ball pressure modest,,
680776,Jarren Duran,BOS,NYY,2026-08-29T17:05:00Z,Scheduled,8,Carlos Rodón,607074,L,L,9.77,0.1678,90.4,102.0749,0.3925,0.1529,0.3064,74.91,49.82,38.34,23.07,42.18,17.4,6.83,37.36,89.58,0.3489,0.1317,26.9,9.4,9.4,9.4,Yankee Stadium,119,80,3,318 deg,Open-Meteo forecast; MLB fallback,https://forecast.weather.gov/MapClick.php?lat=40.8296&lon=-73.9262,49,7,No,Yes,8,Yes,Yes,RotoWire projected lineup; MLB probable pitchers,lineup projected / unconfirmed,H:2026/2025 P:2026/2025,,,Direct BvP not yet weighted; 2026/2025 Statcast baseline active,7,6,21,1,"Last 7 games: 6/21, 1 HR","same-side matchup; pitcher baseline 6.8% barrel, 9.4 HR allowed",neutral batted-ball profile; pitcher fly-ball pressure modest,,
678011,Anthony Seigler,BOS,NYY,2026-08-29T17:05:00Z,Scheduled,9,Carlos Rodón,607074,L,S,4.62,0.114,87.69,97.1811,0.3642,0.1223,0.3107,66.94,0.28,33.86,27.31,35.75,2.1,6.83,37.36,89.58,0.3489,0.1317,26.9,9.4,9.4,9.4,Yankee Stadium,119,80,3,318 deg,Open-Meteo forecast; MLB fallback,https://forecast.weather.gov/MapClick.php?lat=40.8296&lon=-73.9262,49,7,No,Yes,9,Yes,Yes,RotoWire projected lineup; MLB probable pitchers,lineup projected / unconfirmed,H:2026/2025 P:2026/2025,,,Direct BvP not yet weighted; 2026/2025 Statcast baseline active,7,3,12,0,"Last 7 games: 3/12, 0 HR","switch hitter; pitcher baseline 6.8% barrel, 9.4 HR allowed",neutral batted-ball profile; pitcher fly-ball pressure modest,,
502671,Paul Goldschmidt,NYY,BOS,2026-08-29T17:05:00Z,Scheduled,1,Jake Bennett,687562,L,R,9.61,0.1787,87.67,99.3323,0.4185,0.1763,0.3122,71.62,16.2,33.04,29.21,38.73,14.2,6.4,36.4,88.2,0.37,0.137,25.8,7.0,7.0,7.0,Yankee Stadium,119,80,3,318 deg,Open-Meteo forecast; MLB fallback,https://forecast.weather.gov/MapClick.php?lat=40.8296&lon=-73.9262,49,7,No,Yes,1,Yes,Yes,RotoWire projected lineup; MLB probable pitchers,lineup projected / unconfirmed,H:2026/2025 P:2026,,,Direct BvP not yet weighted; 2026/2025 Statcast baseline active,7,4,14,1,"Last 7 games: 4/14, 1 HR","platoon edge; pitcher baseline 6.4% barrel, 7.0 HR allowed",neutral batted-ball profile; pitcher fly-ball pressure modest,,
700250,Ben Rice,NYY,BOS,2026-08-29T17:05:00Z,Scheduled,2,Jake Bennett,687562,L,L,15.12,0.2678,92.53,102.5873,0.5229,0.2541,0.3798,72.98,28.43,46.15,30.53,50.92,32.3,6.4,36.4,88.2,0.37,0.137,25.8,7.0,7.0,7.0,Yankee Stadium,119,80,3,318 deg,Open-Meteo forecast; MLB fallback,https://forecast.weather.gov/MapClick.php?lat=40.8296&lon=-73.9262,49,7,No,Yes,2,Yes,Yes,RotoWire projected lineup; MLB probable pitchers,lineup projected / unconfirmed,H:2026/2025 P:2026,,,Direct BvP not yet weighted; 2026/2025 Statcast baseline active,7,8,24,1,Contact streak: 8/24 over last 7 games,"same-side matchup; pitcher baseline 6.4% barrel, 7.0 HR allowed",lift-pull EV profile; pitcher fly-ball pressure modest,,
641355,Cody Bellinger,NYY,BOS,2026-08-29T17:05:00Z,Scheduled,3,Jake Bennett,687562,L,L,6.8,0.1779,88.86,98.5972,0.4243,0.1547,0.3419,69.75,4.12,42.33,31.85,37.62,17.1,6.4,36.4,88.2,0.37,0.137,25.8,7.0,7.0,7.0,Yankee Stadium,119,80,3,318 deg,Open-Meteo forecast; MLB fallback,https://forecast.weather.gov/MapClick.php?lat=40.8296&lon=-73.9262,49,7,No,Yes,3,Yes,Yes,RotoWire projected lineup; MLB probable pitchers,lineup projected / unconfirmed,H:2026/2025 P:2026,,,Direct BvP not yet weighted; 2026/2025 Statcast baseline active,7,6,27,1,"Last 7 games: 6/27, 1 HR","same-side matchup; pitcher baseline 6.4% barrel, 7.0 HR allowed",neutral batted-ball profile; pitcher fly-ball pressure modest,,
671218,Heliot Ramos,NYY,BOS,2026-08-29T17:05:00Z,Scheduled,4,Jake Bennett,687562,L,R,12.02,0.1454,92.01,102.8784,0.4275,0.1771,0.3186,72.99,31.63,33.38,22.39,48.66,12.6,6.4,36.4,88.2,0.37,0.137,25.8,7.0,7.0,7.0,Yankee Stadium,119,80,3,318 deg,Open-Meteo forecast; MLB fallback,https://forecast.weather.gov/MapClick.php?lat=40.8296&lon=-73.9262,49,7,No,Yes,4,Yes,Yes,RotoWire projected lineup; MLB probable pitchers,lineup projected / unconfirmed,H:2026/2025 P:2026,,,Direct BvP not yet weighted; 2026/2025 Statcast baseline active,7,3,19,0,"Last 7 games: 3/19, 0 HR","platoon edge; pitcher baseline 6.4% barrel, 7.0 HR allowed",EV profile; pitcher fly-ball pressure modest,,
663757,Trent Grisham,NYY,BOS,2026-08-29T17:05:00Z,Scheduled,5,Jake Bennett,687562,L,L,11.12,0.2052,90.89,100.8898,0.4553,0.208,0.3497,70.86,9.58,46.12,31.05,46.4,22.8,6.4,36.4,88.2,0.37,0.137,25.8,7.0,7.0,7.0,Yankee Stadium,119,80,3,318 deg,Open-Meteo forecast; MLB fallback,https://forecast.weather.gov/MapClick.php?lat=40.8296&lon=-73.9262,49,7,No,Yes,5,Yes,Yes,RotoWire projected lineup; MLB probable pitchers,lineup projected / unconfirmed,H:2026/2025 P:2026,,,Direct BvP not yet weighted; 2026/2025 Statcast baseline active,7,2,24,1,"Last 7 games: 2/24, 1 HR","same-side matchup; pitcher baseline 6.4% barrel, 7.0 HR allowed",neutral batted-ball profile; pitcher fly-ball pressure modest,,
806146,George Lombard,NYY,BOS,2026-08-29T17:05:00Z,Scheduled,6,Jake Bennett,687562,L,R,8.0,0.125,85.6,98.0501,0.353,0.11,0.292,71.9,18.9,31.4,23.5,35.3,2.0,6.4,36.4,88.2,0.37,0.137,25.8,7.0,7.0,7.0,Yankee Stadium,119,80,3,318 deg,Open-Meteo forecast; MLB fallback,https://forecast.weather.gov/MapClick.php?lat=40.8296&lon=-73.9262,49,7,No,Yes,6,Yes,Yes,RotoWire projected lineup; MLB probable pitchers,lineup projected / unconfirmed,H:2026 P:2026,,,Direct BvP not yet weighted; 2026/2025 Statcast baseline active,7,5,26,0,"Last 7 games: 5/26, 0 HR","platoon edge; pitcher baseline 6.4% barrel, 7.0 HR allowed",neutral batted-ball profile; pitcher fly-ball pressure modest,,
665862,Jazz Chisholm,NYY,BOS,2026-08-29T17:05:00Z,Scheduled,7,Jake Bennett,687562,L,L,10.8,0.1956,90.19,100.4922,0.4047,0.184,0.3103,73.41,34.21,51.21,30.54,42.53,21.9,6.4,36.4,88.2,0.37,0.137,25.8,7.0,7.0,7.0,Yankee Stadium,119,80,3,318 deg,Open-Meteo forecast; MLB fallback,https://forecast.weather.gov/MapClick.php?lat=40.8296&lon=-73.9262,49,7,No,Yes,7,Yes,Yes,RotoWire projected lineup; MLB probable pitchers,lineup projected / unconfirmed,H:2026/2025 P:2026,,,Direct BvP not yet weighted; 2026/2025 Statcast baseline active,7,9,22,1,Contact streak: 9/22 over last 7 games,"same-side matchup; pitcher baseline 6.4% barrel, 7.0 HR allowed",neutral batted-ball profile; pitcher fly-ball pressure modest,,
676609,Jose Caballero,NYY,BOS,2026-08-29T17:05:00Z,Scheduled,8,Jake Bennett,687562,L,R,4.71,0.1285,84.67,96.6419,0.3383,0.1108,0.2871,68.89,8.12,41.6,21.73,27.45,9.9,6.4,36.4,88.2,0.37,0.137,25.8,7.0,7.0,7.0,Yankee Stadium,119,80,3,318 deg,Open-Meteo forecast; MLB fallback,https://forecast.weather.gov/MapClick.php?lat=40.8296&lon=-73.9262,49,7,No,Yes,8,Yes,Yes,RotoWire projected lineup; MLB probable pitchers,lineup projected / unconfirmed,H:2026/2025 P:2026,,,Direct BvP not yet weighted; 2026/2025 Statcast baseline active,7,3,23,0,"Last 7 games: 3/23, 0 HR","platoon edge; pitcher baseline 6.4% barrel, 7.0 HR allowed",neutral batted-ball profile; pitcher fly-ball pressure modest,,
669224,Austin Wells,NYY,BOS,2026-08-29T17:05:00Z,Scheduled,9,Jake Bennett,687562,L,L,7.47,0.1449,89.55,100.6833,0.3682,0.1556,0.294,72.98,27.81,46.38,32.58,43.38,11.9,6.4,36.4,88.2,0.37,0.137,25.8,7.0,7.0,7.0,Yankee Stadium,119,80,3,318 deg,Open-Meteo forecast; MLB fallback,https://forecast.weather.gov/MapClick.php?lat=40.8296&lon=-73.9262,49,7,No,Yes,9,Yes,Yes,RotoWire projected lineup; MLB probable pitchers,lineup projected / unconfirmed,H:2026/2025 P:2026,,,Direct BvP not yet weighted; 2026/2025 Statcast baseline active,7,4,19,0,"Last 7 games: 4/19, 0 HR","same-side matchup; pitcher baseline 6.4% barrel, 7.0 HR allowed",neutral batted-ball profile; pitcher fly-ball pressure modest,,
686765,Nick Sogard,BOS,NYY,2026-08-29T23:15:00Z,Scheduled,1,Max Fried,608331,L,S,4.83,0.1134,85.79,96.3966,0.3554,0.1065,0.3167,68.85,3.47,45.17,22.76,28.89,1.4,3.33,33.07,86.5,0.2919,0.0823,21.69,5.6,5.6,5.6,Yankee Stadium,119,80,3,318 deg,Open-Meteo forecast; MLB fallback,https://forecast.weather.gov/MapClick.php?lat=40.8296&lon=-73.9262,49,7,No,Yes,1,Yes,Yes,RotoWire projected lineup; MLB probable pitchers,lineup projected / unconfirmed,H:2026/2025 P:2026/2025,,,Direct BvP not yet weighted; 2026/2025 Statcast baseline active,7,6,28,1,"Last 7 games: 6/28, 1 HR","switch hitter; pitcher baseline 3.3% barrel, 5.6 HR allowed",neutral batted-ball profile; pitcher fly-ball pressure modest,,
678882,Ceddanne Rafaela,BOS,NYY,2026-08-29T23:15:00Z,Scheduled,2,Max Fried,608331,L,R,6.61,0.1685,86.97,97.7783,0.3775,0.1313,0.2903,70.02,8.62,35.43,25.72,34.22,16.0,3.33,33.07,86.5,0.2919,0.0823,21.69,5.6,5.6,5.6,Yankee Stadium,119,80,3,318 deg,Open-Meteo forecast; MLB fallback,https://forecast.weather.gov/MapClick.php?lat=40.8296&lon=-73.9262,49,7,No,Yes,2,Yes,Yes,RotoWire projected lineup; MLB probable pitchers,lineup projected / unconfirmed,H:2026/2025 P:2026/2025,,,Direct BvP not yet weighted; 2026/2025 Statcast baseline active,7,10,30,0,Contact streak: 10/30 over last 7 games,"platoon edge; pitcher baseline 3.3% barrel, 5.6 HR allowed",neutral batted-ball profile; pitcher fly-ball pressure modest,,
677800,Wilyer Abreu,BOS,NYY,2026-08-29T23:15:00Z,Scheduled,3,Max Fried,608331,L,L,12.58,0.2108,90.17,101.4663,0.4785,0.2264,0.3469,73.96,38.8,38.88,36.89,44.48,22.0,3.33,33.07,86.5,0.2919,0.0823,21.69,5.6,5.6,5.6,Yankee Stadium,119,80,3,318 deg,Open-Meteo forecast; MLB fallback,https://forecast.weather.gov/MapClick.php?lat=40.8296&lon=-73.9262,49,7,No,Yes,3,Yes,Yes,RotoWire projected lineup; MLB probable pitchers,lineup projected / unconfirmed,H:2026/2025 P:2026/2025,,,Direct BvP not yet weighted; 2026/2025 Statcast baseline active,7,6,28,0,"Last 7 games: 6/28, 0 HR","same-side matchup; pitcher baseline 3.3% barrel, 5.6 HR allowed",fly-ball profile; pitcher fly-ball pressure modest,,
575929,Willson Contreras,BOS,NYY,2026-08-29T23:15:00Z,Scheduled,4,Max Fried,608331,L,R,13.83,0.2285,90.11,102.7998,0.4922,0.2338,0.3727,76.77,68.66,45.82,28.91,45.71,24.2,3.33,33.07,86.5,0.2919,0.0823,21.69,5.6,5.6,5.6,Yankee Stadium,119,80,3,318 deg,Open-Meteo forecast; MLB fallback,https://forecast.weather.gov/MapClick.php?lat=40.8296&lon=-73.9262,49,7,No,Yes,4,Yes,Yes,RotoWire projected lineup; MLB probable pitchers,lineup projected / unconfirmed,H:2026/2025 P:2026/2025,,,Direct BvP not yet weighted; 2026/2025 Statcast baseline active,7,6,28,1,"Last 7 games: 6/28, 1 HR","platoon edge; pitcher baseline 3.3% barrel, 5.6 HR allowed",neutral batted-ball profile; pitcher fly-ball pressure modest,,
668939,Adley Rutschman,BOS,NYY,2026-08-29T23:15:00Z,Scheduled,5,Max Fried,608331,L,S,7.22,0.1628,88.98,99.4317,0.4184,0.1634,0.3355,70.42,12.28,38.4,29.08,40.35,9.0,3.33,33.07,86.5,0.2919,0.0823,21.69,5.6,5.6,5.6,Yankee Stadium,119,80,3,318 deg,Open-Meteo forecast; MLB fallback,https://forecast.weather.gov/MapClick.php?lat=40.8296&lon=-73.9262,49,7,No,Yes,5,Yes,Yes,RotoWire projected lineup; MLB probable pitchers,lineup projected / unconfirmed,H:2026/2025 P:2026/2025,,,Direct BvP not yet weighted; 2026/2025 Statcast baseline active,7,3,23,1,"Last 7 games: 3/23, 1 HR","switch hitter; pitcher baseline 3.3% barrel, 5.6 HR allowed",neutral batted-ball profile; pitcher fly-ball pressure modest,,
702332,Caleb Durbin,BOS,NYY,2026-08-29T23:15:00Z,Scheduled,6,Max Fried,608331,L,R,3.09,0.1387,84.01,95.5612,0.3333,0.0909,0.2945,68.88,5.23,40.32,20.1,25.78,11.7,3.33,33.07,86.5,0.2919,0.0823,21.69,5.6,5.6,5.6,Yankee Stadium,119,80,3,318 deg,Open-Meteo forecast; MLB fallback,https://forecast.weather.gov/MapClick.php?lat=40.8296&lon=-73.9262,49,7,No,Yes,6,Yes,Yes,RotoWire projected lineup; MLB probable pitchers,lineup projected / unconfirmed,H:2026/2025 P:2026/2025,,,Direct BvP not yet weighted; 2026/2025 Statcast baseline active,7,6,22,0,"Last 7 games: 6/22, 0 HR","platoon edge; pitcher baseline 3.3% barrel, 5.6 HR allowed",neutral batted-ball profile; pitcher fly-ball pressure modest,,
681508,Mickey Gasper,BOS,NYY,2026-08-29T23:15:00Z,Scheduled,7,Max Fried,608331,L,S,6.69,0.1559,88.5,98.6665,0.3859,0.1503,0.3193,71.58,13.68,39.75,31.41,35.82,4.1,3.33,33.07,86.5,0.2919,0.0823,21.69,5.6,5.6,5.6,Yankee Stadium,119,80,3,318 deg,Open-Meteo forecast; MLB fallback,https://forecast.weather.gov/MapClick.php?lat=40.8296&lon=-73.9262,49,7,No,Yes,7,Yes,Yes,RotoWire projected lineup; MLB probable pitchers,lineup projected / unconfirmed,H:2026/2025 P:2026/2025,,,Direct BvP not yet weighted; 2026/2025 Statcast baseline active,7,6,14,2,Hot streak: 2 HR in last 7 games,"switch hitter; pitcher baseline 3.3% barrel, 5.6 HR allowed",neutral batted-ball profile; pitcher fly-ball pressure modest,,
680776,Jarren Duran,BOS,NYY,2026-08-29T23:15:00Z,Scheduled,8,Max Fried,608331,L,L,9.77,0.1678,90.4,102.0749,0.3925,0.1529,0.3064,74.91,49.82,38.34,23.07,42.18,17.4,3.33,33.07,86.5,0.2919,0.0823,21.69,5.6,5.6,5.6,Yankee Stadium,119,80,3,318 deg,Open-Meteo forecast; MLB fallback,https://forecast.weather.gov/MapClick.php?lat=40.8296&lon=-73.9262,49,7,No,Yes,8,Yes,Yes,RotoWire projected lineup; MLB probable pitchers,lineup projected / unconfirmed,H:2026/2025 P:2026/2025,,,Direct BvP not yet weighted; 2026/2025 Statcast baseline active,7,6,21,1,"Last 7 games: 6/21, 1 HR","same-side matchup; pitcher baseline 3.3% barrel, 5.6 HR allowed",neutral batted-ball profile; pitcher fly-ball pressure modest,,
678011,Anthony Seigler,BOS,NYY,2026-08-29T23:15:00Z,Scheduled,9,Max Fried,608331,L,S,4.62,0.114,87.69,97.1811,0.3642,0.1223,0.3107,66.94,0.28,33.86,27.31,35.75,2.1,3.33,33.07,86.5,0.2919,0.0823,21.69,5.6,5.6,5.6,Yankee Stadium,119,80,3,318 deg,Open-Meteo forecast; MLB fallback,https://forecast.weather.gov/MapClick.php?lat=40.8296&lon=-73.9262,49,7,No,Yes,9,Yes,Yes,RotoWire projected lineup; MLB probable pitchers,lineup projected / unconfirmed,H:2026/2025 P:2026/2025,,,Direct BvP not yet weighted; 2026/2025 Statcast baseline active,7,3,12,0,"Last 7 games: 3/12, 0 HR","switch hitter; pitcher baseline 3.3% barrel, 5.6 HR allowed",neutral batted-ball profile; pitcher fly-ball pressure modest,,
502671,Paul Goldschmidt,NYY,BOS,2026-08-29T23:15:00Z,Scheduled,1,,,,R,9.61,0.1787,87.67,99.3323,0.4185,0.1763,0.3122,71.62,16.2,33.04,29.21,38.73,14.2,,,,,,,,,,Yankee Stadium,119,80,3,318 deg,Open-Meteo forecast; MLB fallback,https://forecast.weather.gov/MapClick.php?lat=40.8296&lon=-73.9262,49,7,No,Yes,1,Yes,Yes,RotoWire projected lineup; MLB probable pitchers,lineup projected / unconfirmed,H:2026/2025 P:,,,Direct BvP not yet weighted; 2026/2025 Statcast baseline active,7,4,14,1,"Last 7 games: 4/14, 1 HR","handedness incomplete; pitcher baseline 0.0% barrel, 0.0 HR allowed",neutral batted-ball profile; pitcher fly-ball pressure modest,,
700250,Ben Rice,NYY,BOS,2026-08-29T23:15:00Z,Scheduled,2,,,,L,15.12,0.2678,92.53,102.5873,0.5229,0.2541,0.3798,72.98,28.43,46.15,30.53,50.92,32.3,,,,,,,,,,Yankee Stadium,119,80,3,318 deg,Open-Meteo forecast; MLB fallback,https://forecast.weather.gov/MapClick.php?lat=40.8296&lon=-73.9262,49,7,No,Yes,2,Yes,Yes,RotoWire projected lineup; MLB probable pitchers,lineup projected / unconfirmed,H:2026/2025 P:,,,Direct BvP not yet weighted; 2026/2025 Statcast baseline active,7,8,24,1,Contact streak: 8/24 over last 7 games,"handedness incomplete; pitcher baseline 0.0% barrel, 0.0 HR allowed",lift-pull EV profile; pitcher fly-ball pressure modest,,
641355,Cody Bellinger,NYY,BOS,2026-08-29T23:15:00Z,Scheduled,3,,,,L,6.8,0.1779,88.86,98.5972,0.4243,0.1547,0.3419,69.75,4.12,42.33,31.85,37.62,17.1,,,,,,,,,,Yankee Stadium,119,80,3,318 deg,Open-Meteo forecast; MLB fallback,https://forecast.weather.gov/MapClick.php?lat=40.8296&lon=-73.9262,49,7,No,Yes,3,Yes,Yes,RotoWire projected lineup; MLB probable pitchers,lineup projected / unconfirmed,H:2026/2025 P:,,,Direct BvP not yet weighted; 2026/2025 Statcast baseline active,7,6,27,1,"Last 7 games: 6/27, 1 HR","handedness incomplete; pitcher baseline 0.0% barrel, 0.0 HR allowed",neutral batted-ball profile; pitcher fly-ball pressure modest,,
671218,Heliot Ramos,NYY,BOS,2026-08-29T23:15:00Z,Scheduled,4,,,,R,12.02,0.1454,92.01,102.8784,0.4275,0.1771,0.3186,72.99,31.63,33.38,22.39,48.66,12.6,,,,,,,,,,Yankee Stadium,119,80,3,318 deg,Open-Meteo forecast; MLB fallback,https://forecast.weather.gov/MapClick.php?lat=40.8296&lon=-73.9262,49,7,No,Yes,4,Yes,Yes,RotoWire projected lineup; MLB probable pitchers,lineup projected / unconfirmed,H:2026/2025 P:,,,Direct BvP not yet weighted; 2026/2025 Statcast baseline active,7,3,19,0,"Last 7 games: 3/19, 0 HR","handedness incomplete; pitcher baseline 0.0% barrel, 0.0 HR allowed",EV profile; pitcher fly-ball pressure modest,,
663757,Trent Grisham,NYY,BOS,2026-08-29T23:15:00Z,Scheduled,5,,,,L,11.12,0.2052,90.89,100.8898,0.4553,0.208,0.3497,70.86,9.58,46.12,31.05,46.4,22.8,,,,,,,,,,Yankee Stadium,119,80,3,318 deg,Open-Meteo forecast; MLB fallback,https://forecast.weather.gov/MapClick.php?lat=40.8296&lon=-73.9262,49,7,No,Yes,5,Yes,Yes,RotoWire projected lineup; MLB probable pitchers,lineup projected / unconfirmed,H:2026/2025 P:,,,Direct BvP not yet weighted; 2026/2025 Statcast baseline active,7,2,24,1,"Last 7 games: 2/24, 1 HR","handedness incomplete; pitcher baseline 0.0% barrel, 0.0 HR allowed",neutral batted-ball profile; pitcher fly-ball pressure modest,,
806146,George Lombard,NYY,BOS,2026-08-29T23:15:00Z,Scheduled,6,,,,R,8.0,0.125,85.6,98.0501,0.353,0.11,0.292,71.9,18.9,31.4,23.5,35.3,2.0,,,,,,,,,,Yankee Stadium,119,80,3,318 deg,Open-Meteo forecast; MLB fallback,https://forecast.weather.gov/MapClick.php?lat=40.8296&lon=-73.9262,49,7,No,Yes,6,Yes,Yes,RotoWire projected lineup; MLB probable pitchers,lineup projected / unconfirmed,H:2026 P:,,,Direct BvP not yet weighted; 2026/2025 Statcast baseline active,7,5,26,0,"Last 7 games: 5/26, 0 HR","handedness incomplete; pitcher baseline 0.0% barrel, 0.0 HR allowed",neutral batted-ball profile; pitcher fly-ball pressure modest,,
665862,Jazz Chisholm,NYY,BOS,2026-08-29T23:15:00Z,Scheduled,7,,,,L,10.8,0.1956,90.19,100.4922,0.4047,0.184,0.3103,73.41,34.21,51.21,30.54,42.53,21.9,,,,,,,,,,Yankee Stadium,119,80,3,318 deg,Open-Meteo forecast; MLB fallback,https://forecast.weather.gov/MapClick.php?lat=40.8296&lon=-73.9262,49,7,No,Yes,7,Yes,Yes,RotoWire projected lineup; MLB probable pitchers,lineup projected / unconfirmed,H:2026/2025 P:,,,Direct BvP not yet weighted; 2026/2025 Statcast baseline active,7,9,22,1,Contact streak: 9/22 over last 7 games,"handedness incomplete; pitcher baseline 0.0% barrel, 0.0 HR allowed",neutral batted-ball profile; pitcher fly-ball pressure modest,,
676609,Jose Caballero,NYY,BOS,2026-08-29T23:15:00Z,Scheduled,8,,,,R,4.71,0.1285,84.67,96.6419,0.3383,0.1108,0.2871,68.89,8.12,41.6,21.73,27.45,9.9,,,,,,,,,,Yankee Stadium,119,80,3,318 deg,Open-Meteo forecast; MLB fallback,https://forecast.weather.gov/MapClick.php?lat=40.8296&lon=-73.9262,49,7,No,Yes,8,Yes,Yes,RotoWire projected lineup; MLB probable pitchers,lineup projected / unconfirmed,H:2026/2025 P:,,,Direct BvP not yet weighted; 2026/2025 Statcast baseline active,7,3,23,0,"Last 7 games: 3/23, 0 HR","handedness incomplete; pitcher baseline 0.0% barrel, 0.0 HR allowed",neutral batted-ball profile; pitcher fly-ball pressure modest,,
669224,Austin Wells,NYY,BOS,2026-08-29T23:15:00Z,Scheduled,9,,,,L,7.47,0.1449,89.55,100.6833,0.3682,0.1556,0.294,72.98,27.81,46.38,32.58,43.38,11.9,,,,,,,,,,Yankee Stadium,119,80,3,318 deg,Open-Meteo forecast; MLB fallback,https://forecast.weather.gov/MapClick.php?lat=40.8296&lon=-73.9262,49,7,No,Yes,9,Yes,Yes,RotoWire projected lineup; MLB probable pitchers,lineup projected / unconfirmed,H:2026/2025 P:,,,Direct BvP not yet weighted; 2026/2025 Statcast baseline active,7,4,19,0,"Last 7 games: 4/19, 0 HR","handedness incomplete; pitcher baseline 0.0% barrel, 0.0 HR allowed",neutral batted-ball profile; pitcher fly-ball pressure modest,,
660271,Shohei Ohtani,LAD,DET,2026-08-29T17:10:00Z,Scheduled,1,Keider Montero,672456,R,L,18.46,0.2819,93.92,104.4884,0.5937,0.3071,0.4103,75.03,53.22,46.35,32.2,54.01,37.5,7.57,38.07,88.68,0.4033,0.165,25.35,14.6,14.6,14.6,Comerica Park,100,70,5,173 deg,Open-Meteo forecast; MLB fallback,https://forecast.weather.gov/MapClick.php?lat=42.3390&lon=-83.0485,70,0,No,Yes,1,Yes,Yes,RotoWire projected lineup; MLB probable pitchers,lineup projected / unconfirmed,H:2026/2025 P:2026/2025,,,Direct BvP not yet weighted; 2026/2025 Statcast baseline active,7,4,27,0,"Last 7 games: 4/27, 0 HR","platoon edge; pitcher baseline 7.6% barrel, 14.6 HR allowed",lift-pull EV profile; pitcher fly-ball pressure modest,,
518692,Freddie Freeman,LAD,DET,2026-08-29T17:10:00Z,Scheduled,2,Keider Montero,672456,R,L,9.0,0.1727,89.99,100.3158,0.4775,0.1888,0.3647,70.08,8.19,35.98,27.42,43.04,17.7,7.57,38.07,88.68,0.4033,0.165,25.35,14.6,14.6,14.6,Comerica Park,100,70,5,173 deg,Open-Meteo forecast; MLB fallback,https://forecast.weather.gov/MapClick.php?lat=42.3390&lon=-83.0485,70,0,No,Yes,2,Yes,Yes,RotoWire projected lineup; MLB probable pitchers,lineup projected / unconfirmed,H:2026/2025 P:2026/2025,,,Direct BvP not yet weighted; 2026/2025 Statcast baseline active,7,8,29,0,"Last 7 games: 8/29, 0 HR","platoon edge; pitcher baseline 7.6% barrel, 14.6 HR allowed",neutral batted-ball profile; pitcher fly-ball pressure modest,,
605141,Mookie Betts,LAD,DET,2026-08-29T17:10:00Z,Scheduled,3,Keider Montero,672456,R,R,6.69,0.162,89.73,98.4096,0.4234,0.1525,0.3279,69.6,8.74,38.98,34.57,37.13,17.2,7.57,38.07,88.68,0.4033,0.165,25.35,14.6,14.6,14.6,Comerica Park,100,70,5,173 deg,Open-Meteo forecast; MLB fallback,https://forecast.weather.gov/MapClick.php?lat=42.3390&lon=-83.0485,70,0,No,Yes,3,Yes,Yes,RotoWire projected lineup; MLB probable pitchers,lineup projected / unconfirmed,H:2026/2025 P:2026/2025,,,Direct BvP not yet weighted; 2026/2025 Statcast baseline active,7,7,26,0,"Last 7 games: 7/26, 0 HR","same-side matchup; pitcher baseline 7.6% barrel, 14.6 HR allowed",neutral batted-ball profile; pitcher fly-ball pressure modest,,
571970,Max Muncy,LAD,DET,2026-08-29T17:10:00Z,Scheduled,4,Keider Montero,672456,R,L,13.32,0.2417,90.74,101.4583,0.4823,0.2408,0.3579,71.38,15.04,52.76,35.44,47.86,23.9,7.57,38.07,88.68,0.4033,0.165,25.35,14.6,14.6,14.6,Comerica Park,100,70,5,173 deg,Open-Meteo forecast; MLB fallback,https://forecast.weather.gov/MapClick.php?lat=42.3390&lon=-83.0485,70,0,No,Yes,4,Yes,Yes,RotoWire projected lineup; MLB probable pitchers,lineup projected / unconfirmed,H:2026/2025 P:2026/2025,,,Direct BvP not yet weighted; 2026/2025 Statcast baseline active,7,5,22,1,"Last 7 games: 5/22, 1 HR","platoon edge; pitcher baseline 7.6% barrel, 14.6 HR allowed",fly-ball profile; pitcher fly-ball pressure modest,,
669242,Tommy Edman,LAD,DET,2026-08-29T17:10:00Z,Scheduled,5,Keider Montero,672456,R,S,5.69,0.15,88.23,99.3855,0.3788,0.1188,0.3175,70.52,12.32,42.53,26.5,37.38,7.4,7.57,38.07,88.68,0.4033,0.165,25.35,14.6,14.6,14.6,Comerica Park,100,70,5,173 deg,Open-Meteo forecast; MLB fallback,https://forecast.weather.gov/MapClick.php?lat=42.3390&lon=-83.0485,70,0,No,Yes,5,Yes,Yes,RotoWire projected lineup; MLB probable pitchers,lineup projected / unconfirmed,H:2026/2025 P:2026/2025,,,Direct BvP not yet weighted; 2026/2025 Statcast baseline active,7,6,25,1,"Last 7 games: 6/25, 1 HR","switch hitter; pitcher baseline 7.6% barrel, 14.6 HR allowed",neutral batted-ball profile; pitcher fly-ball pressure modest,,
663656,Kyle Tucker,LAD,DET,2026-08-29T17:10:00Z,Scheduled,6,Keider Montero,672456,R,L,7.16,0.1504,89.26,98.8613,0.4088,0.1507,0.3377,71.51,20.59,43.17,32.56,38.37,14.3,7.57,38.07,88.68,0.4033,0.165,25.35,14.6,14.6,14.6,Comerica Park,100,70,5,173 deg,Open-Meteo forecast; MLB fallback,https://forecast.weather.gov/MapClick.php?lat=42.3390&lon=-83.0485,70,0,No,Yes,6,Yes,Yes,RotoWire projected lineup; MLB probable pitchers,lineup projected / unconfirmed,H:2026/2025 P:2026/2025,,,Direct BvP not yet weighted; 2026/2025 Statcast baseline active,7,4,23,0,"Last 7 games: 4/23, 0 HR","platoon edge; pitcher baseline 7.6% barrel, 14.6 HR allowed",neutral batted-ball profile; pitcher fly-ball pressure modest,,
677950,Alek Thomas,LAD,DET,2026-08-29T17:10:00Z,Scheduled,7,Keider Montero,672456,R,L,7.52,0.1329,89.74,100.1562,0.3755,0.1398,0.2855,70.26,8.52,31.54,25.0,39.65,4.1,7.57,38.07,88.68,0.4033,0.165,25.35,14.6,14.6,14.6,Comerica Park,100,70,5,173 deg,Open-Meteo forecast; MLB fallback,https://forecast.weather.gov/MapClick.php?lat=42.3390&lon=-83.0485,70,0,No,Yes,7,Yes,Yes,RotoWire projected lineup; MLB probable pitchers,lineup projected / unconfirmed,H:2026/2025 P:2026/2025,,,Direct BvP not yet weighted; 2026/2025 Statcast baseline active,7,3,19,0,"Last 7 games: 3/19, 0 HR","platoon edge; pitcher baseline 7.6% barrel, 14.6 HR allowed",neutral batted-ball profile; pitcher fly-ball pressure modest,,
606192,Teoscar Hernandez,LAD,DET,2026-08-29T17:10:00Z,Scheduled,8,Keider Montero,672456,R,R,9.61,0.1622,89.64,100.9757,0.4179,0.1745,0.3139,72.41,24.85,34.71,29.31,43.86,15.2,7.57,38.07,88.68,0.4033,0.165,25.35,14.6,14.6,14.6,Comerica Park,100,70,5,173 deg,Open-Meteo forecast; MLB fallback,https://forecast.weather.gov/MapClick.php?lat=42.3390&lon=-83.0485,70,0,No,Yes,8,Yes,Yes,RotoWire projected lineup; MLB probable pitchers,lineup projected / unconfirmed,H:2026/2025 P:2026/2025,,,Direct BvP not yet weighted; 2026/2025 Statcast baseline active,7,6,27,0,"Last 7 games: 6/27, 0 HR","same-side matchup; pitcher baseline 7.6% barrel, 14.6 HR allowed",neutral batted-ball profile; pitcher fly-ball pressure modest,,
676439,Hunter Feduccia,LAD,DET,2026-08-29T17:10:00Z,Scheduled,9,Keider Montero,672456,R,L,8.2,0.0955,89.56,99.0515,0.3622,0.1283,0.3079,70.78,12.98,32.31,27.87,37.7,2.1,7.57,38.07,88.68,0.4033,0.165,25.35,14.6,14.6,14.6,Comerica Park,100,70,5,173 deg,Open-Meteo forecast; MLB fallback,https://forecast.weather.gov/MapClick.php?lat=42.3390&lon=-83.0485,70,0,No,Yes,9,Yes,Yes,RotoWire projected lineup; MLB probable pitchers,lineup projected / unconfirmed,H:2026/2025 P:2026/2025,,,Direct BvP not yet weighted; 2026/2025 Statcast baseline active,7,5,14,0,Contact streak: 5/14 over last 7 games,"platoon edge; pitcher baseline 7.6% barrel, 14.6 HR allowed",neutral batted-ball profile; pitcher fly-ball pressure modest,,
650402,Gleyber Torres,DET,LAD,2026-08-29T17:10:00Z,Scheduled,1,Blake Snell,605483,L,R,6.87,0.1233,87.27,97.5873,0.3983,0.144,0.3371,68.63,5.82,26.83,27.94,34.17,10.4,1.74,17.06,82.91,0.2513,0.0546,21.82,0.9,0.9,0.9,Comerica Park,100,70,5,173 deg,Open-Meteo forecast; MLB fallback,https://forecast.weather.gov/MapClick.php?lat=42.3390&lon=-83.0485,70,0,No,Yes,1,Yes,Yes,RotoWire projected lineup; MLB probable pitchers,lineup projected / unconfirmed,H:2026/2025 P:2026/2025,,,Direct BvP not yet weighted; 2026/2025 Statcast baseline active,7,5,28,0,"Last 7 games: 5/28, 0 HR","platoon edge; pitcher baseline 1.7% barrel, 0.9 HR allowed",neutral batted-ball profile; pitcher fly-ball pressure modest,,
701678,Hao-Yu Lee,DET,LAD,2026-08-29T17:10:00Z,Scheduled,2,Blake Snell,605483,L,R,8.9,0.15,89.5,100.0436,0.41,0.165,0.305,71.4,21.5,29.6,26.8,40.8,7.0,1.74,17.06,82.91,0.2513,0.0546,21.82,0.9,0.9,0.9,Comerica Park,100,70,5,173 deg,Open-Meteo forecast; MLB fallback,https://forecast.weather.gov/MapClick.php?lat=42.3390&lon=-83.0485,70,0,No,Yes,2,Yes,Yes,RotoWire projected lineup; MLB probable pitchers,lineup projected / unconfirmed,H:2026 P:2026/2025,,,Direct BvP not yet weighted; 2026/2025 Statcast baseline active,7,5,25,1,"Last 7 games: 5/25, 1 HR","platoon edge; pitcher baseline 1.7% barrel, 0.9 HR allowed",neutral batted-ball profile; pitcher fly-ball pressure modest,,
805808,Kevin McGonigle,DET,LAD,2026-08-29T17:10:00Z,Scheduled,3,Blake Snell,605483,L,L,7.2,0.145,88.1,98.3052,0.433,0.17,0.352,71.2,16.2,37.5,36.3,36.8,14.0,1.74,17.06,82.91,0.2513,0.0546,21.82,0.9,0.9,0.9,Comerica Park,100,70,5,173 deg,Open-Meteo forecast; MLB fallback,https://forecast.weather.gov/MapClick.php?lat=42.3390&lon=-83.0485,70,0,No,Yes,3,Yes,Yes,RotoWire projected lineup; MLB probable pitchers,lineup projected / unconfirmed,H:2026 P:2026/2025,,,Direct BvP not yet weighted; 2026/2025 Statcast baseline active,7,5,28,1,"Last 7 games: 5/28, 1 HR","same-side matchup; pitcher baseline 1.7% barrel, 0.9 HR allowed",fly-ball profile; pitcher fly-ball pressure modest,,
693307,Dillon Dingler,DET,LAD,2026-08-29T17:10:00Z,Scheduled,4,Blake Snell,605483,L,R,9.83,0.2023,88.95,100.5947,0.4748,0.2011,0.3504,71.77,15.62,41.01,28.92,43.32,22.1,1.74,17.06,82.91,0.2513,0.0546,21.82,0.9,0.9,0.9,Comerica Park,100,70,5,173 deg,Open-Meteo forecast; MLB fallback,https://forecast.weather.gov/MapClick.php?lat=42.3390&lon=-83.0485,70,0,No,Yes,4,Yes,Yes,RotoWire projected lineup; MLB probable pitchers,lineup projected / unconfirmed,H:2026/2025 P:2026/2025,,,Direct BvP not yet weighted; 2026/2025 Statcast baseline active,7,4,26,0,"Last 7 games: 4/26, 0 HR","platoon edge; pitcher baseline 1.7% barrel, 0.9 HR allowed",neutral batted-ball profile; pitcher fly-ball pressure modest,,
680664,Eduardo Valencia,DET,LAD,2026-08-29T17:10:00Z,Scheduled,5,Blake Snell,605483,L,R,20.4,0.342,89.6,102.0897,0.497,0.261,0.32,73.1,28.8,34.7,26.5,49.0,6.0,1.74,17.06,82.91,0.2513,0.0546,21.82,0.9,0.9,0.9,Comerica Park,100,70,5,173 deg,Open-Meteo forecast; MLB fallback,https://forecast.weather.gov/MapClick.php?lat=42.3390&lon=-83.0485,70,0,No,Yes,5,Yes,Yes,RotoWire projected lineup; MLB probable pitchers,lineup projected / unconfirmed,H:2026 P:2026/2025,,,Direct BvP not yet weighted; 2026/2025 Statcast baseline active,7,3,20,0,"Last 7 games: 3/20, 0 HR","platoon edge; pitcher baseline 1.7% barrel, 0.9 HR allowed",neutral batted-ball profile; pitcher fly-ball pressure modest,,
701162,Ben Malgeri,DET,LAD,2026-08-29T17:10:00Z,Scheduled,6,Blake Snell,605483,L,R,6.1,0.167,90.1,100.1442,0.358,0.115,0.33,69.0,4.8,42.9,24.5,40.8,3.0,1.74,17.06,82.91,0.2513,0.0546,21.82,0.9,0.9,0.9,Comerica Park,100,70,5,173 deg,Open-Meteo forecast; MLB fallback,https://forecast.weather.gov/MapClick.php?lat=42.3390&lon=-83.0485,70,0,No,Yes,6,Yes,Yes,RotoWire projected lineup; MLB probable pitchers,lineup projected / unconfirmed,H:2026 P:2026/2025,,,Direct BvP not yet weighted; 2026/2025 Statcast baseline active,7,1,14,0,"Last 7 games: 1/14, 0 HR","platoon edge; pitcher baseline 1.7% barrel, 0.9 HR allowed",neutral batted-ball profile; pitcher fly-ball pressure modest,,
679529,Spencer Torkelson,DET,LAD,2026-08-29T17:10:00Z,Scheduled,7,Blake Snell,605483,L,R,12.73,0.1943,89.64,100.1678,0.4133,0.1957,0.3172,73.07,25.88,46.72,35.76,42.37,23.3,1.74,17.06,82.91,0.2513,0.0546,21.82,0.9,0.9,0.9,Comerica Park,100,70,5,173 deg,Open-Meteo forecast; MLB fallback,https://forecast.weather.gov/MapClick.php?lat=42.3390&lon=-83.0485,70,0,No,Yes,7,Yes,Yes,RotoWire projected lineup; MLB probable pitchers,lineup projected / unconfirmed,H:2026/2025 P:2026/2025,,,Direct BvP not yet weighted; 2026/2025 Statcast baseline active,7,3,19,0,"Last 7 games: 3/19, 0 HR","platoon edge; pitcher baseline 1.7% barrel, 0.9 HR allowed",fly-ball profile; pitcher fly-ball pressure modest,,
703601,Max Clark,DET,LAD,2026-08-29T17:10:00Z,Scheduled,8,Blake Snell,605483,L,L,1.4,0.147,86.2,97.5036,0.369,0.097,0.308,73.4,28.0,37.7,29.0,39.1,2.0,1.74,17.06,82.91,0.2513,0.0546,21.82,0.9,0.9,0.9,Comerica Park,100,70,5,173 deg,Open-Meteo forecast; MLB fallback,https://forecast.weather.gov/MapClick.php?lat=42.3390&lon=-83.0485,70,0,No,Yes,8,Yes,Yes,RotoWire projected lineup; MLB probable pitchers,lineup projected / unconfirmed,H:2026 P:2026/2025,,,Direct BvP not yet weighted; 2026/2025 Statcast baseline active,7,3,20,1,"Last 7 games: 3/20, 1 HR","same-side matchup; pitcher baseline 1.7% barrel, 0.9 HR allowed",neutral batted-ball profile; pitcher fly-ball pressure modest,,
595879,Javier Baez,DET,LAD,2026-08-29T17:10:00Z,Scheduled,9,Blake Snell,605483,L,R,2.84,0.1224,86.24,97.7376,0.3303,0.0863,0.2689,73.22,31.71,42.81,20.93,35.14,5.0,1.74,17.06,82.91,0.2513,0.0546,21.82,0.9,0.9,0.9,Comerica Park,100,70,5,173 deg,Open-Meteo forecast; MLB fallback,https://forecast.weather.gov/MapClick.php?lat=42.3390&lon=-83.0485,70,0,No,Yes,9,Yes,Yes,RotoWire projected lineup; MLB probable pitchers,lineup projected / unconfirmed,H:2026/2025 P:2026/2025,,,Direct BvP not yet weighted; 2026/2025 Statcast baseline active,7,4,21,0,"Last 7 games: 4/21, 0 HR","platoon edge; pitcher baseline 1.7% barrel, 0.9 HR allowed",neutral batted-ball profile; pitcher fly-ball pressure modest,,
803011,Sam Antonacci,CWS,MIN,2026-08-29T18:10:00Z,Scheduled,1,Bailey Ober,641927,R,L,5.3,0.126,87.3,97.6219,0.394,0.119,0.343,69.9,8.3,33.4,21.9,32.9,8.0,10.48,37.28,88.97,0.4655,0.2119,32.32,21.6,21.6,21.6,Target Field,99,77,4,171 deg,Open-Meteo forecast; MLB fallback,https://forecast.weather.gov/MapClick.php?lat=44.9817&lon=-93.2776,57,0,No,Yes,1,Yes,Yes,RotoWire projected lineup; MLB probable pitchers,lineup projected / unconfirmed,H:2026 P:2026/2025,,,Direct BvP not yet weighted; 2026/2025 Statcast baseline active,7,6,23,0,"Last 7 games: 6/23, 0 HR","platoon edge; pitcher baseline 10.5% barrel, 21.6 HR allowed",neutral batted-ball profile; pitcher allows elevated contact,,
808959,Munetaka Murakami,CWS,MIN,2026-08-29T18:10:00Z,Scheduled,2,Bailey Ober,641927,R,L,19.7,0.284,94.0,104.5222,0.491,0.277,0.361,74.8,50.7,43.3,38.0,58.2,29.0,10.48,37.28,88.97,0.4655,0.2119,32.32,21.6,21.6,21.6,Target Field,99,77,4,171 deg,Open-Meteo forecast; MLB fallback,https://forecast.weather.gov/MapClick.php?lat=44.9817&lon=-93.2776,57,0,No,Yes,2,Yes,Yes,RotoWire projected lineup; MLB probable pitchers,lineup projected / unconfirmed,H:2026 P:2026/2025,,,Direct BvP not yet weighted; 2026/2025 Statcast baseline active,7,4,26,0,"Last 7 games: 4/26, 0 HR","platoon edge; pitcher baseline 10.5% barrel, 21.6 HR allowed",lift-pull EV profile; pitcher allows elevated contact,,
678246,Miguel Vargas,CWS,MIN,2026-08-29T18:10:00Z,Scheduled,3,Bailey Ober,641927,R,R,12.97,0.2223,90.4,100.4993,0.4875,0.2291,0.3687,72.98,33.44,44.0,35.52,44.28,25.1,10.48,37.28,88.97,0.4655,0.2119,32.32,21.6,21.6,21.6,Target Field,99,77,4,171 deg,Open-Meteo forecast; MLB fallback,https://forecast.weather.gov/MapClick.php?lat=44.9817&lon=-93.2776,57,0,No,Yes,3,Yes,Yes,RotoWire projected lineup; MLB probable pitchers,lineup projected / unconfirmed,H:2026/2025 P:2026/2025,,,Direct BvP not yet weighted; 2026/2025 Statcast baseline active,7,10,21,1,Contact streak: 10/21 over last 7 games,"same-side matchup; pitcher baseline 10.5% barrel, 21.6 HR allowed",fly-ball profile; pitcher allows elevated contact,,
643217,Andrew Benintendi,CWS,MIN,2026-08-29T18:10:00Z,Scheduled,4,Bailey Ober,641927,R,L,9.21,0.1798,88.7,98.7758,0.4125,0.1718,0.3144,69.54,4.15,49.33,31.85,42.01,15.1,10.48,37.28,88.97,0.4655,0.2119,32.32,21.6,21.6,21.6,Target Field,99,77,4,171 deg,Open-Meteo forecast; MLB fallback,https://forecast.weather.gov/MapClick.php?lat=44.9817&lon=-93.2776,57,0,No,Yes,4,Yes,Yes,RotoWire projected lineup; MLB probable pitchers,lineup projected / unconfirmed,H:2026/2025 P:2026/2025,,,Direct BvP not yet weighted; 2026/2025 Statcast baseline active,7,6,24,0,"Last 7 games: 6/24, 0 HR","platoon edge; pitcher baseline 10.5% barrel, 21.6 HR allowed",neutral batted-ball profile; pitcher allows elevated contact,,
695731,Braden Montgomery,CWS,MIN,2026-08-29T18:10:00Z,Scheduled,5,Bailey Ober,641927,R,S,4.4,0.139,89.3,100.1308,0.381,0.135,0.32,69.8,8.6,36.1,20.6,40.6,5.0,10.48,37.28,88.97,0.4655,0.2119,32.32,21.6,21.6,21.6,Target Field,99,77,4,171 deg,Open-Meteo forecast; MLB fallback,https://forecast.weather.gov/MapClick.php?lat=44.9817&lon=-93.2776,57,0,No,Yes,5,Yes,Yes,RotoWire projected lineup; MLB probable pitchers,lineup projected / unconfirmed,H:2026 P:2026/2025,,,Direct BvP not yet weighted; 2026/2025 Statcast baseline active,7,5,24,1,"Last 7 games: 5/24, 1 HR","switch hitter; pitcher baseline 10.5% barrel, 21.6 HR allowed",neutral batted-ball profile; pitcher allows elevated contact,,
695657,Colson Montgomery,CWS,MIN,2026-08-29T18:10:00Z,Scheduled,6,Bailey Ober,641927,R,L,12.96,0.2368,89.12,101.8627,0.4359,0.2213,0.3137,76.65,69.6,49.02,33.79,42.89,25.2,10.48,37.28,88.97,0.4655,0.2119,32.32,21.6,21.6,21.6,Target Field,99,77,4,171 deg,Open-Meteo forecast; MLB fallback,https://forecast.weather.gov/MapClick.php?lat=44.9817&lon=-93.2776,57,0,No,Yes,6,Yes,Yes,RotoWire projected lineup; MLB probable pitchers,lineup projected / unconfirmed,H:2026/2025 P:2026/2025,,,Direct BvP not yet weighted; 2026/2025 Statcast baseline active,7,4,26,2,Hot streak: 2 HR in last 7 games,"platoon edge; pitcher baseline 10.5% barrel, 21.6 HR allowed",neutral batted-ball profile; pitcher allows elevated contact,,
805367,Chase Meidroth,CWS,MIN,2026-08-29T18:10:00Z,Scheduled,7,Bailey Ober,641927,R,R,3.56,0.1097,87.92,97.4625,0.3344,0.0933,0.2958,67.12,1.25,38.4,19.77,35.4,9.9,10.48,37.28,88.97,0.4655,0.2119,32.32,21.6,21.6,21.6,Target Field,99,77,4,171 deg,Open-Meteo forecast; MLB fallback,https://forecast.weather.gov/MapClick.php?lat=44.9817&lon=-93.2776,57,0,No,Yes,7,Yes,Yes,RotoWire projected lineup; MLB probable pitchers,lineup projected / unconfirmed,H:2026/2025 P:2026/2025,,,Direct BvP not yet weighted; 2026/2025 Statcast baseline active,7,8,29,0,"Last 7 games: 8/29, 0 HR","same-side matchup; pitcher baseline 10.5% barrel, 21.6 HR allowed",neutral batted-ball profile; pitcher allows elevated contact,,
671976,Tristan Peters,CWS,MIN,2026-08-29T18:10:00Z,Scheduled,8,Bailey Ober,641927,R,L,4.06,0.1351,87.08,97.9446,0.3285,0.105,0.2649,69.23,5.67,42.47,18.69,34.4,8.4,10.48,37.28,88.97,0.4655,0.2119,32.32,21.6,21.6,21.6,Target Field,99,77,4,171 deg,Open-Meteo forecast; MLB fallback,https://forecast.weather.gov/MapClick.php?lat=44.9817&lon=-93.2776,57,0,No,Yes,8,Yes,Yes,RotoWire projected lineup; MLB probable pitchers,lineup projected / unconfirmed,H:2026/2025 P:2026/2025,,,Direct BvP not yet weighted; 2026/2025 Statcast baseline active,7,11,25,5,Hot streak: 5 HR in last 7 games,"platoon edge; pitcher baseline 10.5% barrel, 21.6 HR allowed",neutral batted-ball profile; pitcher allows elevated contact,,
691011,Drew Romo,CWS,MIN,2026-08-29T18:10:00Z,Scheduled,9,Bailey Ober,641927,R,S,6.4,0.1085,84.2,95.2192,0.2037,0.0763,0.1764,68.56,3.85,37.6,31.2,26.4,4.9,10.48,37.28,88.97,0.4655,0.2119,32.32,21.6,21.6,21.6,Target Field,99,77,4,171 deg,Open-Meteo forecast; MLB fallback,https://forecast.weather.gov/MapClick.php?lat=44.9817&lon=-93.2776,57,0,No,Yes,9,Yes,Yes,RotoWire projected lineup; MLB probable pitchers,lineup projected / unconfirmed,H:2026/2025 P:2026/2025,,,Direct BvP not yet weighted; 2026/2025 Statcast baseline active,7,4,19,1,"Last 7 games: 4/19, 1 HR","switch hitter; pitcher baseline 10.5% barrel, 21.6 HR allowed",neutral batted-ball profile; pitcher allows elevated contact,,
807712,Luke Keaschall,MIN,CWS,2026-08-29T18:10:00Z,Scheduled,1,Erick Fedde,607200,R,R,4.15,0.1199,85.57,96.8366,0.364,0.116,0.3156,68.64,7.66,38.26,27.74,29.94,6.8,8.11,40.57,89.01,0.447,0.1832,28.98,21.1,21.1,21.1,Target Field,99,77,4,171 deg,Open-Meteo forecast; MLB fallback,https://forecast.weather.gov/MapClick.php?lat=44.9817&lon=-93.2776,57,0,No,Yes,1,Yes,Yes,RotoWire projected lineup; MLB probable pitchers,lineup projected / unconfirmed,H:2026/2025 P:2026/2025,,,Direct BvP not yet weighted; 2026/2025 Statcast baseline active,7,8,30,1,"Last 7 games: 8/30, 1 HR","same-side matchup; pitcher baseline 8.1% barrel, 21.1 HR allowed",neutral batted-ball profile; pitcher fly-ball pressure modest,,
686797,Brooks Lee,MIN,CWS,2026-08-29T18:10:00Z,Scheduled,2,Erick Fedde,607200,R,S,4.61,0.1732,88.11,97.549,0.3488,0.1225,0.2778,69.92,8.7,42.34,29.35,34.51,19.5,8.11,40.57,89.01,0.447,0.1832,28.98,21.1,21.1,21.1,Target Field,99,77,4,171 deg,Open-Meteo forecast; MLB fallback,https://forecast.weather.gov/MapClick.php?lat=44.9817&lon=-93.2776,57,0,No,Yes,2,Yes,Yes,RotoWire projected lineup; MLB probable pitchers,lineup projected / unconfirmed,H:2026/2025 P:2026/2025,,,Direct BvP not yet weighted; 2026/2025 Statcast baseline active,7,9,28,4,Hot streak: 4 HR in last 7 games,"switch hitter; pitcher baseline 8.1% barrel, 21.1 HR allowed",neutral batted-ball profile; pitcher fly-ball pressure modest,,
680777,Ryan Jeffers,MIN,CWS,2026-08-29T18:10:00Z,Scheduled,3,Erick Fedde,607200,R,R,9.8,0.1772,89.02,100.8543,0.4287,0.1766,0.3474,73.0,35.77,36.27,27.33,40.63,9.7,8.11,40.57,89.01,0.447,0.1832,28.98,21.1,21.1,21.1,Target Field,99,77,4,171 deg,Open-Meteo forecast; MLB fallback,https://forecast.weather.gov/MapClick.php?lat=44.9817&lon=-93.2776,57,0,No,Yes,3,Yes,Yes,RotoWire projected lineup; MLB probable pitchers,lineup projected / unconfirmed,H:2026/2025 P:2026/2025,,,Direct BvP not yet weighted; 2026/2025 Statcast baseline active,7,4,25,0,"Last 7 games: 4/25, 0 HR","same-side matchup; pitcher baseline 8.1% barrel, 21.1 HR allowed",neutral batted-ball profile; pitcher fly-ball pressure modest,,
665019,Kody Clemens,MIN,CWS,2026-08-29T18:10:00Z,Scheduled,4,Erick Fedde,607200,R,L,11.72,0.2217,92.06,101.4908,0.4517,0.2041,0.3289,72.06,14.49,45.87,32.83,46.62,20.4,8.11,40.57,89.01,0.447,0.1832,28.98,21.1,21.1,21.1,Target Field,99,77,4,171 deg,Open-Meteo forecast; MLB fallback,https://forecast.weather.gov/MapClick.php?lat=44.9817&lon=-93.2776,57,0,No,Yes,4,Yes,Yes,RotoWire projected lineup; MLB probable pitchers,lineup projected / unconfirmed,H:2026/2025 P:2026/2025,,,Direct BvP not yet weighted; 2026/2025 Statcast baseline active,7,8,26,1,"Last 7 games: 8/26, 1 HR","platoon edge; pitcher baseline 8.1% barrel, 21.1 HR allowed",lift-pull EV profile; pitcher fly-ball pressure modest,,
605137,Josh Bell,MIN,CWS,2026-08-29T18:10:00Z,Scheduled,5,Erick Fedde,607200,R,S,10.49,0.173,89.91,100.9144,0.4514,0.2003,0.338,72.33,28.71,41.36,26.85,43.22,18.5,8.11,40.57,89.01,0.447,0.1832,28.98,21.1,21.1,21.1,Target Field,99,77,4,171 deg,Open-Meteo forecast; MLB fallback,https://forecast.weather.gov/MapClick.php?lat=44.9817&lon=-93.2776,57,0,No,Yes,5,Yes,Yes,RotoWire projected lineup; MLB probable pitchers,lineup projected / unconfirmed,H:2026/2025 P:2026/2025,,,Direct BvP not yet weighted; 2026/2025 Statcast baseline active,7,4,25,0,"Last 7 games: 4/25, 0 HR","switch hitter; pitcher baseline 8.1% barrel, 21.1 HR allowed",neutral batted-ball profile; pitcher fly-ball pressure modest,,
668904,Royce Lewis,MIN,CWS,2026-08-29T18:10:00Z,Scheduled,6,Erick Fedde,607200,R,R,10.45,0.1629,89.8,100.6866,0.4063,0.1642,0.3096,74.72,50.31,47.14,29.66,40.3,13.0,8.11,40.57,89.01,0.447,0.1832,28.98,21.1,21.1,21.1,Target Field,99,77,4,171 deg,Open-Meteo forecast; MLB fallback,https://forecast.weather.gov/MapClick.php?lat=44.9817&lon=-93.2776,57,0,No,Yes,6,Yes,Yes,RotoWire projected lineup; MLB probable pitchers,lineup projected / unconfirmed,H:2026/2025 P:2026/2025,,,Direct BvP not yet weighted; 2026/2025 Statcast baseline active,7,4,26,0,"Last 7 games: 4/26, 0 HR","same-side matchup; pitcher baseline 8.1% barrel, 21.1 HR allowed",neutral batted-ball profile; pitcher fly-ball pressure modest,,
663616,Trevor Larnach,MIN,CWS,2026-08-29T18:10:00Z,Scheduled,7,Erick Fedde,607200,R,L,7.48,0.1561,88.66,99.8587,0.4016,0.1453,0.3264,72.1,22.06,42.48,24.26,40.1,12.8,8.11,40.57,89.01,0.447,0.1832,28.98,21.1,21.1,21.1,Target Field,99,77,4,171 deg,Open-Meteo forecast; MLB fallback,https://forecast.weather.gov/MapClick.php?lat=44.9817&lon=-93.2776,57,0,No,Yes,7,Yes,Yes,RotoWire projected lineup; MLB probable pitchers,lineup projected / unconfirmed,H:2026/2025 P:2026/2025,,,Direct BvP not yet weighted; 2026/2025 Statcast baseline active,7,4,22,1,"Last 7 games: 4/22, 1 HR","platoon edge; pitcher baseline 8.1% barrel, 21.1 HR allowed",neutral batted-ball profile; pitcher fly-ball pressure modest,,
701785,Kaelen Culpepper,MIN,CWS,2026-08-29T18:10:00Z,Scheduled,8,Erick Fedde,607200,R,R,7.1,0.193,89.6,98.508,0.455,0.188,0.337,73.6,34.0,41.9,27.9,34.9,3.0,8.11,40.57,89.01,0.447,0.1832,28.98,21.1,21.1,21.1,Target Field,99,77,4,171 deg,Open-Meteo forecast; MLB fallback,https://forecast.weather.gov/MapClick.php?lat=44.9817&lon=-93.2776,57,0,No,Yes,8,Yes,Yes,RotoWire projected lineup; MLB probable pitchers,lineup projected / unconfirmed,H:2026 P:2026/2025,,,Direct BvP not yet weighted; 2026/2025 Statcast baseline active,7,9,25,2,Hot streak: 2 HR in last 7 games,"same-side matchup; pitcher baseline 8.1% barrel, 21.1 HR allowed",neutral batted-ball profile; pitcher fly-ball pressure modest,,
,Walker Jenkins,MIN,CWS,2026-08-29T18:10:00Z,Scheduled,9,Erick Fedde,607200,R,,,,,,,,,,,,,,,8.11,40.57,89.01,0.447,0.1832,28.98,21.1,21.1,21.1,Target Field,99,77,4,171 deg,Open-Meteo forecast; MLB fallback,https://forecast.weather.gov/MapClick.php?lat=44.9817&lon=-93.2776,57,0,No,Yes,9,Yes,Yes,RotoWire projected lineup; MLB probable pitchers,lineup projected / unconfirmed,H: P:2026/2025,,,Direct BvP not yet weighted; 2026/2025 Statcast baseline active,,,,,Recent form unavailable,"handedness incomplete; pitcher baseline 8.1% barrel, 21.1 HR allowed",neutral batted-ball profile; pitcher fly-ball pressure modest,,
669707,Jared Triolo,PIT,STL,2026-08-29T18:15:00Z,Scheduled,1,Kyle Leahy,681517,R,R,3.47,0.0842,87.53,98.4111,0.3382,0.0936,0.2967,70.97,7.93,38.2,20.75,36.52,3.5,9.87,46.83,90.71,0.4373,0.1684,22.47,9.9,9.9,9.9,Busch Stadium,90,81,3,16 deg,Open-Meteo forecast; MLB fallback,https://forecast.weather.gov/MapClick.php?lat=38.6226&lon=-90.1928,42,0,No,Yes,1,Yes,Yes,RotoWire projected lineup; MLB probable pitchers,lineup projected / unconfirmed,H:2026/2025 P:2026/2025,,,Direct BvP not yet weighted; 2026/2025 Statcast baseline active,7,7,20,0,Contact streak: 7/20 over last 7 games,"same-side matchup; pitcher baseline 9.9% barrel, 9.9 HR allowed",neutral batted-ball profile; pitcher fly-ball pressure modest,,
699013,Esmerlyn Valdez,PIT,STL,2026-08-29T18:15:00Z,Scheduled,2,Kyle Leahy,681517,R,R,21.2,0.287,91.9,102.857,0.451,0.248,0.339,74.9,51.9,37.3,41.5,48.3,15.0,9.87,46.83,90.71,0.4373,0.1684,22.47,9.9,9.9,9.9,Busch Stadium,90,81,3,16 deg,Open-Meteo forecast; MLB fallback,https://forecast.weather.gov/MapClick.php?lat=38.6226&lon=-90.1928,42,0,No,Yes,2,Yes,Yes,RotoWire projected lineup; MLB probable pitchers,lineup projected / unconfirmed,H:2026 P:2026/2025,,,Direct BvP not yet weighted; 2026/2025 Statcast baseline active,7,4,24,1,"Last 7 games: 4/24, 1 HR","same-side matchup; pitcher baseline 9.9% barrel, 9.9 HR allowed",fly-ball profile; pitcher fly-ball pressure modest,,
668804,Bryan Reynolds,PIT,STL,2026-08-29T18:15:00Z,Scheduled,3,Kyle Leahy,681517,R,S,10.73,0.1605,90.71,101.8516,0.4379,0.1862,0.3464,72.62,28.37,39.45,25.04,46.28,15.3,9.87,46.83,90.71,0.4373,0.1684,22.47,9.9,9.9,9.9,Busch Stadium,90,81,3,16 deg,Open-Meteo forecast; MLB fallback,https://forecast.weather.gov/MapClick.php?lat=38.6226&lon=-90.1928,42,0,No,Yes,3,Yes,Yes,RotoWire projected lineup; MLB probable pitchers,lineup projected / unconfirmed,H:2026/2025 P:2026/2025,,,Direct BvP not yet weighted; 2026/2025 Statcast baseline active,7,7,27,0,"Last 7 games: 7/27, 0 HR","switch hitter; pitcher baseline 9.9% barrel, 9.9 HR allowed",neutral batted-ball profile; pitcher fly-ball pressure modest,,
665833,Oneil Cruz,PIT,STL,2026-08-29T18:15:00Z,Scheduled,4,Kyle Leahy,681517,R,L,18.21,0.2137,95.8,107.1612,0.4768,0.2357,0.3499,78.45,76.52,39.95,24.85,57.44,17.9,9.87,46.83,90.71,0.4373,0.1684,22.47,9.9,9.9,9.9,Busch Stadium,90,81,3,16 deg,Open-Meteo forecast; MLB fallback,https://forecast.weather.gov/MapClick.php?lat=38.6226&lon=-90.1928,42,0,No,Yes,4,Yes,Yes,RotoWire projected lineup; MLB probable pitchers,lineup projected / unconfirmed,H:2026/2025 P:2026/2025,,,Direct BvP not yet weighted; 2026/2025 Statcast baseline active,7,5,24,2,Hot streak: 2 HR in last 7 games,"platoon edge; pitcher baseline 9.9% barrel, 9.9 HR allowed",EV profile; pitcher fly-ball pressure modest,,
693304,Nick Gonzales,PIT,STL,2026-08-29T18:15:00Z,Scheduled,5,Kyle Leahy,681517,R,R,3.17,0.0929,86.84,98.1122,0.3757,0.1042,0.312,70.64,12.59,37.08,20.91,35.3,5.7,9.87,46.83,90.71,0.4373,0.1684,22.47,9.9,9.9,9.9,Busch Stadium,90,81,3,16 deg,Open-Meteo forecast; MLB fallback,https://forecast.weather.gov/MapClick.php?lat=38.6226&lon=-90.1928,42,0,No,Yes,5,Yes,Yes,RotoWire projected lineup; MLB probable pitchers,lineup projected / unconfirmed,H:2026/2025 P:2026/2025,,,Direct BvP not yet weighted; 2026/2025 Statcast baseline active,7,6,27,0,"Last 7 games: 6/27, 0 HR","same-side matchup; pitcher baseline 9.9% barrel, 9.9 HR allowed",neutral batted-ball profile; pitcher fly-ball pressure modest,,
804668,Rafael Flores,PIT,STL,2026-08-29T18:15:00Z,Scheduled,6,Kyle Leahy,681517,R,R,15.93,0.2534,91.02,101.7751,0.4867,0.25,0.3463,73.68,37.29,37.95,41.7,47.66,4.2,9.87,46.83,90.71,0.4373,0.1684,22.47,9.9,9.9,9.9,Busch Stadium,90,81,3,16 deg,Open-Meteo forecast; MLB fallback,https://forecast.weather.gov/MapClick.php?lat=38.6226&lon=-90.1928,42,0,No,Yes,6,Yes,Yes,RotoWire projected lineup; MLB probable pitchers,lineup projected / unconfirmed,H:2026/2025 P:2026/2025,,,Direct BvP not yet weighted; 2026/2025 Statcast baseline active,7,2,25,0,"Last 7 games: 2/25, 0 HR","same-side matchup; pitcher baseline 9.9% barrel, 9.9 HR allowed",fly-ball profile; pitcher fly-ball pressure modest,,
663968,Jake Mangum,PIT,STL,2026-08-29T18:15:00Z,Scheduled,7,Kyle Leahy,681517,R,S,2.28,0.0839,85.97,96.6982,0.3297,0.0815,0.2823,67.58,3.94,27.72,15.7,29.41,3.7,9.87,46.83,90.71,0.4373,0.1684,22.47,9.9,9.9,9.9,Busch Stadium,90,81,3,16 deg,Open-Meteo forecast; MLB fallback,https://forecast.weather.gov/MapClick.php?lat=38.6226&lon=-90.1928,42,0,No,Yes,7,Yes,Yes,RotoWire projected lineup; MLB probable pitchers,lineup projected / unconfirmed,H:2026/2025 P:2026/2025,,,Direct BvP not yet weighted; 2026/2025 Statcast baseline active,7,1,20,0,"Last 7 games: 1/20, 0 HR","switch hitter; pitcher baseline 9.9% barrel, 9.9 HR allowed",neutral batted-ball profile; pitcher fly-ball pressure modest,,
694377,Nick Yorke,PIT,STL,2026-08-29T18:15:00Z,Scheduled,8,Kyle Leahy,681517,R,R,4.28,0.0772,87.21,100.3555,0.3402,0.0978,0.2836,72.46,22.68,34.98,23.83,42.47,1.0,9.87,46.83,90.71,0.4373,0.1684,22.47,9.9,9.9,9.9,Busch Stadium,90,81,3,16 deg,Open-Meteo forecast; MLB fallback,https://forecast.weather.gov/MapClick.php?lat=38.6226&lon=-90.1928,42,0,No,Yes,8,Yes,Yes,RotoWire projected lineup; MLB probable pitchers,lineup projected / unconfirmed,H:2026/2025 P:2026/2025,,,Direct BvP not yet weighted; 2026/2025 Statcast baseline active,7,6,22,0,"Last 7 games: 6/22, 0 HR","same-side matchup; pitcher baseline 9.9% barrel, 9.9 HR allowed",neutral batted-ball profile; pitcher fly-ball pressure modest,,
680779,Henry Davis,PIT,STL,2026-08-29T18:15:00Z,Scheduled,9,Kyle Leahy,681517,R,R,9.47,0.1229,89.51,100.4063,0.3484,0.1452,0.2874,74.18,42.49,50.37,26.28,38.45,7.7,9.87,46.83,90.71,0.4373,0.1684,22.47,9.9,9.9,9.9,Busch Stadium,90,81,3,16 deg,Open-Meteo forecast; MLB fallback,https://forecast.weather.gov/MapClick.php?lat=38.6226&lon=-90.1928,42,0,No,Yes,9,Yes,Yes,RotoWire projected lineup; MLB probable pitchers,lineup projected / unconfirmed,H:2026/2025 P:2026/2025,,,Direct BvP not yet weighted; 2026/2025 Statcast baseline active,7,1,13,0,"Last 7 games: 1/13, 0 HR","same-side matchup; pitcher baseline 9.9% barrel, 9.9 HR allowed",neutral batted-ball profile; pitcher fly-ball pressure modest,,
802139,JJ Wetherholt,STL,PIT,2026-08-29T18:15:00Z,Scheduled,1,Lake Bachar,669199,R,L,7.7,0.131,90.0,99.5397,0.444,0.184,0.355,71.9,19.8,36.5,29.6,45.4,17.0,9.44,37.16,89.46,0.3899,0.1787,32.2,11.4,11.4,11.4,Busch Stadium,90,81,3,16 deg,Open-Meteo forecast; MLB fallback,https://forecast.weather.gov/MapClick.php?lat=38.6226&lon=-90.1928,42,0,No,Yes,1,Yes,Yes,RotoWire projected lineup; MLB probable pitchers,lineup projected / unconfirmed,H:2026 P:2026/2025,,,Direct BvP not yet weighted; 2026/2025 Statcast baseline active,7,7,28,1,"Last 7 games: 7/28, 1 HR","platoon edge; pitcher baseline 9.4% barrel, 11.4 HR allowed",neutral batted-ball profile; pitcher allows elevated contact,,
671056,Ivan Herrera,STL,PIT,2026-08-29T18:15:00Z,Scheduled,2,Lake Bachar,669199,R,R,7.25,0.1471,89.8,101.2999,0.4077,0.1523,0.343,73.81,42.51,37.66,19.38,42.38,15.5,9.44,37.16,89.46,0.3899,0.1787,32.2,11.4,11.4,11.4,Busch Stadium,90,81,3,16 deg,Open-Meteo forecast; MLB fallback,https://forecast.weather.gov/MapClick.php?lat=38.6226&lon=-90.1928,42,0,No,Yes,2,Yes,Yes,RotoWire projected lineup; MLB probable pitchers,lineup projected / unconfirmed,H:2026/2025 P:2026/2025,,,Direct BvP not yet weighted; 2026/2025 Statcast baseline active,7,6,27,0,"Last 7 games: 6/27, 0 HR","same-side matchup; pitcher baseline 9.4% barrel, 11.4 HR allowed",neutral batted-ball profile; pitcher allows elevated contact,,
676475,Alec Burleson,STL,PIT,2026-08-29T18:15:00Z,Scheduled,3,Lake Bachar,669199,R,L,10.69,0.1851,91.7,101.9913,0.5151,0.2249,0.3716,73.21,34.14,43.82,27.19,47.62,20.1,9.44,37.16,89.46,0.3899,0.1787,32.2,11.4,11.4,11.4,Busch Stadium,90,81,3,16 deg,Open-Meteo forecast; MLB fallback,https://forecast.weather.gov/MapClick.php?lat=38.6226&lon=-90.1928,42,0,No,Yes,3,Yes,Yes,RotoWire projected lineup; MLB probable pitchers,lineup projected / unconfirmed,H:2026/2025 P:2026/2025,,,Direct BvP not yet weighted; 2026/2025 Statcast baseline active,7,8,25,0,Contact streak: 8/25 over last 7 games,"platoon edge; pitcher baseline 9.4% barrel, 11.4 HR allowed",neutral batted-ball profile; pitcher allows elevated contact,,
691023,Jordan Walker,STL,PIT,2026-08-29T18:15:00Z,Scheduled,4,Lake Bachar,669199,R,R,12.72,0.1785,92.37,104.5274,0.4477,0.1942,0.3305,78.94,83.05,37.54,24.54,48.6,20.7,9.44,37.16,89.46,0.3899,0.1787,32.2,11.4,11.4,11.4,Busch Stadium,90,81,3,16 deg,Open-Meteo forecast; MLB fallback,https://forecast.weather.gov/MapClick.php?lat=38.6226&lon=-90.1928,42,0,No,Yes,4,Yes,Yes,RotoWire projected lineup; MLB probable pitchers,lineup projected / unconfirmed,H:2026/2025 P:2026/2025,,,Direct BvP not yet weighted; 2026/2025 Statcast baseline active,7,9,28,1,Contact streak: 9/28 over last 7 games,"same-side matchup; pitcher baseline 9.4% barrel, 11.4 HR allowed",EV profile; pitcher allows elevated contact,,
665877,Jose Fermin,STL,PIT,2026-08-29T18:15:00Z,Scheduled,5,Lake Bachar,669199,R,R,1.82,0.1249,86.68,96.7029,0.3509,0.0934,0.3075,68.14,3.09,48.81,24.66,31.64,4.5,9.44,37.16,89.46,0.3899,0.1787,32.2,11.4,11.4,11.4,Busch Stadium,90,81,3,16 deg,Open-Meteo forecast; MLB fallback,https://forecast.weather.gov/MapClick.php?lat=38.6226&lon=-90.1928,42,0,No,Yes,5,Yes,Yes,RotoWire projected lineup; MLB probable pitchers,lineup projected / unconfirmed,H:2026/2025 P:2026/2025,,,Direct BvP not yet weighted; 2026/2025 Statcast baseline active,7,6,29,1,"Last 7 games: 6/29, 1 HR","same-side matchup; pitcher baseline 9.4% barrel, 11.4 HR allowed",neutral batted-ball profile; pitcher allows elevated contact,,
701675,Nathan Church,STL,PIT,2026-08-29T18:15:00Z,Scheduled,6,Lake Bachar,669199,R,L,5.27,0.1137,86.69,97.5756,0.3364,0.1116,0.2743,69.53,8.48,34.64,21.95,33.38,7.3,9.44,37.16,89.46,0.3899,0.1787,32.2,11.4,11.4,11.4,Busch Stadium,90,81,3,16 deg,Open-Meteo forecast; MLB fallback,https://forecast.weather.gov/MapClick.php?lat=38.6226&lon=-90.1928,42,0,No,Yes,6,Yes,Yes,RotoWire projected lineup; MLB probable pitchers,lineup projected / unconfirmed,H:2026/2025 P:2026/2025,,,Direct BvP not yet weighted; 2026/2025 Statcast baseline active,7,6,17,1,Contact streak: 6/17 over last 7 games,"platoon edge; pitcher baseline 9.4% barrel, 11.4 HR allowed",neutral batted-ball profile; pitcher allows elevated contact,,
695491,Joshua Baez,STL,PIT,2026-08-29T18:15:00Z,Scheduled,7,Lake Bachar,669199,R,R,19.2,0.288,93.5,103.4725,0.462,0.271,0.301,77.8,76.1,30.8,42.3,53.8,4.0,9.44,37.16,89.46,0.3899,0.1787,32.2,11.4,11.4,11.4,Busch Stadium,90,81,3,16 deg,Open-Meteo forecast; MLB fallback,https://forecast.weather.gov/MapClick.php?lat=38.6226&lon=-90.1928,42,0,No,Yes,7,Yes,Yes,RotoWire projected lineup; MLB probable pitchers,lineup projected / unconfirmed,H:2026 P:2026/2025,,,Direct BvP not yet weighted; 2026/2025 Statcast baseline active,7,4,24,1,"Last 7 games: 4/24, 1 HR","same-side matchup; pitcher baseline 9.4% barrel, 11.4 HR allowed",EV profile; pitcher allows elevated contact,,
669357,Nolan Gorman,STL,PIT,2026-08-29T18:15:00Z,Scheduled,8,Lake Bachar,669199,R,L,9.55,0.1433,89.25,100.7512,0.3657,0.1697,0.2841,72.98,28.84,43.13,37.33,42.64,9.8,9.44,37.16,89.46,0.3899,0.1787,32.2,11.4,11.4,11.4,Busch Stadium,90,81,3,16 deg,Open-Meteo forecast; MLB fallback,https://forecast.weather.gov/MapClick.php?lat=38.6226&lon=-90.1928,42,0,No,Yes,8,Yes,Yes,RotoWire projected lineup; MLB probable pitchers,lineup projected / unconfirmed,H:2026/2025 P:2026/2025,,,Direct BvP not yet weighted; 2026/2025 Statcast baseline active,7,2,19,1,"Last 7 games: 2/19, 1 HR","platoon edge; pitcher baseline 9.4% barrel, 11.4 HR allowed",fly-ball profile; pitcher allows elevated contact,,
699625,Jimmy Crooks,STL,PIT,2026-08-29T18:15:00Z,Scheduled,9,Lake Bachar,669199,R,L,8.99,0.125,91.0,100.5488,0.3491,0.162,0.2601,71.87,18.64,33.85,40.25,45.53,3.1,9.44,37.16,89.46,0.3899,0.1787,32.2,11.4,11.4,11.4,Busch Stadium,90,81,3,16 deg,Open-Meteo forecast; MLB fallback,https://forecast.weather.gov/MapClick.php?lat=38.6226&lon=-90.1928,42,0,No,Yes,9,Yes,Yes,RotoWire projected lineup; MLB probable pitchers,lineup projected / unconfirmed,H:2026/2025 P:2026/2025,,,Direct BvP not yet weighted; 2026/2025 Statcast baseline active,7,2,17,1,"Last 7 games: 2/17, 1 HR","platoon edge; pitcher baseline 9.4% barrel, 11.4 HR allowed",fly-ball profile; pitcher allows elevated contact,,
667472,Dane Myers,CIN,CHC,2026-08-29T18:20:00Z,Scheduled,1,Kevin Gausman,592332,R,R,5.84,0.1015,89.51,98.9859,0.3699,0.1309,0.3117,71.11,18.68,26.11,25.03,36.47,5.3,7.45,39.65,88.67,0.4,0.1557,26.23,18.9,18.9,18.9,Wrigley Field,104,76,9,110 deg,Open-Meteo forecast; MLB fallback,https://forecast.weather.gov/MapClick.php?lat=41.9484&lon=-87.6553,69,0,No,Yes,1,Yes,Yes,RotoWire projected lineup; MLB probable pitchers,lineup projected / unconfirmed,H:2026/2025 P:2026/2025,,,Direct BvP not yet weighted; 2026/2025 Statcast baseline active,7,6,28,0,"Last 7 games: 6/28, 0 HR","same-side matchup; pitcher baseline 7.5% barrel, 18.9 HR allowed",neutral batted-ball profile; pitcher fly-ball pressure modest,,
682829,Elly De La Cruz,CIN,CHC,2026-08-29T18:20:00Z,Scheduled,2,Kevin Gausman,592332,R,S,12.68,0.1998,93.03,104.0052,0.4583,0.1919,0.3493,75.38,54.05,34.82,25.1,49.1,21.3,7.45,39.65,88.67,0.4,0.1557,26.23,18.9,18.9,18.9,Wrigley Field,104,76,9,110 deg,Open-Meteo forecast; MLB fallback,https://forecast.weather.gov/MapClick.php?lat=41.9484&lon=-87.6553,69,0,No,Yes,2,Yes,Yes,RotoWire projected lineup; MLB probable pitchers,lineup projected / unconfirmed,H:2026/2025 P:2026/2025,,,Direct BvP not yet weighted; 2026/2025 Statcast baseline active,7,13,34,1,Contact streak: 13/34 over last 7 games,"switch hitter; pitcher baseline 7.5% barrel, 18.9 HR allowed",EV profile; pitcher fly-ball pressure modest,,
701398,Sal Stewart,CIN,CHC,2026-08-29T18:20:00Z,Scheduled,3,Kevin Gausman,592332,R,R,14.54,0.2347,91.69,101.2993,0.5208,0.254,0.3639,72.17,26.44,38.64,32.58,42.77,21.1,7.45,39.65,88.67,0.4,0.1557,26.23,18.9,18.9,18.9,Wrigley Field,104,76,9,110 deg,Open-Meteo forecast; MLB fallback,https://forecast.weather.gov/MapClick.php?lat=41.9484&lon=-87.6553,69,0,No,Yes,3,Yes,Yes,RotoWire projected lineup; MLB probable pitchers,lineup projected / unconfirmed,H:2026/2025 P:2026/2025,,,Direct BvP not yet weighted; 2026/2025 Statcast baseline active,7,10,30,2,Hot streak: 2 HR in last 7 games,"same-side matchup; pitcher baseline 7.5% barrel, 18.9 HR allowed",neutral batted-ball profile; pitcher fly-ball pressure modest,,
663886,Tyler Stephenson,CIN,CHC,2026-08-29T18:20:00Z,Scheduled,4,Kevin Gausman,592332,R,R,12.96,0.1697,90.92,100.4839,0.4375,0.2026,0.3291,70.52,7.28,36.94,32.87,46.75,12.3,7.45,39.65,88.67,0.4,0.1557,26.23,18.9,18.9,18.9,Wrigley Field,104,76,9,110 deg,Open-Meteo forecast; MLB fallback,https://forecast.weather.gov/MapClick.php?lat=41.9484&lon=-87.6553,69,0,No,Yes,4,Yes,Yes,RotoWire projected lineup; MLB probable pitchers,lineup projected / unconfirmed,H:2026/2025 P:2026/2025,,,Direct BvP not yet weighted; 2026/2025 Statcast baseline active,7,8,25,1,Contact streak: 8/25 over last 7 games,"same-side matchup; pitcher baseline 7.5% barrel, 18.9 HR allowed",neutral batted-ball profile; pitcher fly-ball pressure modest,,
553993,Eugenio Suarez,CIN,CHC,2026-08-29T18:20:00Z,Scheduled,5,Kevin Gausman,592332,R,R,11.71,0.2308,89.08,100.0058,0.3776,0.1785,0.2934,72.02,21.74,48.73,34.46,38.64,28.0,7.45,39.65,88.67,0.4,0.1557,26.23,18.9,18.9,18.9,Wrigley Field,104,76,9,110 deg,Open-Meteo forecast; MLB fallback,https://forecast.weather.gov/MapClick.php?lat=41.9484&lon=-87.6553,69,0,No,Yes,5,Yes,Yes,RotoWire projected lineup; MLB probable pitchers,lineup projected / unconfirmed,H:2026/2025 P:2026/2025,,,Direct BvP not yet weighted; 2026/2025 Statcast baseline active,7,4,24,1,"Last 7 games: 4/24, 1 HR","same-side matchup; pitcher baseline 7.5% barrel, 18.9 HR allowed",neutral batted-ball profile; pitcher fly-ball pressure modest,,
668709,JJ Bleday,CIN,CHC,2026-08-29T18:20:00Z,Scheduled,6,Kevin Gausman,592332,R,L,9.41,0.2095,88.77,99.9121,0.4087,0.1788,0.3285,73.14,28.07,45.6,33.06,39.96,18.9,7.45,39.65,88.67,0.4,0.1557,26.23,18.9,18.9,18.9,Wrigley Field,104,76,9,110 deg,Open-Meteo forecast; MLB fallback,https://forecast.weather.gov/MapClick.php?lat=41.9484&lon=-87.6553,69,0,No,Yes,6,Yes,Yes,RotoWire projected lineup; MLB probable pitchers,lineup projected / unconfirmed,H:2026/2025 P:2026/2025,,,Direct BvP not yet weighted; 2026/2025 Statcast baseline active,7,6,28,1,"Last 7 games: 6/28, 1 HR","platoon edge; pitcher baseline 7.5% barrel, 18.9 HR allowed",neutral batted-ball profile; pitcher fly-ball pressure modest,,
680574,Matt McLain,CIN,CHC,2026-08-29T18:20:00Z,Scheduled,7,Kevin Gausman,592332,R,R,9.48,0.1468,88.31,99.0027,0.3806,0.1588,0.3068,71.0,10.03,35.15,33.15,38.04,13.6,7.45,39.65,88.67,0.4,0.1557,26.23,18.9,18.9,18.9,Wrigley Field,104,76,9,110 deg,Open-Meteo forecast; MLB fallback,https://forecast.weather.gov/MapClick.php?lat=41.9484&lon=-87.6553,69,0,No,Yes,7,Yes,Yes,RotoWire projected lineup; MLB probable pitchers,lineup projected / unconfirmed,H:2026/2025 P:2026/2025,,,Direct BvP not yet weighted; 2026/2025 Statcast baseline active,7,2,26,1,"Last 7 games: 2/26, 1 HR","same-side matchup; pitcher baseline 7.5% barrel, 18.9 HR allowed",neutral batted-ball profile; pitcher fly-ball pressure modest,,
624431,Jose Trevino,CIN,CHC,2026-08-29T18:20:00Z,Scheduled,8,Kevin Gausman,592332,R,R,2.89,0.127,86.43,97.4732,0.2983,0.0878,0.229,68.73,2.71,34.81,22.13,32.86,4.0,7.45,39.65,88.67,0.4,0.1557,26.23,18.9,18.9,18.9,Wrigley Field,104,76,9,110 deg,Open-Meteo forecast; MLB fallback,https://forecast.weather.gov/MapClick.php?lat=41.9484&lon=-87.6553,69,0,No,Yes,8,Yes,Yes,RotoWire projected lineup; MLB probable pitchers,lineup projected / unconfirmed,H:2026/2025 P:2026/2025,,,Direct BvP not yet weighted; 2026/2025 Statcast baseline active,7,4,22,1,"Last 7 games: 4/22, 1 HR","same-side matchup; pitcher baseline 7.5% barrel, 18.9 HR allowed",neutral batted-ball profile; pitcher fly-ball pressure modest,,
699302,Hector Rodriguez,CIN,CHC,2026-08-29T18:20:00Z,Scheduled,9,Kevin Gausman,592332,R,L,10.5,0.22,88.4,99.3588,0.39,0.182,0.295,74.9,54.0,39.5,26.3,31.6,3.0,7.45,39.65,88.67,0.4,0.1557,26.23,18.9,18.9,18.9,Wrigley Field,104,76,9,110 deg,Open-Meteo forecast; MLB fallback,https://forecast.weather.gov/MapClick.php?lat=41.9484&lon=-87.6553,69,0,No,Yes,9,Yes,Yes,RotoWire projected lineup; MLB probable pitchers,lineup projected / unconfirmed,H:2026 P:2026/2025,,,Direct BvP not yet weighted; 2026/2025 Statcast baseline active,7,10,25,3,Hot streak: 3 HR in last 7 games,"platoon edge; pitcher baseline 7.5% barrel, 18.9 HR allowed",neutral batted-ball profile; pitcher fly-ball pressure modest,,
691718,Pete Crow-Armstrong,CHC,CIN,2026-08-29T18:20:00Z,Scheduled,1,Andrew Abbott,671096,L,L,12.54,0.262,89.85,101.4408,0.4715,0.2239,0.3469,74.17,43.83,49.74,35.92,46.43,32.4,7.86,36.71,88.99,0.4088,0.1583,27.93,18.3,18.3,18.3,Wrigley Field,104,76,9,110 deg,Open-Meteo forecast; MLB fallback,https://forecast.weather.gov/MapClick.php?lat=41.9484&lon=-87.6553,69,0,No,Yes,1,Yes,Yes,RotoWire projected lineup; MLB probable pitchers,lineup projected / unconfirmed,H:2026/2025 P:2026/2025,,,Direct BvP not yet weighted; 2026/2025 Statcast baseline active,7,7,29,2,Hot streak: 2 HR in last 7 games,"same-side matchup; pitcher baseline 7.9% barrel, 18.3 HR allowed",fly-ball profile; pitcher fly-ball pressure modest,,
673548,Seiya Suzuki,CHC,CIN,2026-08-29T18:20:00Z,Scheduled,2,Andrew Abbott,671096,L,R,12.12,0.2155,89.2,100.9601,0.4412,0.1956,0.3394,73.3,37.11,42.11,31.27,41.28,25.0,7.86,36.71,88.99,0.4088,0.1583,27.93,18.3,18.3,18.3,Wrigley Field,104,76,9,110 deg,Open-Meteo forecast; MLB fallback,https://forecast.weather.gov/MapClick.php?lat=41.9484&lon=-87.6553,69,0,No,Yes,2,Yes,Yes,RotoWire projected lineup; MLB probable pitchers,lineup projected / unconfirmed,H:2026/2025 P:2026/2025,,,Direct BvP not yet weighted; 2026/2025 Statcast baseline active,7,10,28,0,Contact streak: 10/28 over last 7 games,"platoon edge; pitcher baseline 7.9% barrel, 18.3 HR allowed",neutral batted-ball profile; pitcher fly-ball pressure modest,,
683737,Michael Busch,CHC,CIN,2026-08-29T18:20:00Z,Scheduled,3,Andrew Abbott,671096,L,L,11.57,0.1836,89.47,99.7285,0.4444,0.2034,0.3458,68.9,5.5,40.28,34.9,42.12,21.4,7.86,36.71,88.99,0.4088,0.1583,27.93,18.3,18.3,18.3,Wrigley Field,104,76,9,110 deg,Open-Meteo forecast; MLB fallback,https://forecast.weather.gov/MapClick.php?lat=41.9484&lon=-87.6553,69,0,No,Yes,3,Yes,Yes,RotoWire projected lineup; MLB probable pitchers,lineup projected / unconfirmed,H:2026/2025 P:2026/2025,,,Direct BvP not yet weighted; 2026/2025 Statcast baseline active,7,7,25,2,Hot streak: 2 HR in last 7 games,"same-side matchup; pitcher baseline 7.9% barrel, 18.3 HR allowed",neutral batted-ball profile; pitcher fly-ball pressure modest,,
608324,Alex Bregman,CHC,CIN,2026-08-29T18:20:00Z,Scheduled,4,Andrew Abbott,671096,L,R,5.55,0.1687,88.7,98.3019,0.3871,0.1411,0.3216,70.16,4.94,46.72,27.16,39.5,18.7,7.86,36.71,88.99,0.4088,0.1583,27.93,18.3,18.3,18.3,Wrigley Field,104,76,9,110 deg,Open-Meteo forecast; MLB fallback,https://forecast.weather.gov/MapClick.php?lat=41.9484&lon=-87.6553,69,0,No,Yes,4,Yes,Yes,RotoWire projected lineup; MLB probable pitchers,lineup projected / unconfirmed,H:2026/2025 P:2026/2025,,,Direct BvP not yet weighted; 2026/2025 Statcast baseline active,7,6,29,3,Hot streak: 3 HR in last 7 games,"platoon edge; pitcher baseline 7.9% barrel, 18.3 HR allowed",neutral batted-ball profile; pitcher fly-ball pressure modest,,
664023,Ian Happ,CHC,CIN,2026-08-29T18:20:00Z,Scheduled,5,Andrew Abbott,671096,L,S,11.17,0.1973,89.51,100.8207,0.4171,0.1965,0.326,71.81,18.29,44.89,32.11,42.79,23.0,7.86,36.71,88.99,0.4088,0.1583,27.93,18.3,18.3,18.3,Wrigley Field,104,76,9,110 deg,Open-Meteo forecast; MLB fallback,https://forecast.weather.gov/MapClick.php?lat=41.9484&lon=-87.6553,69,0,No,Yes,5,Yes,Yes,RotoWire projected lineup; MLB probable pitchers,lineup projected / unconfirmed,H:2026/2025 P:2026/2025,,,Direct BvP not yet weighted; 2026/2025 Statcast baseline active,7,8,25,3,Hot streak: 3 HR in last 7 games,"switch hitter; pitcher baseline 7.9% barrel, 18.3 HR allowed",neutral batted-ball profile; pitcher fly-ball pressure modest,,
663538,Nico Hoerner,CHC,CIN,2026-08-29T18:20:00Z,Scheduled,6,Andrew Abbott,671096,L,R,1.63,0.0963,86.07,96.1878,0.3777,0.0829,0.322,68.33,1.76,32.52,21.7,28.62,7.0,7.86,36.71,88.99,0.4088,0.1583,27.93,18.3,18.3,18.3,Wrigley Field,104,76,9,110 deg,Open-Meteo forecast; MLB fallback,https://forecast.weather.gov/MapClick.php?lat=41.9484&lon=-87.6553,69,0,No,Yes,6,Yes,Yes,RotoWire projected lineup; MLB probable pitchers,lineup projected / unconfirmed,H:2026/2025 P:2026/2025,,,Direct BvP not yet weighted; 2026/2025 Statcast baseline active,7,6,28,0,"Last 7 games: 6/28, 0 HR","platoon edge; pitcher baseline 7.9% barrel, 18.3 HR allowed",neutral batted-ball profile; pitcher fly-ball pressure modest,,
699393,Pedro Ramirez,CHC,CIN,2026-08-29T18:20:00Z,Scheduled,7,Andrew Abbott,671096,L,S,3.8,0.143,88.9,99.6833,0.36,0.094,0.301,72.2,22.1,38.5,17.7,41.5,3.0,7.86,36.71,88.99,0.4088,0.1583,27.93,18.3,18.3,18.3,Wrigley Field,104,76,9,110 deg,Open-Meteo forecast; MLB fallback,https://forecast.weather.gov/MapClick.php?lat=41.9484&lon=-87.6553,69,0,No,Yes,7,Yes,Yes,RotoWire projected lineup; MLB probable pitchers,lineup projected / unconfirmed,H:2026 P:2026/2025,,,Direct BvP not yet weighted; 2026/2025 Statcast baseline active,7,8,28,2,Hot streak: 2 HR in last 7 games,"switch hitter; pitcher baseline 7.9% barrel, 18.3 HR allowed",neutral batted-ball profile; pitcher fly-ball pressure modest,,
624424,Michael Conforto,CHC,CIN,2026-08-29T18:20:00Z,Scheduled,8,Andrew Abbott,671096,L,L,10.82,0.2061,90.32,100.6671,0.4184,0.1882,0.3258,72.92,34.28,44.16,34.83,42.46,12.0,7.86,36.71,88.99,0.4088,0.1583,27.93,18.3,18.3,18.3,Wrigley Field,104,76,9,110 deg,Open-Meteo forecast; MLB fallback,https://forecast.weather.gov/MapClick.php?lat=41.9484&lon=-87.6553,69,0,No,Yes,8,Yes,Yes,RotoWire projected lineup; MLB probable pitchers,lineup projected / unconfirmed,H:2026/2025 P:2026/2025,,,Direct BvP not yet weighted; 2026/2025 Statcast baseline active,7,5,20,2,Hot streak: 2 HR in last 7 games,"same-side matchup; pitcher baseline 7.9% barrel, 18.3 HR allowed",neutral batted-ball profile; pitcher fly-ball pressure modest,,
608348,Carson Kelly,CHC,CIN,2026-08-29T18:20:00Z,Scheduled,9,Andrew Abbott,671096,L,R,6.73,0.1342,87.68,98.7882,0.3886,0.1477,0.3154,70.68,8.4,40.55,25.22,37.57,10.7,7.86,36.71,88.99,0.4088,0.1583,27.93,18.3,18.3,18.3,Wrigley Field,104,76,9,110 deg,Open-Meteo forecast; MLB fallback,https://forecast.weather.gov/MapClick.php?lat=41.9484&lon=-87.6553,69,0,No,Yes,9,Yes,Yes,RotoWire projected lineup; MLB probable pitchers,lineup projected / unconfirmed,H:2026/2025 P:2026/2025,,,Direct BvP not yet weighted; 2026/2025 Statcast baseline active,7,5,23,1,"Last 7 games: 5/23, 1 HR","platoon edge; pitcher baseline 7.9% barrel, 18.3 HR allowed",neutral batted-ball profile; pitcher fly-ball pressure modest,,
668227,Randy Arozarena,SEA,TOR,2026-08-29T19:07:00Z,Scheduled,1,José Soriano,667755,R,R,8.77,0.188,90.88,101.0159,0.4177,0.1669,0.3417,71.32,24.52,33.56,24.03,44.79,22.1,7.76,41.97,89.79,0.3838,0.1383,18.54,12.7,12.7,12.7,Rogers Centre,105,66,1,351 deg,Open-Meteo forecast; MLB fallback,https://forecast.weather.gov/MapClick.php?lat=43.6414&lon=-79.3894,69,0,No,Yes,1,Yes,Yes,RotoWire projected lineup; MLB probable pitchers,lineup projected / unconfirmed,H:2026/2025 P:2026/2025,,,Direct BvP not yet weighted; 2026/2025 Statcast baseline active,7,7,24,3,Hot streak: 3 HR in last 7 games,"same-side matchup; pitcher baseline 7.8% barrel, 12.7 HR allowed",neutral batted-ball profile; pitcher fly-ball pressure modest,,
686527,Dominic Canzone,SEA,TOR,2026-08-29T19:07:00Z,Scheduled,2,José Soriano,667755,R,L,12.89,0.209,91.53,102.5371,0.4959,0.2206,0.3613,74.15,42.9,39.97,25.95,46.13,16.6,7.76,41.97,89.79,0.3838,0.1383,18.54,12.7,12.7,12.7,Rogers Centre,105,66,1,351 deg,Open-Meteo forecast; MLB fallback,https://forecast.weather.gov/MapClick.php?lat=43.6414&lon=-79.3894,69,0,No,Yes,2,Yes,Yes,RotoWire projected lineup; MLB probable pitchers,lineup projected / unconfirmed,H:2026/2025 P:2026/2025,,,Direct BvP not yet weighted; 2026/2025 Statcast baseline active,7,6,28,1,"Last 7 games: 6/28, 1 HR","platoon edge; pitcher baseline 7.8% barrel, 12.7 HR allowed",neutral batted-ball profile; pitcher fly-ball pressure modest,,
677594,Julio Rodriguez,SEA,TOR,2026-08-29T19:07:00Z,Scheduled,3,José Soriano,667755,R,R,9.59,0.1748,90.47,102.6087,0.4636,0.195,0.344,76.61,67.2,38.42,26.47,44.5,23.6,7.76,41.97,89.79,0.3838,0.1383,18.54,12.7,12.7,12.7,Rogers Centre,105,66,1,351 deg,Open-Meteo forecast; MLB fallback,https://forecast.weather.gov/MapClick.php?lat=43.6414&lon=-79.3894,69,0,No,Yes,3,Yes,Yes,RotoWire projected lineup; MLB probable pitchers,lineup projected / unconfirmed,H:2026/2025 P:2026/2025,,,Direct BvP not yet weighted; 2026/2025 Statcast baseline active,7,5,30,1,"Last 7 games: 5/30, 1 HR","same-side matchup; pitcher baseline 7.8% barrel, 12.7 HR allowed",neutral batted-ball profile; pitcher fly-ball pressure modest,,
647304,Josh Naylor,SEA,TOR,2026-08-29T19:07:00Z,Scheduled,4,José Soriano,667755,R,L,5.23,0.1201,87.94,99.142,0.4019,0.131,0.3222,70.41,11.61,41.78,22.57,38.19,13.0,7.76,41.97,89.79,0.3838,0.1383,18.54,12.7,12.7,12.7,Rogers Centre,105,66,1,351 deg,Open-Meteo forecast; MLB fallback,https://forecast.weather.gov/MapClick.php?lat=43.6414&lon=-79.3894,69,0,No,Yes,4,Yes,Yes,RotoWire projected lineup; MLB probable pitchers,lineup projected / unconfirmed,H:2026/2025 P:2026/2025,,,Direct BvP not yet weighted; 2026/2025 Statcast baseline active,7,7,28,0,"Last 7 games: 7/28, 0 HR","platoon edge; pitcher baseline 7.8% barrel, 12.7 HR allowed",neutral batted-ball profile; pitcher fly-ball pressure modest,,
663728,Cal Raleigh,SEA,TOR,2026-08-29T19:07:00Z,Scheduled,5,José Soriano,667755,R,S,15.44,0.2251,90.04,101.0361,0.4308,0.2348,0.3241,74.99,52.04,54.43,42.29,40.92,30.6,7.76,41.97,89.79,0.3838,0.1383,18.54,12.7,12.7,12.7,Rogers Centre,105,66,1,351 deg,Open-Meteo forecast; MLB fallback,https://forecast.weather.gov/MapClick.php?lat=43.6414&lon=-79.3894,69,0,No,Yes,5,Yes,Yes,RotoWire projected lineup; MLB probable pitchers,lineup projected / unconfirmed,H:2026/2025 P:2026/2025,,,Direct BvP not yet weighted; 2026/2025 Statcast baseline active,7,7,23,5,Hot streak: 5 HR in last 7 games,"switch hitter; pitcher baseline 7.8% barrel, 12.7 HR allowed",fly-ball profile; pitcher fly-ball pressure modest,,
702284,Cole Young,SEA,TOR,2026-08-29T19:07:00Z,Scheduled,6,José Soriano,667755,R,L,4.83,0.1276,88.3,98.8513,0.383,0.1303,0.3103,71.44,21.58,42.19,27.01,36.07,12.4,7.76,41.97,89.79,0.3838,0.1383,18.54,12.7,12.7,12.7,Rogers Centre,105,66,1,351 deg,Open-Meteo forecast; MLB fallback,https://forecast.weather.gov/MapClick.php?lat=43.6414&lon=-79.3894,69,0,No,Yes,6,Yes,Yes,RotoWire projected lineup; MLB probable pitchers,lineup projected / unconfirmed,H:2026/2025 P:2026/2025,,,Direct BvP not yet weighted; 2026/2025 Statcast baseline active,7,3,26,1,"Last 7 games: 3/26, 1 HR","platoon edge; pitcher baseline 7.8% barrel, 12.7 HR allowed",neutral batted-ball profile; pitcher fly-ball pressure modest,,
621493,Taylor Ward,SEA,TOR,2026-08-29T19:07:00Z,Scheduled,7,José Soriano,667755,R,R,7.96,0.1392,89.26,99.4027,0.3933,0.1532,0.3372,68.8,4.09,33.31,29.94,39.34,15.7,7.76,41.97,89.79,0.3838,0.1383,18.54,12.7,12.7,12.7,Rogers Centre,105,66,1,351 deg,Open-Meteo forecast; MLB fallback,https://forecast.weather.gov/MapClick.php?lat=43.6414&lon=-79.3894,69,0,No,Yes,7,Yes,Yes,RotoWire projected lineup; MLB probable pitchers,lineup projected / unconfirmed,H:2026/2025 P:2026/2025,,,Direct BvP not yet weighted; 2026/2025 Statcast baseline active,7,0,20,0,"Last 7 games: 0/20, 0 HR","same-side matchup; pitcher baseline 7.8% barrel, 12.7 HR allowed",neutral batted-ball profile; pitcher fly-ball pressure modest,,
641487,J.P. Crawford,SEA,TOR,2026-08-29T19:07:00Z,Scheduled,8,José Soriano,667755,R,L,5.88,0.1232,87.62,98.3377,0.3692,0.1221,0.3255,71.21,18.67,35.7,20.44,35.4,10.6,7.76,41.97,89.79,0.3838,0.1383,18.54,12.7,12.7,12.7,Rogers Centre,105,66,1,351 deg,Open-Meteo forecast; MLB fallback,https://forecast.weather.gov/MapClick.php?lat=43.6414&lon=-79.3894,69,0,No,Yes,8,Yes,Yes,RotoWire projected lineup; MLB probable pitchers,lineup projected / unconfirmed,H:2026/2025 P:2026/2025,,,Direct BvP not yet weighted; 2026/2025 Statcast baseline active,7,1,20,0,"Last 7 games: 1/20, 0 HR","platoon edge; pitcher baseline 7.8% barrel, 12.7 HR allowed",neutral batted-ball profile; pitcher fly-ball pressure modest,,
801126,Brock Rodden,SEA,TOR,2026-08-29T19:07:00Z,Scheduled,9,José Soriano,667755,R,S,5.3,0.125,90.1,97.9529,0.212,0.082,0.226,69.1,1.7,63.2,42.1,42.1,0.0,7.76,41.97,89.79,0.3838,0.1383,18.54,12.7,12.7,12.7,Rogers Centre,105,66,1,351 deg,Open-Meteo forecast; MLB fallback,https://forecast.weather.gov/MapClick.php?lat=43.6414&lon=-79.3894,69,0,No,Yes,9,Yes,Yes,RotoWire projected lineup; MLB probable pitchers,lineup projected / unconfirmed,H:2026 P:2026/2025,,,Direct BvP not yet weighted; 2026/2025 Statcast baseline active,7,1,18,0,"Last 7 games: 1/18, 0 HR","switch hitter; pitcher baseline 7.8% barrel, 12.7 HR allowed",fly-ball profile; pitcher fly-ball pressure modest,,
703520,Brett Bateman,TOR,SEA,2026-08-29T19:07:00Z,Scheduled,1,Kade Anderson,807739,L,L,0.0,0.073,83.0,93.7033,0.291,0.053,0.261,68.3,3.0,31.5,7.4,18.5,0.0,13.3,33.3,86.7,0.373,0.205,46.7,2.0,2.0,2.0,Rogers Centre,105,66,1,351 deg,Open-Meteo forecast; MLB fallback,https://forecast.weather.gov/MapClick.php?lat=43.6414&lon=-79.3894,69,0,No,Yes,1,Yes,Yes,RotoWire projected lineup; MLB probable pitchers,lineup projected / unconfirmed,H:2026 P:2026,,,Direct BvP not yet weighted; 2026/2025 Statcast baseline active,7,11,27,0,Contact streak: 11/27 over last 7 games,"same-side matchup; pitcher baseline 13.3% barrel, 2.0 HR allowed",neutral batted-ball profile; pitcher allows elevated contact,,
664770,Nathan Lukes,TOR,SEA,2026-08-29T19:07:00Z,Scheduled,2,Kade Anderson,807739,L,L,2.98,0.1282,87.2,96.8253,0.3577,0.1001,0.2975,67.3,3.83,33.1,21.51,30.35,9.9,13.3,33.3,86.7,0.373,0.205,46.7,2.0,2.0,2.0,Rogers Centre,105,66,1,351 deg,Open-Meteo forecast; MLB fallback,https://forecast.weather.gov/MapClick.php?lat=43.6414&lon=-79.3894,69,0,No,Yes,2,Yes,Yes,RotoWire projected lineup; MLB probable pitchers,lineup projected / unconfirmed,H:2026/2025 P:2026,,,Direct BvP not yet weighted; 2026/2025 Statcast baseline active,7,8,24,4,Hot streak: 4 HR in last 7 games,"same-side matchup; pitcher baseline 13.3% barrel, 2.0 HR allowed",neutral batted-ball profile; pitcher allows elevated contact,,
665489,Vladimir Guerrero,TOR,SEA,2026-08-29T19:07:00Z,Scheduled,3,Kade Anderson,807739,L,R,8.35,0.1162,90.6,102.9902,0.4311,0.143,0.3476,76.35,63.4,35.67,19.24,45.24,11.8,13.3,33.3,86.7,0.373,0.205,46.7,2.0,2.0,2.0,Rogers Centre,105,66,1,351 deg,Open-Meteo forecast; MLB fallback,https://forecast.weather.gov/MapClick.php?lat=43.6414&lon=-79.3894,69,0,No,Yes,3,Yes,Yes,RotoWire projected lineup; MLB probable pitchers,lineup projected / unconfirmed,H:2026/2025 P:2026,,,Direct BvP not yet weighted; 2026/2025 Statcast baseline active,7,6,27,0,"Last 7 games: 6/27, 0 HR","platoon edge; pitcher baseline 13.3% barrel, 2.0 HR allowed",neutral batted-ball profile; pitcher allows elevated contact,,
543807,George Springer,TOR,SEA,2026-08-29T19:07:00Z,Scheduled,4,Kade Anderson,807739,L,R,9.48,0.1838,88.74,100.0465,0.4324,0.1813,0.334,73.24,34.6,41.09,26.3,40.39,18.7,13.3,33.3,86.7,0.373,0.205,46.7,2.0,2.0,2.0,Rogers Centre,105,66,1,351 deg,Open-Meteo forecast; MLB fallback,https://forecast.weather.gov/MapClick.php?lat=43.6414&lon=-79.3894,69,0,No,Yes,4,Yes,Yes,RotoWire projected lineup; MLB probable pitchers,lineup projected / unconfirmed,H:2026/2025 P:2026,,,Direct BvP not yet weighted; 2026/2025 Statcast baseline active,7,11,22,2,Hot streak: 2 HR in last 7 games,"platoon edge; pitcher baseline 13.3% barrel, 2.0 HR allowed",neutral batted-ball profile; pitcher allows elevated contact,,
660821,Jesus Sanchez,TOR,SEA,2026-08-29T19:07:00Z,Scheduled,5,Kade Anderson,807739,L,L,11.31,0.1622,90.95,102.0535,0.4396,0.1832,0.3293,74.19,47.61,34.31,25.07,45.5,9.8,13.3,33.3,86.7,0.373,0.205,46.7,2.0,2.0,2.0,Rogers Centre,105,66,1,351 deg,Open-Meteo forecast; MLB fallback,https://forecast.weather.gov/MapClick.php?lat=43.6414&lon=-79.3894,69,0,No,Yes,5,Yes,Yes,RotoWire projected lineup; MLB probable pitchers,lineup projected / unconfirmed,H:2026/2025 P:2026,,,Direct BvP not yet weighted; 2026/2025 Statcast baseline active,7,5,16,0,"Last 7 games: 5/16, 0 HR","same-side matchup; pitcher baseline 13.3% barrel, 2.0 HR allowed",neutral batted-ball profile; pitcher allows elevated contact,,
672960,Kazuma Okamoto,TOR,SEA,2026-08-29T19:07:00Z,Scheduled,6,Kade Anderson,807739,L,R,12.8,0.207,90.4,101.211,0.427,0.21,0.314,73.1,34.7,50.8,33.0,43.0,26.0,13.3,33.3,86.7,0.373,0.205,46.7,2.0,2.0,2.0,Rogers Centre,105,66,1,351 deg,Open-Meteo forecast; MLB fallback,https://forecast.weather.gov/MapClick.php?lat=43.6414&lon=-79.3894,69,0,No,Yes,6,Yes,Yes,RotoWire projected lineup; MLB probable pitchers,lineup projected / unconfirmed,H:2026 P:2026,,,Direct BvP not yet weighted; 2026/2025 Statcast baseline active,7,6,24,1,"Last 7 games: 6/24, 1 HR","platoon edge; pitcher baseline 13.3% barrel, 2.0 HR allowed",neutral batted-ball profile; pitcher allows elevated contact,,
665926,Andres Gimenez,TOR,SEA,2026-08-29T19:07:00Z,Scheduled,7,Kade Anderson,807739,L,L,3.07,0.1128,85.81,95.8539,0.3323,0.0964,0.2793,68.53,5.07,38.8,23.58,24.97,7.7,13.3,33.3,86.7,0.373,0.205,46.7,2.0,2.0,2.0,Rogers Centre,105,66,1,351 deg,Open-Meteo forecast; MLB fallback,https://forecast.weather.gov/MapClick.php?lat=43.6414&lon=-79.3894,69,0,No,Yes,7,Yes,Yes,RotoWire projected lineup; MLB probable pitchers,lineup projected / unconfirmed,H:2026/2025 P:2026,,,Direct BvP not yet weighted; 2026/2025 Statcast baseline active,7,7,25,0,"Last 7 games: 7/25, 0 HR","same-side matchup; pitcher baseline 13.3% barrel, 2.0 HR allowed",neutral batted-ball profile; pitcher allows elevated contact,,
676391,Ernie Clement,TOR,SEA,2026-08-29T19:07:00Z,Scheduled,8,Kade Anderson,807739,L,R,2.26,0.1175,84.99,94.6342,0.3394,0.086,0.2736,67.46,2.75,40.94,27.69,21.94,9.0,13.3,33.3,86.7,0.373,0.205,46.7,2.0,2.0,2.0,Rogers Centre,105,66,1,351 deg,Open-Meteo forecast; MLB fallback,https://forecast.weather.gov/MapClick.php?lat=43.6414&lon=-79.3894,69,0,No,Yes,8,Yes,Yes,RotoWire projected lineup; MLB probable pitchers,lineup projected / unconfirmed,H:2026/2025 P:2026,,,Direct BvP not yet weighted; 2026/2025 Statcast baseline active,7,5,28,0,"Last 7 games: 5/28, 0 HR","platoon edge; pitcher baseline 13.3% barrel, 2.0 HR allowed",neutral batted-ball profile; pitcher allows elevated contact,,
678218,Brandon Valenzuela,TOR,SEA,2026-08-29T19:07:00Z,Scheduled,9,Kade Anderson,807739,L,S,7.3,0.157,88.3,99.278,0.385,0.143,0.312,72.6,21.7,43.3,24.7,38.0,8.0,13.3,33.3,86.7,0.373,0.205,46.7,2.0,2.0,2.0,Rogers Centre,105,66,1,351 deg,Open-Meteo forecast; MLB fallback,https://forecast.weather.gov/MapClick.php?lat=43.6414&lon=-79.3894,69,0,No,Yes,9,Yes,Yes,RotoWire projected lineup; MLB probable pitchers,lineup projected / unconfirmed,H:2026 P:2026,,,Direct BvP not yet weighted; 2026/2025 Statcast baseline active,7,3,14,0,"Last 7 games: 3/14, 0 HR","switch hitter; pitcher baseline 13.3% barrel, 2.0 HR allowed",neutral batted-ball profile; pitcher allows elevated contact,,
813841,Jonah Cox,SF,AZ,2026-08-29T20:05:00Z,Scheduled,1,Merrill Kelly,518876,R,R,13.8,0.259,91.7,100.6297,0.41,0.2,0.277,69.3,8.0,13.8,44.8,44.8,3.0,11.61,43.57,90.27,0.5136,0.2251,26.57,25.1,25.1,25.1,Oracle Park,85,67,7,301 deg,Open-Meteo forecast; MLB fallback,https://forecast.weather.gov/MapClick.php?lat=37.7786&lon=-122.3893,71,12,No,Yes,1,Yes,Yes,RotoWire projected lineup; MLB probable pitchers,lineup projected / unconfirmed,H:2026 P:2026/2025,,,Direct BvP not yet weighted; 2026/2025 Statcast baseline active,7,5,17,2,Hot streak: 2 HR in last 7 games,"same-side matchup; pitcher baseline 11.6% barrel, 25.1 HR allowed",fly-ball profile; pitcher fly-ball pressure modest,,
646240,Rafael Devers,SF,AZ,2026-08-29T20:05:00Z,Scheduled,2,Merrill Kelly,518876,R,L,12.5,0.2347,92.94,103.0585,0.4604,0.2252,0.3404,71.81,20.37,33.7,33.74,52.11,30.8,11.61,43.57,90.27,0.5136,0.2251,26.57,25.1,25.1,25.1,Oracle Park,85,67,7,301 deg,Open-Meteo forecast; MLB fallback,https://forecast.weather.gov/MapClick.php?lat=37.7786&lon=-122.3893,71,12,No,Yes,2,Yes,Yes,RotoWire projected lineup; MLB probable pitchers,lineup projected / unconfirmed,H:2026/2025 P:2026/2025,,,Direct BvP not yet weighted; 2026/2025 Statcast baseline active,7,8,26,3,Hot streak: 3 HR in last 7 games,"platoon edge; pitcher baseline 11.6% barrel, 25.1 HR allowed",EV profile; pitcher fly-ball pressure modest,,
805811,Bryce Eldridge,SF,AZ,2026-08-29T20:05:00Z,Scheduled,3,Merrill Kelly,518876,R,L,15.55,0.1504,93.43,103.2568,0.4757,0.2456,0.3552,73.0,28.85,39.04,37.4,57.11,9.8,11.61,43.57,90.27,0.5136,0.2251,26.57,25.1,25.1,25.1,Oracle Park,85,67,7,301 deg,Open-Meteo forecast; MLB fallback,https://forecast.weather.gov/MapClick.php?lat=37.7786&lon=-122.3893,71,12,No,Yes,3,Yes,Yes,RotoWire projected lineup; MLB probable pitchers,lineup projected / unconfirmed,H:2026/2025 P:2026/2025,,,Direct BvP not yet weighted; 2026/2025 Statcast baseline active,7,8,27,1,"Last 7 games: 8/27, 1 HR","platoon edge; pitcher baseline 11.6% barrel, 25.1 HR allowed",lift-pull EV profile; pitcher fly-ball pressure modest,,
668800,Andrew Knizner,SF,AZ,2026-08-29T20:05:00Z,Scheduled,4,Merrill Kelly,518876,R,R,5.11,0.1788,87.98,97.0256,0.3594,0.1267,0.313,70.32,8.59,32.01,34.96,25.65,1.0,11.61,43.57,90.27,0.5136,0.2251,26.57,25.1,25.1,25.1,Oracle Park,85,67,7,301 deg,Open-Meteo forecast; MLB fallback,https://forecast.weather.gov/MapClick.php?lat=37.7786&lon=-122.3893,71,12,No,Yes,4,Yes,Yes,RotoWire projected lineup; MLB probable pitchers,lineup projected / unconfirmed,H:2026/2025 P:2026/2025,,,Direct BvP not yet weighted; 2026/2025 Statcast baseline active,7,4,19,1,"Last 7 games: 4/19, 1 HR","same-side matchup; pitcher baseline 11.6% barrel, 25.1 HR allowed",neutral batted-ball profile; pitcher fly-ball pressure modest,,
808982,Jung Hoo Lee,SF,AZ,2026-08-29T20:05:00Z,Scheduled,5,Merrill Kelly,518876,R,L,3.0,0.1361,87.1,96.723,0.3822,0.0982,0.3154,68.37,3.68,37.76,22.8,30.46,8.7,11.61,43.57,90.27,0.5136,0.2251,26.57,25.1,25.1,25.1,Oracle Park,85,67,7,301 deg,Open-Meteo forecast; MLB fallback,https://forecast.weather.gov/MapClick.php?lat=37.7786&lon=-122.3893,71,12,No,Yes,5,Yes,Yes,RotoWire projected lineup; MLB probable pitchers,lineup projected / unconfirmed,H:2026/2025 P:2026/2025,,,Direct BvP not yet weighted; 2026/2025 Statcast baseline active,7,4,21,0,"Last 7 games: 4/21, 0 HR","platoon edge; pitcher baseline 11.6% barrel, 25.1 HR allowed",neutral batted-ball profile; pitcher fly-ball pressure modest,,
694376,Shay Whitcomb,SF,AZ,2026-08-29T20:05:00Z,Scheduled,6,Merrill Kelly,518876,R,R,14.09,0.2172,86.32,98.0226,0.3874,0.2136,0.2421,71.66,15.05,45.94,34.09,34.09,2.4,11.61,43.57,90.27,0.5136,0.2251,26.57,25.1,25.1,25.1,Oracle Park,85,67,7,301 deg,Open-Meteo forecast; MLB fallback,https://forecast.weather.gov/MapClick.php?lat=37.7786&lon=-122.3893,71,12,No,Yes,6,Yes,Yes,RotoWire projected lineup; MLB probable pitchers,lineup projected / unconfirmed,H:2026/2025 P:2026/2025,,,Direct BvP not yet weighted; 2026/2025 Statcast baseline active,7,3,24,2,Hot streak: 2 HR in last 7 games,"same-side matchup; pitcher baseline 11.6% barrel, 25.1 HR allowed",neutral batted-ball profile; pitcher fly-ball pressure modest,,
806367,Turner Hill,SF,AZ,2026-08-29T20:05:00Z,Scheduled,7,Merrill Kelly,518876,R,L,9.1,0.154,88.0,98.0705,0.437,0.172,0.342,65.8,0.0,54.5,36.4,36.4,0.0,11.61,43.57,90.27,0.5136,0.2251,26.57,25.1,25.1,25.1,Oracle Park,85,67,7,301 deg,Open-Meteo forecast; MLB fallback,https://forecast.weather.gov/MapClick.php?lat=37.7786&lon=-122.3893,71,12,No,Yes,7,Yes,Yes,RotoWire projected lineup; MLB probable pitchers,lineup projected / unconfirmed,H:2026 P:2026/2025,,,Direct BvP not yet weighted; 2026/2025 Statcast baseline active,7,6,19,0,"Last 7 games: 6/19, 0 HR","platoon edge; pitcher baseline 11.6% barrel, 25.1 HR allowed",fly-ball profile; pitcher fly-ball pressure modest,,
683766,Christian Koss,SF,AZ,2026-08-29T20:05:00Z,Scheduled,8,Merrill Kelly,518876,R,R,5.3,0.0627,85.64,97.7581,0.3096,0.09,0.2571,69.79,6.56,38.23,18.84,30.59,0.9,11.61,43.57,90.27,0.5136,0.2251,26.57,25.1,25.1,25.1,Oracle Park,85,67,7,301 deg,Open-Meteo forecast; MLB fallback,https://forecast.weather.gov/MapClick.php?lat=37.7786&lon=-122.3893,71,12,No,Yes,8,Yes,Yes,RotoWire projected lineup; MLB probable pitchers,lineup projected / unconfirmed,H:2026/2025 P:2026/2025,,,Direct BvP not yet weighted; 2026/2025 Statcast baseline active,7,5,21,1,"Last 7 games: 5/21, 1 HR","same-side matchup; pitcher baseline 11.6% barrel, 25.1 HR allowed",neutral batted-ball profile; pitcher fly-ball pressure modest,,
678545,Osleivis Basabe,SF,AZ,2026-08-29T20:05:00Z,Scheduled,9,Merrill Kelly,518876,R,R,7.6,0.136,88.0,98.6478,0.372,0.135,0.279,73.4,31.7,38.8,34.3,35.8,3.0,11.61,43.57,90.27,0.5136,0.2251,26.57,25.1,25.1,25.1,Oracle Park,85,67,7,301 deg,Open-Meteo forecast; MLB fallback,https://forecast.weather.gov/MapClick.php?lat=37.7786&lon=-122.3893,71,12,No,Yes,9,Yes,Yes,RotoWire projected lineup; MLB probable pitchers,lineup projected / unconfirmed,H:2026 P:2026/2025,,,Direct BvP not yet weighted; 2026/2025 Statcast baseline active,7,2,21,0,"Last 7 games: 2/21, 0 HR","same-side matchup; pitcher baseline 11.6% barrel, 25.1 HR allowed",neutral batted-ball profile; pitcher fly-ball pressure modest,,
813841,Jonah Cox,SF,AZ,2026-08-30T02:05:00Z,Scheduled,1,Mitch Bratt,683352,L,R,13.8,0.259,91.7,100.6297,0.41,0.2,0.277,69.3,8.0,13.8,44.8,44.8,3.0,7.4,34.4,87.2,0.365,0.139,32.0,5.0,5.0,5.0,Oracle Park,85,,,,NOAA link only,https://forecast.weather.gov/MapClick.php?lat=37.7786&lon=-122.3893,,,No,Yes,1,Yes,Yes,RotoWire projected lineup; MLB probable pitchers,lineup projected / unconfirmed,H:2026 P:2026,,,Direct BvP not yet weighted; 2026/2025 Statcast baseline active,7,5,17,2,Hot streak: 2 HR in last 7 games,"platoon edge; pitcher baseline 7.4% barrel, 5.0 HR allowed",fly-ball profile; pitcher allows elevated contact,,
646240,Rafael Devers,SF,AZ,2026-08-30T02:05:00Z,Scheduled,2,Mitch Bratt,683352,L,L,12.5,0.2347,92.94,103.0585,0.4604,0.2252,0.3404,71.81,20.37,33.7,33.74,52.11,30.8,7.4,34.4,87.2,0.365,0.139,32.0,5.0,5.0,5.0,Oracle Park,85,,,,NOAA link only,https://forecast.weather.gov/MapClick.php?lat=37.7786&lon=-122.3893,,,No,Yes,2,Yes,Yes,RotoWire projected lineup; MLB probable pitchers,lineup projected / unconfirmed,H:2026/2025 P:2026,,,Direct BvP not yet weighted; 2026/2025 Statcast baseline active,7,8,26,3,Hot streak: 3 HR in last 7 games,"same-side matchup; pitcher baseline 7.4% barrel, 5.0 HR allowed",EV profile; pitcher allows elevated contact,,
805811,Bryce Eldridge,SF,AZ,2026-08-30T02:05:00Z,Scheduled,3,Mitch Bratt,683352,L,L,15.55,0.1504,93.43,103.2568,0.4757,0.2456,0.3552,73.0,28.85,39.04,37.4,57.11,9.8,7.4,34.4,87.2,0.365,0.139,32.0,5.0,5.0,5.0,Oracle Park,85,,,,NOAA link only,https://forecast.weather.gov/MapClick.php?lat=37.7786&lon=-122.3893,,,No,Yes,3,Yes,Yes,RotoWire projected lineup; MLB probable pitchers,lineup projected / unconfirmed,H:2026/2025 P:2026,,,Direct BvP not yet weighted; 2026/2025 Statcast baseline active,7,8,27,1,"Last 7 games: 8/27, 1 HR","same-side matchup; pitcher baseline 7.4% barrel, 5.0 HR allowed",lift-pull EV profile; pitcher allows elevated contact,,
668800,Andrew Knizner,SF,AZ,2026-08-30T02:05:00Z,Scheduled,4,Mitch Bratt,683352,L,R,5.11,0.1788,87.98,97.0256,0.3594,0.1267,0.313,70.32,8.59,32.01,34.96,25.65,1.0,7.4,34.4,87.2,0.365,0.139,32.0,5.0,5.0,5.0,Oracle Park,85,,,,NOAA link only,https://forecast.weather.gov/MapClick.php?lat=37.7786&lon=-122.3893,,,No,Yes,4,Yes,Yes,RotoWire projected lineup; MLB probable pitchers,lineup projected / unconfirmed,H:2026/2025 P:2026,,,Direct BvP not yet weighted; 2026/2025 Statcast baseline active,7,4,19,1,"Last 7 games: 4/19, 1 HR","platoon edge; pitcher baseline 7.4% barrel, 5.0 HR allowed",neutral batted-ball profile; pitcher allows elevated contact,,
808982,Jung Hoo Lee,SF,AZ,2026-08-30T02:05:00Z,Scheduled,5,Mitch Bratt,683352,L,L,3.0,0.1361,87.1,96.723,0.3822,0.0982,0.3154,68.37,3.68,37.76,22.8,30.46,8.7,7.4,34.4,87.2,0.365,0.139,32.0,5.0,5.0,5.0,Oracle Park,85,,,,NOAA link only,https://forecast.weather.gov/MapClick.php?lat=37.7786&lon=-122.3893,,,No,Yes,5,Yes,Yes,RotoWire projected lineup; MLB probable pitchers,lineup projected / unconfirmed,H:2026/2025 P:2026,,,Direct BvP not yet weighted; 2026/2025 Statcast baseline active,7,4,21,0,"Last 7 games: 4/21, 0 HR","same-side matchup; pitcher baseline 7.4% barrel, 5.0 HR allowed",neutral batted-ball profile; pitcher allows elevated contact,,
694376,Shay Whitcomb,SF,AZ,2026-08-30T02:05:00Z,Scheduled,6,Mitch Bratt,683352,L,R,14.09,0.2172,86.32,98.0226,0.3874,0.2136,0.2421,71.66,15.05,45.94,34.09,34.09,2.4,7.4,34.4,87.2,0.365,0.139,32.0,5.0,5.0,5.0,Oracle Park,85,,,,NOAA link only,https://forecast.weather.gov/MapClick.php?lat=37.7786&lon=-122.3893,,,No,Yes,6,Yes,Yes,RotoWire projected lineup; MLB probable pitchers,lineup projected / unconfirmed,H:2026/2025 P:2026,,,Direct BvP not yet weighted; 2026/2025 Statcast baseline active,7,3,24,2,Hot streak: 2 HR in last 7 games,"platoon edge; pitcher baseline 7.4% barrel, 5.0 HR allowed",neutral batted-ball profile; pitcher allows elevated contact,,
806367,Turner Hill,SF,AZ,2026-08-30T02:05:00Z,Scheduled,7,Mitch Bratt,683352,L,L,9.1,0.154,88.0,98.0705,0.437,0.172,0.342,65.8,0.0,54.5,36.4,36.4,0.0,7.4,34.4,87.2,0.365,0.139,32.0,5.0,5.0,5.0,Oracle Park,85,,,,NOAA link only,https://forecast.weather.gov/MapClick.php?lat=37.7786&lon=-122.3893,,,No,Yes,7,Yes,Yes,RotoWire projected lineup; MLB probable pitchers,lineup projected / unconfirmed,H:2026 P:2026,,,Direct BvP not yet weighted; 2026/2025 Statcast baseline active,7,6,19,0,"Last 7 games: 6/19, 0 HR","same-side matchup; pitcher baseline 7.4% barrel, 5.0 HR allowed",fly-ball profile; pitcher allows elevated contact,,
683766,Christian Koss,SF,AZ,2026-08-30T02:05:00Z,Scheduled,8,Mitch Bratt,683352,L,R,5.3,0.0627,85.64,97.7581,0.3096,0.09,0.2571,69.79,6.56,38.23,18.84,30.59,0.9,7.4,34.4,87.2,0.365,0.139,32.0,5.0,5.0,5.0,Oracle Park,85,,,,NOAA link only,https://forecast.weather.gov/MapClick.php?lat=37.7786&lon=-122.3893,,,No,Yes,8,Yes,Yes,RotoWire projected lineup; MLB probable pitchers,lineup projected / unconfirmed,H:2026/2025 P:2026,,,Direct BvP not yet weighted; 2026/2025 Statcast baseline active,7,5,21,1,"Last 7 games: 5/21, 1 HR","platoon edge; pitcher baseline 7.4% barrel, 5.0 HR allowed",neutral batted-ball profile; pitcher allows elevated contact,,
678545,Osleivis Basabe,SF,AZ,2026-08-30T02:05:00Z,Scheduled,9,Mitch Bratt,683352,L,R,7.6,0.136,88.0,98.6478,0.372,0.135,0.279,73.4,31.7,38.8,34.3,35.8,3.0,7.4,34.4,87.2,0.365,0.139,32.0,5.0,5.0,5.0,Oracle Park,85,,,,NOAA link only,https://forecast.weather.gov/MapClick.php?lat=37.7786&lon=-122.3893,,,No,Yes,9,Yes,Yes,RotoWire projected lineup; MLB probable pitchers,lineup projected / unconfirmed,H:2026 P:2026,,,Direct BvP not yet weighted; 2026/2025 Statcast baseline active,7,2,21,0,"Last 7 games: 2/21, 0 HR","platoon edge; pitcher baseline 7.4% barrel, 5.0 HR allowed",neutral batted-ball profile; pitcher allows elevated contact,,
681715,Heriberto Hernandez,MIA,WSH,2026-08-29T20:05:00Z,Scheduled,1,Cade Cavalli,676917,R,R,12.47,0.2098,91.11,101.7407,0.4665,0.218,0.3452,74.14,45.04,47.17,29.64,47.43,17.0,6.6,41.8,88.82,0.3825,0.1361,22.1,14.0,14.0,14.0,Nationals Park,101,80,4,24 deg,Open-Meteo forecast; MLB fallback,https://forecast.weather.gov/MapClick.php?lat=38.8730&lon=-77.0074,67,5,No,Yes,1,Yes,Yes,RotoWire projected lineup; MLB probable pitchers,lineup projected / unconfirmed,H:2026/2025 P:2026/2025,,,Direct BvP not yet weighted; 2026/2025 Statcast baseline active,7,8,25,3,Hot streak: 3 HR in last 7 games,"same-side matchup; pitcher baseline 6.6% barrel, 14.0 HR allowed",neutral batted-ball profile; pitcher fly-ball pressure modest,,
682663,Agustin Ramirez,MIA,WSH,2026-08-29T20:05:00Z,Scheduled,2,Cade Cavalli,676917,R,R,5.75,0.1267,89.82,102.0933,0.3415,0.1119,0.2949,75.55,56.88,41.03,17.16,41.96,7.7,6.6,41.8,88.82,0.3825,0.1361,22.1,14.0,14.0,14.0,Nationals Park,101,80,4,24 deg,Open-Meteo forecast; MLB fallback,https://forecast.weather.gov/MapClick.php?lat=38.8730&lon=-77.0074,67,5,No,Yes,2,Yes,Yes,RotoWire projected lineup; MLB probable pitchers,lineup projected / unconfirmed,H:2026/2025 P:2026/2025,,,Direct BvP not yet weighted; 2026/2025 Statcast baseline active,7,1,18,0,"Last 7 games: 1/18, 0 HR","same-side matchup; pitcher baseline 6.6% barrel, 14.0 HR allowed",neutral batted-ball profile; pitcher fly-ball pressure modest,,
672640,Otto Lopez,MIA,WSH,2026-08-29T20:05:00Z,Scheduled,3,Cade Cavalli,676917,R,R,6.54,0.1318,88.92,100.2121,0.4263,0.1475,0.3272,71.7,22.6,32.51,22.64,40.26,10.8,6.6,41.8,88.82,0.3825,0.1361,22.1,14.0,14.0,14.0,Nationals Park,101,80,4,24 deg,Open-Meteo forecast; MLB fallback,https://forecast.weather.gov/MapClick.php?lat=38.8730&lon=-77.0074,67,5,No,Yes,3,Yes,Yes,RotoWire projected lineup; MLB probable pitchers,lineup projected / unconfirmed,H:2026/2025 P:2026/2025,,,Direct BvP not yet weighted; 2026/2025 Statcast baseline active,7,8,27,0,"Last 7 games: 8/27, 0 HR","same-side matchup; pitcher baseline 6.6% barrel, 14.0 HR allowed",neutral batted-ball profile; pitcher fly-ball pressure modest,,
691594,Javier Sanoja,MIA,WSH,2026-08-29T20:05:00Z,Scheduled,4,Cade Cavalli,676917,R,R,2.08,0.1439,87.31,97.3829,0.3343,0.0795,0.2792,68.93,6.67,37.52,19.39,32.06,6.0,6.6,41.8,88.82,0.3825,0.1361,22.1,14.0,14.0,14.0,Nationals Park,101,80,4,24 deg,Open-Meteo forecast; MLB fallback,https://forecast.weather.gov/MapClick.php?lat=38.8730&lon=-77.0074,67,5,No,Yes,4,Yes,Yes,RotoWire projected lineup; MLB probable pitchers,lineup projected / unconfirmed,H:2026/2025 P:2026/2025,,,Direct BvP not yet weighted; 2026/2025 Statcast baseline active,7,8,26,0,"Last 7 games: 8/26, 0 HR","same-side matchup; pitcher baseline 6.6% barrel, 14.0 HR allowed",neutral batted-ball profile; pitcher fly-ball pressure modest,,
669364,Xavier Edwards,MIA,WSH,2026-08-29T20:05:00Z,Scheduled,5,Cade Cavalli,676917,R,S,2.55,0.0882,86.87,96.6577,0.3551,0.0914,0.3097,67.95,2.54,28.8,21.77,29.12,5.1,6.6,41.8,88.82,0.3825,0.1361,22.1,14.0,14.0,14.0,Nationals Park,101,80,4,24 deg,Open-Meteo forecast; MLB fallback,https://forecast.weather.gov/MapClick.php?lat=38.8730&lon=-77.0074,67,5,No,Yes,5,Yes,Yes,RotoWire projected lineup; MLB probable pitchers,lineup projected / unconfirmed,H:2026/2025 P:2026/2025,,,Direct BvP not yet weighted; 2026/2025 Statcast baseline active,7,7,28,0,"Last 7 games: 7/28, 0 HR","switch hitter; pitcher baseline 6.6% barrel, 14.0 HR allowed",neutral batted-ball profile; pitcher fly-ball pressure modest,,
669065,Kyle Stowers,MIA,WSH,2026-08-29T20:05:00Z,Scheduled,6,Cade Cavalli,676917,R,L,13.85,0.228,91.94,103.309,0.4635,0.2209,0.3435,75.28,54.88,46.27,31.85,54.66,18.7,6.6,41.8,88.82,0.3825,0.1361,22.1,14.0,14.0,14.0,Nationals Park,101,80,4,24 deg,Open-Meteo forecast; MLB fallback,https://forecast.weather.gov/MapClick.php?lat=38.8730&lon=-77.0074,67,5,No,Yes,6,Yes,Yes,RotoWire projected lineup; MLB probable pitchers,lineup projected / unconfirmed,H:2026/2025 P:2026/2025,,,Direct BvP not yet weighted; 2026/2025 Statcast baseline active,7,9,23,0,Contact streak: 9/23 over last 7 games,"platoon edge; pitcher baseline 6.6% barrel, 14.0 HR allowed",neutral batted-ball profile; pitcher fly-ball pressure modest,,
677870,Leo Jimenez,MIA,WSH,2026-08-29T20:05:00Z,Scheduled,7,Cade Cavalli,676917,R,R,5.67,0.0764,90.81,100.3719,0.3336,0.1066,0.2946,71.58,13.57,35.77,24.03,44.47,1.7,6.6,41.8,88.82,0.3825,0.1361,22.1,14.0,14.0,14.0,Nationals Park,101,80,4,24 deg,Open-Meteo forecast; MLB fallback,https://forecast.weather.gov/MapClick.php?lat=38.8730&lon=-77.0074,67,5,No,Yes,7,Yes,Yes,RotoWire projected lineup; MLB probable pitchers,lineup projected / unconfirmed,H:2026/2025 P:2026/2025,,,Direct BvP not yet weighted; 2026/2025 Statcast baseline active,7,3,16,0,"Last 7 games: 3/16, 0 HR","same-side matchup; pitcher baseline 6.6% barrel, 14.0 HR allowed",neutral batted-ball profile; pitcher fly-ball pressure modest,,
665923,Esteury Ruiz,MIA,WSH,2026-08-29T20:05:00Z,Scheduled,8,Cade Cavalli,676917,R,R,7.98,0.1752,84.44,96.1593,0.3223,0.1386,0.284,71.24,18.03,44.94,26.04,26.74,4.5,6.6,41.8,88.82,0.3825,0.1361,22.1,14.0,14.0,14.0,Nationals Park,101,80,4,24 deg,Open-Meteo forecast; MLB fallback,https://forecast.weather.gov/MapClick.php?lat=38.8730&lon=-77.0074,67,5,No,Yes,8,Yes,Yes,RotoWire projected lineup; MLB probable pitchers,lineup projected / unconfirmed,H:2026/2025 P:2026/2025,,,Direct BvP not yet weighted; 2026/2025 Statcast baseline active,7,1,13,0,"Last 7 games: 1/13, 0 HR","same-side matchup; pitcher baseline 6.6% barrel, 14.0 HR allowed",neutral batted-ball profile; pitcher fly-ball pressure modest,,
691788,Joe Mack,MIA,WSH,2026-08-29T20:05:00Z,Scheduled,9,Cade Cavalli,676917,R,L,9.0,0.184,88.3,99.6287,0.401,0.175,0.298,74.3,43.3,49.2,24.9,38.4,12.0,6.6,41.8,88.82,0.3825,0.1361,22.1,14.0,14.0,14.0,Nationals Park,101,80,4,24 deg,Open-Meteo forecast; MLB fallback,https://forecast.weather.gov/MapClick.php?lat=38.8730&lon=-77.0074,67,5,No,Yes,9,Yes,Yes,RotoWire projected lineup; MLB probable pitchers,lineup projected / unconfirmed,H:2026 P:2026/2025,,,Direct BvP not yet weighted; 2026/2025 Statcast baseline active,7,3,22,0,"Last 7 games: 3/22, 0 HR","platoon edge; pitcher baseline 6.6% barrel, 14.0 HR allowed",neutral batted-ball profile; pitcher fly-ball pressure modest,,
682928,CJ Abrams,WSH,MIA,2026-08-29T20:05:00Z,Scheduled,1,Sandy Alcantara,645261,R,L,9.21,0.2243,89.19,99.8484,0.4269,0.177,0.3279,72.82,27.82,44.01,28.52,40.46,26.0,6.29,38.07,88.95,0.387,0.1351,24.1,19.2,19.2,19.2,Nationals Park,101,80,4,24 deg,Open-Meteo forecast; MLB fallback,https://forecast.weather.gov/MapClick.php?lat=38.8730&lon=-77.0074,67,5,No,Yes,1,Yes,Yes,RotoWire projected lineup; MLB probable pitchers,lineup projected / unconfirmed,H:2026/2025 P:2026/2025,,,Direct BvP not yet weighted; 2026/2025 Statcast baseline active,7,5,28,0,"Last 7 games: 5/28, 0 HR","platoon edge; pitcher baseline 6.3% barrel, 19.2 HR allowed",neutral batted-ball profile; pitcher fly-ball pressure modest,,
694673,Abimelec Ortiz,WSH,MIA,2026-08-29T20:05:00Z,Scheduled,2,Sandy Alcantara,645261,R,L,11.1,0.236,90.2,100.1041,0.482,0.242,0.324,75.4,59.7,46.3,37.0,40.7,5.0,6.29,38.07,88.95,0.387,0.1351,24.1,19.2,19.2,19.2,Nationals Park,101,80,4,24 deg,Open-Meteo forecast; MLB fallback,https://forecast.weather.gov/MapClick.php?lat=38.8730&lon=-77.0074,67,5,No,Yes,2,Yes,Yes,RotoWire projected lineup; MLB probable pitchers,lineup projected / unconfirmed,H:2026 P:2026/2025,,,Direct BvP not yet weighted; 2026/2025 Statcast baseline active,7,4,26,0,"Last 7 games: 4/26, 0 HR","platoon edge; pitcher baseline 6.3% barrel, 19.2 HR allowed",fly-ball profile; pitcher fly-ball pressure modest,,
686611,Dylan Crews,WSH,MIA,2026-08-29T20:05:00Z,Scheduled,3,Sandy Alcantara,645261,R,R,9.73,0.1454,90.26,101.1132,0.4119,0.1734,0.3154,73.9,38.07,33.87,27.84,42.48,10.0,6.29,38.07,88.95,0.387,0.1351,24.1,19.2,19.2,19.2,Nationals Park,101,80,4,24 deg,Open-Meteo forecast; MLB fallback,https://forecast.weather.gov/MapClick.php?lat=38.8730&lon=-77.0074,67,5,No,Yes,3,Yes,Yes,RotoWire projected lineup; MLB probable pitchers,lineup projected / unconfirmed,H:2026/2025 P:2026/2025,,,Direct BvP not yet weighted; 2026/2025 Statcast baseline active,7,9,27,0,Contact streak: 9/27 over last 7 games,"same-side matchup; pitcher baseline 6.3% barrel, 19.2 HR allowed",neutral batted-ball profile; pitcher fly-ball pressure modest,,
695734,Daylen Lile,WSH,MIA,2026-08-29T20:05:00Z,Scheduled,4,Sandy Alcantara,645261,R,L,7.72,0.1808,88.62,98.8681,0.4385,0.1663,0.3298,70.64,9.01,41.08,32.9,38.0,15.3,6.29,38.07,88.95,0.387,0.1351,24.1,19.2,19.2,19.2,Nationals Park,101,80,4,24 deg,Open-Meteo forecast; MLB fallback,https://forecast.weather.gov/MapClick.php?lat=38.8730&lon=-77.0074,67,5,No,Yes,4,Yes,Yes,RotoWire projected lineup; MLB probable pitchers,lineup projected / unconfirmed,H:2026/2025 P:2026/2025,,,Direct BvP not yet weighted; 2026/2025 Statcast baseline active,7,10,26,3,Hot streak: 3 HR in last 7 games,"platoon edge; pitcher baseline 6.3% barrel, 19.2 HR allowed",neutral batted-ball profile; pitcher fly-ball pressure modest,,
691781,Brady House,WSH,MIA,2026-08-29T20:05:00Z,Scheduled,5,Sandy Alcantara,645261,R,R,8.92,0.1363,89.66,101.6003,0.4183,0.1602,0.3169,73.24,30.95,33.31,26.0,46.72,7.5,6.29,38.07,88.95,0.387,0.1351,24.1,19.2,19.2,19.2,Nationals Park,101,80,4,24 deg,Open-Meteo forecast; MLB fallback,https://forecast.weather.gov/MapClick.php?lat=38.8730&lon=-77.0074,67,5,No,Yes,5,Yes,Yes,RotoWire projected lineup; MLB probable pitchers,lineup projected / unconfirmed,H:2026/2025 P:2026/2025,,,Direct BvP not yet weighted; 2026/2025 Statcast baseline active,7,5,23,1,"Last 7 games: 5/23, 1 HR","same-side matchup; pitcher baseline 6.3% barrel, 19.2 HR allowed",neutral batted-ball profile; pitcher fly-ball pressure modest,,
678391,Jorbit Vivas,WSH,MIA,2026-08-29T20:05:00Z,Scheduled,6,Sandy Alcantara,645261,R,L,3.65,0.0827,83.45,94.9661,0.3205,0.0778,0.2996,69.53,3.89,41.53,22.16,26.42,2.4,6.29,38.07,88.95,0.387,0.1351,24.1,19.2,19.2,19.2,Nationals Park,101,80,4,24 deg,Open-Meteo forecast; MLB fallback,https://forecast.weather.gov/MapClick.php?lat=38.8730&lon=-77.0074,67,5,No,Yes,6,Yes,Yes,RotoWire projected lineup; MLB probable pitchers,lineup projected / unconfirmed,H:2026/2025 P:2026/2025,,,Direct BvP not yet weighted; 2026/2025 Statcast baseline active,7,5,23,0,"Last 7 games: 5/23, 0 HR","platoon edge; pitcher baseline 6.3% barrel, 19.2 HR allowed",neutral batted-ball profile; pitcher fly-ball pressure modest,,
695670,Harry Ford,WSH,MIA,2026-08-29T20:05:00Z,Scheduled,7,Sandy Alcantara,645261,R,R,14.15,0.1239,85.92,98.2183,0.3147,0.1542,0.259,69.06,5.7,32.49,38.31,35.02,1.4,6.29,38.07,88.95,0.387,0.1351,24.1,19.2,19.2,19.2,Nationals Park,101,80,4,24 deg,Open-Meteo forecast; MLB fallback,https://forecast.weather.gov/MapClick.php?lat=38.8730&lon=-77.0074,67,5,No,Yes,7,Yes,Yes,RotoWire projected lineup; MLB probable pitchers,lineup projected / unconfirmed,H:2026/2025 P:2026/2025,,,Direct BvP not yet weighted; 2026/2025 Statcast baseline active,7,3,19,1,"Last 7 games: 3/19, 1 HR","same-side matchup; pitcher baseline 6.3% barrel, 19.2 HR allowed",fly-ball profile; pitcher fly-ball pressure modest,,
665953,Andres Chaparro,WSH,MIA,2026-08-29T20:05:00Z,Scheduled,8,Sandy Alcantara,645261,R,R,13.62,0.2181,88.38,101.2824,0.4384,0.2086,0.335,74.21,42.93,50.41,27.28,44.31,6.6,6.29,38.07,88.95,0.387,0.1351,24.1,19.2,19.2,19.2,Nationals Park,101,80,4,24 deg,Open-Meteo forecast; MLB fallback,https://forecast.weather.gov/MapClick.php?lat=38.8730&lon=-77.0074,67,5,No,Yes,8,Yes,Yes,RotoWire projected lineup; MLB probable pitchers,lineup projected / unconfirmed,H:2026/2025 P:2026/2025,,,Direct BvP not yet weighted; 2026/2025 Statcast baseline active,7,5,22,1,"Last 7 games: 5/22, 1 HR","same-side matchup; pitcher baseline 6.3% barrel, 19.2 HR allowed",neutral batted-ball profile; pitcher fly-ball pressure modest,,
696285,Jacob Young,WSH,MIA,2026-08-29T20:05:00Z,Scheduled,9,Sandy Alcantara,645261,R,R,4.98,0.1218,87.81,97.978,0.3759,0.1146,0.3124,69.21,2.09,35.84,24.14,32.45,7.6,6.29,38.07,88.95,0.387,0.1351,24.1,19.2,19.2,19.2,Nationals Park,101,80,4,24 deg,Open-Meteo forecast; MLB fallback,https://forecast.weather.gov/MapClick.php?lat=38.8730&lon=-77.0074,67,5,No,Yes,9,Yes,Yes,RotoWire projected lineup; MLB probable pitchers,lineup projected / unconfirmed,H:2026/2025 P:2026/2025,,,Direct BvP not yet weighted; 2026/2025 Statcast baseline active,7,5,23,0,"Last 7 games: 5/23, 0 HR","same-side matchup; pitcher baseline 6.3% barrel, 19.2 HR allowed",neutral batted-ball profile; pitcher fly-ball pressure modest,,
695600,Carter Jensen,KC,CLE,2026-08-29T20:10:00Z,Scheduled,1,Foster Griffin,656492,L,L,13.52,0.2052,92.25,102.7325,0.4475,0.2039,0.3392,74.1,38.38,40.02,30.63,48.01,13.5,9.1,37.7,88.0,0.418,0.164,26.0,23.0,23.0,23.0,Progressive Field,100,70,4,40 deg,Open-Meteo forecast; MLB fallback,https://forecast.weather.gov/MapClick.php?lat=41.4962&lon=-81.6852,56,0,No,Yes,1,Yes,Yes,RotoWire projected lineup; MLB probable pitchers,lineup projected / unconfirmed,H:2026/2025 P:2026,,,Direct BvP not yet weighted; 2026/2025 Statcast baseline active,7,6,23,3,Hot streak: 3 HR in last 7 games,"same-side matchup; pitcher baseline 9.1% barrel, 23.0 HR allowed",lift-pull EV profile; pitcher fly-ball pressure modest,,
677951,Bobby Witt,KC,CLE,2026-08-29T20:10:00Z,Scheduled,2,Foster Griffin,656492,L,R,11.73,0.1808,92.6,103.5451,0.5045,0.2066,0.3755,73.95,41.95,30.31,26.71,50.11,18.1,9.1,37.7,88.0,0.418,0.164,26.0,23.0,23.0,23.0,Progressive Field,100,70,4,40 deg,Open-Meteo forecast; MLB fallback,https://forecast.weather.gov/MapClick.php?lat=41.4962&lon=-81.6852,56,0,No,Yes,2,Yes,Yes,RotoWire projected lineup; MLB probable pitchers,lineup projected / unconfirmed,H:2026/2025 P:2026,,,Direct BvP not yet weighted; 2026/2025 Statcast baseline active,7,8,28,0,"Last 7 games: 8/28, 0 HR","platoon edge; pitcher baseline 9.1% barrel, 23.0 HR allowed",EV profile; pitcher fly-ball pressure modest,,
695506,Jac Caglianone,KC,CLE,2026-08-29T20:10:00Z,Scheduled,3,Foster Griffin,656492,L,L,13.89,0.194,92.06,104.832,0.4905,0.222,0.3497,77.33,74.62,43.65,22.47,51.22,18.2,9.1,37.7,88.0,0.418,0.164,26.0,23.0,23.0,23.0,Progressive Field,100,70,4,40 deg,Open-Meteo forecast; MLB fallback,https://forecast.weather.gov/MapClick.php?lat=41.4962&lon=-81.6852,56,0,No,Yes,3,Yes,Yes,RotoWire projected lineup; MLB probable pitchers,lineup projected / unconfirmed,H:2026/2025 P:2026,,,Direct BvP not yet weighted; 2026/2025 Statcast baseline active,7,11,27,1,Contact streak: 11/27 over last 7 games,"same-side matchup; pitcher baseline 9.1% barrel, 23.0 HR allowed",EV profile; pitcher fly-ball pressure modest,,
521692,Salvador Perez,KC,CLE,2026-08-29T20:10:00Z,Scheduled,4,Foster Griffin,656492,L,R,11.37,0.168,89.09,100.6094,0.45,0.2051,0.3178,71.92,21.72,41.63,30.92,43.34,20.9,9.1,37.7,88.0,0.418,0.164,26.0,23.0,23.0,23.0,Progressive Field,100,70,4,40 deg,Open-Meteo forecast; MLB fallback,https://forecast.weather.gov/MapClick.php?lat=41.4962&lon=-81.6852,56,0,No,Yes,4,Yes,Yes,RotoWire projected lineup; MLB probable pitchers,lineup projected / unconfirmed,H:2026/2025 P:2026,,,Direct BvP not yet weighted; 2026/2025 Statcast baseline active,7,7,28,1,"Last 7 games: 7/28, 1 HR","platoon edge; pitcher baseline 9.1% barrel, 23.0 HR allowed",neutral batted-ball profile; pitcher fly-ball pressure modest,,
686469,Vinnie Pasquantino,KC,CLE,2026-08-29T20:10:00Z,Scheduled,5,Foster Griffin,656492,L,L,8.63,0.1606,89.92,100.1817,0.4294,0.1749,0.3305,71.03,14.75,44.47,28.3,42.25,15.9,9.1,37.7,88.0,0.418,0.164,26.0,23.0,23.0,23.0,Progressive Field,100,70,4,40 deg,Open-Meteo forecast; MLB fallback,https://forecast.weather.gov/MapClick.php?lat=41.4962&lon=-81.6852,56,0,No,Yes,5,Yes,Yes,RotoWire projected lineup; MLB probable pitchers,lineup projected / unconfirmed,H:2026/2025 P:2026,,,Direct BvP not yet weighted; 2026/2025 Statcast baseline active,7,7,25,2,Hot streak: 2 HR in last 7 games,"same-side matchup; pitcher baseline 9.1% barrel, 23.0 HR allowed",neutral batted-ball profile; pitcher fly-ball pressure modest,,
679845,Nick Loftin,KC,CLE,2026-08-29T20:10:00Z,Scheduled,6,Foster Griffin,656492,L,R,4.76,0.1483,87.43,96.9379,0.3464,0.1151,0.2989,69.12,6.01,44.22,27.73,30.22,5.4,9.1,37.7,88.0,0.418,0.164,26.0,23.0,23.0,23.0,Progressive Field,100,70,4,40 deg,Open-Meteo forecast; MLB fallback,https://forecast.weather.gov/MapClick.php?lat=41.4962&lon=-81.6852,56,0,No,Yes,6,Yes,Yes,RotoWire projected lineup; MLB probable pitchers,lineup projected / unconfirmed,H:2026/2025 P:2026,,,Direct BvP not yet weighted; 2026/2025 Statcast baseline active,7,7,26,1,"Last 7 games: 7/26, 1 HR","platoon edge; pitcher baseline 9.1% barrel, 23.0 HR allowed",neutral batted-ball profile; pitcher fly-ball pressure modest,,
686555,Isaac Collins,KC,CLE,2026-08-29T20:10:00Z,Scheduled,7,Foster Griffin,656492,L,S,5.39,0.127,88.8,99.9935,0.3324,0.0983,0.3059,73.33,30.55,40.05,26.23,39.95,6.9,9.1,37.7,88.0,0.418,0.164,26.0,23.0,23.0,23.0,Progressive Field,100,70,4,40 deg,Open-Meteo forecast; MLB fallback,https://forecast.weather.gov/MapClick.php?lat=41.4962&lon=-81.6852,56,0,No,Yes,7,Yes,Yes,RotoWire projected lineup; MLB probable pitchers,lineup projected / unconfirmed,H:2026/2025 P:2026,,,Direct BvP not yet weighted; 2026/2025 Statcast baseline active,7,8,24,0,Contact streak: 8/24 over last 7 games,"switch hitter; pitcher baseline 9.1% barrel, 23.0 HR allowed",neutral batted-ball profile; pitcher fly-ball pressure modest,,
668942,Josh Rojas,KC,CLE,2026-08-29T20:10:00Z,Scheduled,8,Foster Griffin,656492,L,L,2.1,0.0762,87.08,96.8144,0.2707,0.0813,0.228,68.57,3.27,32.53,32.53,31.97,1.3,9.1,37.7,88.0,0.418,0.164,26.0,23.0,23.0,23.0,Progressive Field,100,70,4,40 deg,Open-Meteo forecast; MLB fallback,https://forecast.weather.gov/MapClick.php?lat=41.4962&lon=-81.6852,56,0,No,Yes,8,Yes,Yes,RotoWire projected lineup; MLB probable pitchers,lineup projected / unconfirmed,H:2026/2025 P:2026,,,Direct BvP not yet weighted; 2026/2025 Statcast baseline active,7,5,24,0,"Last 7 games: 5/24, 0 HR","same-side matchup; pitcher baseline 9.1% barrel, 23.0 HR allowed",neutral batted-ball profile; pitcher fly-ball pressure modest,,
664728,Kyle Isbel,KC,CLE,2026-08-29T20:10:00Z,Scheduled,9,Foster Griffin,656492,L,L,2.79,0.119,88.5,99.1588,0.3145,0.0847,0.265,71.1,13.83,33.37,18.8,34.91,5.4,9.1,37.7,88.0,0.418,0.164,26.0,23.0,23.0,23.0,Progressive Field,100,70,4,40 deg,Open-Meteo forecast; MLB fallback,https://forecast.weather.gov/MapClick.php?lat=41.4962&lon=-81.6852,56,0,No,Yes,9,Yes,Yes,RotoWire projected lineup; MLB probable pitchers,lineup projected / unconfirmed,H:2026/2025 P:2026,,,Direct BvP not yet weighted; 2026/2025 Statcast baseline active,7,7,25,2,Hot streak: 2 HR in last 7 games,"same-side matchup; pitcher baseline 9.1% barrel, 23.0 HR allowed",neutral batted-ball profile; pitcher fly-ball pressure modest,,
680757,Steven Kwan,CLE,KC,2026-08-29T20:10:00Z,Scheduled,1,Daniel Lynch IV,663738,L,L,0.92,0.0726,84.52,92.628,0.3429,0.072,0.3198,62.8,0.38,28.02,23.51,12.58,4.7,6.91,39.07,88.6,0.4,0.1529,26.12,5.2,5.2,5.2,Progressive Field,100,70,4,40 deg,Open-Meteo forecast; MLB fallback,https://forecast.weather.gov/MapClick.php?lat=41.4962&lon=-81.6852,56,0,No,Yes,1,Yes,Yes,RotoWire projected lineup; MLB probable pitchers,lineup projected / unconfirmed,H:2026/2025 P:2026/2025,,,Direct BvP not yet weighted; 2026/2025 Statcast baseline active,7,12,33,0,Contact streak: 12/33 over last 7 games,"same-side matchup; pitcher baseline 6.9% barrel, 5.2 HR allowed",neutral batted-ball profile; pitcher fly-ball pressure modest,,
800050,Chase DeLauter,CLE,KC,2026-08-29T20:10:00Z,Scheduled,2,Daniel Lynch IV,663738,L,L,6.3,0.162,91.3,101.4162,0.426,0.15,0.345,71.3,17.2,37.3,19.4,45.7,13.0,6.91,39.07,88.6,0.4,0.1529,26.12,5.2,5.2,5.2,Progressive Field,100,70,4,40 deg,Open-Meteo forecast; MLB fallback,https://forecast.weather.gov/MapClick.php?lat=41.4962&lon=-81.6852,56,0,No,Yes,2,Yes,Yes,RotoWire projected lineup; MLB probable pitchers,lineup projected / unconfirmed,H:2026 P:2026/2025,,,Direct BvP not yet weighted; 2026/2025 Statcast baseline active,7,6,17,0,Contact streak: 6/17 over last 7 games,"same-side matchup; pitcher baseline 6.9% barrel, 5.2 HR allowed",neutral batted-ball profile; pitcher fly-ball pressure modest,,
608070,Jose Ramirez,CLE,KC,2026-08-29T20:10:00Z,Scheduled,3,Daniel Lynch IV,663738,L,S,5.39,0.1654,89.25,99.6991,0.4278,0.1459,0.3448,70.34,13.26,50.69,29.41,40.5,16.0,6.91,39.07,88.6,0.4,0.1529,26.12,5.2,5.2,5.2,Progressive Field,100,70,4,40 deg,Open-Meteo forecast; MLB fallback,https://forecast.weather.gov/MapClick.php?lat=41.4962&lon=-81.6852,56,0,No,Yes,3,Yes,Yes,RotoWire projected lineup; MLB probable pitchers,lineup projected / unconfirmed,H:2026/2025 P:2026/2025,,,Direct BvP not yet weighted; 2026/2025 Statcast baseline active,7,8,31,0,"Last 7 games: 8/31, 0 HR","switch hitter; pitcher baseline 6.9% barrel, 5.2 HR allowed",neutral batted-ball profile; pitcher fly-ball pressure modest,,
666176,Jo Adell,CLE,KC,2026-08-29T20:10:00Z,Scheduled,4,Daniel Lynch IV,663738,L,R,12.05,0.1916,90.79,103.1297,0.4804,0.2225,0.3405,77.32,71.55,38.56,27.7,46.78,25.1,6.91,39.07,88.6,0.4,0.1529,26.12,5.2,5.2,5.2,Progressive Field,100,70,4,40 deg,Open-Meteo forecast; MLB fallback,https://forecast.weather.gov/MapClick.php?lat=41.4962&lon=-81.6852,56,0,No,Yes,4,Yes,Yes,RotoWire projected lineup; MLB probable pitchers,lineup projected / unconfirmed,H:2026/2025 P:2026/2025,,,Direct BvP not yet weighted; 2026/2025 Statcast baseline active,7,8,30,1,"Last 7 games: 8/30, 1 HR","platoon edge; pitcher baseline 6.9% barrel, 5.2 HR allowed",neutral batted-ball profile; pitcher fly-ball pressure modest,,
663993,Nathaniel Lowe,CLE,KC,2026-08-29T20:10:00Z,Scheduled,5,Daniel Lynch IV,663738,L,L,8.19,0.1866,89.14,100.9454,0.4206,0.1632,0.3282,74.0,39.29,35.1,26.27,41.64,15.2,6.91,39.07,88.6,0.4,0.1529,26.12,5.2,5.2,5.2,Progressive Field,100,70,4,40 deg,Open-Meteo forecast; MLB fallback,https://forecast.weather.gov/MapClick.php?lat=41.4962&lon=-81.6852,56,0,No,Yes,5,Yes,Yes,RotoWire projected lineup; MLB probable pitchers,lineup projected / unconfirmed,H:2026/2025 P:2026/2025,,,Direct BvP not yet weighted; 2026/2025 Statcast baseline active,7,7,29,0,"Last 7 games: 7/29, 0 HR","same-side matchup; pitcher baseline 6.9% barrel, 5.2 HR allowed",neutral batted-ball profile; pitcher fly-ball pressure modest,,
683953,Travis Bazzana,CLE,KC,2026-08-29T20:10:00Z,Scheduled,6,Daniel Lynch IV,663738,L,L,4.6,0.13,87.9,98.4439,0.348,0.121,0.3,69.6,12.3,38.3,27.7,36.4,9.0,6.91,39.07,88.6,0.4,0.1529,26.12,5.2,5.2,5.2,Progressive Field,100,70,4,40 deg,Open-Meteo forecast; MLB fallback,https://forecast.weather.gov/MapClick.php?lat=41.4962&lon=-81.6852,56,0,No,Yes,6,Yes,Yes,RotoWire projected lineup; MLB probable pitchers,lineup projected / unconfirmed,H:2026 P:2026/2025,,,Direct BvP not yet weighted; 2026/2025 Statcast baseline active,7,9,26,0,Contact streak: 9/26 over last 7 games,"same-side matchup; pitcher baseline 6.9% barrel, 5.2 HR allowed",neutral batted-ball profile; pitcher fly-ball pressure modest,,
672275,Patrick Bailey,CLE,KC,2026-08-29T20:10:00Z,Scheduled,7,Daniel Lynch IV,663738,L,S,6.58,0.1135,89.88,99.6123,0.3715,0.1454,0.2906,72.55,27.6,33.9,26.9,40.11,6.7,6.91,39.07,88.6,0.4,0.1529,26.12,5.2,5.2,5.2,Progressive Field,100,70,4,40 deg,Open-Meteo forecast; MLB fallback,https://forecast.weather.gov/MapClick.php?lat=41.4962&lon=-81.6852,56,0,No,Yes,7,Yes,Yes,RotoWire projected lineup; MLB probable pitchers,lineup projected / unconfirmed,H:2026/2025 P:2026/2025,,,Direct BvP not yet weighted; 2026/2025 Statcast baseline active,7,7,16,1,Contact streak: 7/16 over last 7 games,"switch hitter; pitcher baseline 6.9% barrel, 5.2 HR allowed",neutral batted-ball profile; pitcher fly-ball pressure modest,,
690984,Petey Halpin,CLE,KC,2026-08-29T20:10:00Z,Scheduled,8,Daniel Lynch IV,663738,L,L,4.2,0.0742,81.73,93.4584,0.315,0.0931,0.2888,70.36,5.81,38.31,32.63,17.92,2.1,6.91,39.07,88.6,0.4,0.1529,26.12,5.2,5.2,5.2,Progressive Field,100,70,4,40 deg,Open-Meteo forecast; MLB fallback,https://forecast.weather.gov/MapClick.php?lat=41.4962&lon=-81.6852,56,0,No,Yes,8,Yes,Yes,RotoWire projected lineup; MLB probable pitchers,lineup projected / unconfirmed,H:2026/2025 P:2026/2025,,,Direct BvP not yet weighted; 2026/2025 Statcast baseline active,7,4,15,1,"Last 7 games: 4/15, 1 HR","same-side matchup; pitcher baseline 6.9% barrel, 5.2 HR allowed",neutral batted-ball profile; pitcher fly-ball pressure modest,,
677587,Brayan Rocchio,CLE,KC,2026-08-29T20:10:00Z,Scheduled,9,Daniel Lynch IV,663738,L,S,3.16,0.1147,87.09,97.3159,0.3524,0.1074,0.2936,69.93,7.01,43.64,25.37,32.42,8.5,6.91,39.07,88.6,0.4,0.1529,26.12,5.2,5.2,5.2,Progressive Field,100,70,4,40 deg,Open-Meteo forecast; MLB fallback,https://forecast.weather.gov/MapClick.php?lat=41.4962&lon=-81.6852,56,0,No,Yes,9,Yes,Yes,RotoWire projected lineup; MLB probable pitchers,lineup projected / unconfirmed,H:2026/2025 P:2026/2025,,,Direct BvP not yet weighted; 2026/2025 Statcast baseline active,7,5,26,0,"Last 7 games: 5/26, 0 HR","switch hitter; pitcher baseline 6.9% barrel, 5.2 HR allowed",neutral batted-ball profile; pitcher fly-ball pressure modest,,
665161,Jeremy Pena,HOU,NYM,2026-08-29T20:10:00Z,Scheduled,1,Nolan McLean,690997,R,R,6.87,0.1884,88.62,99.9625,0.4229,0.1501,0.3305,72.23,14.06,46.06,24.15,40.87,16.3,7.09,37.87,88.31,0.3458,0.1257,21.91,11.7,11.7,11.7,Citi Field,95,78,3,330 deg,Open-Meteo forecast; MLB fallback,https://forecast.weather.gov/MapClick.php?lat=40.7571&lon=-73.8458,69,9,No,Yes,1,Yes,Yes,RotoWire projected lineup; MLB probable pitchers,lineup projected / unconfirmed,H:2026/2025 P:2026/2025,,,Direct BvP not yet weighted; 2026/2025 Statcast baseline active,7,7,26,2,Hot streak: 2 HR in last 7 games,"same-side matchup; pitcher baseline 7.1% barrel, 11.7 HR allowed",neutral batted-ball profile; pitcher fly-ball pressure modest,,
670541,Yordan Alvarez,HOU,NYM,2026-08-29T20:10:00Z,Scheduled,2,Nolan McLean,690997,R,L,16.04,0.2508,94.56,105.0047,0.6295,0.3154,0.4357,76.17,62.01,41.02,36.24,53.25,27.0,7.09,37.87,88.31,0.3458,0.1257,21.91,11.7,11.7,11.7,Citi Field,95,78,3,330 deg,Open-Meteo forecast; MLB fallback,https://forecast.weather.gov/MapClick.php?lat=40.7571&lon=-73.8458,69,9,No,Yes,2,Yes,Yes,RotoWire projected lineup; MLB probable pitchers,lineup projected / unconfirmed,H:2026/2025 P:2026/2025,,,Direct BvP not yet weighted; 2026/2025 Statcast baseline active,7,7,23,0,"Last 7 games: 7/23, 0 HR","platoon edge; pitcher baseline 7.1% barrel, 11.7 HR allowed",lift-pull EV profile; pitcher fly-ball pressure modest,,
670623,Isaac Paredes,HOU,NYM,2026-08-29T20:10:00Z,Scheduled,3,Nolan McLean,690997,R,R,5.46,0.176,86.42,96.8945,0.3744,0.1299,0.3228,67.74,7.36,51.79,31.01,29.68,17.9,7.09,37.87,88.31,0.3458,0.1257,21.91,11.7,11.7,11.7,Citi Field,95,78,3,330 deg,Open-Meteo forecast; MLB fallback,https://forecast.weather.gov/MapClick.php?lat=40.7571&lon=-73.8458,69,9,No,Yes,3,Yes,Yes,RotoWire projected lineup; MLB probable pitchers,lineup projected / unconfirmed,H:2026/2025 P:2026/2025,,,Direct BvP not yet weighted; 2026/2025 Statcast baseline active,7,5,22,1,"Last 7 games: 5/22, 1 HR","same-side matchup; pitcher baseline 7.1% barrel, 11.7 HR allowed",neutral batted-ball profile; pitcher fly-ball pressure modest,,
514888,Jose Altuve,HOU,NYM,2026-08-29T20:10:00Z,Scheduled,4,Nolan McLean,690997,R,R,5.08,0.1595,85.31,97.1083,0.3441,0.1176,0.2818,69.14,9.99,45.36,21.95,32.02,17.6,7.09,37.87,88.31,0.3458,0.1257,21.91,11.7,11.7,11.7,Citi Field,95,78,3,330 deg,Open-Meteo forecast; MLB fallback,https://forecast.weather.gov/MapClick.php?lat=40.7571&lon=-73.8458,69,9,No,Yes,4,Yes,Yes,RotoWire projected lineup; MLB probable pitchers,lineup projected / unconfirmed,H:2026/2025 P:2026/2025,,,Direct BvP not yet weighted; 2026/2025 Statcast baseline active,7,7,27,1,"Last 7 games: 7/27, 1 HR","same-side matchup; pitcher baseline 7.1% barrel, 11.7 HR allowed",neutral batted-ball profile; pitcher fly-ball pressure modest,,
662139,Daulton Varsho,HOU,NYM,2026-08-29T20:10:00Z,Scheduled,5,Nolan McLean,690997,R,L,9.32,0.1882,87.87,99.603,0.3974,0.1669,0.2997,73.71,36.11,41.15,30.43,38.69,13.0,7.09,37.87,88.31,0.3458,0.1257,21.91,11.7,11.7,11.7,Citi Field,95,78,3,330 deg,Open-Meteo forecast; MLB fallback,https://forecast.weather.gov/MapClick.php?lat=40.7571&lon=-73.8458,69,9,No,Yes,5,Yes,Yes,RotoWire projected lineup; MLB probable pitchers,lineup projected / unconfirmed,H:2026/2025 P:2026/2025,,,Direct BvP not yet weighted; 2026/2025 Statcast baseline active,7,9,30,2,Hot streak: 2 HR in last 7 games,"platoon edge; pitcher baseline 7.1% barrel, 11.7 HR allowed",neutral batted-ball profile; pitcher fly-ball pressure modest,,
572233,Christian Walker,HOU,NYM,2026-08-29T20:10:00Z,Scheduled,6,Nolan McLean,690997,R,R,10.17,0.2005,89.85,101.5955,0.4,0.1722,0.3056,74.31,43.76,42.13,27.58,42.88,24.9,7.09,37.87,88.31,0.3458,0.1257,21.91,11.7,11.7,11.7,Citi Field,95,78,3,330 deg,Open-Meteo forecast; MLB fallback,https://forecast.weather.gov/MapClick.php?lat=40.7571&lon=-73.8458,69,9,No,Yes,6,Yes,Yes,RotoWire projected lineup; MLB probable pitchers,lineup projected / unconfirmed,H:2026/2025 P:2026/2025,,,Direct BvP not yet weighted; 2026/2025 Statcast baseline active,7,7,28,1,"Last 7 games: 7/28, 1 HR","same-side matchup; pitcher baseline 7.1% barrel, 11.7 HR allowed",neutral batted-ball profile; pitcher fly-ball pressure modest,,
673237,Yainer Diaz,HOU,NYM,2026-08-29T20:10:00Z,Scheduled,7,Nolan McLean,690997,R,R,6.8,0.1589,88.64,99.609,0.4188,0.1529,0.3099,72.41,21.39,37.33,19.8,38.0,13.0,7.09,37.87,88.31,0.3458,0.1257,21.91,11.7,11.7,11.7,Citi Field,95,78,3,330 deg,Open-Meteo forecast; MLB fallback,https://forecast.weather.gov/MapClick.php?lat=40.7571&lon=-73.8458,69,9,No,Yes,7,Yes,Yes,RotoWire projected lineup; MLB probable pitchers,lineup projected / unconfirmed,H:2026/2025 P:2026/2025,,,Direct BvP not yet weighted; 2026/2025 Statcast baseline active,7,8,23,2,Hot streak: 2 HR in last 7 games,"same-side matchup; pitcher baseline 7.1% barrel, 11.7 HR allowed",neutral batted-ball profile; pitcher fly-ball pressure modest,,
666211,Taylor Trammell,HOU,NYM,2026-08-29T20:10:00Z,Scheduled,8,Nolan McLean,690997,R,L,11.09,0.1514,89.32,100.8263,0.3658,0.1718,0.2892,75.79,58.85,45.14,30.37,38.34,5.8,7.09,37.87,88.31,0.3458,0.1257,21.91,11.7,11.7,11.7,Citi Field,95,78,3,330 deg,Open-Meteo forecast; MLB fallback,https://forecast.weather.gov/MapClick.php?lat=40.7571&lon=-73.8458,69,9,No,Yes,8,Yes,Yes,RotoWire projected lineup; MLB probable pitchers,lineup projected / unconfirmed,H:2026/2025 P:2026/2025,,,Direct BvP not yet weighted; 2026/2025 Statcast baseline active,7,2,13,0,"Last 7 games: 2/13, 0 HR","platoon edge; pitcher baseline 7.1% barrel, 11.7 HR allowed",neutral batted-ball profile; pitcher fly-ball pressure modest,,
676369,Nelson Velazquez,HOU,NYM,2026-08-29T20:10:00Z,Scheduled,9,Nolan McLean,690997,R,R,12.7,0.197,94.6,102.7723,0.476,0.229,0.343,74.9,55.0,45.5,34.5,61.8,4.0,7.09,37.87,88.31,0.3458,0.1257,21.91,11.7,11.7,11.7,Citi Field,95,78,3,330 deg,Open-Meteo forecast; MLB fallback,https://forecast.weather.gov/MapClick.php?lat=40.7571&lon=-73.8458,69,9,No,Yes,9,Yes,Yes,RotoWire projected lineup; MLB probable pitchers,lineup projected / unconfirmed,H:2026 P:2026/2025,,,Direct BvP not yet weighted; 2026/2025 Statcast baseline active,7,1,15,0,"Last 7 games: 1/15, 0 HR","same-side matchup; pitcher baseline 7.1% barrel, 11.7 HR allowed",lift-pull EV profile; pitcher fly-ball pressure modest,,
805999,A.J. Ewing,NYM,HOU,2026-08-29T20:10:00Z,Scheduled,1,Bennett Sousa,656986,L,L,7.3,0.115,89.3,100.1702,0.394,0.14,0.318,70.4,12.1,32.1,25.2,42.3,7.0,9.78,33.16,88.12,0.3413,0.1325,37.87,2.6,2.6,2.6,Citi Field,95,78,3,330 deg,Open-Meteo forecast; MLB fallback,https://forecast.weather.gov/MapClick.php?lat=40.7571&lon=-73.8458,69,9,No,Yes,1,Yes,Yes,RotoWire projected lineup; MLB probable pitchers,lineup projected / unconfirmed,H:2026 P:2026/2025,,,Direct BvP not yet weighted; 2026/2025 Statcast baseline active,7,4,30,0,"Last 7 games: 4/30, 0 HR","same-side matchup; pitcher baseline 9.8% barrel, 2.6 HR allowed",neutral batted-ball profile; pitcher allows elevated contact,,
596019,Francisco Lindor,NYM,HOU,2026-08-29T20:10:00Z,Scheduled,2,Bennett Sousa,656986,L,S,9.32,0.1899,90.85,100.2278,0.4505,0.2003,0.3429,72.02,22.18,45.11,31.07,46.08,18.4,9.78,33.16,88.12,0.3413,0.1325,37.87,2.6,2.6,2.6,Citi Field,95,78,3,330 deg,Open-Meteo forecast; MLB fallback,https://forecast.weather.gov/MapClick.php?lat=40.7571&lon=-73.8458,69,9,No,Yes,2,Yes,Yes,RotoWire projected lineup; MLB probable pitchers,lineup projected / unconfirmed,H:2026/2025 P:2026/2025,,,Direct BvP not yet weighted; 2026/2025 Statcast baseline active,7,5,28,1,"Last 7 games: 5/28, 1 HR","switch hitter; pitcher baseline 9.8% barrel, 2.6 HR allowed",neutral batted-ball profile; pitcher allows elevated contact,,
666182,Bo Bichette,NYM,HOU,2026-08-29T20:10:00Z,Scheduled,3,Bennett Sousa,656986,L,R,6.85,0.1419,90.02,101.088,0.4331,0.1489,0.3334,69.73,13.37,26.28,22.88,43.69,15.2,9.78,33.16,88.12,0.3413,0.1325,37.87,2.6,2.6,2.6,Citi Field,95,78,3,330 deg,Open-Meteo forecast; MLB fallback,https://forecast.weather.gov/MapClick.php?lat=40.7571&lon=-73.8458,69,9,No,Yes,3,Yes,Yes,RotoWire projected lineup; MLB probable pitchers,lineup projected / unconfirmed,H:2026/2025 P:2026/2025,,,Direct BvP not yet weighted; 2026/2025 Statcast baseline active,7,4,26,2,Hot streak: 2 HR in last 7 games,"platoon edge; pitcher baseline 9.8% barrel, 2.6 HR allowed",neutral batted-ball profile; pitcher allows elevated contact,,
701807,Carson Benge,NYM,HOU,2026-08-29T20:10:00Z,Scheduled,4,Bennett Sousa,656986,L,L,7.3,0.147,89.1,99.9212,0.44,0.159,0.341,71.0,17.4,32.3,27.2,40.6,16.0,9.78,33.16,88.12,0.3413,0.1325,37.87,2.6,2.6,2.6,Citi Field,95,78,3,330 deg,Open-Meteo forecast; MLB fallback,https://forecast.weather.gov/MapClick.php?lat=40.7571&lon=-73.8458,69,9,No,Yes,4,Yes,Yes,RotoWire projected lineup; MLB probable pitchers,lineup projected / unconfirmed,H:2026 P:2026/2025,,,Direct BvP not yet weighted; 2026/2025 Statcast baseline active,7,11,29,1,Contact streak: 11/29 over last 7 games,"same-side matchup; pitcher baseline 9.8% barrel, 2.6 HR allowed",neutral batted-ball profile; pitcher allows elevated contact,,
673357,Luis Robert,NYM,HOU,2026-08-29T20:10:00Z,Scheduled,5,Bennett Sousa,656986,L,R,9.25,0.1711,89.61,101.774,0.4281,0.1814,0.3273,76.58,67.62,45.95,27.45,40.55,11.2,9.78,33.16,88.12,0.3413,0.1325,37.87,2.6,2.6,2.6,Citi Field,95,78,3,330 deg,Open-Meteo forecast; MLB fallback,https://forecast.weather.gov/MapClick.php?lat=40.7571&lon=-73.8458,69,9,No,Yes,5,Yes,Yes,RotoWire projected lineup; MLB probable pitchers,lineup projected / unconfirmed,H:2026/2025 P:2026/2025,,,Direct BvP not yet weighted; 2026/2025 Statcast baseline active,7,8,25,3,Hot streak: 3 HR in last 7 games,"platoon edge; pitcher baseline 9.8% barrel, 2.6 HR allowed",neutral batted-ball profile; pitcher allows elevated contact,,
676724,Jared Young,NYM,HOU,2026-08-29T20:10:00Z,Scheduled,6,Bennett Sousa,656986,L,L,9.54,0.211,88.38,100.9105,0.4147,0.1857,0.3079,73.37,33.11,39.3,27.09,43.85,6.8,9.78,33.16,88.12,0.3413,0.1325,37.87,2.6,2.6,2.6,Citi Field,95,78,3,330 deg,Open-Meteo forecast; MLB fallback,https://forecast.weather.gov/MapClick.php?lat=40.7571&lon=-73.8458,69,9,No,Yes,6,Yes,Yes,RotoWire projected lineup; MLB probable pitchers,lineup projected / unconfirmed,H:2026/2025 P:2026/2025,,,Direct BvP not yet weighted; 2026/2025 Statcast baseline active,7,6,27,0,"Last 7 games: 6/27, 0 HR","same-side matchup; pitcher baseline 9.8% barrel, 2.6 HR allowed",neutral batted-ball profile; pitcher allows elevated contact,,
543760,Marcus Semien,NYM,HOU,2026-08-29T20:10:00Z,Scheduled,7,Bennett Sousa,656986,L,R,6.52,0.134,87.04,97.4594,0.3901,0.1439,0.3089,68.5,3.2,46.63,30.95,33.88,14.3,9.78,33.16,88.12,0.3413,0.1325,37.87,2.6,2.6,2.6,Citi Field,95,78,3,330 deg,Open-Meteo forecast; MLB fallback,https://forecast.weather.gov/MapClick.php?lat=40.7571&lon=-73.8458,69,9,No,Yes,7,Yes,Yes,RotoWire projected lineup; MLB probable pitchers,lineup projected / unconfirmed,H:2026/2025 P:2026/2025,,,Direct BvP not yet weighted; 2026/2025 Statcast baseline active,7,8,25,0,Contact streak: 8/25 over last 7 games,"platoon edge; pitcher baseline 9.8% barrel, 2.6 HR allowed",neutral batted-ball profile; pitcher allows elevated contact,,
683146,Brett Baty,NYM,HOU,2026-08-29T20:10:00Z,Scheduled,8,Bennett Sousa,656986,L,L,10.17,0.1355,90.21,101.6713,0.4045,0.1651,0.3144,75.08,53.72,36.45,25.33,43.19,11.0,9.78,33.16,88.12,0.3413,0.1325,37.87,2.6,2.6,2.6,Citi Field,95,78,3,330 deg,Open-Meteo forecast; MLB fallback,https://forecast.weather.gov/MapClick.php?lat=40.7571&lon=-73.8458,69,9,No,Yes,8,Yes,Yes,RotoWire projected lineup; MLB probable pitchers,lineup projected / unconfirmed,H:2026/2025 P:2026/2025,,,Direct BvP not yet weighted; 2026/2025 Statcast baseline active,7,6,16,0,Contact streak: 6/16 over last 7 games,"same-side matchup; pitcher baseline 9.8% barrel, 2.6 HR allowed",neutral batted-ball profile; pitcher allows elevated contact,,
620443,Luis Torrens,NYM,HOU,2026-08-29T20:10:00Z,Scheduled,9,Bennett Sousa,656986,L,R,7.34,0.1519,88.99,99.4383,0.3973,0.1492,0.3107,70.42,8.13,30.59,20.48,42.92,7.1,9.78,33.16,88.12,0.3413,0.1325,37.87,2.6,2.6,2.6,Citi Field,95,78,3,330 deg,Open-Meteo forecast; MLB fallback,https://forecast.weather.gov/MapClick.php?lat=40.7571&lon=-73.8458,69,9,No,Yes,9,Yes,Yes,RotoWire projected lineup; MLB probable pitchers,lineup projected / unconfirmed,H:2026/2025 P:2026/2025,,,Direct BvP not yet weighted; 2026/2025 Statcast baseline active,7,6,20,3,Hot streak: 3 HR in last 7 games,"platoon edge; pitcher baseline 9.8% barrel, 2.6 HR allowed",neutral batted-ball profile; pitcher allows elevated contact,,
665487,Fernando Tatis,SD,TB,2026-08-29T20:10:00Z,Scheduled,1,Nick Martinez,607259,R,R,12.05,0.1661,93.02,104.5025,0.488,0.1981,0.3742,75.58,58.19,35.15,22.29,53.48,19.4,7.07,33.52,87.39,0.424,0.1551,28.68,18.5,18.5,18.5,Tropicana Field,100,80,5,335 deg,Open-Meteo forecast; MLB fallback,https://forecast.weather.gov/MapClick.php?lat=27.7682&lon=-82.6534,89,5,No,Yes,1,Yes,Yes,RotoWire projected lineup; MLB probable pitchers,lineup projected / unconfirmed,H:2026/2025 P:2026/2025,,,Direct BvP not yet weighted; 2026/2025 Statcast baseline active,7,11,31,2,Hot streak: 2 HR in last 7 games,"same-side matchup; pitcher baseline 7.1% barrel, 18.5 HR allowed",EV profile; pitcher fly-ball pressure modest,,
650859,Luis Rengifo,SD,TB,2026-08-29T20:10:00Z,Scheduled,2,Nick Martinez,607259,R,S,4.44,0.0844,87.52,97.7721,0.3547,0.0989,0.3034,70.83,14.02,37.32,17.87,33.89,5.5,7.07,33.52,87.39,0.424,0.1551,28.68,18.5,18.5,18.5,Tropicana Field,100,80,5,335 deg,Open-Meteo forecast; MLB fallback,https://forecast.weather.gov/MapClick.php?lat=27.7682&lon=-82.6534,89,5,No,Yes,2,Yes,Yes,RotoWire projected lineup; MLB probable pitchers,lineup projected / unconfirmed,H:2026/2025 P:2026/2025,,,Direct BvP not yet weighted; 2026/2025 Statcast baseline active,7,4,22,0,"Last 7 games: 4/22, 0 HR","switch hitter; pitcher baseline 7.1% barrel, 18.5 HR allowed",neutral batted-ball profile; pitcher fly-ball pressure modest,,
592518,Manny Machado,SD,TB,2026-08-29T20:10:00Z,Scheduled,3,Nick Martinez,607259,R,R,10.66,0.1871,91.22,101.9003,0.4453,0.1925,0.3375,74.71,44.51,40.08,27.87,46.74,24.9,7.07,33.52,87.39,0.424,0.1551,28.68,18.5,18.5,18.5,Tropicana Field,100,80,5,335 deg,Open-Meteo forecast; MLB fallback,https://forecast.weather.gov/MapClick.php?lat=27.7682&lon=-82.6534,89,5,No,Yes,3,Yes,Yes,RotoWire projected lineup; MLB probable pitchers,lineup projected / unconfirmed,H:2026/2025 P:2026/2025,,,Direct BvP not yet weighted; 2026/2025 Statcast baseline active,7,4,26,0,"Last 7 games: 4/26, 0 HR","same-side matchup; pitcher baseline 7.1% barrel, 18.5 HR allowed",neutral batted-ball profile; pitcher fly-ball pressure modest,,
664034,Ty France,SD,TB,2026-08-29T20:10:00Z,Scheduled,4,Nick Martinez,607259,R,R,9.17,0.1835,91.25,101.103,0.4292,0.1765,0.3308,71.77,19.32,36.08,25.18,47.21,14.7,7.07,33.52,87.39,0.424,0.1551,28.68,18.5,18.5,18.5,Tropicana Field,100,80,5,335 deg,Open-Meteo forecast; MLB fallback,https://forecast.weather.gov/MapClick.php?lat=27.7682&lon=-82.6534,89,5,No,Yes,4,Yes,Yes,RotoWire projected lineup; MLB probable pitchers,lineup projected / unconfirmed,H:2026/2025 P:2026/2025,,,Direct BvP not yet weighted; 2026/2025 Statcast baseline active,7,4,20,1,"Last 7 games: 4/20, 1 HR","same-side matchup; pitcher baseline 7.1% barrel, 18.5 HR allowed",neutral batted-ball profile; pitcher fly-ball pressure modest,,
701538,Jackson Merrill,SD,TB,2026-08-29T20:10:00Z,Scheduled,5,Nick Martinez,607259,R,L,11.74,0.1818,90.4,100.7158,0.4732,0.2151,0.3365,72.88,27.33,37.7,30.13,45.63,19.5,7.07,33.52,87.39,0.424,0.1551,28.68,18.5,18.5,18.5,Tropicana Field,100,80,5,335 deg,Open-Meteo forecast; MLB fallback,https://forecast.weather.gov/MapClick.php?lat=27.7682&lon=-82.6534,89,5,No,Yes,5,Yes,Yes,RotoWire projected lineup; MLB probable pitchers,lineup projected / unconfirmed,H:2026/2025 P:2026/2025,,,Direct BvP not yet weighted; 2026/2025 Statcast baseline active,7,7,27,3,Hot streak: 3 HR in last 7 games,"platoon edge; pitcher baseline 7.1% barrel, 18.5 HR allowed",neutral batted-ball profile; pitcher fly-ball pressure modest,,
593428,Xander Bogaerts,SD,TB,2026-08-29T20:10:00Z,Scheduled,6,Nick Martinez,607259,R,R,6.48,0.1126,89.0,100.0327,0.3878,0.1355,0.3249,72.38,28.01,43.52,23.34,40.53,11.0,7.07,33.52,87.39,0.424,0.1551,28.68,18.5,18.5,18.5,Tropicana Field,100,80,5,335 deg,Open-Meteo forecast; MLB fallback,https://forecast.weather.gov/MapClick.php?lat=27.7682&lon=-82.6534,89,5,No,Yes,6,Yes,Yes,RotoWire projected lineup; MLB probable pitchers,lineup projected / unconfirmed,H:2026/2025 P:2026/2025,,,Direct BvP not yet weighted; 2026/2025 Statcast baseline active,7,4,24,0,"Last 7 games: 4/24, 0 HR","same-side matchup; pitcher baseline 7.1% barrel, 18.5 HR allowed",neutral batted-ball profile; pitcher fly-ball pressure modest,,
669720,Austin Hays,SD,TB,2026-08-29T20:10:00Z,Scheduled,7,Nick Martinez,607259,R,R,6.16,0.1289,87.19,98.881,0.3715,0.1158,0.2874,72.53,23.02,52.81,20.39,39.8,5.9,7.07,33.52,87.39,0.424,0.1551,28.68,18.5,18.5,18.5,Tropicana Field,100,80,5,335 deg,Open-Meteo forecast; MLB fallback,https://forecast.weather.gov/MapClick.php?lat=27.7682&lon=-82.6534,89,5,No,Yes,7,Yes,Yes,RotoWire projected lineup; MLB probable pitchers,lineup projected / unconfirmed,H:2026/2025 P:2026/2025,,,Direct BvP not yet weighted; 2026/2025 Statcast baseline active,7,3,17,0,"Last 7 games: 3/17, 0 HR","same-side matchup; pitcher baseline 7.1% barrel, 18.5 HR allowed",neutral batted-ball profile; pitcher fly-ball pressure modest,,
666023,Freddy Fermin,SD,TB,2026-08-29T20:10:00Z,Scheduled,8,Nick Martinez,607259,R,R,3.85,0.1062,87.7,97.1585,0.3252,0.1023,0.2749,69.78,6.49,37.13,27.23,29.69,4.3,7.07,33.52,87.39,0.424,0.1551,28.68,18.5,18.5,18.5,Tropicana Field,100,80,5,335 deg,Open-Meteo forecast; MLB fallback,https://forecast.weather.gov/MapClick.php?lat=27.7682&lon=-82.6534,89,5,No,Yes,8,Yes,Yes,RotoWire projected lineup; MLB probable pitchers,lineup projected / unconfirmed,H:2026/2025 P:2026/2025,,,Direct BvP not yet weighted; 2026/2025 Statcast baseline active,7,6,22,0,"Last 7 games: 6/22, 0 HR","same-side matchup; pitcher baseline 7.1% barrel, 18.5 HR allowed",neutral batted-ball profile; pitcher fly-ball pressure modest,,
630105,Jake Cronenworth,SD,TB,2026-08-29T20:10:00Z,Scheduled,9,Nick Martinez,607259,R,L,4.17,0.0939,87.59,97.9234,0.3243,0.1,0.2945,71.39,17.88,31.68,22.65,32.7,6.1,7.07,33.52,87.39,0.424,0.1551,28.68,18.5,18.5,18.5,Tropicana Field,100,80,5,335 deg,Open-Meteo forecast; MLB fallback,https://forecast.weather.gov/MapClick.php?lat=27.7682&lon=-82.6534,89,5,No,Yes,9,Yes,Yes,RotoWire projected lineup; MLB probable pitchers,lineup projected / unconfirmed,H:2026/2025 P:2026/2025,,,Direct BvP not yet weighted; 2026/2025 Statcast baseline active,7,6,25,0,"Last 7 games: 6/25, 0 HR","platoon edge; pitcher baseline 7.1% barrel, 18.5 HR allowed",neutral batted-ball profile; pitcher fly-ball pressure modest,,
650490,Yandy Diaz,TB,SD,2026-08-29T20:10:00Z,Scheduled,1,Walker Buehler,621111,R,R,7.18,0.1652,91.32,103.1065,0.4478,0.1621,0.3537,73.5,37.23,23.39,19.3,48.72,20.8,8.45,38.43,88.88,0.4108,0.1582,23.58,17.1,17.1,17.1,Tropicana Field,100,80,5,335 deg,Open-Meteo forecast; MLB fallback,https://forecast.weather.gov/MapClick.php?lat=27.7682&lon=-82.6534,89,5,No,Yes,1,Yes,Yes,RotoWire projected lineup; MLB probable pitchers,lineup projected / unconfirmed,H:2026/2025 P:2026/2025,,,Direct BvP not yet weighted; 2026/2025 Statcast baseline active,7,6,29,1,"Last 7 games: 6/29, 1 HR","same-side matchup; pitcher baseline 8.4% barrel, 17.1 HR allowed",neutral batted-ball profile; pitcher fly-ball pressure modest,,
666018,Jonathan Aranda,TB,SD,2026-08-29T20:10:00Z,Scheduled,2,Walker Buehler,621111,R,L,10.59,0.1499,91.67,101.2506,0.4625,0.1918,0.3575,70.22,12.41,32.78,30.06,48.06,15.4,8.45,38.43,88.88,0.4108,0.1582,23.58,17.1,17.1,17.1,Tropicana Field,100,80,5,335 deg,Open-Meteo forecast; MLB fallback,https://forecast.weather.gov/MapClick.php?lat=27.7682&lon=-82.6534,89,5,No,Yes,2,Yes,Yes,RotoWire projected lineup; MLB probable pitchers,lineup projected / unconfirmed,H:2026/2025 P:2026/2025,,,Direct BvP not yet weighted; 2026/2025 Statcast baseline active,7,5,23,1,"Last 7 games: 5/23, 1 HR","platoon edge; pitcher baseline 8.4% barrel, 17.1 HR allowed",neutral batted-ball profile; pitcher fly-ball pressure modest,,
691406,Junior Caminero,TB,SD,2026-08-29T20:10:00Z,Scheduled,3,Walker Buehler,621111,R,R,13.23,0.257,92.89,105.3275,0.4968,0.2285,0.3593,79.34,84.62,46.15,23.35,50.77,38.0,8.45,38.43,88.88,0.4108,0.1582,23.58,17.1,17.1,17.1,Tropicana Field,100,80,5,335 deg,Open-Meteo forecast; MLB fallback,https://forecast.weather.gov/MapClick.php?lat=27.7682&lon=-82.6534,89,5,No,Yes,3,Yes,Yes,RotoWire projected lineup; MLB probable pitchers,lineup projected / unconfirmed,H:2026/2025 P:2026/2025,,,Direct BvP not yet weighted; 2026/2025 Statcast baseline active,7,10,26,0,Contact streak: 10/26 over last 7 games,"same-side matchup; pitcher baseline 8.4% barrel, 17.1 HR allowed",EV profile; pitcher fly-ball pressure modest,,
689414,Liam Hicks,TB,SD,2026-08-29T20:10:00Z,Scheduled,4,Walker Buehler,621111,R,L,3.88,0.1424,84.88,96.2519,0.3535,0.1018,0.3178,68.03,3.79,41.82,24.29,28.05,13.7,8.45,38.43,88.88,0.4108,0.1582,23.58,17.1,17.1,17.1,Tropicana Field,100,80,5,335 deg,Open-Meteo forecast; MLB fallback,https://forecast.weather.gov/MapClick.php?lat=27.7682&lon=-82.6534,89,5,No,Yes,4,Yes,Yes,RotoWire projected lineup; MLB probable pitchers,lineup projected / unconfirmed,H:2026/2025 P:2026/2025,,,Direct BvP not yet weighted; 2026/2025 Statcast baseline active,7,7,21,1,Contact streak: 7/21 over last 7 games,"platoon edge; pitcher baseline 8.4% barrel, 17.1 HR allowed",neutral batted-ball profile; pitcher fly-ball pressure modest,,
802415,Chandler Simpson,TB,SD,2026-08-29T20:10:00Z,Scheduled,5,Walker Buehler,621111,R,L,0.0,0.0521,83.95,92.8145,0.3066,0.0382,0.2732,64.66,0.51,28.34,12.65,14.43,0.0,8.45,38.43,88.88,0.4108,0.1582,23.58,17.1,17.1,17.1,Tropicana Field,100,80,5,335 deg,Open-Meteo forecast; MLB fallback,https://forecast.weather.gov/MapClick.php?lat=27.7682&lon=-82.6534,89,5,No,Yes,5,Yes,Yes,RotoWire projected lineup; MLB probable pitchers,lineup projected / unconfirmed,H:2026/2025 P:2026/2025,,,Direct BvP not yet weighted; 2026/2025 Statcast baseline active,7,9,25,0,Contact streak: 9/25 over last 7 games,"platoon edge; pitcher baseline 8.4% barrel, 17.1 HR allowed",neutral batted-ball profile; pitcher fly-ball pressure modest,,
676356,Jonny DeLuca,TB,SD,2026-08-29T20:10:00Z,Scheduled,6,Walker Buehler,621111,R,R,3.35,0.1524,85.67,97.5264,0.3472,0.0984,0.2733,72.82,29.5,46.86,21.64,30.89,5.6,8.45,38.43,88.88,0.4108,0.1582,23.58,17.1,17.1,17.1,Tropicana Field,100,80,5,335 deg,Open-Meteo forecast; MLB fallback,https://forecast.weather.gov/MapClick.php?lat=27.7682&lon=-82.6534,89,5,No,Yes,6,Yes,Yes,RotoWire projected lineup; MLB probable pitchers,lineup projected / unconfirmed,H:2026/2025 P:2026/2025,,,Direct BvP not yet weighted; 2026/2025 Statcast baseline active,7,9,26,0,Contact streak: 9/26 over last 7 games,"same-side matchup; pitcher baseline 8.4% barrel, 17.1 HR allowed",neutral batted-ball profile; pitcher fly-ball pressure modest,,
656775,Cedric Mullins,TB,SD,2026-08-29T20:10:00Z,Scheduled,7,Walker Buehler,621111,R,L,4.87,0.1533,88.1,97.9018,0.319,0.126,0.2686,70.89,9.08,44.83,32.15,33.1,14.2,8.45,38.43,88.88,0.4108,0.1582,23.58,17.1,17.1,17.1,Tropicana Field,100,80,5,335 deg,Open-Meteo forecast; MLB fallback,https://forecast.weather.gov/MapClick.php?lat=27.7682&lon=-82.6534,89,5,No,Yes,7,Yes,Yes,RotoWire projected lineup; MLB probable pitchers,lineup projected / unconfirmed,H:2026/2025 P:2026/2025,,,Direct BvP not yet weighted; 2026/2025 Statcast baseline active,7,3,18,1,"Last 7 games: 3/18, 1 HR","platoon edge; pitcher baseline 8.4% barrel, 17.1 HR allowed",neutral batted-ball profile; pitcher fly-ball pressure modest,,
622761,Jorge Mateo,TB,SD,2026-08-29T20:10:00Z,Scheduled,8,Walker Buehler,621111,R,R,8.09,0.1317,87.96,100.0381,0.381,0.1489,0.2872,73.3,31.18,37.25,29.86,41.18,3.8,8.45,38.43,88.88,0.4108,0.1582,23.58,17.1,17.1,17.1,Tropicana Field,100,80,5,335 deg,Open-Meteo forecast; MLB fallback,https://forecast.weather.gov/MapClick.php?lat=27.7682&lon=-82.6534,89,5,No,Yes,8,Yes,Yes,RotoWire projected lineup; MLB probable pitchers,lineup projected / unconfirmed,H:2026/2025 P:2026/2025,,,Direct BvP not yet weighted; 2026/2025 Statcast baseline active,7,4,21,1,"Last 7 games: 4/21, 1 HR","same-side matchup; pitcher baseline 8.4% barrel, 17.1 HR allowed",neutral batted-ball profile; pitcher fly-ball pressure modest,,
670764,Taylor Walls,TB,SD,2026-08-29T20:10:00Z,Scheduled,9,Walker Buehler,621111,R,S,2.43,0.0815,85.88,95.4373,0.2698,0.0759,0.2512,68.35,2.13,38.19,28.77,23.18,2.6,8.45,38.43,88.88,0.4108,0.1582,23.58,17.1,17.1,17.1,Tropicana Field,100,80,5,335 deg,Open-Meteo forecast; MLB fallback,https://forecast.weather.gov/MapClick.php?lat=27.7682&lon=-82.6534,89,5,No,Yes,9,Yes,Yes,RotoWire projected lineup; MLB probable pitchers,lineup projected / unconfirmed,H:2026/2025 P:2026/2025,,,Direct BvP not yet weighted; 2026/2025 Statcast baseline active,7,3,21,0,"Last 7 games: 3/21, 0 HR","switch hitter; pitcher baseline 8.4% barrel, 17.1 HR allowed",neutral batted-ball profile; pitcher fly-ball pressure modest,,
664983,Jake McCarthy,COL,ATL,2026-08-29T20:10:00Z,Scheduled,1,Martín Pérez,527048,L,L,5.09,0.1718,84.84,96.7213,0.3936,0.1301,0.307,70.82,12.28,37.8,21.03,27.39,10.3,8.21,37.79,87.85,0.4199,0.1639,23.99,10.2,10.2,10.2,Truist Park,106,80,3,150 deg,Open-Meteo forecast; MLB fallback,https://forecast.weather.gov/MapClick.php?lat=33.8907&lon=-84.4677,77,16,No,Yes,1,Yes,Yes,RotoWire projected lineup; MLB probable pitchers,lineup projected / unconfirmed,H:2026/2025 P:2026/2025,,,Direct BvP not yet weighted; 2026/2025 Statcast baseline active,7,8,29,0,"Last 7 games: 8/29, 0 HR","same-side matchup; pitcher baseline 8.2% barrel, 10.2 HR allowed",neutral batted-ball profile; pitcher fly-ball pressure modest,,
694249,Cole Carrigg,COL,ATL,2026-08-29T20:10:00Z,Scheduled,2,Martín Pérez,527048,L,S,5.3,0.183,86.8,97.9878,0.382,0.131,0.32,73.5,36.7,47.6,28.2,32.9,6.0,8.21,37.79,87.85,0.4199,0.1639,23.99,10.2,10.2,10.2,Truist Park,106,80,3,150 deg,Open-Meteo forecast; MLB fallback,https://forecast.weather.gov/MapClick.php?lat=33.8907&lon=-84.4677,77,16,No,Yes,2,Yes,Yes,RotoWire projected lineup; MLB probable pitchers,lineup projected / unconfirmed,H:2026 P:2026/2025,,,Direct BvP not yet weighted; 2026/2025 Statcast baseline active,7,4,29,1,"Last 7 games: 4/29, 1 HR","switch hitter; pitcher baseline 8.2% barrel, 10.2 HR allowed",neutral batted-ball profile; pitcher fly-ball pressure modest,,
696100,Hunter Goodman,COL,ATL,2026-08-29T20:10:00Z,Scheduled,3,Martín Pérez,527048,L,R,15.7,0.2798,90.52,102.7862,0.4721,0.2378,0.329,75.0,49.23,47.79,33.11,45.99,34.5,8.21,37.79,87.85,0.4199,0.1639,23.99,10.2,10.2,10.2,Truist Park,106,80,3,150 deg,Open-Meteo forecast; MLB fallback,https://forecast.weather.gov/MapClick.php?lat=33.8907&lon=-84.4677,77,16,No,Yes,3,Yes,Yes,RotoWire projected lineup; MLB probable pitchers,lineup projected / unconfirmed,H:2026/2025 P:2026/2025,,,Direct BvP not yet weighted; 2026/2025 Statcast baseline active,7,7,25,2,Hot streak: 2 HR in last 7 games,"platoon edge; pitcher baseline 8.2% barrel, 10.2 HR allowed",neutral batted-ball profile; pitcher fly-ball pressure modest,,
681198,TJ Rumfield,COL,ATL,2026-08-29T20:10:00Z,Scheduled,4,Martín Pérez,527048,L,L,4.5,0.152,84.0,96.0364,0.375,0.12,0.326,68.6,8.1,41.7,28.6,27.3,13.0,8.21,37.79,87.85,0.4199,0.1639,23.99,10.2,10.2,10.2,Truist Park,106,80,3,150 deg,Open-Meteo forecast; MLB fallback,https://forecast.weather.gov/MapClick.php?lat=33.8907&lon=-84.4677,77,16,No,Yes,4,Yes,Yes,RotoWire projected lineup; MLB probable pitchers,lineup projected / unconfirmed,H:2026 P:2026/2025,,,Direct BvP not yet weighted; 2026/2025 Statcast baseline active,7,5,19,0,"Last 7 games: 5/19, 0 HR","same-side matchup; pitcher baseline 8.2% barrel, 10.2 HR allowed",neutral batted-ball profile; pitcher fly-ball pressure modest,,
650489,Willi Castro,COL,ATL,2026-08-29T20:10:00Z,Scheduled,5,Martín Pérez,527048,L,S,7.76,0.1561,87.4,100.1397,0.3862,0.1512,0.3095,72.44,25.76,42.32,30.13,39.54,13.8,8.21,37.79,87.85,0.4199,0.1639,23.99,10.2,10.2,10.2,Truist Park,106,80,3,150 deg,Open-Meteo forecast; MLB fallback,https://forecast.weather.gov/MapClick.php?lat=33.8907&lon=-84.4677,77,16,No,Yes,5,Yes,Yes,RotoWire projected lineup; MLB probable pitchers,lineup projected / unconfirmed,H:2026/2025 P:2026/2025,,,Direct BvP not yet weighted; 2026/2025 Statcast baseline active,7,6,26,1,"Last 7 games: 6/26, 1 HR","switch hitter; pitcher baseline 8.2% barrel, 10.2 HR allowed",neutral batted-ball profile; pitcher fly-ball pressure modest,,
666160,Mickey Moniak,COL,ATL,2026-08-29T20:10:00Z,Scheduled,6,Martín Pérez,527048,L,L,11.14,0.2578,89.7,100.3379,0.4291,0.2,0.3006,74.19,43.39,46.03,38.31,42.92,21.9,8.21,37.79,87.85,0.4199,0.1639,23.99,10.2,10.2,10.2,Truist Park,106,80,3,150 deg,Open-Meteo forecast; MLB fallback,https://forecast.weather.gov/MapClick.php?lat=33.8907&lon=-84.4677,77,16,No,Yes,6,Yes,Yes,RotoWire projected lineup; MLB probable pitchers,lineup projected / unconfirmed,H:2026/2025 P:2026/2025,,,Direct BvP not yet weighted; 2026/2025 Statcast baseline active,7,4,28,1,"Last 7 games: 4/28, 1 HR","same-side matchup; pitcher baseline 8.2% barrel, 10.2 HR allowed",fly-ball profile; pitcher fly-ball pressure modest,,
681393,Connor Norby,COL,ATL,2026-08-29T20:10:00Z,Scheduled,7,Martín Pérez,527048,L,R,8.07,0.1408,87.88,98.3204,0.3659,0.1515,0.3007,70.07,7.22,40.21,35.35,38.08,6.6,8.21,37.79,87.85,0.4199,0.1639,23.99,10.2,10.2,10.2,Truist Park,106,80,3,150 deg,Open-Meteo forecast; MLB fallback,https://forecast.weather.gov/MapClick.php?lat=33.8907&lon=-84.4677,77,16,No,Yes,7,Yes,Yes,RotoWire projected lineup; MLB probable pitchers,lineup projected / unconfirmed,H:2026/2025 P:2026/2025,,,Direct BvP not yet weighted; 2026/2025 Statcast baseline active,7,7,24,2,Hot streak: 2 HR in last 7 games,"platoon edge; pitcher baseline 8.2% barrel, 10.2 HR allowed",fly-ball profile; pitcher fly-ball pressure modest,,
691728,Zac Veen,COL,ATL,2026-08-29T20:10:00Z,Scheduled,8,Martín Pérez,527048,L,L,12.28,0.2311,88.31,102.1876,0.3653,0.1949,0.2725,71.84,22.45,56.55,42.84,35.95,1.7,8.21,37.79,87.85,0.4199,0.1639,23.99,10.2,10.2,10.2,Truist Park,106,80,3,150 deg,Open-Meteo forecast; MLB fallback,https://forecast.weather.gov/MapClick.php?lat=33.8907&lon=-84.4677,77,16,No,Yes,8,Yes,Yes,RotoWire projected lineup; MLB probable pitchers,lineup projected / unconfirmed,H:2026/2025 P:2026/2025,,,Direct BvP not yet weighted; 2026/2025 Statcast baseline active,7,2,13,0,"Last 7 games: 2/13, 0 HR","same-side matchup; pitcher baseline 8.2% barrel, 10.2 HR allowed",fly-ball profile; pitcher fly-ball pressure modest,,
678662,Ezequiel Tovar,COL,ATL,2026-08-29T20:10:00Z,Scheduled,9,Martín Pérez,527048,L,R,7.48,0.1337,88.0,99.0859,0.3906,0.1541,0.2924,71.95,20.75,37.89,29.78,35.33,9.7,8.21,37.79,87.85,0.4199,0.1639,23.99,10.2,10.2,10.2,Truist Park,106,80,3,150 deg,Open-Meteo forecast; MLB fallback,https://forecast.weather.gov/MapClick.php?lat=33.8907&lon=-84.4677,77,16,No,Yes,9,Yes,Yes,RotoWire projected lineup; MLB probable pitchers,lineup projected / unconfirmed,H:2026/2025 P:2026/2025,,,Direct BvP not yet weighted; 2026/2025 Statcast baseline active,7,6,17,1,Contact streak: 6/17 over last 7 games,"platoon edge; pitcher baseline 8.2% barrel, 10.2 HR allowed",neutral batted-ball profile; pitcher fly-ball pressure modest,,
686948,Drake Baldwin,ATL,COL,2026-08-29T20:10:00Z,Scheduled,1,Ryan Feltner,663372,R,L,12.61,0.1859,91.77,102.3936,0.4961,0.2199,0.367,75.3,56.16,32.71,24.97,51.35,21.1,8.86,37.24,88.04,0.4477,0.1926,28.6,14.5,14.5,14.5,Truist Park,106,80,3,150 deg,Open-Meteo forecast; MLB fallback,https://forecast.weather.gov/MapClick.php?lat=33.8907&lon=-84.4677,77,16,No,Yes,1,Yes,Yes,RotoWire projected lineup; MLB probable pitchers,lineup projected / unconfirmed,H:2026/2025 P:2026/2025,,,Direct BvP not yet weighted; 2026/2025 Statcast baseline active,7,9,27,1,Contact streak: 9/27 over last 7 games,"platoon edge; pitcher baseline 8.9% barrel, 14.5 HR allowed",neutral batted-ball profile; pitcher fly-ball pressure modest,,
645277,Ozzie Albies,ATL,COL,2026-08-29T20:10:00Z,Scheduled,2,Ryan Feltner,663372,R,S,4.34,0.1509,87.08,96.6672,0.3611,0.1251,0.2906,68.86,5.88,46.49,32.04,28.74,18.8,8.86,37.24,88.04,0.4477,0.1926,28.6,14.5,14.5,14.5,Truist Park,106,80,3,150 deg,Open-Meteo forecast; MLB fallback,https://forecast.weather.gov/MapClick.php?lat=33.8907&lon=-84.4677,77,16,No,Yes,2,Yes,Yes,RotoWire projected lineup; MLB probable pitchers,lineup projected / unconfirmed,H:2026/2025 P:2026/2025,,,Direct BvP not yet weighted; 2026/2025 Statcast baseline active,7,9,27,0,Contact streak: 9/27 over last 7 games,"switch hitter; pitcher baseline 8.9% barrel, 14.5 HR allowed",neutral batted-ball profile; pitcher fly-ball pressure modest,,
621566,Matt Olson,ATL,COL,2026-08-29T20:10:00Z,Scheduled,3,Ryan Feltner,663372,R,L,15.38,0.2568,92.88,103.8823,0.5144,0.265,0.3621,74.53,47.75,38.14,33.2,51.2,34.6,8.86,37.24,88.04,0.4477,0.1926,28.6,14.5,14.5,14.5,Truist Park,106,80,3,150 deg,Open-Meteo forecast; MLB fallback,https://forecast.weather.gov/MapClick.php?lat=33.8907&lon=-84.4677,77,16,No,Yes,3,Yes,Yes,RotoWire projected lineup; MLB probable pitchers,lineup projected / unconfirmed,H:2026/2025 P:2026/2025,,,Direct BvP not yet weighted; 2026/2025 Statcast baseline active,7,6,28,1,"Last 7 games: 6/28, 1 HR","platoon edge; pitcher baseline 8.9% barrel, 14.5 HR allowed",lift-pull EV profile; pitcher fly-ball pressure modest,,
660670,Ronald Acuna,ATL,COL,2026-08-29T20:10:00Z,Scheduled,4,Ryan Feltner,663372,R,R,13.18,0.1895,90.81,102.9224,0.4853,0.2307,0.369,76.05,63.02,36.3,27.67,47.32,15.4,8.86,37.24,88.04,0.4477,0.1926,28.6,14.5,14.5,14.5,Truist Park,106,80,3,150 deg,Open-Meteo forecast; MLB fallback,https://forecast.weather.gov/MapClick.php?lat=33.8907&lon=-84.4677,77,16,No,Yes,4,Yes,Yes,RotoWire projected lineup; MLB probable pitchers,lineup projected / unconfirmed,H:2026/2025 P:2026/2025,,,Direct BvP not yet weighted; 2026/2025 Statcast baseline active,7,5,27,0,"Last 7 games: 5/27, 0 HR","same-side matchup; pitcher baseline 8.9% barrel, 14.5 HR allowed",neutral batted-ball profile; pitcher fly-ball pressure modest,,
671739,Michael Harris,ATL,COL,2026-08-29T20:10:00Z,Scheduled,5,Ryan Feltner,663372,R,L,10.29,0.1845,90.34,103.2119,0.466,0.183,0.3346,74.79,47.26,36.78,22.21,46.76,20.7,8.86,37.24,88.04,0.4477,0.1926,28.6,14.5,14.5,14.5,Truist Park,106,80,3,150 deg,Open-Meteo forecast; MLB fallback,https://forecast.weather.gov/MapClick.php?lat=33.8907&lon=-84.4677,77,16,No,Yes,5,Yes,Yes,RotoWire projected lineup; MLB probable pitchers,lineup projected / unconfirmed,H:2026/2025 P:2026/2025,,,Direct BvP not yet weighted; 2026/2025 Statcast baseline active,7,9,26,2,Hot streak: 2 HR in last 7 games,"platoon edge; pitcher baseline 8.9% barrel, 14.5 HR allowed",neutral batted-ball profile; pitcher fly-ball pressure modest,,
643289,Mauricio Dubon,ATL,COL,2026-08-29T20:10:00Z,Scheduled,6,Ryan Feltner,663372,R,R,3.09,0.1196,85.97,96.2806,0.3632,0.1015,0.2969,68.73,3.54,31.82,25.02,28.89,9.1,8.86,37.24,88.04,0.4477,0.1926,28.6,14.5,14.5,14.5,Truist Park,106,80,3,150 deg,Open-Meteo forecast; MLB fallback,https://forecast.weather.gov/MapClick.php?lat=33.8907&lon=-84.4677,77,16,No,Yes,6,Yes,Yes,RotoWire projected lineup; MLB probable pitchers,lineup projected / unconfirmed,H:2026/2025 P:2026/2025,,,Direct BvP not yet weighted; 2026/2025 Statcast baseline active,7,10,27,0,Contact streak: 10/27 over last 7 games,"same-side matchup; pitcher baseline 8.9% barrel, 14.5 HR allowed",neutral batted-ball profile; pitcher fly-ball pressure modest,,
573262,Mike Yastrzemski,ATL,COL,2026-08-29T20:10:00Z,Scheduled,7,Ryan Feltner,663372,R,L,7.45,0.1581,90.8,99.8326,0.384,0.1477,0.3164,71.31,8.3,45.41,31.19,43.37,11.4,8.86,37.24,88.04,0.4477,0.1926,28.6,14.5,14.5,14.5,Truist Park,106,80,3,150 deg,Open-Meteo forecast; MLB fallback,https://forecast.weather.gov/MapClick.php?lat=33.8907&lon=-84.4677,77,16,No,Yes,7,Yes,Yes,RotoWire projected lineup; MLB probable pitchers,lineup projected / unconfirmed,H:2026/2025 P:2026/2025,,,Direct BvP not yet weighted; 2026/2025 Statcast baseline active,7,4,15,0,"Last 7 games: 4/15, 0 HR","platoon edge; pitcher baseline 8.9% barrel, 14.5 HR allowed",neutral batted-ball profile; pitcher fly-ball pressure modest,,
669221,Sean Murphy,ATL,COL,2026-08-29T20:10:00Z,Scheduled,8,Ryan Feltner,663372,R,R,6.33,0.1358,84.76,99.3519,0.296,0.116,0.2286,71.76,23.5,49.61,23.06,33.93,5.5,8.86,37.24,88.04,0.4477,0.1926,28.6,14.5,14.5,14.5,Truist Park,106,80,3,150 deg,Open-Meteo forecast; MLB fallback,https://forecast.weather.gov/MapClick.php?lat=33.8907&lon=-84.4677,77,16,No,Yes,8,Yes,Yes,RotoWire projected lineup; MLB probable pitchers,lineup projected / unconfirmed,H:2026/2025 P:2026/2025,,,Direct BvP not yet weighted; 2026/2025 Statcast baseline active,7,7,24,1,"Last 7 games: 7/24, 1 HR","same-side matchup; pitcher baseline 8.9% barrel, 14.5 HR allowed",neutral batted-ball profile; pitcher fly-ball pressure modest,,
673490,Ha-Seong Kim,ATL,COL,2026-08-29T20:10:00Z,Scheduled,9,Ryan Feltner,663372,R,R,4.22,0.0333,87.04,96.5607,0.2538,0.0734,0.2382,71.45,16.82,45.2,31.53,30.84,1.5,8.86,37.24,88.04,0.4477,0.1926,28.6,14.5,14.5,14.5,Truist Park,106,80,3,150 deg,Open-Meteo forecast; MLB fallback,https://forecast.weather.gov/MapClick.php?lat=33.8907&lon=-84.4677,77,16,No,Yes,9,Yes,Yes,RotoWire projected lineup; MLB probable pitchers,lineup projected / unconfirmed,H:2026/2025 P:2026/2025,,,Direct BvP not yet weighted; 2026/2025 Statcast baseline active,7,2,10,0,"Last 7 games: 2/10, 0 HR","same-side matchup; pitcher baseline 8.9% barrel, 14.5 HR allowed",neutral batted-ball profile; pitcher fly-ball pressure modest,,
592626,Joc Pederson,TEX,MIL,2026-08-29T23:15:00Z,Scheduled,1,Shane Drohan,675660,L,L,10.62,0.2156,91.9,101.9885,0.4315,0.1929,0.3367,72.46,25.27,42.9,29.82,48.86,18.8,8.0,37.5,87.9,0.361,0.131,28.2,9.0,9.0,9.0,American Family Field,100,76,5,144 deg,Open-Meteo forecast; MLB fallback,https://forecast.weather.gov/MapClick.php?lat=43.0280&lon=-87.9712,59,0,No,Yes,1,Yes,Yes,RotoWire projected lineup; MLB probable pitchers,lineup projected / unconfirmed,H:2026/2025 P:2026,,,Direct BvP not yet weighted; 2026/2025 Statcast baseline active,7,2,14,1,"Last 7 games: 2/14, 1 HR","same-side matchup; pitcher baseline 8.0% barrel, 9.0 HR allowed",neutral batted-ball profile; pitcher fly-ball pressure modest,,
608369,Corey Seager,TEX,MIL,2026-08-29T23:15:00Z,Scheduled,2,Shane Drohan,675660,L,L,14.6,0.1964,91.99,102.5842,0.492,0.2392,0.3587,71.8,15.3,40.29,31.69,49.68,15.4,8.0,37.5,87.9,0.361,0.131,28.2,9.0,9.0,9.0,American Family Field,100,76,5,144 deg,Open-Meteo forecast; MLB fallback,https://forecast.weather.gov/MapClick.php?lat=43.0280&lon=-87.9712,59,0,No,Yes,2,Yes,Yes,RotoWire projected lineup; MLB probable pitchers,lineup projected / unconfirmed,H:2026/2025 P:2026,,,Direct BvP not yet weighted; 2026/2025 Statcast baseline active,7,7,28,0,"Last 7 games: 7/28, 0 HR","same-side matchup; pitcher baseline 8.0% barrel, 9.0 HR allowed",neutral batted-ball profile; pitcher fly-ball pressure modest,,
694671,Wyatt Langford,TEX,MIL,2026-08-29T23:15:00Z,Scheduled,3,Shane Drohan,675660,L,R,9.1,0.2005,90.0,100.9161,0.4158,0.1722,0.3271,72.68,25.54,43.03,28.57,42.31,17.1,8.0,37.5,87.9,0.361,0.131,28.2,9.0,9.0,9.0,American Family Field,100,76,5,144 deg,Open-Meteo forecast; MLB fallback,https://forecast.weather.gov/MapClick.php?lat=43.0280&lon=-87.9712,59,0,No,Yes,3,Yes,Yes,RotoWire projected lineup; MLB probable pitchers,lineup projected / unconfirmed,H:2026/2025 P:2026,,,Direct BvP not yet weighted; 2026/2025 Statcast baseline active,7,9,26,1,Contact streak: 9/26 over last 7 games,"platoon edge; pitcher baseline 8.0% barrel, 9.0 HR allowed",neutral batted-ball profile; pitcher fly-ball pressure modest,,
607043,Brandon Nimmo,TEX,MIL,2026-08-29T23:15:00Z,Scheduled,4,Shane Drohan,675660,L,L,9.71,0.1621,92.11,102.0841,0.4547,0.1838,0.3448,72.27,27.25,32.47,26.19,50.55,16.6,8.0,37.5,87.9,0.361,0.131,28.2,9.0,9.0,9.0,American Family Field,100,76,5,144 deg,Open-Meteo forecast; MLB fallback,https://forecast.weather.gov/MapClick.php?lat=43.0280&lon=-87.9712,59,0,No,Yes,4,Yes,Yes,RotoWire projected lineup; MLB probable pitchers,lineup projected / unconfirmed,H:2026/2025 P:2026,,,Direct BvP not yet weighted; 2026/2025 Statcast baseline active,7,2,27,0,"Last 7 games: 2/27, 0 HR","same-side matchup; pitcher baseline 8.0% barrel, 9.0 HR allowed",EV profile; pitcher fly-ball pressure modest,,
677649,Ezequiel Duran,TEX,MIL,2026-08-29T23:15:00Z,Scheduled,5,Shane Drohan,675660,L,R,5.12,0.1411,87.75,98.8462,0.3489,0.1139,0.2855,72.27,24.24,35.87,21.65,35.24,9.8,8.0,37.5,87.9,0.361,0.131,28.2,9.0,9.0,9.0,American Family Field,100,76,5,144 deg,Open-Meteo forecast; MLB fallback,https://forecast.weather.gov/MapClick.php?lat=43.0280&lon=-87.9712,59,0,No,Yes,5,Yes,Yes,RotoWire projected lineup; MLB probable pitchers,lineup projected / unconfirmed,H:2026/2025 P:2026,,,Direct BvP not yet weighted; 2026/2025 Statcast baseline active,7,10,26,1,Contact streak: 10/26 over last 7 games,"platoon edge; pitcher baseline 8.0% barrel, 9.0 HR allowed",neutral batted-ball profile; pitcher fly-ball pressure modest,,
694497,Evan Carter,TEX,MIL,2026-08-29T23:15:00Z,Scheduled,6,Shane Drohan,675660,L,L,5.55,0.1324,87.47,98.6229,0.3327,0.1204,0.2905,70.95,17.37,38.35,28.05,35.44,7.1,8.0,37.5,87.9,0.361,0.131,28.2,9.0,9.0,9.0,American Family Field,100,76,5,144 deg,Open-Meteo forecast; MLB fallback,https://forecast.weather.gov/MapClick.php?lat=43.0280&lon=-87.9712,59,0,No,Yes,6,Yes,Yes,RotoWire projected lineup; MLB probable pitchers,lineup projected / unconfirmed,H:2026/2025 P:2026,,,Direct BvP not yet weighted; 2026/2025 Statcast baseline active,7,4,18,0,"Last 7 games: 4/18, 0 HR","same-side matchup; pitcher baseline 8.0% barrel, 9.0 HR allowed",neutral batted-ball profile; pitcher fly-ball pressure modest,,
669394,Jake Burger,TEX,MIL,2026-08-29T23:15:00Z,Scheduled,7,Shane Drohan,675660,L,R,12.36,0.1907,90.26,102.8791,0.436,0.1984,0.3163,75.37,58.42,41.32,28.11,47.59,20.9,8.0,37.5,87.9,0.361,0.131,28.2,9.0,9.0,9.0,American Family Field,100,76,5,144 deg,Open-Meteo forecast; MLB fallback,https://forecast.weather.gov/MapClick.php?lat=43.0280&lon=-87.9712,59,0,No,Yes,7,Yes,Yes,RotoWire projected lineup; MLB probable pitchers,lineup projected / unconfirmed,H:2026/2025 P:2026,,,Direct BvP not yet weighted; 2026/2025 Statcast baseline active,7,4,19,2,Hot streak: 2 HR in last 7 games,"platoon edge; pitcher baseline 8.0% barrel, 9.0 HR allowed",neutral batted-ball profile; pitcher fly-ball pressure modest,,
683227,Cody Freeman,TEX,MIL,2026-08-29T23:15:00Z,Scheduled,8,Shane Drohan,675660,L,R,1.26,0.0636,83.85,94.1676,0.2413,0.0471,0.2318,67.02,0.45,42.58,18.11,20.27,0.9,8.0,37.5,87.9,0.361,0.131,28.2,9.0,9.0,9.0,American Family Field,100,76,5,144 deg,Open-Meteo forecast; MLB fallback,https://forecast.weather.gov/MapClick.php?lat=43.0280&lon=-87.9712,59,0,No,Yes,8,Yes,Yes,RotoWire projected lineup; MLB probable pitchers,lineup projected / unconfirmed,H:2026/2025 P:2026,,,Direct BvP not yet weighted; 2026/2025 Statcast baseline active,7,6,22,0,"Last 7 games: 6/22, 0 HR","platoon edge; pitcher baseline 8.0% barrel, 9.0 HR allowed",neutral batted-ball profile; pitcher fly-ball pressure modest,,
643376,Danny Jansen,TEX,MIL,2026-08-29T23:15:00Z,Scheduled,9,Shane Drohan,675660,L,R,7.19,0.1637,87.32,97.7459,0.3035,0.1283,0.2647,70.06,6.88,55.73,28.7,34.52,7.0,8.0,37.5,87.9,0.361,0.131,28.2,9.0,9.0,9.0,American Family Field,100,76,5,144 deg,Open-Meteo forecast; MLB fallback,https://forecast.weather.gov/MapClick.php?lat=43.0280&lon=-87.9712,59,0,No,Yes,9,Yes,Yes,RotoWire projected lineup; MLB probable pitchers,lineup projected / unconfirmed,H:2026/2025 P:2026,,,Direct BvP not yet weighted; 2026/2025 Statcast baseline active,7,3,16,2,Hot streak: 2 HR in last 7 games,"platoon edge; pitcher baseline 8.0% barrel, 9.0 HR allowed",neutral batted-ball profile; pitcher fly-ball pressure modest,,
668930,Brice Turang,MIL,TEX,2026-08-29T23:15:00Z,Scheduled,1,Cal Quantrill,615698,R,L,7.86,0.168,90.47,100.3467,0.4283,0.1719,0.3392,70.18,13.13,27.58,24.27,43.2,17.3,8.58,37.09,89.07,0.433,0.1786,29.01,12.9,12.9,12.9,American Family Field,100,76,5,144 deg,Open-Meteo forecast; MLB fallback,https://forecast.weather.gov/MapClick.php?lat=43.0280&lon=-87.9712,59,0,No,Yes,1,Yes,Yes,RotoWire projected lineup; MLB probable pitchers,lineup projected / unconfirmed,H:2026/2025 P:2026/2025,,,Direct BvP not yet weighted; 2026/2025 Statcast baseline active,7,5,30,1,"Last 7 games: 5/30, 1 HR","platoon edge; pitcher baseline 8.6% barrel, 12.9 HR allowed",neutral batted-ball profile; pitcher fly-ball pressure modest,,
694192,Jackson Chourio,MIL,TEX,2026-08-29T23:15:00Z,Scheduled,2,Cal Quantrill,615698,R,R,12.22,0.1937,91.12,102.0072,0.4638,0.2077,0.3322,74.25,43.89,30.52,28.64,46.08,19.6,8.58,37.09,89.07,0.433,0.1786,29.01,12.9,12.9,12.9,American Family Field,100,76,5,144 deg,Open-Meteo forecast; MLB fallback,https://forecast.weather.gov/MapClick.php?lat=43.0280&lon=-87.9712,59,0,No,Yes,2,Yes,Yes,RotoWire projected lineup; MLB probable pitchers,lineup projected / unconfirmed,H:2026/2025 P:2026/2025,,,Direct BvP not yet weighted; 2026/2025 Statcast baseline active,7,9,29,2,Hot streak: 2 HR in last 7 games,"same-side matchup; pitcher baseline 8.6% barrel, 12.9 HR allowed",neutral batted-ball profile; pitcher fly-ball pressure modest,,
641343,Jake Bauers,MIL,TEX,2026-08-29T23:15:00Z,Scheduled,3,Cal Quantrill,615698,R,L,13.91,0.2095,92.19,103.0911,0.4724,0.2223,0.3652,76.57,70.07,40.69,30.54,50.78,18.2,8.58,37.09,89.07,0.433,0.1786,29.01,12.9,12.9,12.9,American Family Field,100,76,5,144 deg,Open-Meteo forecast; MLB fallback,https://forecast.weather.gov/MapClick.php?lat=43.0280&lon=-87.9712,59,0,No,Yes,3,Yes,Yes,RotoWire projected lineup; MLB probable pitchers,lineup projected / unconfirmed,H:2026/2025 P:2026/2025,,,Direct BvP not yet weighted; 2026/2025 Statcast baseline active,7,5,22,1,"Last 7 games: 5/22, 1 HR","platoon edge; pitcher baseline 8.6% barrel, 12.9 HR allowed",lift-pull EV profile; pitcher fly-ball pressure modest,,
661388,William Contreras,MIL,TEX,2026-08-29T23:15:00Z,Scheduled,4,Cal Quantrill,615698,R,R,7.38,0.1285,90.4,101.5359,0.4238,0.166,0.3329,73.34,35.88,36.04,24.15,44.86,13.5,8.58,37.09,89.07,0.433,0.1786,29.01,12.9,12.9,12.9,American Family Field,100,76,5,144 deg,Open-Meteo forecast; MLB fallback,https://forecast.weather.gov/MapClick.php?lat=43.0280&lon=-87.9712,59,0,No,Yes,4,Yes,Yes,RotoWire projected lineup; MLB probable pitchers,lineup projected / unconfirmed,H:2026/2025 P:2026/2025,,,Direct BvP not yet weighted; 2026/2025 Statcast baseline active,7,13,30,0,Contact streak: 13/30 over last 7 games,"same-side matchup; pitcher baseline 8.6% barrel, 12.9 HR allowed",neutral batted-ball profile; pitcher fly-ball pressure modest,,
592885,Christian Yelich,MIL,TEX,2026-08-29T23:15:00Z,Scheduled,5,Cal Quantrill,615698,R,L,10.02,0.1565,89.36,101.0385,0.404,0.1674,0.3174,73.09,31.83,34.1,18.74,44.37,15.0,8.58,37.09,89.07,0.433,0.1786,29.01,12.9,12.9,12.9,American Family Field,100,76,5,144 deg,Open-Meteo forecast; MLB fallback,https://forecast.weather.gov/MapClick.php?lat=43.0280&lon=-87.9712,59,0,No,Yes,5,Yes,Yes,RotoWire projected lineup; MLB probable pitchers,lineup projected / unconfirmed,H:2026/2025 P:2026/2025,,,Direct BvP not yet weighted; 2026/2025 Statcast baseline active,7,9,23,0,Contact streak: 9/23 over last 7 games,"platoon edge; pitcher baseline 8.6% barrel, 12.9 HR allowed",neutral batted-ball profile; pitcher fly-ball pressure modest,,
687401,Joey Ortiz,MIL,TEX,2026-08-29T23:15:00Z,Scheduled,6,Cal Quantrill,615698,R,R,4.05,0.1185,87.49,98.9517,0.3368,0.0981,0.2904,72.79,29.24,31.42,20.38,35.6,7.0,8.58,37.09,89.07,0.433,0.1786,29.01,12.9,12.9,12.9,American Family Field,100,76,5,144 deg,Open-Meteo forecast; MLB fallback,https://forecast.weather.gov/MapClick.php?lat=43.0280&lon=-87.9712,59,0,No,Yes,6,Yes,Yes,RotoWire projected lineup; MLB probable pitchers,lineup projected / unconfirmed,H:2026/2025 P:2026/2025,,,Direct BvP not yet weighted; 2026/2025 Statcast baseline active,7,6,26,0,"Last 7 games: 6/26, 0 HR","same-side matchup; pitcher baseline 8.6% barrel, 12.9 HR allowed",neutral batted-ball profile; pitcher fly-ball pressure modest,,
669003,Garrett Mitchell,MIL,TEX,2026-08-29T23:15:00Z,Scheduled,7,Cal Quantrill,615698,R,L,10.69,0.1356,92.15,103.6947,0.4103,0.161,0.33,77.08,77.02,33.23,17.62,48.99,6.3,8.58,37.09,89.07,0.433,0.1786,29.01,12.9,12.9,12.9,American Family Field,100,76,5,144 deg,Open-Meteo forecast; MLB fallback,https://forecast.weather.gov/MapClick.php?lat=43.0280&lon=-87.9712,59,0,No,Yes,7,Yes,Yes,RotoWire projected lineup; MLB probable pitchers,lineup projected / unconfirmed,H:2026/2025 P:2026/2025,,,Direct BvP not yet weighted; 2026/2025 Statcast baseline active,7,7,18,1,Contact streak: 7/18 over last 7 games,"platoon edge; pitcher baseline 8.6% barrel, 12.9 HR allowed",EV profile; pitcher fly-ball pressure modest,,
686217,Sal Frelick,MIL,TEX,2026-08-29T23:15:00Z,Scheduled,8,Cal Quantrill,615698,R,L,2.61,0.1009,85.78,96.4934,0.3271,0.0812,0.2864,68.24,3.69,39.39,20.55,27.96,6.4,8.58,37.09,89.07,0.433,0.1786,29.01,12.9,12.9,12.9,American Family Field,100,76,5,144 deg,Open-Meteo forecast; MLB fallback,https://forecast.weather.gov/MapClick.php?lat=43.0280&lon=-87.9712,59,0,No,Yes,8,Yes,Yes,RotoWire projected lineup; MLB probable pitchers,lineup projected / unconfirmed,H:2026/2025 P:2026/2025,,,Direct BvP not yet weighted; 2026/2025 Statcast baseline active,7,8,25,1,Contact streak: 8/25 over last 7 games,"platoon edge; pitcher baseline 8.6% barrel, 12.9 HR allowed",neutral batted-ball profile; pitcher fly-ball pressure modest,,
666152,David Hamilton,MIL,TEX,2026-08-29T23:15:00Z,Scheduled,9,Cal Quantrill,615698,R,L,4.32,0.1077,86.81,96.7844,0.3127,0.096,0.2705,69.73,6.87,34.76,25.67,27.8,4.6,8.58,37.09,89.07,0.433,0.1786,29.01,12.9,12.9,12.9,American Family Field,100,76,5,144 deg,Open-Meteo forecast; MLB fallback,https://forecast.weather.gov/MapClick.php?lat=43.0280&lon=-87.9712,59,0,No,Yes,9,Yes,Yes,RotoWire projected lineup; MLB probable pitchers,lineup projected / unconfirmed,H:2026/2025 P:2026/2025,,,Direct BvP not yet weighted; 2026/2025 Statcast baseline active,7,10,27,1,Contact streak: 10/27 over last 7 games,"platoon edge; pitcher baseline 8.6% barrel, 12.9 HR allowed",neutral batted-ball profile; pitcher fly-ball pressure modest,,
677942,Blaze Alexander,BAL,ATH,2026-08-30T02:05:00Z,Scheduled,1,Jack Perkins,678022,R,R,8.88,0.1348,91.88,100.8063,0.4391,0.1598,0.3442,72.31,25.26,33.81,22.13,47.12,4.9,9.11,36.44,87.8,0.3769,0.1489,33.75,13.1,13.1,13.1,Sutter Health Park,106,74,7,234 deg,Open-Meteo forecast; MLB fallback,https://forecast.weather.gov/MapClick.php?lat=38.5804&lon=-121.5139,51,8,No,Yes,1,Yes,Yes,RotoWire projected lineup; MLB probable pitchers,lineup projected / unconfirmed,H:2026/2025 P:2026/2025,,,Direct BvP not yet weighted; 2026/2025 Statcast baseline active,7,10,27,1,Contact streak: 10/27 over last 7 games,"same-side matchup; pitcher baseline 9.1% barrel, 13.1 HR allowed",neutral batted-ball profile; pitcher allows elevated contact,,
624413,Pete Alonso,BAL,ATH,2026-08-30T02:05:00Z,Scheduled,2,Jack Perkins,678022,R,R,15.54,0.2422,93.99,104.2993,0.5566,0.2759,0.3909,74.78,48.93,35.94,30.88,56.08,33.8,9.11,36.44,87.8,0.3769,0.1489,33.75,13.1,13.1,13.1,Sutter Health Park,106,74,7,234 deg,Open-Meteo forecast; MLB fallback,https://forecast.weather.gov/MapClick.php?lat=38.5804&lon=-121.5139,51,8,No,Yes,2,Yes,Yes,RotoWire projected lineup; MLB probable pitchers,lineup projected / unconfirmed,H:2026/2025 P:2026/2025,,,Direct BvP not yet weighted; 2026/2025 Statcast baseline active,7,9,28,3,Hot streak: 3 HR in last 7 games,"same-side matchup; pitcher baseline 9.1% barrel, 13.1 HR allowed",EV profile; pitcher allows elevated contact,,
702616,Jackson Holliday,BAL,ATH,2026-08-30T02:05:00Z,Scheduled,3,Jack Perkins,678022,R,L,6.75,0.1267,87.68,98.1145,0.3767,0.1336,0.3105,70.6,7.55,33.87,24.33,35.97,9.3,9.11,36.44,87.8,0.3769,0.1489,33.75,13.1,13.1,13.1,Sutter Health Park,106,74,7,234 deg,Open-Meteo forecast; MLB fallback,https://forecast.weather.gov/MapClick.php?lat=38.5804&lon=-121.5139,51,8,No,Yes,3,Yes,Yes,RotoWire projected lineup; MLB probable pitchers,lineup projected / unconfirmed,H:2026/2025 P:2026/2025,,,Direct BvP not yet weighted; 2026/2025 Statcast baseline active,7,7,31,0,"Last 7 games: 7/31, 0 HR","platoon edge; pitcher baseline 9.1% barrel, 13.1 HR allowed",neutral batted-ball profile; pitcher allows elevated contact,,
691723,Coby Mayo,BAL,ATH,2026-08-30T02:05:00Z,Scheduled,4,Jack Perkins,678022,R,R,12.13,0.2116,90.59,102.7993,0.4197,0.2013,0.3079,75.4,54.95,49.62,33.76,45.1,15.9,9.11,36.44,87.8,0.3769,0.1489,33.75,13.1,13.1,13.1,Sutter Health Park,106,74,7,234 deg,Open-Meteo forecast; MLB fallback,https://forecast.weather.gov/MapClick.php?lat=38.5804&lon=-121.5139,51,8,No,Yes,4,Yes,Yes,RotoWire projected lineup; MLB probable pitchers,lineup projected / unconfirmed,H:2026/2025 P:2026/2025,,,Direct BvP not yet weighted; 2026/2025 Statcast baseline active,7,6,25,1,"Last 7 games: 6/25, 1 HR","same-side matchup; pitcher baseline 9.1% barrel, 13.1 HR allowed",neutral batted-ball profile; pitcher allows elevated contact,,
687952,Christian Encarnacion-Strand,BAL,ATH,2026-08-30T02:05:00Z,Scheduled,5,Jack Perkins,678022,R,R,14.81,0.2285,91.4,102.2574,0.5142,0.2675,0.3336,73.74,38.02,45.18,29.72,44.28,6.7,9.11,36.44,87.8,0.3769,0.1489,33.75,13.1,13.1,13.1,Sutter Health Park,106,74,7,234 deg,Open-Meteo forecast; MLB fallback,https://forecast.weather.gov/MapClick.php?lat=38.5804&lon=-121.5139,51,8,No,Yes,5,Yes,Yes,RotoWire projected lineup; MLB probable pitchers,lineup projected / unconfirmed,H:2026/2025 P:2026/2025,,,Direct BvP not yet weighted; 2026/2025 Statcast baseline active,7,9,29,1,"Last 7 games: 9/29, 1 HR","same-side matchup; pitcher baseline 9.1% barrel, 13.1 HR allowed",neutral batted-ball profile; pitcher allows elevated contact,,
665750,Leody Taveras,BAL,ATH,2026-08-30T02:05:00Z,Scheduled,6,Jack Perkins,678022,R,S,5.0,0.1228,88.29,99.2808,0.3244,0.1124,0.2642,72.39,24.74,33.86,24.1,33.8,6.5,9.11,36.44,87.8,0.3769,0.1489,33.75,13.1,13.1,13.1,Sutter Health Park,106,74,7,234 deg,Open-Meteo forecast; MLB fallback,https://forecast.weather.gov/MapClick.php?lat=38.5804&lon=-121.5139,51,8,No,Yes,6,Yes,Yes,RotoWire projected lineup; MLB probable pitchers,lineup projected / unconfirmed,H:2026/2025 P:2026/2025,,,Direct BvP not yet weighted; 2026/2025 Statcast baseline active,7,4,28,1,"Last 7 games: 4/28, 1 HR","switch hitter; pitcher baseline 9.1% barrel, 13.1 HR allowed",neutral batted-ball profile; pitcher allows elevated contact,,
681047,Christian Franklin,BAL,ATH,2026-08-30T02:05:00Z,Scheduled,7,Jack Perkins,678022,R,R,15.8,0.069,88.6,100.0786,0.365,0.193,0.329,74.4,49.0,10.5,26.3,47.4,0.0,9.11,36.44,87.8,0.3769,0.1489,33.75,13.1,13.1,13.1,Sutter Health Park,106,74,7,234 deg,Open-Meteo forecast; MLB fallback,https://forecast.weather.gov/MapClick.php?lat=38.5804&lon=-121.5139,51,8,No,Yes,7,Yes,Yes,RotoWire projected lineup; MLB probable pitchers,lineup projected / unconfirmed,H:2026 P:2026/2025,,,Direct BvP not yet weighted; 2026/2025 Statcast baseline active,7,3,17,0,"Last 7 games: 3/17, 0 HR","same-side matchup; pitcher baseline 9.1% barrel, 13.1 HR allowed",neutral batted-ball profile; pitcher allows elevated contact,,
687637,Dylan Beavers,BAL,ATH,2026-08-30T02:05:00Z,Scheduled,8,Jack Perkins,678022,R,L,8.39,0.152,88.87,99.4751,0.3905,0.1649,0.3202,72.41,21.26,40.53,32.51,37.03,5.4,9.11,36.44,87.8,0.3769,0.1489,33.75,13.1,13.1,13.1,Sutter Health Park,106,74,7,234 deg,Open-Meteo forecast; MLB fallback,https://forecast.weather.gov/MapClick.php?lat=38.5804&lon=-121.5139,51,8,No,Yes,8,Yes,Yes,RotoWire projected lineup; MLB probable pitchers,lineup projected / unconfirmed,H:2026/2025 P:2026/2025,,,Direct BvP not yet weighted; 2026/2025 Statcast baseline active,7,7,20,1,Contact streak: 7/20 over last 7 games,"platoon edge; pitcher baseline 9.1% barrel, 13.1 HR allowed",neutral batted-ball profile; pitcher allows elevated contact,,
665966,Carlos Narvaez,BAL,ATH,2026-08-30T02:05:00Z,Scheduled,9,Jack Perkins,678022,R,R,7.63,0.1059,91.24,100.3443,0.3355,0.1326,0.2748,72.02,19.18,31.95,30.59,40.47,6.6,9.11,36.44,87.8,0.3769,0.1489,33.75,13.1,13.1,13.1,Sutter Health Park,106,74,7,234 deg,Open-Meteo forecast; MLB fallback,https://forecast.weather.gov/MapClick.php?lat=38.5804&lon=-121.5139,51,8,No,Yes,9,Yes,Yes,RotoWire projected lineup; MLB probable pitchers,lineup projected / unconfirmed,H:2026/2025 P:2026/2025,,,Direct BvP not yet weighted; 2026/2025 Statcast baseline active,7,1,16,0,"Last 7 games: 1/16, 0 HR","same-side matchup; pitcher baseline 9.1% barrel, 13.1 HR allowed",neutral batted-ball profile; pitcher allows elevated contact,,
703607,Henry Bolte,ATH,BAL,2026-08-30T02:05:00Z,Scheduled,1,Shane Baz,669358,R,R,7.1,0.102,90.9,104.5294,0.356,0.114,0.305,77.0,72.8,31.6,16.5,47.4,6.0,7.47,41.5,90.12,0.3909,0.1462,25.57,15.5,15.5,15.5,Sutter Health Park,106,74,7,234 deg,Open-Meteo forecast; MLB fallback,https://forecast.weather.gov/MapClick.php?lat=38.5804&lon=-121.5139,51,8,No,Yes,1,Yes,Yes,RotoWire projected lineup; MLB probable pitchers,lineup projected / unconfirmed,H:2026 P:2026/2025,,,Direct BvP not yet weighted; 2026/2025 Statcast baseline active,7,7,26,0,"Last 7 games: 7/26, 0 HR","same-side matchup; pitcher baseline 7.5% barrel, 15.5 HR allowed",neutral batted-ball profile; pitcher fly-ball pressure modest,,
643446,Jeff McNeil,ATH,BAL,2026-08-30T02:05:00Z,Scheduled,2,Shane Baz,669358,R,L,2.79,0.1183,86.92,96.6838,0.3782,0.1034,0.3153,69.23,5.44,43.56,23.19,31.5,7.8,7.47,41.5,90.12,0.3909,0.1462,25.57,15.5,15.5,15.5,Sutter Health Park,106,74,7,234 deg,Open-Meteo forecast; MLB fallback,https://forecast.weather.gov/MapClick.php?lat=38.5804&lon=-121.5139,51,8,No,Yes,2,Yes,Yes,RotoWire projected lineup; MLB probable pitchers,lineup projected / unconfirmed,H:2026/2025 P:2026/2025,,,Direct BvP not yet weighted; 2026/2025 Statcast baseline active,7,8,30,0,"Last 7 games: 8/30, 0 HR","platoon edge; pitcher baseline 7.5% barrel, 15.5 HR allowed",neutral batted-ball profile; pitcher fly-ball pressure modest,,
680869,Zack Gelof,ATH,BAL,2026-08-30T02:05:00Z,Scheduled,3,Shane Baz,669358,R,R,9.42,0.1687,88.66,99.7035,0.3655,0.1662,0.2757,73.29,28.48,39.18,27.8,44.05,10.4,7.47,41.5,90.12,0.3909,0.1462,25.57,15.5,15.5,15.5,Sutter Health Park,106,74,7,234 deg,Open-Meteo forecast; MLB fallback,https://forecast.weather.gov/MapClick.php?lat=38.5804&lon=-121.5139,51,8,No,Yes,3,Yes,Yes,RotoWire projected lineup; MLB probable pitchers,lineup projected / unconfirmed,H:2026/2025 P:2026/2025,,,Direct BvP not yet weighted; 2026/2025 Statcast baseline active,7,4,27,0,"Last 7 games: 4/27, 0 HR","same-side matchup; pitcher baseline 7.5% barrel, 15.5 HR allowed",neutral batted-ball profile; pitcher fly-ball pressure modest,,
671732,Lawrence Butler,ATH,BAL,2026-08-30T02:05:00Z,Scheduled,4,Shane Baz,669358,R,L,8.15,0.1525,89.66,101.7192,0.3825,0.1486,0.3124,73.7,38.37,34.26,22.35,45.1,14.7,7.47,41.5,90.12,0.3909,0.1462,25.57,15.5,15.5,15.5,Sutter Health Park,106,74,7,234 deg,Open-Meteo forecast; MLB fallback,https://forecast.weather.gov/MapClick.php?lat=38.5804&lon=-121.5139,51,8,No,Yes,4,Yes,Yes,RotoWire projected lineup; MLB probable pitchers,lineup projected / unconfirmed,H:2026/2025 P:2026/2025,,,Direct BvP not yet weighted; 2026/2025 Statcast baseline active,7,9,25,1,Contact streak: 9/25 over last 7 games,"platoon edge; pitcher baseline 7.5% barrel, 15.5 HR allowed",neutral batted-ball profile; pitcher fly-ball pressure modest,,
695720,Tommy White,ATH,BAL,2026-08-30T02:05:00Z,Scheduled,5,Shane Baz,669358,R,R,8.8,0.074,85.7,97.4128,0.414,0.134,0.313,69.3,13.8,27.4,22.1,32.7,2.0,7.47,41.5,90.12,0.3909,0.1462,25.57,15.5,15.5,15.5,Sutter Health Park,106,74,7,234 deg,Open-Meteo forecast; MLB fallback,https://forecast.weather.gov/MapClick.php?lat=38.5804&lon=-121.5139,51,8,No,Yes,5,Yes,Yes,RotoWire projected lineup; MLB probable pitchers,lineup projected / unconfirmed,H:2026 P:2026/2025,,,Direct BvP not yet weighted; 2026/2025 Statcast baseline active,7,9,28,0,Contact streak: 9/28 over last 7 games,"same-side matchup; pitcher baseline 7.5% barrel, 15.5 HR allowed",neutral batted-ball profile; pitcher fly-ball pressure modest,,
571970,Max Muncy,ATH,BAL,2026-08-30T02:05:00Z,Scheduled,6,Shane Baz,669358,R,L,13.32,0.2417,90.74,101.4583,0.4823,0.2408,0.3579,71.38,15.04,52.76,35.44,47.86,23.9,7.47,41.5,90.12,0.3909,0.1462,25.57,15.5,15.5,15.5,Sutter Health Park,106,74,7,234 deg,Open-Meteo forecast; MLB fallback,https://forecast.weather.gov/MapClick.php?lat=38.5804&lon=-121.5139,51,8,No,Yes,6,Yes,Yes,RotoWire projected lineup; MLB probable pitchers,lineup projected / unconfirmed,H:2026/2025 P:2026/2025,,,Direct BvP not yet weighted; 2026/2025 Statcast baseline active,7,5,22,1,"Last 7 games: 5/22, 1 HR","platoon edge; pitcher baseline 7.5% barrel, 15.5 HR allowed",fly-ball profile; pitcher fly-ball pressure modest,,
666126,Carlos Cortes,ATH,BAL,2026-08-30T02:05:00Z,Scheduled,7,Shane Baz,669358,R,L,7.38,0.1738,89.38,99.6123,0.3996,0.1462,0.3133,70.76,14.48,30.27,23.15,39.52,6.8,7.47,41.5,90.12,0.3909,0.1462,25.57,15.5,15.5,15.5,Sutter Health Park,106,74,7,234 deg,Open-Meteo forecast; MLB fallback,https://forecast.weather.gov/MapClick.php?lat=38.5804&lon=-121.5139,51,8,No,Yes,7,Yes,Yes,RotoWire projected lineup; MLB probable pitchers,lineup projected / unconfirmed,H:2026/2025 P:2026/2025,,,Direct BvP not yet weighted; 2026/2025 Statcast baseline active,7,5,23,1,"Last 7 games: 5/23, 1 HR","platoon edge; pitcher baseline 7.5% barrel, 15.5 HR allowed",neutral batted-ball profile; pitcher fly-ball pressure modest,,
641680,Jonah Heim,ATH,BAL,2026-08-30T02:05:00Z,Scheduled,8,Shane Baz,669358,R,S,6.45,0.1547,87.75,97.8481,0.3642,0.1368,0.2886,69.77,9.52,39.93,27.62,33.31,11.0,7.47,41.5,90.12,0.3909,0.1462,25.57,15.5,15.5,15.5,Sutter Health Park,106,74,7,234 deg,Open-Meteo forecast; MLB fallback,https://forecast.weather.gov/MapClick.php?lat=38.5804&lon=-121.5139,51,8,No,Yes,8,Yes,Yes,RotoWire projected lineup; MLB probable pitchers,lineup projected / unconfirmed,H:2026/2025 P:2026/2025,,,Direct BvP not yet weighted; 2026/2025 Statcast baseline active,7,4,26,1,"Last 7 games: 4/26, 1 HR","switch hitter; pitcher baseline 7.5% barrel, 15.5 HR allowed",neutral batted-ball profile; pitcher fly-ball pressure modest,,
675961,Alika Williams,ATH,BAL,2026-08-30T02:05:00Z,Scheduled,9,Shane Baz,669358,R,R,0.9,0.148,85.4,97.3076,0.298,0.08,0.247,69.5,3.7,38.3,23.5,35.1,2.0,7.47,41.5,90.12,0.3909,0.1462,25.57,15.5,15.5,15.5,Sutter Health Park,106,74,7,234 deg,Open-Meteo forecast; MLB fallback,https://forecast.weather.gov/MapClick.php?lat=38.5804&lon=-121.5139,51,8,No,Yes,9,Yes,Yes,RotoWire projected lineup; MLB probable pitchers,lineup projected / unconfirmed,H:2026 P:2026/2025,,,Direct BvP not yet weighted; 2026/2025 Statcast baseline active,7,3,17,0,"Last 7 games: 3/17, 0 HR","same-side matchup; pitcher baseline 7.5% barrel, 15.5 HR allowed",neutral batted-ball profile; pitcher fly-ball pressure modest,,
656941,Kyle Schwarber,PHI,LAA,2026-08-30T02:07:00Z,Scheduled,1,Ryan Johnson,696270,R,L,18.77,0.2985,93.18,104.3402,0.5257,0.2847,0.3772,77.16,75.49,54.77,33.53,53.58,44.8,9.69,37.26,87.89,0.4437,0.1868,33.81,12.4,12.4,12.4,Angel Stadium,101,93,8,229 deg,Open-Meteo forecast; MLB fallback,https://forecast.weather.gov/MapClick.php?lat=33.8003&lon=-117.8827,49,0,No,Yes,1,Yes,Yes,RotoWire projected lineup; MLB probable pitchers,lineup projected / unconfirmed,H:2026/2025 P:2026/2025,,,Direct BvP not yet weighted; 2026/2025 Statcast baseline active,7,7,28,3,Hot streak: 3 HR in last 7 games,"platoon edge; pitcher baseline 9.7% barrel, 12.4 HR allowed",lift-pull EV profile; pitcher allows elevated contact,,
607208,Trea Turner,PHI,LAA,2026-08-30T02:07:00Z,Scheduled,2,Ryan Johnson,696270,R,R,6.01,0.1446,88.74,99.3916,0.3785,0.1274,0.3007,71.45,19.0,34.89,25.27,40.63,16.4,9.69,37.26,87.89,0.4437,0.1868,33.81,12.4,12.4,12.4,Angel Stadium,101,93,8,229 deg,Open-Meteo forecast; MLB fallback,https://forecast.weather.gov/MapClick.php?lat=33.8003&lon=-117.8827,49,0,No,Yes,2,Yes,Yes,RotoWire projected lineup; MLB probable pitchers,lineup projected / unconfirmed,H:2026/2025 P:2026/2025,,,Direct BvP not yet weighted; 2026/2025 Statcast baseline active,7,4,31,0,"Last 7 games: 4/31, 0 HR","same-side matchup; pitcher baseline 9.7% barrel, 12.4 HR allowed",neutral batted-ball profile; pitcher allows elevated contact,,
547180,Bryce Harper,PHI,LAA,2026-08-30T02:07:00Z,Scheduled,3,Ryan Johnson,696270,R,L,11.74,0.2358,90.67,101.9574,0.5046,0.2296,0.3869,74.1,45.08,37.7,27.52,45.75,27.0,9.69,37.26,87.89,0.4437,0.1868,33.81,12.4,12.4,12.4,Angel Stadium,101,93,8,229 deg,Open-Meteo forecast; MLB fallback,https://forecast.weather.gov/MapClick.php?lat=33.8003&lon=-117.8827,49,0,No,Yes,3,Yes,Yes,RotoWire projected lineup; MLB probable pitchers,lineup projected / unconfirmed,H:2026/2025 P:2026/2025,,,Direct BvP not yet weighted; 2026/2025 Statcast baseline active,7,10,27,2,Hot streak: 2 HR in last 7 games,"platoon edge; pitcher baseline 9.7% barrel, 12.4 HR allowed",neutral batted-ball profile; pitcher allows elevated contact,,
650333,Luis Arraez,PHI,LAA,2026-08-30T02:07:00Z,Scheduled,4,Ryan Johnson,696270,R,L,1.17,0.1133,86.45,93.9637,0.377,0.0872,0.3072,62.92,0.12,30.03,28.52,18.8,6.6,9.69,37.26,87.89,0.4437,0.1868,33.81,12.4,12.4,12.4,Angel Stadium,101,93,8,229 deg,Open-Meteo forecast; MLB fallback,https://forecast.weather.gov/MapClick.php?lat=33.8003&lon=-117.8827,49,0,No,Yes,4,Yes,Yes,RotoWire projected lineup; MLB probable pitchers,lineup projected / unconfirmed,H:2026/2025 P:2026/2025,,,Direct BvP not yet weighted; 2026/2025 Statcast baseline active,7,8,24,0,Contact streak: 8/24 over last 7 games,"platoon edge; pitcher baseline 9.7% barrel, 12.4 HR allowed",neutral batted-ball profile; pitcher allows elevated contact,,
664761,Alec Bohm,PHI,LAA,2026-08-30T02:07:00Z,Scheduled,5,Ryan Johnson,696270,R,R,5.85,0.1339,90.59,100.3168,0.4074,0.1439,0.3198,71.21,14.42,28.42,22.37,43.67,13.1,9.69,37.26,87.89,0.4437,0.1868,33.81,12.4,12.4,12.4,Angel Stadium,101,93,8,229 deg,Open-Meteo forecast; MLB fallback,https://forecast.weather.gov/MapClick.php?lat=33.8003&lon=-117.8827,49,0,No,Yes,5,Yes,Yes,RotoWire projected lineup; MLB probable pitchers,lineup projected / unconfirmed,H:2026/2025 P:2026/2025,,,Direct BvP not yet weighted; 2026/2025 Statcast baseline active,7,7,26,0,"Last 7 games: 7/26, 0 HR","same-side matchup; pitcher baseline 9.7% barrel, 12.4 HR allowed",neutral batted-ball profile; pitcher allows elevated contact,,
650559,Bryan De La Cruz,PHI,LAA,2026-08-30T02:07:00Z,Scheduled,6,Ryan Johnson,696270,R,R,6.48,0.1466,89.19,99.8671,0.3458,0.1245,0.2779,71.48,17.49,35.45,19.1,43.93,1.4,9.69,37.26,87.89,0.4437,0.1868,33.81,12.4,12.4,12.4,Angel Stadium,101,93,8,229 deg,Open-Meteo forecast; MLB fallback,https://forecast.weather.gov/MapClick.php?lat=33.8003&lon=-117.8827,49,0,No,Yes,6,Yes,Yes,RotoWire projected lineup; MLB probable pitchers,lineup projected / unconfirmed,H:2026/2025 P:2026/2025,,,Direct BvP not yet weighted; 2026/2025 Statcast baseline active,7,6,14,0,Contact streak: 6/14 over last 7 games,"same-side matchup; pitcher baseline 9.7% barrel, 12.4 HR allowed",neutral batted-ball profile; pitcher allows elevated contact,,
681082,Bryson Stott,PHI,LAA,2026-08-30T02:07:00Z,Scheduled,7,Ryan Johnson,696270,R,L,5.59,0.1424,88.72,98.4352,0.3979,0.1348,0.3249,69.72,6.61,34.45,27.38,35.52,10.2,9.69,37.26,87.89,0.4437,0.1868,33.81,12.4,12.4,12.4,Angel Stadium,101,93,8,229 deg,Open-Meteo forecast; MLB fallback,https://forecast.weather.gov/MapClick.php?lat=33.8003&lon=-117.8827,49,0,No,Yes,7,Yes,Yes,RotoWire projected lineup; MLB probable pitchers,lineup projected / unconfirmed,H:2026/2025 P:2026/2025,,,Direct BvP not yet weighted; 2026/2025 Statcast baseline active,7,5,24,0,"Last 7 games: 5/24, 0 HR","platoon edge; pitcher baseline 9.7% barrel, 12.4 HR allowed",neutral batted-ball profile; pitcher allows elevated contact,,
592663,J.T. Realmuto,PHI,LAA,2026-08-30T02:07:00Z,Scheduled,8,Ryan Johnson,696270,R,R,5.58,0.1305,90.0,100.2688,0.3956,0.137,0.3195,72.77,31.45,42.51,25.38,42.35,9.9,9.69,37.26,87.89,0.4437,0.1868,33.81,12.4,12.4,12.4,Angel Stadium,101,93,8,229 deg,Open-Meteo forecast; MLB fallback,https://forecast.weather.gov/MapClick.php?lat=33.8003&lon=-117.8827,49,0,No,Yes,8,Yes,Yes,RotoWire projected lineup; MLB probable pitchers,lineup projected / unconfirmed,H:2026/2025 P:2026/2025,,,Direct BvP not yet weighted; 2026/2025 Statcast baseline active,7,7,23,1,"Last 7 games: 7/23, 1 HR","same-side matchup; pitcher baseline 9.7% barrel, 12.4 HR allowed",neutral batted-ball profile; pitcher allows elevated contact,,
656537,Derek Hill,PHI,LAA,2026-08-30T02:07:00Z,Scheduled,9,Ryan Johnson,696270,R,R,10.57,0.1631,89.73,100.0802,0.3873,0.1612,0.2943,71.97,19.94,36.05,24.53,39.46,7.2,9.69,37.26,87.89,0.4437,0.1868,33.81,12.4,12.4,12.4,Angel Stadium,101,93,8,229 deg,Open-Meteo forecast; MLB fallback,https://forecast.weather.gov/MapClick.php?lat=33.8003&lon=-117.8827,49,0,No,Yes,9,Yes,Yes,RotoWire projected lineup; MLB probable pitchers,lineup projected / unconfirmed,H:2026/2025 P:2026/2025,,,Direct BvP not yet weighted; 2026/2025 Statcast baseline active,7,3,6,0,Contact streak: 3/6 over last 7 games,"same-side matchup; pitcher baseline 9.7% barrel, 12.4 HR allowed",neutral batted-ball profile; pitcher allows elevated contact,,
687263,Zach Neto,LAA,PHI,2026-08-30T02:07:00Z,Scheduled,1,Cristopher Sánchez,650911,L,R,12.39,0.2016,90.02,100.3335,0.4313,0.2097,0.3167,71.33,14.04,47.2,34.61,42.61,23.2,6.82,41.34,89.21,0.3548,0.1207,16.41,13.4,13.4,13.4,Angel Stadium,101,93,8,229 deg,Open-Meteo forecast; MLB fallback,https://forecast.weather.gov/MapClick.php?lat=33.8003&lon=-117.8827,49,0,No,Yes,1,Yes,Yes,RotoWire projected lineup; MLB probable pitchers,lineup projected / unconfirmed,H:2026/2025 P:2026/2025,,,Direct BvP not yet weighted; 2026/2025 Statcast baseline active,7,9,28,1,Contact streak: 9/28 over last 7 games,"platoon edge; pitcher baseline 6.8% barrel, 13.4 HR allowed",neutral batted-ball profile; pitcher fly-ball pressure modest,,
545361,Mike Trout,LAA,PHI,2026-08-30T02:07:00Z,Scheduled,2,Cristopher Sánchez,650911,L,R,16.01,0.1972,90.2,102.8495,0.4915,0.2432,0.3755,74.63,47.56,36.65,32.96,46.71,21.8,6.82,41.34,89.21,0.3548,0.1207,16.41,13.4,13.4,13.4,Angel Stadium,101,93,8,229 deg,Open-Meteo forecast; MLB fallback,https://forecast.weather.gov/MapClick.php?lat=33.8003&lon=-117.8827,49,0,No,Yes,2,Yes,Yes,RotoWire projected lineup; MLB probable pitchers,lineup projected / unconfirmed,H:2026/2025 P:2026/2025,,,Direct BvP not yet weighted; 2026/2025 Statcast baseline active,7,7,25,0,"Last 7 games: 7/25, 0 HR","platoon edge; pitcher baseline 6.8% barrel, 13.4 HR allowed",neutral batted-ball profile; pitcher fly-ball pressure modest,,
685133,Wade Meckler,LAA,PHI,2026-08-30T02:07:00Z,Scheduled,3,Cristopher Sánchez,650911,L,L,3.2,0.092,86.4,96.5058,0.352,0.1,0.305,68.9,2.5,34.4,18.5,31.8,3.0,6.82,41.34,89.21,0.3548,0.1207,16.41,13.4,13.4,13.4,Angel Stadium,101,93,8,229 deg,Open-Meteo forecast; MLB fallback,https://forecast.weather.gov/MapClick.php?lat=33.8003&lon=-117.8827,49,0,No,Yes,3,Yes,Yes,RotoWire projected lineup; MLB probable pitchers,lineup projected / unconfirmed,H:2026 P:2026/2025,,,Direct BvP not yet weighted; 2026/2025 Statcast baseline active,7,4,23,0,"Last 7 games: 4/23, 0 HR","same-side matchup; pitcher baseline 6.8% barrel, 13.4 HR allowed",neutral batted-ball profile; pitcher fly-ball pressure modest,,
687093,Vaughn Grissom,LAA,PHI,2026-08-30T02:07:00Z,Scheduled,4,Cristopher Sánchez,650911,L,R,6.9,0.141,87.8,99.0425,0.383,0.135,0.31,71.3,18.1,41.3,26.3,37.1,9.0,6.82,41.34,89.21,0.3548,0.1207,16.41,13.4,13.4,13.4,Angel Stadium,101,93,8,229 deg,Open-Meteo forecast; MLB fallback,https://forecast.weather.gov/MapClick.php?lat=33.8003&lon=-117.8827,49,0,No,Yes,4,Yes,Yes,RotoWire projected lineup; MLB probable pitchers,lineup projected / unconfirmed,H:2026 P:2026/2025,,,Direct BvP not yet weighted; 2026/2025 Statcast baseline active,7,5,24,2,Hot streak: 2 HR in last 7 games,"platoon edge; pitcher baseline 6.8% barrel, 13.4 HR allowed",neutral batted-ball profile; pitcher fly-ball pressure modest,,
694208,Moises Ballesteros,LAA,PHI,2026-08-30T02:07:00Z,Scheduled,5,Cristopher Sánchez,650911,L,L,8.31,0.134,90.22,100.8647,0.3832,0.1422,0.3081,72.64,32.38,34.22,20.51,43.03,4.8,6.82,41.34,89.21,0.3548,0.1207,16.41,13.4,13.4,13.4,Angel Stadium,101,93,8,229 deg,Open-Meteo forecast; MLB fallback,https://forecast.weather.gov/MapClick.php?lat=33.8003&lon=-117.8827,49,0,No,Yes,5,Yes,Yes,RotoWire projected lineup; MLB probable pitchers,lineup projected / unconfirmed,H:2026/2025 P:2026/2025,,,Direct BvP not yet weighted; 2026/2025 Statcast baseline active,7,7,31,0,"Last 7 games: 7/31, 0 HR","same-side matchup; pitcher baseline 6.8% barrel, 13.4 HR allowed",neutral batted-ball profile; pitcher fly-ball pressure modest,,
695681,Christian Moore,LAA,PHI,2026-08-30T02:07:00Z,Scheduled,6,Cristopher Sánchez,650911,L,R,15.37,0.1272,90.51,100.41,0.3212,0.1336,0.2694,73.4,30.4,23.84,28.83,39.52,2.8,6.82,41.34,89.21,0.3548,0.1207,16.41,13.4,13.4,13.4,Angel Stadium,101,93,8,229 deg,Open-Meteo forecast; MLB fallback,https://forecast.weather.gov/MapClick.php?lat=33.8003&lon=-117.8827,49,0,No,Yes,6,Yes,Yes,RotoWire projected lineup; MLB probable pitchers,lineup projected / unconfirmed,H:2026/2025 P:2026/2025,,,Direct BvP not yet weighted; 2026/2025 Statcast baseline active,7,3,22,1,"Last 7 games: 3/22, 1 HR","platoon edge; pitcher baseline 6.8% barrel, 13.4 HR allowed",neutral batted-ball profile; pitcher fly-ball pressure modest,,
666139,Josh Lowe,LAA,PHI,2026-08-30T02:07:00Z,Scheduled,7,Cristopher Sánchez,650911,L,L,7.3,0.1467,88.67,99.3043,0.3784,0.1541,0.291,73.45,34.54,36.2,31.43,38.41,10.3,6.82,41.34,89.21,0.3548,0.1207,16.41,13.4,13.4,13.4,Angel Stadium,101,93,8,229 deg,Open-Meteo forecast; MLB fallback,https://forecast.weather.gov/MapClick.php?lat=33.8003&lon=-117.8827,49,0,No,Yes,7,Yes,Yes,RotoWire projected lineup; MLB probable pitchers,lineup projected / unconfirmed,H:2026/2025 P:2026/2025,,,Direct BvP not yet weighted; 2026/2025 Statcast baseline active,7,4,19,0,"Last 7 games: 4/19, 0 HR","same-side matchup; pitcher baseline 6.8% barrel, 13.4 HR allowed",neutral batted-ball profile; pitcher fly-ball pressure modest,,
694203,Denzer Guzman,LAA,PHI,2026-08-30T02:07:00Z,Scheduled,8,Cristopher Sánchez,650911,L,R,8.84,0.1404,86.57,98.3059,0.3258,0.1155,0.2525,73.43,34.71,40.74,24.33,36.53,4.8,6.82,41.34,89.21,0.3548,0.1207,16.41,13.4,13.4,13.4,Angel Stadium,101,93,8,229 deg,Open-Meteo forecast; MLB fallback,https://forecast.weather.gov/MapClick.php?lat=33.8003&lon=-117.8827,49,0,No,Yes,8,Yes,Yes,RotoWire projected lineup; MLB probable pitchers,lineup projected / unconfirmed,H:2026/2025 P:2026/2025,,,Direct BvP not yet weighted; 2026/2025 Statcast baseline active,7,2,22,0,"Last 7 games: 2/22, 0 HR","platoon edge; pitcher baseline 6.8% barrel, 13.4 HR allowed",neutral batted-ball profile; pitcher fly-ball pressure modest,,
623168,Tyler Heineman,LAA,PHI,2026-08-30T02:07:00Z,Scheduled,9,Cristopher Sánchez,650911,L,S,1.52,0.0724,82.3,92.5743,0.2734,0.0552,0.2506,65.61,0.49,45.32,21.89,14.91,1.6,6.82,41.34,89.21,0.3548,0.1207,16.41,13.4,13.4,13.4,Angel Stadium,101,93,8,229 deg,Open-Meteo forecast; MLB fallback,https://forecast.weather.gov/MapClick.php?lat=33.8003&lon=-117.8827,49,0,No,Yes,9,Yes,Yes,RotoWire projected lineup; MLB probable pitchers,lineup projected / unconfirmed,H:2026/2025 P:2026/2025,,,Direct BvP not yet weighted; 2026/2025 Statcast baseline active,7,1,16,0,"Last 7 games: 1/16, 0 HR","switch hitter; pitcher baseline 6.8% barrel, 13.4 HR allowed",neutral batted-ball profile; pitcher fly-ball pressure modest,,
