hitter_id,player,team,opponent,game_start_time,game_status,batting_order,pitcher,pitcher_id,pitcher_hand,hitter_hand,barrel_pct,iso,avg_exit_velocity,ev50,xslg,xiso,xwoba,bat_speed,fast_swing_pct,pull_pct,fb_pct,hard_hit_pct,hr_total,pitcher_barrel_pct_allowed,pitcher_hard_hit_pct_allowed,pitcher_avg_exit_velocity_allowed,pitcher_xslg_allowed,pitcher_xiso_allowed,pitcher_fb_pct_allowed,pitcher_hr_allowed,pitcher_hr_allowed_vs_lhh,pitcher_hr_allowed_vs_rhh,ballpark,park_hr_factor,weather_temp,wind_speed,wind_direction,weather_source,weather_url,weather_humidity,weather_precip_pct,confirmed_lineup,rotowire_confirmed_lineup,rotowire_batting_order,rotowire_player_found,lineup_disagreement,lineup_sources_used,source_warnings,stat_years_used,bvp_pa,bvp_hr,bvp_note,recent_games,recent_hits,recent_abs,recent_hr,recent_form_note,split_matchup_note,pitch_mix_note,public_attention,odds
680757,Steven Kwan,CLE,DET,2026-09-04T18:10:00Z,Scheduled,1,Keider Montero,672456,R,L,0.92,0.0726,84.52,92.689,0.3429,0.072,0.3184,62.8,0.31,28.65,23.3,12.51,4.7,7.57,37.65,88.68,0.3998,0.1622,25.98,14.6,14.6,14.6,Progressive Field,100,70,11,120 deg,Open-Meteo forecast; MLB fallback,https://forecast.weather.gov/MapClick.php?lat=41.4962&lon=-81.6852,99,77,No,Yes,1,Yes,Yes,RotoWire projected lineup; MLB probable pitchers,lineup projected / unconfirmed,H:2026/2025 P:2026/2025,,,Direct BvP not yet weighted; 2026/2025 Statcast baseline active,7,8,28,0,"Last 7 games: 8/28, 0 HR","platoon edge; pitcher baseline 7.6% barrel, 14.6 HR allowed",neutral batted-ball profile; pitcher fly-ball pressure modest,,
800050,Chase DeLauter,CLE,DET,2026-09-04T18:10:00Z,Scheduled,2,Keider Montero,672456,R,L,6.3,0.161,91.4,101.4169,0.425,0.149,0.344,71.4,17.7,37.3,19.5,45.9,13.0,7.57,37.65,88.68,0.3998,0.1622,25.98,14.6,14.6,14.6,Progressive Field,100,70,11,120 deg,Open-Meteo forecast; MLB fallback,https://forecast.weather.gov/MapClick.php?lat=41.4962&lon=-81.6852,99,77,No,Yes,2,Yes,Yes,RotoWire projected lineup; MLB probable pitchers,lineup projected / unconfirmed,H:2026 P:2026/2025,,,Direct BvP not yet weighted; 2026/2025 Statcast baseline active,7,10,26,0,Contact streak: 10/26 over last 7 games,"platoon edge; pitcher baseline 7.6% barrel, 14.6 HR allowed",neutral batted-ball profile; pitcher fly-ball pressure modest,,
608070,Jose Ramirez,CLE,DET,2026-09-04T18:10:00Z,Scheduled,3,Keider Montero,672456,R,S,5.25,0.1682,89.18,99.5674,0.425,0.1445,0.342,70.34,13.19,50.9,28.57,40.15,16.7,7.57,37.65,88.68,0.3998,0.1622,25.98,14.6,14.6,14.6,Progressive Field,100,70,11,120 deg,Open-Meteo forecast; MLB fallback,https://forecast.weather.gov/MapClick.php?lat=41.4962&lon=-81.6852,99,77,No,Yes,3,Yes,Yes,RotoWire projected lineup; MLB probable pitchers,lineup projected / unconfirmed,H:2026/2025 P:2026/2025,,,Direct BvP not yet weighted; 2026/2025 Statcast baseline active,7,7,27,1,"Last 7 games: 7/27, 1 HR","switch hitter; pitcher baseline 7.6% barrel, 14.6 HR allowed",neutral batted-ball profile; pitcher fly-ball pressure modest,,
666176,Jo Adell,CLE,DET,2026-09-04T18:10:00Z,Scheduled,4,Keider Montero,672456,R,R,11.77,0.1902,90.65,102.9787,0.4783,0.219,0.3405,77.32,71.62,38.84,27.49,46.15,25.1,7.57,37.65,88.68,0.3998,0.1622,25.98,14.6,14.6,14.6,Progressive Field,100,70,11,120 deg,Open-Meteo forecast; MLB fallback,https://forecast.weather.gov/MapClick.php?lat=41.4962&lon=-81.6852,99,77,No,Yes,4,Yes,Yes,RotoWire projected lineup; MLB probable pitchers,lineup projected / unconfirmed,H:2026/2025 P:2026/2025,,,Direct BvP not yet weighted; 2026/2025 Statcast baseline active,7,7,26,0,"Last 7 games: 7/26, 0 HR","same-side matchup; pitcher baseline 7.6% barrel, 14.6 HR allowed",neutral batted-ball profile; pitcher fly-ball pressure modest,,
663993,Nathaniel Lowe,CLE,DET,2026-09-04T18:10:00Z,Scheduled,5,Keider Montero,672456,R,L,8.19,0.1852,89.07,100.7369,0.4157,0.1618,0.3233,74.0,38.94,35.1,26.27,40.94,15.9,7.57,37.65,88.68,0.3998,0.1622,25.98,14.6,14.6,14.6,Progressive Field,100,70,11,120 deg,Open-Meteo forecast; MLB fallback,https://forecast.weather.gov/MapClick.php?lat=41.4962&lon=-81.6852,99,77,No,Yes,5,Yes,Yes,RotoWire projected lineup; MLB probable pitchers,lineup projected / unconfirmed,H:2026/2025 P:2026/2025,,,Direct BvP not yet weighted; 2026/2025 Statcast baseline active,7,4,24,1,"Last 7 games: 4/24, 1 HR","platoon edge; pitcher baseline 7.6% barrel, 14.6 HR allowed",neutral batted-ball profile; pitcher fly-ball pressure modest,,
694197,Angel Genao,CLE,DET,2026-09-04T18:10:00Z,Scheduled,6,Keider Montero,672456,R,S,5.9,0.114,91.3,100.6793,0.367,0.119,0.3,72.4,26.9,39.7,17.6,52.9,2.0,7.57,37.65,88.68,0.3998,0.1622,25.98,14.6,14.6,14.6,Progressive Field,100,70,11,120 deg,Open-Meteo forecast; MLB fallback,https://forecast.weather.gov/MapClick.php?lat=41.4962&lon=-81.6852,99,77,No,Yes,6,Yes,Yes,RotoWire projected lineup; MLB probable pitchers,lineup projected / unconfirmed,H:2026 P:2026/2025,,,Direct BvP not yet weighted; 2026/2025 Statcast baseline active,7,3,21,1,"Last 7 games: 3/21, 1 HR","switch hitter; pitcher baseline 7.6% barrel, 14.6 HR allowed",neutral batted-ball profile; pitcher fly-ball pressure modest,,
683953,Travis Bazzana,CLE,DET,2026-09-04T18:10:00Z,Scheduled,7,Keider Montero,672456,R,L,4.5,0.127,87.7,98.3865,0.336,0.113,0.295,69.5,12.2,38.4,27.7,36.2,9.0,7.57,37.65,88.68,0.3998,0.1622,25.98,14.6,14.6,14.6,Progressive Field,100,70,11,120 deg,Open-Meteo forecast; MLB fallback,https://forecast.weather.gov/MapClick.php?lat=41.4962&lon=-81.6852,99,77,No,Yes,7,Yes,Yes,RotoWire projected lineup; MLB probable pitchers,lineup projected / unconfirmed,H:2026 P:2026/2025,,,Direct BvP not yet weighted; 2026/2025 Statcast baseline active,7,3,20,0,"Last 7 games: 3/20, 0 HR","platoon edge; pitcher baseline 7.6% barrel, 14.6 HR allowed",neutral batted-ball profile; pitcher fly-ball pressure modest,,
595978,Austin Hedges,CLE,DET,2026-09-04T18:10:00Z,Scheduled,8,Keider Montero,672456,R,R,4.24,0.1188,86.94,97.6784,0.3064,0.0951,0.2672,70.03,10.44,49.28,23.94,31.64,5.0,7.57,37.65,88.68,0.3998,0.1622,25.98,14.6,14.6,14.6,Progressive Field,100,70,11,120 deg,Open-Meteo forecast; MLB fallback,https://forecast.weather.gov/MapClick.php?lat=41.4962&lon=-81.6852,99,77,No,Yes,8,Yes,Yes,RotoWire projected lineup; MLB probable pitchers,lineup projected / unconfirmed,H:2026/2025 P:2026/2025,,,Direct BvP not yet weighted; 2026/2025 Statcast baseline active,7,5,23,1,"Last 7 games: 5/23, 1 HR","same-side matchup; pitcher baseline 7.6% barrel, 14.6 HR allowed",neutral batted-ball profile; pitcher fly-ball pressure modest,,
677587,Brayan Rocchio,CLE,DET,2026-09-04T18:10:00Z,Scheduled,9,Keider Montero,672456,R,S,3.09,0.1126,87.09,97.2872,0.3503,0.106,0.2922,69.93,7.08,43.78,25.51,32.28,8.5,7.57,37.65,88.68,0.3998,0.1622,25.98,14.6,14.6,14.6,Progressive Field,100,70,11,120 deg,Open-Meteo forecast; MLB fallback,https://forecast.weather.gov/MapClick.php?lat=41.4962&lon=-81.6852,99,77,No,Yes,9,Yes,Yes,RotoWire projected lineup; MLB probable pitchers,lineup projected / unconfirmed,H:2026/2025 P:2026/2025,,,Direct BvP not yet weighted; 2026/2025 Statcast baseline active,7,5,25,0,"Last 7 games: 5/25, 0 HR","switch hitter; pitcher baseline 7.6% barrel, 14.6 HR allowed",neutral batted-ball profile; pitcher fly-ball pressure modest,,
680757,Steven Kwan,CLE,DET,2026-09-04T23:15:00Z,Scheduled,1,Andrew Sears,808825,L,L,0.92,0.0726,84.52,92.689,0.3429,0.072,0.3184,62.8,0.31,28.65,23.3,12.51,4.7,8.7,30.4,89.9,0.445,0.189,34.8,1.0,1.0,1.0,Progressive Field,100,70,11,120 deg,Open-Meteo forecast; MLB fallback,https://forecast.weather.gov/MapClick.php?lat=41.4962&lon=-81.6852,99,77,No,Yes,1,Yes,Yes,RotoWire projected lineup; MLB probable pitchers,lineup projected / unconfirmed,H:2026/2025 P:2026,,,Direct BvP not yet weighted; 2026/2025 Statcast baseline active,7,8,28,0,"Last 7 games: 8/28, 0 HR","same-side matchup; pitcher baseline 8.7% barrel, 1.0 HR allowed",neutral batted-ball profile; pitcher allows elevated contact,,
800050,Chase DeLauter,CLE,DET,2026-09-04T23:15:00Z,Scheduled,2,Andrew Sears,808825,L,L,6.3,0.161,91.4,101.4169,0.425,0.149,0.344,71.4,17.7,37.3,19.5,45.9,13.0,8.7,30.4,89.9,0.445,0.189,34.8,1.0,1.0,1.0,Progressive Field,100,70,11,120 deg,Open-Meteo forecast; MLB fallback,https://forecast.weather.gov/MapClick.php?lat=41.4962&lon=-81.6852,99,77,No,Yes,2,Yes,Yes,RotoWire projected lineup; MLB probable pitchers,lineup projected / unconfirmed,H:2026 P:2026,,,Direct BvP not yet weighted; 2026/2025 Statcast baseline active,7,10,26,0,Contact streak: 10/26 over last 7 games,"same-side matchup; pitcher baseline 8.7% barrel, 1.0 HR allowed",neutral batted-ball profile; pitcher allows elevated contact,,
608070,Jose Ramirez,CLE,DET,2026-09-04T23:15:00Z,Scheduled,3,Andrew Sears,808825,L,S,5.25,0.1682,89.18,99.5674,0.425,0.1445,0.342,70.34,13.19,50.9,28.57,40.15,16.7,8.7,30.4,89.9,0.445,0.189,34.8,1.0,1.0,1.0,Progressive Field,100,70,11,120 deg,Open-Meteo forecast; MLB fallback,https://forecast.weather.gov/MapClick.php?lat=41.4962&lon=-81.6852,99,77,No,Yes,3,Yes,Yes,RotoWire projected lineup; MLB probable pitchers,lineup projected / unconfirmed,H:2026/2025 P:2026,,,Direct BvP not yet weighted; 2026/2025 Statcast baseline active,7,7,27,1,"Last 7 games: 7/27, 1 HR","switch hitter; pitcher baseline 8.7% barrel, 1.0 HR allowed",neutral batted-ball profile; pitcher allows elevated contact,,
666176,Jo Adell,CLE,DET,2026-09-04T23:15:00Z,Scheduled,4,Andrew Sears,808825,L,R,11.77,0.1902,90.65,102.9787,0.4783,0.219,0.3405,77.32,71.62,38.84,27.49,46.15,25.1,8.7,30.4,89.9,0.445,0.189,34.8,1.0,1.0,1.0,Progressive Field,100,70,11,120 deg,Open-Meteo forecast; MLB fallback,https://forecast.weather.gov/MapClick.php?lat=41.4962&lon=-81.6852,99,77,No,Yes,4,Yes,Yes,RotoWire projected lineup; MLB probable pitchers,lineup projected / unconfirmed,H:2026/2025 P:2026,,,Direct BvP not yet weighted; 2026/2025 Statcast baseline active,7,7,26,0,"Last 7 games: 7/26, 0 HR","platoon edge; pitcher baseline 8.7% barrel, 1.0 HR allowed",neutral batted-ball profile; pitcher allows elevated contact,,
663993,Nathaniel Lowe,CLE,DET,2026-09-04T23:15:00Z,Scheduled,5,Andrew Sears,808825,L,L,8.19,0.1852,89.07,100.7369,0.4157,0.1618,0.3233,74.0,38.94,35.1,26.27,40.94,15.9,8.7,30.4,89.9,0.445,0.189,34.8,1.0,1.0,1.0,Progressive Field,100,70,11,120 deg,Open-Meteo forecast; MLB fallback,https://forecast.weather.gov/MapClick.php?lat=41.4962&lon=-81.6852,99,77,No,Yes,5,Yes,Yes,RotoWire projected lineup; MLB probable pitchers,lineup projected / unconfirmed,H:2026/2025 P:2026,,,Direct BvP not yet weighted; 2026/2025 Statcast baseline active,7,4,24,1,"Last 7 games: 4/24, 1 HR","same-side matchup; pitcher baseline 8.7% barrel, 1.0 HR allowed",neutral batted-ball profile; pitcher allows elevated contact,,
694197,Angel Genao,CLE,DET,2026-09-04T23:15:00Z,Scheduled,6,Andrew Sears,808825,L,S,5.9,0.114,91.3,100.6793,0.367,0.119,0.3,72.4,26.9,39.7,17.6,52.9,2.0,8.7,30.4,89.9,0.445,0.189,34.8,1.0,1.0,1.0,Progressive Field,100,70,11,120 deg,Open-Meteo forecast; MLB fallback,https://forecast.weather.gov/MapClick.php?lat=41.4962&lon=-81.6852,99,77,No,Yes,6,Yes,Yes,RotoWire projected lineup; MLB probable pitchers,lineup projected / unconfirmed,H:2026 P:2026,,,Direct BvP not yet weighted; 2026/2025 Statcast baseline active,7,3,21,1,"Last 7 games: 3/21, 1 HR","switch hitter; pitcher baseline 8.7% barrel, 1.0 HR allowed",neutral batted-ball profile; pitcher allows elevated contact,,
683953,Travis Bazzana,CLE,DET,2026-09-04T23:15:00Z,Scheduled,7,Andrew Sears,808825,L,L,4.5,0.127,87.7,98.3865,0.336,0.113,0.295,69.5,12.2,38.4,27.7,36.2,9.0,8.7,30.4,89.9,0.445,0.189,34.8,1.0,1.0,1.0,Progressive Field,100,70,11,120 deg,Open-Meteo forecast; MLB fallback,https://forecast.weather.gov/MapClick.php?lat=41.4962&lon=-81.6852,99,77,No,Yes,7,Yes,Yes,RotoWire projected lineup; MLB probable pitchers,lineup projected / unconfirmed,H:2026 P:2026,,,Direct BvP not yet weighted; 2026/2025 Statcast baseline active,7,3,20,0,"Last 7 games: 3/20, 0 HR","same-side matchup; pitcher baseline 8.7% barrel, 1.0 HR allowed",neutral batted-ball profile; pitcher allows elevated contact,,
595978,Austin Hedges,CLE,DET,2026-09-04T23:15:00Z,Scheduled,8,Andrew Sears,808825,L,R,4.24,0.1188,86.94,97.6784,0.3064,0.0951,0.2672,70.03,10.44,49.28,23.94,31.64,5.0,8.7,30.4,89.9,0.445,0.189,34.8,1.0,1.0,1.0,Progressive Field,100,70,11,120 deg,Open-Meteo forecast; MLB fallback,https://forecast.weather.gov/MapClick.php?lat=41.4962&lon=-81.6852,99,77,No,Yes,8,Yes,Yes,RotoWire projected lineup; MLB probable pitchers,lineup projected / unconfirmed,H:2026/2025 P:2026,,,Direct BvP not yet weighted; 2026/2025 Statcast baseline active,7,5,23,1,"Last 7 games: 5/23, 1 HR","platoon edge; pitcher baseline 8.7% barrel, 1.0 HR allowed",neutral batted-ball profile; pitcher allows elevated contact,,
677587,Brayan Rocchio,CLE,DET,2026-09-04T23:15:00Z,Scheduled,9,Andrew Sears,808825,L,S,3.09,0.1126,87.09,97.2872,0.3503,0.106,0.2922,69.93,7.08,43.78,25.51,32.28,8.5,8.7,30.4,89.9,0.445,0.189,34.8,1.0,1.0,1.0,Progressive Field,100,70,11,120 deg,Open-Meteo forecast; MLB fallback,https://forecast.weather.gov/MapClick.php?lat=41.4962&lon=-81.6852,99,77,No,Yes,9,Yes,Yes,RotoWire projected lineup; MLB probable pitchers,lineup projected / unconfirmed,H:2026/2025 P:2026,,,Direct BvP not yet weighted; 2026/2025 Statcast baseline active,7,5,25,0,"Last 7 games: 5/25, 0 HR","switch hitter; pitcher baseline 8.7% barrel, 1.0 HR allowed",neutral batted-ball profile; pitcher allows elevated contact,,
694192,Jackson Chourio,MIL,CIN,2026-09-04T22:10:00Z,Scheduled,1,Rhett Lowder,695076,R,R,12.01,0.1979,91.19,101.9742,0.4561,0.2014,0.3287,74.32,44.52,30.8,28.64,46.08,21.0,9.6,37.8,90.1,0.458,0.19,28.5,16.0,16.0,16.0,Great American Ball Park,121,88,3,290 deg,Open-Meteo forecast; MLB fallback,https://forecast.weather.gov/MapClick.php?lat=39.0979&lon=-84.5082,56,3,No,Yes,1,Yes,Yes,RotoWire projected lineup; MLB probable pitchers,lineup projected / unconfirmed,H:2026/2025 P:2026,,,Direct BvP not yet weighted; 2026/2025 Statcast baseline active,7,10,32,2,Hot streak: 2 HR in last 7 games,"same-side matchup; pitcher baseline 9.6% barrel, 16.0 HR allowed",neutral batted-ball profile; pitcher fly-ball pressure modest,,
668930,Brice Turang,MIL,CIN,2026-09-04T22:10:00Z,Scheduled,2,Rhett Lowder,695076,R,L,7.58,0.1631,90.4,100.314,0.4227,0.1684,0.3357,70.18,13.2,27.44,23.71,42.99,17.3,9.6,37.8,90.1,0.458,0.19,28.5,16.0,16.0,16.0,Great American Ball Park,121,88,3,290 deg,Open-Meteo forecast; MLB fallback,https://forecast.weather.gov/MapClick.php?lat=39.0979&lon=-84.5082,56,3,No,Yes,2,Yes,Yes,RotoWire projected lineup; MLB probable pitchers,lineup projected / unconfirmed,H:2026/2025 P:2026,,,Direct BvP not yet weighted; 2026/2025 Statcast baseline active,7,4,29,0,"Last 7 games: 4/29, 0 HR","platoon edge; pitcher baseline 9.6% barrel, 16.0 HR allowed",neutral batted-ball profile; pitcher fly-ball pressure modest,,
661388,William Contreras,MIL,CIN,2026-09-04T22:10:00Z,Scheduled,3,Rhett Lowder,695076,R,R,7.52,0.1334,90.4,101.5505,0.4266,0.1681,0.3343,73.34,36.3,36.04,24.08,45.14,14.2,9.6,37.8,90.1,0.458,0.19,28.5,16.0,16.0,16.0,Great American Ball Park,121,88,3,290 deg,Open-Meteo forecast; MLB fallback,https://forecast.weather.gov/MapClick.php?lat=39.0979&lon=-84.5082,56,3,No,Yes,3,Yes,Yes,RotoWire projected lineup; MLB probable pitchers,lineup projected / unconfirmed,H:2026/2025 P:2026,,,Direct BvP not yet weighted; 2026/2025 Statcast baseline active,7,9,27,1,Contact streak: 9/27 over last 7 games,"same-side matchup; pitcher baseline 9.6% barrel, 16.0 HR allowed",neutral batted-ball profile; pitcher fly-ball pressure modest,,
641343,Jake Bauers,MIL,CIN,2026-09-04T22:10:00Z,Scheduled,4,Rhett Lowder,695076,R,L,13.56,0.2032,92.19,103.019,0.4675,0.2174,0.3666,76.57,69.86,41.18,30.61,50.85,18.2,9.6,37.8,90.1,0.458,0.19,28.5,16.0,16.0,16.0,Great American Ball Park,121,88,3,290 deg,Open-Meteo forecast; MLB fallback,https://forecast.weather.gov/MapClick.php?lat=39.0979&lon=-84.5082,56,3,No,Yes,4,Yes,Yes,RotoWire projected lineup; MLB probable pitchers,lineup projected / unconfirmed,H:2026/2025 P:2026,,,Direct BvP not yet weighted; 2026/2025 Statcast baseline active,7,4,20,0,"Last 7 games: 4/20, 0 HR","platoon edge; pitcher baseline 9.6% barrel, 16.0 HR allowed",lift-pull EV profile; pitcher fly-ball pressure modest,,
683734,Andrew Vaughn,MIL,CIN,2026-09-04T22:10:00Z,Scheduled,5,Rhett Lowder,695076,R,R,7.17,0.1444,90.48,100.1117,0.4125,0.1423,0.3385,70.46,13.15,34.49,24.76,44.41,7.7,9.6,37.8,90.1,0.458,0.19,28.5,16.0,16.0,16.0,Great American Ball Park,121,88,3,290 deg,Open-Meteo forecast; MLB fallback,https://forecast.weather.gov/MapClick.php?lat=39.0979&lon=-84.5082,56,3,No,Yes,5,Yes,Yes,RotoWire projected lineup; MLB probable pitchers,lineup projected / unconfirmed,H:2026/2025 P:2026,,,Direct BvP not yet weighted; 2026/2025 Statcast baseline active,7,7,18,1,Contact streak: 7/18 over last 7 games,"same-side matchup; pitcher baseline 9.6% barrel, 16.0 HR allowed",neutral batted-ball profile; pitcher fly-ball pressure modest,,
592885,Christian Yelich,MIL,CIN,2026-09-04T22:10:00Z,Scheduled,6,Rhett Lowder,695076,R,L,10.09,0.1628,89.36,101.1086,0.4089,0.1702,0.3195,73.16,31.97,34.38,18.88,44.23,15.7,9.6,37.8,90.1,0.458,0.19,28.5,16.0,16.0,16.0,Great American Ball Park,121,88,3,290 deg,Open-Meteo forecast; MLB fallback,https://forecast.weather.gov/MapClick.php?lat=39.0979&lon=-84.5082,56,3,No,Yes,6,Yes,Yes,RotoWire projected lineup; MLB probable pitchers,lineup projected / unconfirmed,H:2026/2025 P:2026,,,Direct BvP not yet weighted; 2026/2025 Statcast baseline active,7,9,26,1,Contact streak: 9/26 over last 7 games,"platoon edge; pitcher baseline 9.6% barrel, 16.0 HR allowed",neutral batted-ball profile; pitcher fly-ball pressure modest,,
669003,Garrett Mitchell,MIL,CIN,2026-09-04T22:10:00Z,Scheduled,7,Rhett Lowder,695076,R,L,10.34,0.1321,92.15,103.6589,0.4082,0.1575,0.33,77.15,77.3,33.86,17.41,48.78,6.3,9.6,37.8,90.1,0.458,0.19,28.5,16.0,16.0,16.0,Great American Ball Park,121,88,3,290 deg,Open-Meteo forecast; MLB fallback,https://forecast.weather.gov/MapClick.php?lat=39.0979&lon=-84.5082,56,3,No,Yes,7,Yes,Yes,RotoWire projected lineup; MLB probable pitchers,lineup projected / unconfirmed,H:2026/2025 P:2026,,,Direct BvP not yet weighted; 2026/2025 Statcast baseline active,7,6,25,0,"Last 7 games: 6/25, 0 HR","platoon edge; pitcher baseline 9.6% barrel, 16.0 HR allowed",EV profile; pitcher fly-ball pressure modest,,
687401,Joey Ortiz,MIL,CIN,2026-09-04T22:10:00Z,Scheduled,8,Rhett Lowder,695076,R,R,3.91,0.1199,87.63,99.0381,0.3361,0.096,0.289,72.86,29.87,31.91,19.96,35.6,7.7,9.6,37.8,90.1,0.458,0.19,28.5,16.0,16.0,16.0,Great American Ball Park,121,88,3,290 deg,Open-Meteo forecast; MLB fallback,https://forecast.weather.gov/MapClick.php?lat=39.0979&lon=-84.5082,56,3,No,Yes,8,Yes,Yes,RotoWire projected lineup; MLB probable pitchers,lineup projected / unconfirmed,H:2026/2025 P:2026,,,Direct BvP not yet weighted; 2026/2025 Statcast baseline active,7,7,20,1,Contact streak: 7/20 over last 7 games,"same-side matchup; pitcher baseline 9.6% barrel, 16.0 HR allowed",neutral batted-ball profile; pitcher fly-ball pressure modest,,
666152,David Hamilton,MIL,CIN,2026-09-04T22:10:00Z,Scheduled,9,Rhett Lowder,695076,R,L,4.18,0.1042,86.88,96.8442,0.3134,0.0953,0.2705,69.73,6.73,34.9,25.18,27.8,4.6,9.6,37.8,90.1,0.458,0.19,28.5,16.0,16.0,16.0,Great American Ball Park,121,88,3,290 deg,Open-Meteo forecast; MLB fallback,https://forecast.weather.gov/MapClick.php?lat=39.0979&lon=-84.5082,56,3,No,Yes,9,Yes,Yes,RotoWire projected lineup; MLB probable pitchers,lineup projected / unconfirmed,H:2026/2025 P:2026,,,Direct BvP not yet weighted; 2026/2025 Statcast baseline active,7,7,25,0,"Last 7 games: 7/25, 0 HR","platoon edge; pitcher baseline 9.6% barrel, 16.0 HR allowed",neutral batted-ball profile; pitcher fly-ball pressure modest,,
687462,Spencer Horwitz,PIT,LAA,2026-09-04T22:45:00Z,Scheduled,1,Ryan Johnson,696270,R,L,7.04,0.1403,87.05,97.4917,0.3678,0.136,0.3162,68.68,5.39,39.38,27.77,32.78,10.3,9.83,37.12,87.82,0.4423,0.1854,33.81,12.4,12.4,12.4,PNC Park,94,70,10,44 deg,Open-Meteo forecast; MLB fallback,https://forecast.weather.gov/MapClick.php?lat=40.4469&lon=-80.0057,91,68,No,Yes,1,Yes,Yes,RotoWire projected lineup; MLB probable pitchers,lineup projected / unconfirmed,H:2026/2025 P:2026/2025,,,Direct BvP not yet weighted; 2026/2025 Statcast baseline active,7,6,30,0,"Last 7 games: 6/30, 0 HR","platoon edge; pitcher baseline 9.8% barrel, 12.4 HR allowed",neutral batted-ball profile; pitcher allows elevated contact,,
664040,Brandon Lowe,PIT,LAA,2026-09-04T22:45:00Z,Scheduled,2,Ryan Johnson,696270,R,L,12.3,0.2266,91.1,101.4025,0.443,0.2012,0.3266,73.66,40.09,46.58,32.85,46.11,29.6,9.83,37.12,87.82,0.4423,0.1854,33.81,12.4,12.4,12.4,PNC Park,94,70,10,44 deg,Open-Meteo forecast; MLB fallback,https://forecast.weather.gov/MapClick.php?lat=40.4469&lon=-80.0057,91,68,No,Yes,2,Yes,Yes,RotoWire projected lineup; MLB probable pitchers,lineup projected / unconfirmed,H:2026/2025 P:2026/2025,,,Direct BvP not yet weighted; 2026/2025 Statcast baseline active,7,8,23,2,Hot streak: 2 HR in last 7 games,"platoon edge; pitcher baseline 9.8% barrel, 12.4 HR allowed",neutral batted-ball profile; pitcher allows elevated contact,,
668804,Bryan Reynolds,PIT,LAA,2026-09-04T22:45:00Z,Scheduled,3,Ryan Johnson,696270,R,S,10.59,0.157,90.92,101.9462,0.4421,0.1883,0.3478,72.69,28.3,39.17,25.67,47.05,15.3,9.83,37.12,87.82,0.4423,0.1854,33.81,12.4,12.4,12.4,PNC Park,94,70,10,44 deg,Open-Meteo forecast; MLB fallback,https://forecast.weather.gov/MapClick.php?lat=40.4469&lon=-80.0057,91,68,No,Yes,3,Yes,Yes,RotoWire projected lineup; MLB probable pitchers,lineup projected / unconfirmed,H:2026/2025 P:2026/2025,,,Direct BvP not yet weighted; 2026/2025 Statcast baseline active,7,7,29,0,"Last 7 games: 7/29, 0 HR","switch hitter; pitcher baseline 9.8% barrel, 12.4 HR allowed",neutral batted-ball profile; pitcher allows elevated contact,,
693304,Nick Gonzales,PIT,LAA,2026-09-04T22:45:00Z,Scheduled,4,Ryan Johnson,696270,R,R,3.24,0.0915,86.91,98.148,0.3792,0.1049,0.3155,70.64,12.59,36.94,20.91,35.44,5.7,9.83,37.12,87.82,0.4423,0.1854,33.81,12.4,12.4,12.4,PNC Park,94,70,10,44 deg,Open-Meteo forecast; MLB fallback,https://forecast.weather.gov/MapClick.php?lat=40.4469&lon=-80.0057,91,68,No,Yes,4,Yes,Yes,RotoWire projected lineup; MLB probable pitchers,lineup projected / unconfirmed,H:2026/2025 P:2026/2025,,,Direct BvP not yet weighted; 2026/2025 Statcast baseline active,7,9,26,0,Contact streak: 9/26 over last 7 games,"same-side matchup; pitcher baseline 9.8% barrel, 12.4 HR allowed",neutral batted-ball profile; pitcher allows elevated contact,,
665833,Oneil Cruz,PIT,LAA,2026-09-04T22:45:00Z,Scheduled,5,Ryan Johnson,696270,R,L,17.44,0.2032,95.45,106.8444,0.4677,0.2273,0.345,78.31,76.38,39.67,24.5,56.18,17.9,9.83,37.12,87.82,0.4423,0.1854,33.81,12.4,12.4,12.4,PNC Park,94,70,10,44 deg,Open-Meteo forecast; MLB fallback,https://forecast.weather.gov/MapClick.php?lat=40.4469&lon=-80.0057,91,68,No,Yes,5,Yes,Yes,RotoWire projected lineup; MLB probable pitchers,lineup projected / unconfirmed,H:2026/2025 P:2026/2025,,,Direct BvP not yet weighted; 2026/2025 Statcast baseline active,7,10,27,0,Contact streak: 10/27 over last 7 games,"platoon edge; pitcher baseline 9.8% barrel, 12.4 HR allowed",EV profile; pitcher allows elevated contact,,
663968,Jake Mangum,PIT,LAA,2026-09-04T22:45:00Z,Scheduled,6,Ryan Johnson,696270,R,S,2.21,0.0804,86.11,96.7426,0.3269,0.0801,0.2802,67.65,3.87,27.86,15.49,29.41,3.7,9.83,37.12,87.82,0.4423,0.1854,33.81,12.4,12.4,12.4,PNC Park,94,70,10,44 deg,Open-Meteo forecast; MLB fallback,https://forecast.weather.gov/MapClick.php?lat=40.4469&lon=-80.0057,91,68,No,Yes,6,Yes,Yes,RotoWire projected lineup; MLB probable pitchers,lineup projected / unconfirmed,H:2026/2025 P:2026/2025,,,Direct BvP not yet weighted; 2026/2025 Statcast baseline active,7,5,20,0,"Last 7 games: 5/20, 0 HR","switch hitter; pitcher baseline 9.8% barrel, 12.4 HR allowed",neutral batted-ball profile; pitcher allows elevated contact,,
804668,Rafael Flores,PIT,LAA,2026-09-04T22:45:00Z,Scheduled,7,Ryan Johnson,696270,R,R,15.02,0.2352,91.16,102.0899,0.4853,0.2479,0.3463,73.75,38.48,38.72,38.76,49.97,4.9,9.83,37.12,87.82,0.4423,0.1854,33.81,12.4,12.4,12.4,PNC Park,94,70,10,44 deg,Open-Meteo forecast; MLB fallback,https://forecast.weather.gov/MapClick.php?lat=40.4469&lon=-80.0057,91,68,No,Yes,7,Yes,Yes,RotoWire projected lineup; MLB probable pitchers,lineup projected / unconfirmed,H:2026/2025 P:2026/2025,,,Direct BvP not yet weighted; 2026/2025 Statcast baseline active,7,2,25,1,"Last 7 games: 2/25, 1 HR","same-side matchup; pitcher baseline 9.8% barrel, 12.4 HR allowed",fly-ball profile; pitcher allows elevated contact,,
694378,Jacob Gonzalez,PIT,LAA,2026-09-04T22:45:00Z,Scheduled,8,Ryan Johnson,696270,R,L,4.1,0.149,87.9,98.7056,0.4,0.142,0.311,71.2,14.6,42.9,25.9,36.3,6.0,9.83,37.12,87.82,0.4423,0.1854,33.81,12.4,12.4,12.4,PNC Park,94,70,10,44 deg,Open-Meteo forecast; MLB fallback,https://forecast.weather.gov/MapClick.php?lat=40.4469&lon=-80.0057,91,68,No,Yes,8,Yes,Yes,RotoWire projected lineup; MLB probable pitchers,lineup projected / unconfirmed,H:2026 P:2026/2025,,,Direct BvP not yet weighted; 2026/2025 Statcast baseline active,7,4,15,0,"Last 7 games: 4/15, 0 HR","platoon edge; pitcher baseline 9.8% barrel, 12.4 HR allowed",neutral batted-ball profile; pitcher allows elevated contact,,
669707,Jared Triolo,PIT,LAA,2026-09-04T22:45:00Z,Scheduled,9,Ryan Johnson,696270,R,R,3.68,0.0884,87.32,98.1853,0.3417,0.0971,0.2974,70.9,7.79,38.69,21.17,35.61,4.2,9.83,37.12,87.82,0.4423,0.1854,33.81,12.4,12.4,12.4,PNC Park,94,70,10,44 deg,Open-Meteo forecast; MLB fallback,https://forecast.weather.gov/MapClick.php?lat=40.4469&lon=-80.0057,91,68,No,Yes,9,Yes,Yes,RotoWire projected lineup; MLB probable pitchers,lineup projected / unconfirmed,H:2026/2025 P:2026/2025,,,Direct BvP not yet weighted; 2026/2025 Statcast baseline active,7,6,22,1,"Last 7 games: 6/22, 1 HR","same-side matchup; pitcher baseline 9.8% barrel, 12.4 HR allowed",neutral batted-ball profile; pitcher allows elevated contact,,
701350,Roman Anthony,BOS,BAL,2026-09-04T23:05:00Z,Scheduled,1,Shane Baz,669358,R,L,11.61,0.1451,93.24,103.078,0.4546,0.1777,0.3685,75.49,55.19,38.74,22.09,53.09,3.8,7.33,40.94,89.84,0.3874,0.1434,25.22,15.5,15.5,15.5,Oriole Park at Camden Yards,108,86,2,153 deg,Open-Meteo forecast; MLB fallback,https://forecast.weather.gov/MapClick.php?lat=39.2840&lon=-76.6217,64,0,No,Yes,1,Yes,Yes,RotoWire projected lineup; MLB probable pitchers,lineup projected / unconfirmed,H:2026/2025 P:2026/2025,,,Direct BvP not yet weighted; 2026/2025 Statcast baseline active,7,11,28,2,Hot streak: 2 HR in last 7 games,"platoon edge; pitcher baseline 7.3% barrel, 15.5 HR allowed",EV profile; pitcher fly-ball pressure modest,,
681508,Mickey Gasper,BOS,BAL,2026-09-04T23:05:00Z,Scheduled,2,Shane Baz,669358,R,S,7.25,0.1762,88.5,98.6368,0.4006,0.1601,0.3291,71.58,12.49,40.52,31.13,35.75,5.5,7.33,40.94,89.84,0.3874,0.1434,25.22,15.5,15.5,15.5,Oriole Park at Camden Yards,108,86,2,153 deg,Open-Meteo forecast; MLB fallback,https://forecast.weather.gov/MapClick.php?lat=39.2840&lon=-76.6217,64,0,No,Yes,2,Yes,Yes,RotoWire projected lineup; MLB probable pitchers,lineup projected / unconfirmed,H:2026/2025 P:2026/2025,,,Direct BvP not yet weighted; 2026/2025 Statcast baseline active,7,5,20,2,Hot streak: 2 HR in last 7 games,"switch hitter; pitcher baseline 7.3% barrel, 15.5 HR allowed",neutral batted-ball profile; pitcher fly-ball pressure modest,,
668939,Adley Rutschman,BOS,BAL,2026-09-04T23:05:00Z,Scheduled,3,Shane Baz,669358,R,S,7.01,0.1579,88.91,99.3512,0.4163,0.1599,0.3341,70.35,11.86,38.33,28.87,40.14,9.0,7.33,40.94,89.84,0.3874,0.1434,25.22,15.5,15.5,15.5,Oriole Park at Camden Yards,108,86,2,153 deg,Open-Meteo forecast; MLB fallback,https://forecast.weather.gov/MapClick.php?lat=39.2840&lon=-76.6217,64,0,No,Yes,3,Yes,Yes,RotoWire projected lineup; MLB probable pitchers,lineup projected / unconfirmed,H:2026/2025 P:2026/2025,,,Direct BvP not yet weighted; 2026/2025 Statcast baseline active,7,5,26,2,Hot streak: 2 HR in last 7 games,"switch hitter; pitcher baseline 7.3% barrel, 15.5 HR allowed",neutral batted-ball profile; pitcher fly-ball pressure modest,,
677800,Wilyer Abreu,BOS,BAL,2026-09-04T23:05:00Z,Scheduled,4,Shane Baz,669358,R,L,12.37,0.2143,90.1,101.3715,0.475,0.2236,0.3455,73.89,38.73,38.6,36.68,44.27,22.7,7.33,40.94,89.84,0.3874,0.1434,25.22,15.5,15.5,15.5,Oriole Park at Camden Yards,108,86,2,153 deg,Open-Meteo forecast; MLB fallback,https://forecast.weather.gov/MapClick.php?lat=39.2840&lon=-76.6217,64,0,No,Yes,4,Yes,Yes,RotoWire projected lineup; MLB probable pitchers,lineup projected / unconfirmed,H:2026/2025 P:2026/2025,,,Direct BvP not yet weighted; 2026/2025 Statcast baseline active,7,9,29,1,"Last 7 games: 9/29, 1 HR","platoon edge; pitcher baseline 7.3% barrel, 15.5 HR allowed",fly-ball profile; pitcher fly-ball pressure modest,,
686765,Nick Sogard,BOS,BAL,2026-09-04T23:05:00Z,Scheduled,5,Shane Baz,669358,R,S,4.9,0.1204,86.35,96.8851,0.3624,0.11,0.3139,68.71,3.33,46.43,23.18,30.71,2.1,7.33,40.94,89.84,0.3874,0.1434,25.22,15.5,15.5,15.5,Oriole Park at Camden Yards,108,86,2,153 deg,Open-Meteo forecast; MLB fallback,https://forecast.weather.gov/MapClick.php?lat=39.2840&lon=-76.6217,64,0,No,Yes,5,Yes,Yes,RotoWire projected lineup; MLB probable pitchers,lineup projected / unconfirmed,H:2026/2025 P:2026/2025,,,Direct BvP not yet weighted; 2026/2025 Statcast baseline active,7,8,25,2,Hot streak: 2 HR in last 7 games,"switch hitter; pitcher baseline 7.3% barrel, 15.5 HR allowed",neutral batted-ball profile; pitcher fly-ball pressure modest,,
702332,Caleb Durbin,BOS,BAL,2026-09-04T23:05:00Z,Scheduled,6,Shane Baz,669358,R,R,3.02,0.1338,84.01,95.5953,0.3312,0.0895,0.2945,68.81,5.02,40.46,19.89,25.78,11.7,7.33,40.94,89.84,0.3874,0.1434,25.22,15.5,15.5,15.5,Oriole Park at Camden Yards,108,86,2,153 deg,Open-Meteo forecast; MLB fallback,https://forecast.weather.gov/MapClick.php?lat=39.2840&lon=-76.6217,64,0,No,Yes,6,Yes,Yes,RotoWire projected lineup; MLB probable pitchers,lineup projected / unconfirmed,H:2026/2025 P:2026/2025,,,Direct BvP not yet weighted; 2026/2025 Statcast baseline active,7,3,21,0,"Last 7 games: 3/21, 0 HR","same-side matchup; pitcher baseline 7.3% barrel, 15.5 HR allowed",neutral batted-ball profile; pitcher fly-ball pressure modest,,
680776,Jarren Duran,BOS,BAL,2026-09-04T23:05:00Z,Scheduled,7,Shane Baz,669358,R,L,9.63,0.1671,90.54,102.0977,0.3967,0.1557,0.3078,74.98,50.17,38.76,22.86,42.32,18.1,7.33,40.94,89.84,0.3874,0.1434,25.22,15.5,15.5,15.5,Oriole Park at Camden Yards,108,86,2,153 deg,Open-Meteo forecast; MLB fallback,https://forecast.weather.gov/MapClick.php?lat=39.2840&lon=-76.6217,64,0,No,Yes,7,Yes,Yes,RotoWire projected lineup; MLB probable pitchers,lineup projected / unconfirmed,H:2026/2025 P:2026/2025,,,Direct BvP not yet weighted; 2026/2025 Statcast baseline active,7,2,24,1,"Last 7 games: 2/24, 1 HR","platoon edge; pitcher baseline 7.3% barrel, 15.5 HR allowed",neutral batted-ball profile; pitcher fly-ball pressure modest,,
642201,Eli White,BOS,BAL,2026-09-04T23:05:00Z,Scheduled,8,Shane Baz,669358,R,R,7.14,0.1559,86.44,98.5911,0.3601,0.129,0.2806,72.76,26.56,35.98,24.29,33.47,6.5,7.33,40.94,89.84,0.3874,0.1434,25.22,15.5,15.5,15.5,Oriole Park at Camden Yards,108,86,2,153 deg,Open-Meteo forecast; MLB fallback,https://forecast.weather.gov/MapClick.php?lat=39.2840&lon=-76.6217,64,0,No,Yes,8,Yes,Yes,RotoWire projected lineup; MLB probable pitchers,lineup projected / unconfirmed,H:2026/2025 P:2026/2025,,,Direct BvP not yet weighted; 2026/2025 Statcast baseline active,7,3,11,0,"Last 7 games: 3/11, 0 HR","same-side matchup; pitcher baseline 7.3% barrel, 15.5 HR allowed",neutral batted-ball profile; pitcher fly-ball pressure modest,,
643396,Isiah Kiner-Falefa,BOS,BAL,2026-09-04T23:05:00Z,Scheduled,9,Shane Baz,669358,R,R,2.45,0.079,82.85,95.0231,0.3348,0.0688,0.2949,68.11,3.09,38.29,14.11,26.45,2.0,7.33,40.94,89.84,0.3874,0.1434,25.22,15.5,15.5,15.5,Oriole Park at Camden Yards,108,86,2,153 deg,Open-Meteo forecast; MLB fallback,https://forecast.weather.gov/MapClick.php?lat=39.2840&lon=-76.6217,64,0,No,Yes,9,Yes,Yes,RotoWire projected lineup; MLB probable pitchers,lineup projected / unconfirmed,H:2026/2025 P:2026/2025,,,Direct BvP not yet weighted; 2026/2025 Statcast baseline active,7,7,23,1,"Last 7 games: 7/23, 1 HR","same-side matchup; pitcher baseline 7.3% barrel, 15.5 HR allowed",neutral batted-ball profile; pitcher fly-ball pressure modest,,
677942,Blaze Alexander,BAL,BOS,2026-09-04T23:05:00Z,Scheduled,1,Ranger Suarez,624133,L,R,8.46,0.1278,91.53,100.7331,0.4363,0.1584,0.3415,72.24,24.77,34.16,21.99,46.84,4.9,5.22,32.43,86.57,0.3545,0.1124,23.54,9.8,9.8,9.8,Oriole Park at Camden Yards,108,86,2,153 deg,Open-Meteo forecast; MLB fallback,https://forecast.weather.gov/MapClick.php?lat=39.2840&lon=-76.6217,64,0,No,Yes,1,Yes,Yes,RotoWire projected lineup; MLB probable pitchers,lineup projected / unconfirmed,H:2026/2025 P:2026/2025,,,Direct BvP not yet weighted; 2026/2025 Statcast baseline active,7,8,24,0,Contact streak: 8/24 over last 7 games,"platoon edge; pitcher baseline 5.2% barrel, 9.8 HR allowed",neutral batted-ball profile; pitcher fly-ball pressure modest,,
691723,Coby Mayo,BAL,BOS,2026-09-04T23:05:00Z,Scheduled,2,Ranger Suarez,624133,L,R,11.92,0.2088,90.38,102.6783,0.4218,0.2013,0.3101,75.4,54.81,49.27,33.69,44.82,16.6,5.22,32.43,86.57,0.3545,0.1124,23.54,9.8,9.8,9.8,Oriole Park at Camden Yards,108,86,2,153 deg,Open-Meteo forecast; MLB fallback,https://forecast.weather.gov/MapClick.php?lat=39.2840&lon=-76.6217,64,0,No,Yes,2,Yes,Yes,RotoWire projected lineup; MLB probable pitchers,lineup projected / unconfirmed,H:2026/2025 P:2026/2025,,,Direct BvP not yet weighted; 2026/2025 Statcast baseline active,7,8,24,2,Hot streak: 2 HR in last 7 games,"platoon edge; pitcher baseline 5.2% barrel, 9.8 HR allowed",neutral batted-ball profile; pitcher fly-ball pressure modest,,
673357,Luis Robert,BAL,BOS,2026-09-04T23:05:00Z,Scheduled,3,Ranger Suarez,624133,L,R,9.32,0.1662,89.47,101.6726,0.4155,0.1765,0.3182,76.65,67.62,44.41,27.24,40.27,11.2,5.22,32.43,86.57,0.3545,0.1124,23.54,9.8,9.8,9.8,Oriole Park at Camden Yards,108,86,2,153 deg,Open-Meteo forecast; MLB fallback,https://forecast.weather.gov/MapClick.php?lat=39.2840&lon=-76.6217,64,0,No,Yes,3,Yes,Yes,RotoWire projected lineup; MLB probable pitchers,lineup projected / unconfirmed,H:2026/2025 P:2026/2025,,,Direct BvP not yet weighted; 2026/2025 Statcast baseline active,7,4,24,1,"Last 7 games: 4/24, 1 HR","platoon edge; pitcher baseline 5.2% barrel, 9.8 HR allowed",neutral batted-ball profile; pitcher fly-ball pressure modest,,
624413,Pete Alonso,BAL,BOS,2026-09-04T23:05:00Z,Scheduled,4,Ranger Suarez,624133,L,R,15.19,0.2352,93.99,104.2498,0.551,0.2703,0.3902,74.78,48.86,36.43,30.18,56.15,33.8,5.22,32.43,86.57,0.3545,0.1124,23.54,9.8,9.8,9.8,Oriole Park at Camden Yards,108,86,2,153 deg,Open-Meteo forecast; MLB fallback,https://forecast.weather.gov/MapClick.php?lat=39.2840&lon=-76.6217,64,0,No,Yes,4,Yes,Yes,RotoWire projected lineup; MLB probable pitchers,lineup projected / unconfirmed,H:2026/2025 P:2026/2025,,,Direct BvP not yet weighted; 2026/2025 Statcast baseline active,7,4,24,1,"Last 7 games: 4/24, 1 HR","platoon edge; pitcher baseline 5.2% barrel, 9.8 HR allowed",EV profile; pitcher fly-ball pressure modest,,
683002,Gunnar Henderson,BAL,BOS,2026-09-04T23:05:00Z,Scheduled,5,Ranger Suarez,624133,L,L,7.55,0.1759,90.35,101.3258,0.4054,0.1518,0.3249,74.67,46.89,41.01,23.1,45.42,20.5,5.22,32.43,86.57,0.3545,0.1124,23.54,9.8,9.8,9.8,Oriole Park at Camden Yards,108,86,2,153 deg,Open-Meteo forecast; MLB fallback,https://forecast.weather.gov/MapClick.php?lat=39.2840&lon=-76.6217,64,0,No,Yes,5,Yes,Yes,RotoWire projected lineup; MLB probable pitchers,lineup projected / unconfirmed,H:2026/2025 P:2026/2025,,,Direct BvP not yet weighted; 2026/2025 Statcast baseline active,7,6,23,2,Hot streak: 2 HR in last 7 games,"same-side matchup; pitcher baseline 5.2% barrel, 9.8 HR allowed",neutral batted-ball profile; pitcher fly-ball pressure modest,,
687952,Christian Encarnacion-Strand,BAL,BOS,2026-09-04T23:05:00Z,Scheduled,6,Ranger Suarez,624133,L,R,14.74,0.2047,90.98,101.8856,0.489,0.2472,0.3238,73.74,37.88,44.97,30.07,41.83,6.7,5.22,32.43,86.57,0.3545,0.1124,23.54,9.8,9.8,9.8,Oriole Park at Camden Yards,108,86,2,153 deg,Open-Meteo forecast; MLB fallback,https://forecast.weather.gov/MapClick.php?lat=39.2840&lon=-76.6217,64,0,No,Yes,6,Yes,Yes,RotoWire projected lineup; MLB probable pitchers,lineup projected / unconfirmed,H:2026/2025 P:2026/2025,,,Direct BvP not yet weighted; 2026/2025 Statcast baseline active,7,5,20,1,"Last 7 games: 5/20, 1 HR","platoon edge; pitcher baseline 5.2% barrel, 9.8 HR allowed",neutral batted-ball profile; pitcher fly-ball pressure modest,,
665750,Leody Taveras,BAL,BOS,2026-09-04T23:05:00Z,Scheduled,7,Ranger Suarez,624133,L,S,4.86,0.1228,88.36,99.2899,0.3222,0.1117,0.2641,72.46,25.09,33.93,24.66,33.87,6.5,5.22,32.43,86.57,0.3545,0.1124,23.54,9.8,9.8,9.8,Oriole Park at Camden Yards,108,86,2,153 deg,Open-Meteo forecast; MLB fallback,https://forecast.weather.gov/MapClick.php?lat=39.2840&lon=-76.6217,64,0,No,Yes,7,Yes,Yes,RotoWire projected lineup; MLB probable pitchers,lineup projected / unconfirmed,H:2026/2025 P:2026/2025,,,Direct BvP not yet weighted; 2026/2025 Statcast baseline active,7,2,20,0,"Last 7 games: 2/20, 0 HR","switch hitter; pitcher baseline 5.2% barrel, 9.8 HR allowed",neutral batted-ball profile; pitcher fly-ball pressure modest,,
687637,Dylan Beavers,BAL,BOS,2026-09-04T23:05:00Z,Scheduled,8,Ranger Suarez,624133,L,L,7.83,0.1499,88.45,99.1531,0.3905,0.1628,0.3188,72.41,21.54,40.88,32.79,35.7,5.4,5.22,32.43,86.57,0.3545,0.1124,23.54,9.8,9.8,9.8,Oriole Park at Camden Yards,108,86,2,153 deg,Open-Meteo forecast; MLB fallback,https://forecast.weather.gov/MapClick.php?lat=39.2840&lon=-76.6217,64,0,No,Yes,8,Yes,Yes,RotoWire projected lineup; MLB probable pitchers,lineup projected / unconfirmed,H:2026/2025 P:2026/2025,,,Direct BvP not yet weighted; 2026/2025 Statcast baseline active,7,5,23,0,"Last 7 games: 5/23, 0 HR","same-side matchup; pitcher baseline 5.2% barrel, 9.8 HR allowed",neutral batted-ball profile; pitcher fly-ball pressure modest,,
665966,Carlos Narvaez,BAL,BOS,2026-09-04T23:05:00Z,Scheduled,9,Ranger Suarez,624133,L,R,7.49,0.1038,90.96,100.1902,0.3313,0.1298,0.2734,72.09,19.74,32.16,30.31,40.54,6.6,5.22,32.43,86.57,0.3545,0.1124,23.54,9.8,9.8,9.8,Oriole Park at Camden Yards,108,86,2,153 deg,Open-Meteo forecast; MLB fallback,https://forecast.weather.gov/MapClick.php?lat=39.2840&lon=-76.6217,64,0,No,Yes,9,Yes,Yes,RotoWire projected lineup; MLB probable pitchers,lineup projected / unconfirmed,H:2026/2025 P:2026/2025,,,Direct BvP not yet weighted; 2026/2025 Statcast baseline active,7,2,14,0,"Last 7 games: 2/14, 0 HR","platoon edge; pitcher baseline 5.2% barrel, 9.8 HR allowed",neutral batted-ball profile; pitcher fly-ball pressure modest,,
687551,Drew Gilbert,SF,NYM,2026-09-04T23:10:00Z,Scheduled,1,Nolan McLean,690997,R,L,5.25,0.1488,86.74,98.2037,0.3745,0.1307,0.3113,70.45,10.06,41.82,20.25,35.8,6.5,6.81,37.94,88.31,0.3415,0.1232,21.84,11.7,11.7,11.7,Citi Field,95,80,4,122 deg,Open-Meteo forecast; MLB fallback,https://forecast.weather.gov/MapClick.php?lat=40.7571&lon=-73.8458,75,5,No,Yes,1,Yes,Yes,RotoWire projected lineup; MLB probable pitchers,lineup projected / unconfirmed,H:2026/2025 P:2026/2025,,,Direct BvP not yet weighted; 2026/2025 Statcast baseline active,7,2,18,1,"Last 7 games: 2/18, 1 HR","platoon edge; pitcher baseline 6.8% barrel, 11.7 HR allowed",neutral batted-ball profile; pitcher fly-ball pressure modest,,
646240,Rafael Devers,SF,NYM,2026-09-04T23:10:00Z,Scheduled,2,Nolan McLean,690997,R,L,12.92,0.241,93.08,103.2245,0.4709,0.2322,0.3467,71.81,20.44,33.98,33.88,52.39,32.9,6.81,37.94,88.31,0.3415,0.1232,21.84,11.7,11.7,11.7,Citi Field,95,80,4,122 deg,Open-Meteo forecast; MLB fallback,https://forecast.weather.gov/MapClick.php?lat=40.7571&lon=-73.8458,75,5,No,Yes,2,Yes,Yes,RotoWire projected lineup; MLB probable pitchers,lineup projected / unconfirmed,H:2026/2025 P:2026/2025,,,Direct BvP not yet weighted; 2026/2025 Statcast baseline active,7,9,27,3,Hot streak: 3 HR in last 7 games,"platoon edge; pitcher baseline 6.8% barrel, 11.7 HR allowed",EV profile; pitcher fly-ball pressure modest,,
805811,Bryce Eldridge,SF,NYM,2026-09-04T23:10:00Z,Scheduled,3,Nolan McLean,690997,R,L,15.76,0.1525,93.43,103.3026,0.4813,0.2463,0.3594,72.93,28.15,37.71,36.77,57.11,10.5,6.81,37.94,88.31,0.3415,0.1232,21.84,11.7,11.7,11.7,Citi Field,95,80,4,122 deg,Open-Meteo forecast; MLB fallback,https://forecast.weather.gov/MapClick.php?lat=40.7571&lon=-73.8458,75,5,No,Yes,3,Yes,Yes,RotoWire projected lineup; MLB probable pitchers,lineup projected / unconfirmed,H:2026/2025 P:2026/2025,,,Direct BvP not yet weighted; 2026/2025 Statcast baseline active,7,10,27,1,Contact streak: 10/27 over last 7 games,"platoon edge; pitcher baseline 6.8% barrel, 11.7 HR allowed",EV profile; pitcher fly-ball pressure modest,,
813841,Jonah Cox,SF,NYM,2026-09-04T23:10:00Z,Scheduled,4,Nolan McLean,690997,R,R,12.8,0.261,90.5,100.0161,0.399,0.193,0.28,69.1,7.6,17.9,38.5,43.6,4.0,6.81,37.94,88.31,0.3415,0.1232,21.84,11.7,11.7,11.7,Citi Field,95,80,4,122 deg,Open-Meteo forecast; MLB fallback,https://forecast.weather.gov/MapClick.php?lat=40.7571&lon=-73.8458,75,5,No,Yes,4,Yes,Yes,RotoWire projected lineup; MLB probable pitchers,lineup projected / unconfirmed,H:2026 P:2026/2025,,,Direct BvP not yet weighted; 2026/2025 Statcast baseline active,7,5,18,1,"Last 7 games: 5/18, 1 HR","same-side matchup; pitcher baseline 6.8% barrel, 11.7 HR allowed",fly-ball profile; pitcher fly-ball pressure modest,,
806367,Turner Hill,SF,NYM,2026-09-04T23:10:00Z,Scheduled,5,Nolan McLean,690997,R,L,5.1,0.119,88.7,98.2793,0.437,0.139,0.365,65.7,0.0,51.3,20.5,38.5,0.0,6.81,37.94,88.31,0.3415,0.1232,21.84,11.7,11.7,11.7,Citi Field,95,80,4,122 deg,Open-Meteo forecast; MLB fallback,https://forecast.weather.gov/MapClick.php?lat=40.7571&lon=-73.8458,75,5,No,Yes,5,Yes,Yes,RotoWire projected lineup; MLB probable pitchers,lineup projected / unconfirmed,H:2026 P:2026/2025,,,Direct BvP not yet weighted; 2026/2025 Statcast baseline active,7,7,22,0,"Last 7 games: 7/22, 0 HR","platoon edge; pitcher baseline 6.8% barrel, 11.7 HR allowed",neutral batted-ball profile; pitcher fly-ball pressure modest,,
668800,Andrew Knizner,SF,NYM,2026-09-04T23:10:00Z,Scheduled,6,Nolan McLean,690997,R,R,6.51,0.1529,86.51,96.9875,0.337,0.1204,0.2843,70.25,7.19,26.97,31.32,28.24,1.0,6.81,37.94,88.31,0.3415,0.1232,21.84,11.7,11.7,11.7,Citi Field,95,80,4,122 deg,Open-Meteo forecast; MLB fallback,https://forecast.weather.gov/MapClick.php?lat=40.7571&lon=-73.8458,75,5,No,Yes,6,Yes,Yes,RotoWire projected lineup; MLB probable pitchers,lineup projected / unconfirmed,H:2026/2025 P:2026/2025,,,Direct BvP not yet weighted; 2026/2025 Statcast baseline active,7,3,14,0,"Last 7 games: 3/14, 0 HR","same-side matchup; pitcher baseline 6.8% barrel, 11.7 HR allowed",neutral batted-ball profile; pitcher fly-ball pressure modest,,
694376,Shay Whitcomb,SF,NYM,2026-09-04T23:10:00Z,Scheduled,7,Nolan McLean,690997,R,R,10.8,0.1633,85.48,96.7518,0.3293,0.1674,0.212,71.59,16.31,41.25,30.03,28.14,2.4,6.81,37.94,88.31,0.3415,0.1232,21.84,11.7,11.7,11.7,Citi Field,95,80,4,122 deg,Open-Meteo forecast; MLB fallback,https://forecast.weather.gov/MapClick.php?lat=40.7571&lon=-73.8458,75,5,No,Yes,7,Yes,Yes,RotoWire projected lineup; MLB probable pitchers,lineup projected / unconfirmed,H:2026/2025 P:2026/2025,,,Direct BvP not yet weighted; 2026/2025 Statcast baseline active,7,2,20,0,"Last 7 games: 2/20, 0 HR","same-side matchup; pitcher baseline 6.8% barrel, 11.7 HR allowed",neutral batted-ball profile; pitcher fly-ball pressure modest,,
801501,Nate Furman,SF,NYM,2026-09-04T23:10:00Z,Scheduled,8,Nolan McLean,690997,R,L,0.0,0.0,81.6,92.5391,0.226,0.035,0.244,66.2,0.0,38.9,11.1,16.7,0.0,6.81,37.94,88.31,0.3415,0.1232,21.84,11.7,11.7,11.7,Citi Field,95,80,4,122 deg,Open-Meteo forecast; MLB fallback,https://forecast.weather.gov/MapClick.php?lat=40.7571&lon=-73.8458,75,5,No,Yes,8,Yes,Yes,RotoWire projected lineup; MLB probable pitchers,lineup projected / unconfirmed,H:2026 P:2026/2025,,,Direct BvP not yet weighted; 2026/2025 Statcast baseline active,7,3,13,0,"Last 7 games: 3/13, 0 HR","platoon edge; pitcher baseline 6.8% barrel, 11.7 HR allowed",neutral batted-ball profile; pitcher fly-ball pressure modest,,
683766,Christian Koss,SF,NYM,2026-09-04T23:10:00Z,Scheduled,9,Nolan McLean,690997,R,R,5.44,0.0732,85.85,97.924,0.3145,0.0928,0.2571,69.79,6.42,39.21,17.44,31.5,1.6,6.81,37.94,88.31,0.3415,0.1232,21.84,11.7,11.7,11.7,Citi Field,95,80,4,122 deg,Open-Meteo forecast; MLB fallback,https://forecast.weather.gov/MapClick.php?lat=40.7571&lon=-73.8458,75,5,No,Yes,9,Yes,Yes,RotoWire projected lineup; MLB probable pitchers,lineup projected / unconfirmed,H:2026/2025 P:2026/2025,,,Direct BvP not yet weighted; 2026/2025 Statcast baseline active,7,4,24,1,"Last 7 games: 4/24, 1 HR","same-side matchup; pitcher baseline 6.8% barrel, 11.7 HR allowed",neutral batted-ball profile; pitcher fly-ball pressure modest,,
691718,Pete Crow-Armstrong,CHC,MIA,2026-09-04T23:10:00Z,Scheduled,1,Janson Junk,676083,R,L,13.03,0.2718,89.99,101.6153,0.4876,0.2351,0.3532,74.24,44.32,49.88,35.64,46.57,35.9,7.59,41.91,90.55,0.4236,0.1592,23.01,10.8,10.8,10.8,loanDepot park,89,82,2,336 deg,Open-Meteo forecast; MLB fallback,https://forecast.weather.gov/MapClick.php?lat=25.7781&lon=-80.2197,87,20,No,Yes,1,Yes,Yes,RotoWire projected lineup; MLB probable pitchers,lineup projected / unconfirmed,H:2026/2025 P:2026/2025,,,Direct BvP not yet weighted; 2026/2025 Statcast baseline active,7,11,32,6,Hot streak: 6 HR in last 7 games,"platoon edge; pitcher baseline 7.6% barrel, 10.8 HR allowed",fly-ball profile; pitcher fly-ball pressure modest,,
673548,Seiya Suzuki,CHC,MIA,2026-09-04T23:10:00Z,Scheduled,2,Janson Junk,676083,R,R,12.26,0.2197,89.27,101.1,0.4506,0.2022,0.345,73.3,37.32,42.18,31.48,41.7,26.4,7.59,41.91,90.55,0.4236,0.1592,23.01,10.8,10.8,10.8,loanDepot park,89,82,2,336 deg,Open-Meteo forecast; MLB fallback,https://forecast.weather.gov/MapClick.php?lat=25.7781&lon=-80.2197,87,20,No,Yes,2,Yes,Yes,RotoWire projected lineup; MLB probable pitchers,lineup projected / unconfirmed,H:2026/2025 P:2026/2025,,,Direct BvP not yet weighted; 2026/2025 Statcast baseline active,7,9,28,2,Hot streak: 2 HR in last 7 games,"same-side matchup; pitcher baseline 7.6% barrel, 10.8 HR allowed",neutral batted-ball profile; pitcher fly-ball pressure modest,,
683737,Michael Busch,CHC,MIA,2026-09-04T23:10:00Z,Scheduled,3,Janson Junk,676083,R,L,11.43,0.185,89.47,99.6719,0.4416,0.202,0.343,68.97,5.78,39.65,34.83,41.84,22.1,7.59,41.91,90.55,0.4236,0.1592,23.01,10.8,10.8,10.8,loanDepot park,89,82,2,336 deg,Open-Meteo forecast; MLB fallback,https://forecast.weather.gov/MapClick.php?lat=25.7781&lon=-80.2197,87,20,No,Yes,3,Yes,Yes,RotoWire projected lineup; MLB probable pitchers,lineup projected / unconfirmed,H:2026/2025 P:2026/2025,,,Direct BvP not yet weighted; 2026/2025 Statcast baseline active,7,3,30,1,"Last 7 games: 3/30, 1 HR","platoon edge; pitcher baseline 7.6% barrel, 10.8 HR allowed",neutral batted-ball profile; pitcher fly-ball pressure modest,,
608324,Alex Bregman,CHC,MIA,2026-09-04T23:10:00Z,Scheduled,4,Janson Junk,676083,R,R,5.97,0.1855,88.7,98.3634,0.392,0.1446,0.323,70.16,4.87,47.07,27.16,39.85,22.2,7.59,41.91,90.55,0.4236,0.1592,23.01,10.8,10.8,10.8,loanDepot park,89,82,2,336 deg,Open-Meteo forecast; MLB fallback,https://forecast.weather.gov/MapClick.php?lat=25.7781&lon=-80.2197,87,20,No,Yes,4,Yes,Yes,RotoWire projected lineup; MLB probable pitchers,lineup projected / unconfirmed,H:2026/2025 P:2026/2025,,,Direct BvP not yet weighted; 2026/2025 Statcast baseline active,7,12,31,5,Hot streak: 5 HR in last 7 games,"same-side matchup; pitcher baseline 7.6% barrel, 10.8 HR allowed",neutral batted-ball profile; pitcher fly-ball pressure modest,,
664023,Ian Happ,CHC,MIA,2026-09-04T23:10:00Z,Scheduled,5,Janson Junk,676083,R,S,11.1,0.1931,89.44,100.7068,0.415,0.1944,0.3246,71.81,18.29,44.26,31.69,42.37,23.0,7.59,41.91,90.55,0.4236,0.1592,23.01,10.8,10.8,10.8,loanDepot park,89,82,2,336 deg,Open-Meteo forecast; MLB fallback,https://forecast.weather.gov/MapClick.php?lat=25.7781&lon=-80.2197,87,20,No,Yes,5,Yes,Yes,RotoWire projected lineup; MLB probable pitchers,lineup projected / unconfirmed,H:2026/2025 P:2026/2025,,,Direct BvP not yet weighted; 2026/2025 Statcast baseline active,7,4,21,0,"Last 7 games: 4/21, 0 HR","switch hitter; pitcher baseline 7.6% barrel, 10.8 HR allowed",neutral batted-ball profile; pitcher fly-ball pressure modest,,
663538,Nico Hoerner,CHC,MIA,2026-09-04T23:10:00Z,Scheduled,6,Janson Junk,676083,R,R,1.7,0.097,86.14,96.25,0.3791,0.0829,0.3227,68.33,1.76,32.59,21.56,28.76,7.7,7.59,41.91,90.55,0.4236,0.1592,23.01,10.8,10.8,10.8,loanDepot park,89,82,2,336 deg,Open-Meteo forecast; MLB fallback,https://forecast.weather.gov/MapClick.php?lat=25.7781&lon=-80.2197,87,20,No,Yes,6,Yes,Yes,RotoWire projected lineup; MLB probable pitchers,lineup projected / unconfirmed,H:2026/2025 P:2026/2025,,,Direct BvP not yet weighted; 2026/2025 Statcast baseline active,7,8,27,1,"Last 7 games: 8/27, 1 HR","same-side matchup; pitcher baseline 7.6% barrel, 10.8 HR allowed",neutral batted-ball profile; pitcher fly-ball pressure modest,,
699393,Pedro Ramirez,CHC,MIA,2026-09-04T23:10:00Z,Scheduled,7,Janson Junk,676083,R,S,4.3,0.151,89.2,99.6931,0.368,0.103,0.306,72.2,22.2,41.8,21.3,41.8,4.0,7.59,41.91,90.55,0.4236,0.1592,23.01,10.8,10.8,10.8,loanDepot park,89,82,2,336 deg,Open-Meteo forecast; MLB fallback,https://forecast.weather.gov/MapClick.php?lat=25.7781&lon=-80.2197,87,20,No,Yes,7,Yes,Yes,RotoWire projected lineup; MLB probable pitchers,lineup projected / unconfirmed,H:2026 P:2026/2025,,,Direct BvP not yet weighted; 2026/2025 Statcast baseline active,7,6,23,1,"Last 7 games: 6/23, 1 HR","switch hitter; pitcher baseline 7.6% barrel, 10.8 HR allowed",neutral batted-ball profile; pitcher fly-ball pressure modest,,
624424,Michael Conforto,CHC,MIA,2026-09-04T23:10:00Z,Scheduled,8,Janson Junk,676083,R,L,11.03,0.2103,90.39,100.7986,0.4261,0.1945,0.3279,72.92,34.0,44.02,35.39,42.95,12.7,7.59,41.91,90.55,0.4236,0.1592,23.01,10.8,10.8,10.8,loanDepot park,89,82,2,336 deg,Open-Meteo forecast; MLB fallback,https://forecast.weather.gov/MapClick.php?lat=25.7781&lon=-80.2197,87,20,No,Yes,8,Yes,Yes,RotoWire projected lineup; MLB probable pitchers,lineup projected / unconfirmed,H:2026/2025 P:2026/2025,,,Direct BvP not yet weighted; 2026/2025 Statcast baseline active,7,3,13,1,"Last 7 games: 3/13, 1 HR","platoon edge; pitcher baseline 7.6% barrel, 10.8 HR allowed",fly-ball profile; pitcher fly-ball pressure modest,,
608348,Carson Kelly,CHC,MIA,2026-09-04T23:10:00Z,Scheduled,9,Janson Junk,676083,R,R,6.8,0.1454,87.68,98.7126,0.3879,0.1477,0.3161,70.68,8.4,40.83,26.41,37.43,12.1,7.59,41.91,90.55,0.4236,0.1592,23.01,10.8,10.8,10.8,loanDepot park,89,82,2,336 deg,Open-Meteo forecast; MLB fallback,https://forecast.weather.gov/MapClick.php?lat=25.7781&lon=-80.2197,87,20,No,Yes,9,Yes,Yes,RotoWire projected lineup; MLB probable pitchers,lineup projected / unconfirmed,H:2026/2025 P:2026/2025,,,Direct BvP not yet weighted; 2026/2025 Statcast baseline active,7,7,25,3,Hot streak: 3 HR in last 7 games,"same-side matchup; pitcher baseline 7.6% barrel, 10.8 HR allowed",neutral batted-ball profile; pitcher fly-ball pressure modest,,
681715,Heriberto Hernandez,MIA,CHC,2026-09-04T23:10:00Z,Scheduled,1,Shota Imanaga,684007,L,R,13.1,0.2154,91.04,101.7722,0.4728,0.225,0.3494,74.14,44.9,46.96,30.13,46.94,18.4,10.34,38.32,89.23,0.4256,0.1926,35.3,32.4,32.4,32.4,loanDepot park,89,82,2,336 deg,Open-Meteo forecast; MLB fallback,https://forecast.weather.gov/MapClick.php?lat=25.7781&lon=-80.2197,87,20,No,Yes,1,Yes,Yes,RotoWire projected lineup; MLB probable pitchers,lineup projected / unconfirmed,H:2026/2025 P:2026/2025,,,Direct BvP not yet weighted; 2026/2025 Statcast baseline active,7,5,25,3,Hot streak: 3 HR in last 7 games,"platoon edge; pitcher baseline 10.3% barrel, 32.4 HR allowed",neutral batted-ball profile; pitcher allows elevated contact,,
669065,Kyle Stowers,MIA,CHC,2026-09-04T23:10:00Z,Scheduled,2,Shota Imanaga,684007,L,L,14.55,0.2329,92.01,103.3796,0.4705,0.2279,0.3449,75.28,54.81,45.64,32.06,54.59,20.1,10.34,38.32,89.23,0.4256,0.1926,35.3,32.4,32.4,32.4,loanDepot park,89,82,2,336 deg,Open-Meteo forecast; MLB fallback,https://forecast.weather.gov/MapClick.php?lat=25.7781&lon=-80.2197,87,20,No,Yes,2,Yes,Yes,RotoWire projected lineup; MLB probable pitchers,lineup projected / unconfirmed,H:2026/2025 P:2026/2025,,,Direct BvP not yet weighted; 2026/2025 Statcast baseline active,7,8,24,2,Hot streak: 2 HR in last 7 games,"same-side matchup; pitcher baseline 10.3% barrel, 32.4 HR allowed",lift-pull EV profile; pitcher allows elevated contact,,
672640,Otto Lopez,MIA,CHC,2026-09-04T23:10:00Z,Scheduled,3,Shota Imanaga,684007,L,R,6.54,0.1339,88.92,100.176,0.4249,0.1475,0.3251,71.7,22.46,33.14,22.29,40.26,11.5,10.34,38.32,89.23,0.4256,0.1926,35.3,32.4,32.4,32.4,loanDepot park,89,82,2,336 deg,Open-Meteo forecast; MLB fallback,https://forecast.weather.gov/MapClick.php?lat=25.7781&lon=-80.2197,87,20,No,Yes,3,Yes,Yes,RotoWire projected lineup; MLB probable pitchers,lineup projected / unconfirmed,H:2026/2025 P:2026/2025,,,Direct BvP not yet weighted; 2026/2025 Statcast baseline active,7,6,29,1,"Last 7 games: 6/29, 1 HR","platoon edge; pitcher baseline 10.3% barrel, 32.4 HR allowed",neutral batted-ball profile; pitcher allows elevated contact,,
665052,Griffin Conine,MIA,CHC,2026-09-04T23:10:00Z,Scheduled,4,Shota Imanaga,684007,L,L,15.08,0.2133,91.32,103.4357,0.4593,0.2124,0.3468,74.33,44.39,42.95,23.06,49.99,10.4,10.34,38.32,89.23,0.4256,0.1926,35.3,32.4,32.4,32.4,loanDepot park,89,82,2,336 deg,Open-Meteo forecast; MLB fallback,https://forecast.weather.gov/MapClick.php?lat=25.7781&lon=-80.2197,87,20,No,Yes,4,Yes,Yes,RotoWire projected lineup; MLB probable pitchers,lineup projected / unconfirmed,H:2026/2025 P:2026/2025,,,Direct BvP not yet weighted; 2026/2025 Statcast baseline active,7,3,20,0,"Last 7 games: 3/20, 0 HR","same-side matchup; pitcher baseline 10.3% barrel, 32.4 HR allowed",neutral batted-ball profile; pitcher allows elevated contact,,
691594,Javier Sanoja,MIA,CHC,2026-09-04T23:10:00Z,Scheduled,5,Shota Imanaga,684007,L,R,2.01,0.1453,87.31,97.3594,0.3413,0.0802,0.2848,68.86,6.46,37.52,18.97,31.99,6.7,10.34,38.32,89.23,0.4256,0.1926,35.3,32.4,32.4,32.4,loanDepot park,89,82,2,336 deg,Open-Meteo forecast; MLB fallback,https://forecast.weather.gov/MapClick.php?lat=25.7781&lon=-80.2197,87,20,No,Yes,5,Yes,Yes,RotoWire projected lineup; MLB probable pitchers,lineup projected / unconfirmed,H:2026/2025 P:2026/2025,,,Direct BvP not yet weighted; 2026/2025 Statcast baseline active,7,10,26,1,Contact streak: 10/26 over last 7 games,"platoon edge; pitcher baseline 10.3% barrel, 32.4 HR allowed",neutral batted-ball profile; pitcher allows elevated contact,,
805300,Jakob Marsee,MIA,CHC,2026-09-04T23:10:00Z,Scheduled,6,Shota Imanaga,684007,L,L,4.95,0.1398,87.78,98.5916,0.3545,0.1176,0.3169,70.43,5.93,42.07,23.82,36.71,7.8,10.34,38.32,89.23,0.4256,0.1926,35.3,32.4,32.4,32.4,loanDepot park,89,82,2,336 deg,Open-Meteo forecast; MLB fallback,https://forecast.weather.gov/MapClick.php?lat=25.7781&lon=-80.2197,87,20,No,Yes,6,Yes,Yes,RotoWire projected lineup; MLB probable pitchers,lineup projected / unconfirmed,H:2026/2025 P:2026/2025,,,Direct BvP not yet weighted; 2026/2025 Statcast baseline active,7,5,25,1,"Last 7 games: 5/25, 1 HR","same-side matchup; pitcher baseline 10.3% barrel, 32.4 HR allowed",neutral batted-ball profile; pitcher allows elevated contact,,
682663,Agustin Ramirez,MIA,CHC,2026-09-04T23:10:00Z,Scheduled,7,Shota Imanaga,684007,L,R,5.54,0.1211,89.68,102.1222,0.3359,0.1091,0.2914,75.62,57.3,41.59,17.3,41.54,7.7,10.34,38.32,89.23,0.4256,0.1926,35.3,32.4,32.4,32.4,loanDepot park,89,82,2,336 deg,Open-Meteo forecast; MLB fallback,https://forecast.weather.gov/MapClick.php?lat=25.7781&lon=-80.2197,87,20,No,Yes,7,Yes,Yes,RotoWire projected lineup; MLB probable pitchers,lineup projected / unconfirmed,H:2026/2025 P:2026/2025,,,Direct BvP not yet weighted; 2026/2025 Statcast baseline active,7,4,22,1,"Last 7 games: 4/22, 1 HR","platoon edge; pitcher baseline 10.3% barrel, 32.4 HR allowed",neutral batted-ball profile; pitcher allows elevated contact,,
691788,Joe Mack,MIA,CHC,2026-09-04T23:10:00Z,Scheduled,8,Shota Imanaga,684007,L,L,8.6,0.175,88.2,99.5433,0.392,0.168,0.293,74.3,43.2,48.7,24.6,38.5,12.0,10.34,38.32,89.23,0.4256,0.1926,35.3,32.4,32.4,32.4,loanDepot park,89,82,2,336 deg,Open-Meteo forecast; MLB fallback,https://forecast.weather.gov/MapClick.php?lat=25.7781&lon=-80.2197,87,20,No,Yes,8,Yes,Yes,RotoWire projected lineup; MLB probable pitchers,lineup projected / unconfirmed,H:2026 P:2026/2025,,,Direct BvP not yet weighted; 2026/2025 Statcast baseline active,7,4,19,0,"Last 7 games: 4/19, 0 HR","same-side matchup; pitcher baseline 10.3% barrel, 32.4 HR allowed",neutral batted-ball profile; pitcher allows elevated contact,,
688363,Graham Pauley,MIA,CHC,2026-09-04T23:10:00Z,Scheduled,9,Shota Imanaga,684007,L,L,5.71,0.149,85.34,96.4034,0.308,0.1095,0.2479,71.14,14.61,48.43,29.78,28.54,2.6,10.34,38.32,89.23,0.4256,0.1926,35.3,32.4,32.4,32.4,loanDepot park,89,82,2,336 deg,Open-Meteo forecast; MLB fallback,https://forecast.weather.gov/MapClick.php?lat=25.7781&lon=-80.2197,87,20,No,Yes,9,Yes,Yes,RotoWire projected lineup; MLB probable pitchers,lineup projected / unconfirmed,H:2026/2025 P:2026/2025,,,Direct BvP not yet weighted; 2026/2025 Statcast baseline active,7,4,16,1,"Last 7 games: 4/16, 1 HR","same-side matchup; pitcher baseline 10.3% barrel, 32.4 HR allowed",neutral batted-ball profile; pitcher allows elevated contact,,
803011,Sam Antonacci,CWS,MIN,2026-09-04T23:40:00Z,Scheduled,1,Zebby Matthews,805673,R,L,5.4,0.122,87.2,97.5254,0.391,0.118,0.344,69.9,8.0,32.6,22.0,32.7,8.0,10.46,40.83,90.18,0.4351,0.1753,26.75,16.9,16.9,16.9,Rate Field,98,76,7,142 deg,Open-Meteo forecast; MLB fallback,https://forecast.weather.gov/MapClick.php?lat=41.8300&lon=-87.6338,82,7,No,Yes,1,Yes,Yes,RotoWire projected lineup; MLB probable pitchers,lineup projected / unconfirmed,H:2026 P:2026/2025,,,Direct BvP not yet weighted; 2026/2025 Statcast baseline active,7,4,24,0,"Last 7 games: 4/24, 0 HR","platoon edge; pitcher baseline 10.5% barrel, 16.9 HR allowed",neutral batted-ball profile; pitcher fly-ball pressure modest,,
808959,Munetaka Murakami,CWS,MIN,2026-09-04T23:40:00Z,Scheduled,2,Zebby Matthews,805673,R,L,19.6,0.272,93.9,104.4472,0.478,0.267,0.358,74.8,51.0,44.7,38.4,57.1,29.0,10.46,40.83,90.18,0.4351,0.1753,26.75,16.9,16.9,16.9,Rate Field,98,76,7,142 deg,Open-Meteo forecast; MLB fallback,https://forecast.weather.gov/MapClick.php?lat=41.8300&lon=-87.6338,82,7,No,Yes,2,Yes,Yes,RotoWire projected lineup; MLB probable pitchers,lineup projected / unconfirmed,H:2026 P:2026/2025,,,Direct BvP not yet weighted; 2026/2025 Statcast baseline active,7,3,24,0,"Last 7 games: 3/24, 0 HR","platoon edge; pitcher baseline 10.5% barrel, 16.9 HR allowed",lift-pull EV profile; pitcher fly-ball pressure modest,,
678246,Miguel Vargas,CWS,MIN,2026-09-04T23:40:00Z,Scheduled,3,Zebby Matthews,805673,R,R,12.55,0.2146,90.33,100.4173,0.4826,0.2235,0.3673,72.91,33.16,44.14,34.89,44.0,25.1,10.46,40.83,90.18,0.4351,0.1753,26.75,16.9,16.9,16.9,Rate Field,98,76,7,142 deg,Open-Meteo forecast; MLB fallback,https://forecast.weather.gov/MapClick.php?lat=41.8300&lon=-87.6338,82,7,No,Yes,3,Yes,Yes,RotoWire projected lineup; MLB probable pitchers,lineup projected / unconfirmed,H:2026/2025 P:2026/2025,,,Direct BvP not yet weighted; 2026/2025 Statcast baseline active,7,7,27,0,"Last 7 games: 7/27, 0 HR","same-side matchup; pitcher baseline 10.5% barrel, 16.9 HR allowed",neutral batted-ball profile; pitcher fly-ball pressure modest,,
643217,Andrew Benintendi,CWS,MIN,2026-09-04T23:40:00Z,Scheduled,4,Zebby Matthews,805673,R,L,9.28,0.1819,88.63,98.7602,0.4118,0.1704,0.3123,69.61,4.64,49.61,31.64,41.87,15.8,10.46,40.83,90.18,0.4351,0.1753,26.75,16.9,16.9,16.9,Rate Field,98,76,7,142 deg,Open-Meteo forecast; MLB fallback,https://forecast.weather.gov/MapClick.php?lat=41.8300&lon=-87.6338,82,7,No,Yes,4,Yes,Yes,RotoWire projected lineup; MLB probable pitchers,lineup projected / unconfirmed,H:2026/2025 P:2026/2025,,,Direct BvP not yet weighted; 2026/2025 Statcast baseline active,7,6,26,1,"Last 7 games: 6/26, 1 HR","platoon edge; pitcher baseline 10.5% barrel, 16.9 HR allowed",neutral batted-ball profile; pitcher fly-ball pressure modest,,
695731,Braden Montgomery,CWS,MIN,2026-09-04T23:40:00Z,Scheduled,5,Zebby Matthews,805673,R,S,4.0,0.129,89.0,99.9893,0.386,0.131,0.326,69.8,8.4,37.7,19.1,41.2,5.0,10.46,40.83,90.18,0.4351,0.1753,26.75,16.9,16.9,16.9,Rate Field,98,76,7,142 deg,Open-Meteo forecast; MLB fallback,https://forecast.weather.gov/MapClick.php?lat=41.8300&lon=-87.6338,82,7,No,Yes,5,Yes,Yes,RotoWire projected lineup; MLB probable pitchers,lineup projected / unconfirmed,H:2026 P:2026/2025,,,Direct BvP not yet weighted; 2026/2025 Statcast baseline active,7,4,27,0,"Last 7 games: 4/27, 0 HR","switch hitter; pitcher baseline 10.5% barrel, 16.9 HR allowed",neutral batted-ball profile; pitcher fly-ball pressure modest,,
695657,Colson Montgomery,CWS,MIN,2026-09-04T23:40:00Z,Scheduled,6,Zebby Matthews,805673,R,L,13.03,0.241,88.98,101.8462,0.4373,0.2213,0.3158,76.65,70.02,48.88,33.23,42.75,26.6,10.46,40.83,90.18,0.4351,0.1753,26.75,16.9,16.9,16.9,Rate Field,98,76,7,142 deg,Open-Meteo forecast; MLB fallback,https://forecast.weather.gov/MapClick.php?lat=41.8300&lon=-87.6338,82,7,No,Yes,6,Yes,Yes,RotoWire projected lineup; MLB probable pitchers,lineup projected / unconfirmed,H:2026/2025 P:2026/2025,,,Direct BvP not yet weighted; 2026/2025 Statcast baseline active,7,6,25,2,Hot streak: 2 HR in last 7 games,"platoon edge; pitcher baseline 10.5% barrel, 16.9 HR allowed",neutral batted-ball profile; pitcher fly-ball pressure modest,,
805367,Chase Meidroth,CWS,MIN,2026-09-04T23:40:00Z,Scheduled,7,Zebby Matthews,805673,R,R,3.42,0.1097,87.64,97.3114,0.3344,0.0933,0.2958,67.12,1.25,38.61,20.05,34.84,9.9,10.46,40.83,90.18,0.4351,0.1753,26.75,16.9,16.9,16.9,Rate Field,98,76,7,142 deg,Open-Meteo forecast; MLB fallback,https://forecast.weather.gov/MapClick.php?lat=41.8300&lon=-87.6338,82,7,No,Yes,7,Yes,Yes,RotoWire projected lineup; MLB probable pitchers,lineup projected / unconfirmed,H:2026/2025 P:2026/2025,,,Direct BvP not yet weighted; 2026/2025 Statcast baseline active,7,8,26,0,"Last 7 games: 8/26, 0 HR","same-side matchup; pitcher baseline 10.5% barrel, 16.9 HR allowed",neutral batted-ball profile; pitcher fly-ball pressure modest,,
671976,Tristan Peters,CWS,MIN,2026-09-04T23:40:00Z,Scheduled,8,Zebby Matthews,805673,R,L,4.13,0.1323,87.29,98.1074,0.332,0.1092,0.2663,69.23,5.6,41.7,19.88,35.17,8.4,10.46,40.83,90.18,0.4351,0.1753,26.75,16.9,16.9,16.9,Rate Field,98,76,7,142 deg,Open-Meteo forecast; MLB fallback,https://forecast.weather.gov/MapClick.php?lat=41.8300&lon=-87.6338,82,7,No,Yes,8,Yes,Yes,RotoWire projected lineup; MLB probable pitchers,lineup projected / unconfirmed,H:2026/2025 P:2026/2025,,,Direct BvP not yet weighted; 2026/2025 Statcast baseline active,7,4,20,0,"Last 7 games: 4/20, 0 HR","platoon edge; pitcher baseline 10.5% barrel, 16.9 HR allowed",neutral batted-ball profile; pitcher fly-ball pressure modest,,
668670,Jake Rogers,CWS,MIN,2026-09-04T23:40:00Z,Scheduled,9,Zebby Matthews,805673,R,R,9.83,0.1397,88.66,98.3573,0.3182,0.1326,0.2747,70.57,5.07,47.09,31.59,38.8,3.7,10.46,40.83,90.18,0.4351,0.1753,26.75,16.9,16.9,16.9,Rate Field,98,76,7,142 deg,Open-Meteo forecast; MLB fallback,https://forecast.weather.gov/MapClick.php?lat=41.8300&lon=-87.6338,82,7,No,Yes,9,Yes,Yes,RotoWire projected lineup; MLB probable pitchers,lineup projected / unconfirmed,H:2026/2025 P:2026/2025,,,Direct BvP not yet weighted; 2026/2025 Statcast baseline active,7,3,20,1,"Last 7 games: 3/20, 1 HR","same-side matchup; pitcher baseline 10.5% barrel, 16.9 HR allowed",neutral batted-ball profile; pitcher fly-ball pressure modest,,
650490,Yandy Diaz,TB,TEX,2026-09-05T00:05:00Z,Scheduled,1,Trevor Williams,592866,R,R,7.67,0.1708,91.53,103.226,0.4537,0.1684,0.3547,73.57,37.58,23.39,19.58,49.14,22.2,8.29,35.1,87.69,0.3699,0.1244,26.3,5.4,5.4,5.4,Globe Life Field,100,,,,NOAA link only,https://forecast.weather.gov/MapClick.php?lat=32.7473&lon=-97.0842,,,No,Yes,1,Yes,Yes,RotoWire projected lineup; MLB probable pitchers,lineup projected / unconfirmed,H:2026/2025 P:2026/2025,,,Direct BvP not yet weighted; 2026/2025 Statcast baseline active,7,10,29,2,Hot streak: 2 HR in last 7 games,"same-side matchup; pitcher baseline 8.3% barrel, 5.4 HR allowed",neutral batted-ball profile; pitcher fly-ball pressure modest,,
802415,Chandler Simpson,TB,TEX,2026-09-05T00:05:00Z,Scheduled,2,Trevor Williams,592866,R,L,0.0,0.0521,83.81,92.7407,0.3066,0.0382,0.2725,64.73,0.51,28.27,12.79,14.15,0.0,8.29,35.1,87.69,0.3699,0.1244,26.3,5.4,5.4,5.4,Globe Life Field,100,,,,NOAA link only,https://forecast.weather.gov/MapClick.php?lat=32.7473&lon=-97.0842,,,No,Yes,2,Yes,Yes,RotoWire projected lineup; MLB probable pitchers,lineup projected / unconfirmed,H:2026/2025 P:2026/2025,,,Direct BvP not yet weighted; 2026/2025 Statcast baseline active,7,9,27,0,Contact streak: 9/27 over last 7 games,"platoon edge; pitcher baseline 8.3% barrel, 5.4 HR allowed",neutral batted-ball profile; pitcher fly-ball pressure modest,,
691406,Junior Caminero,TB,TEX,2026-09-05T00:05:00Z,Scheduled,3,Trevor Williams,592866,R,R,13.16,0.2563,92.75,105.1956,0.4961,0.2285,0.3579,79.34,84.41,45.8,23.49,50.35,39.4,8.29,35.1,87.69,0.3699,0.1244,26.3,5.4,5.4,5.4,Globe Life Field,100,,,,NOAA link only,https://forecast.weather.gov/MapClick.php?lat=32.7473&lon=-97.0842,,,No,Yes,3,Yes,Yes,RotoWire projected lineup; MLB probable pitchers,lineup projected / unconfirmed,H:2026/2025 P:2026/2025,,,Direct BvP not yet weighted; 2026/2025 Statcast baseline active,7,7,28,2,Hot streak: 2 HR in last 7 games,"same-side matchup; pitcher baseline 8.3% barrel, 5.4 HR allowed",EV profile; pitcher fly-ball pressure modest,,
666018,Jonathan Aranda,TB,TEX,2026-09-05T00:05:00Z,Scheduled,4,Trevor Williams,592866,R,L,10.66,0.1513,91.74,101.2866,0.4674,0.1967,0.3596,70.29,12.62,32.43,30.2,48.69,16.1,8.29,35.1,87.69,0.3699,0.1244,26.3,5.4,5.4,5.4,Globe Life Field,100,,,,NOAA link only,https://forecast.weather.gov/MapClick.php?lat=32.7473&lon=-97.0842,,,No,Yes,4,Yes,Yes,RotoWire projected lineup; MLB probable pitchers,lineup projected / unconfirmed,H:2026/2025 P:2026/2025,,,Direct BvP not yet weighted; 2026/2025 Statcast baseline active,7,6,26,1,"Last 7 games: 6/26, 1 HR","platoon edge; pitcher baseline 8.3% barrel, 5.4 HR allowed",neutral batted-ball profile; pitcher fly-ball pressure modest,,
676356,Jonny DeLuca,TB,TEX,2026-09-05T00:05:00Z,Scheduled,5,Trevor Williams,592866,R,R,3.14,0.1524,85.67,97.4769,0.3346,0.0942,0.2663,72.82,28.94,45.74,22.27,30.19,6.3,8.29,35.1,87.69,0.3699,0.1244,26.3,5.4,5.4,5.4,Globe Life Field,100,,,,NOAA link only,https://forecast.weather.gov/MapClick.php?lat=32.7473&lon=-97.0842,,,No,Yes,5,Yes,Yes,RotoWire projected lineup; MLB probable pitchers,lineup projected / unconfirmed,H:2026/2025 P:2026/2025,,,Direct BvP not yet weighted; 2026/2025 Statcast baseline active,7,3,23,1,"Last 7 games: 3/23, 1 HR","same-side matchup; pitcher baseline 8.3% barrel, 5.4 HR allowed",neutral batted-ball profile; pitcher fly-ball pressure modest,,
656775,Cedric Mullins,TB,TEX,2026-09-05T00:05:00Z,Scheduled,6,Trevor Williams,592866,R,L,4.94,0.1547,88.17,97.9654,0.322,0.1278,0.2701,70.96,9.43,45.6,32.15,33.52,14.9,8.29,35.1,87.69,0.3699,0.1244,26.3,5.4,5.4,5.4,Globe Life Field,100,,,,NOAA link only,https://forecast.weather.gov/MapClick.php?lat=32.7473&lon=-97.0842,,,No,Yes,6,Yes,Yes,RotoWire projected lineup; MLB probable pitchers,lineup projected / unconfirmed,H:2026/2025 P:2026/2025,,,Direct BvP not yet weighted; 2026/2025 Statcast baseline active,7,5,19,1,"Last 7 games: 5/19, 1 HR","platoon edge; pitcher baseline 8.3% barrel, 5.4 HR allowed",neutral batted-ball profile; pitcher fly-ball pressure modest,,
622761,Jorge Mateo,TB,TEX,2026-09-05T00:05:00Z,Scheduled,7,Trevor Williams,592866,R,R,7.46,0.124,87.54,99.574,0.3677,0.1419,0.2795,73.23,30.9,36.69,29.23,39.78,3.8,8.29,35.1,87.69,0.3699,0.1244,26.3,5.4,5.4,5.4,Globe Life Field,100,,,,NOAA link only,https://forecast.weather.gov/MapClick.php?lat=32.7473&lon=-97.0842,,,No,Yes,7,Yes,Yes,RotoWire projected lineup; MLB probable pitchers,lineup projected / unconfirmed,H:2026/2025 P:2026/2025,,,Direct BvP not yet weighted; 2026/2025 Statcast baseline active,7,2,19,0,"Last 7 games: 2/19, 0 HR","same-side matchup; pitcher baseline 8.3% barrel, 5.4 HR allowed",neutral batted-ball profile; pitcher fly-ball pressure modest,,
680700,Richie Palacios,TB,TEX,2026-09-05T00:05:00Z,Scheduled,8,Trevor Williams,592866,R,L,4.15,0.1162,87.31,96.9273,0.3632,0.0997,0.3201,68.84,3.66,36.11,21.12,32.55,4.5,8.29,35.1,87.69,0.3699,0.1244,26.3,5.4,5.4,5.4,Globe Life Field,100,,,,NOAA link only,https://forecast.weather.gov/MapClick.php?lat=32.7473&lon=-97.0842,,,No,Yes,8,Yes,Yes,RotoWire projected lineup; MLB probable pitchers,lineup projected / unconfirmed,H:2026/2025 P:2026/2025,,,Direct BvP not yet weighted; 2026/2025 Statcast baseline active,7,2,21,1,"Last 7 games: 2/21, 1 HR","platoon edge; pitcher baseline 8.3% barrel, 5.4 HR allowed",neutral batted-ball profile; pitcher fly-ball pressure modest,,
663743,Nick Fortes,TB,TEX,2026-09-05T00:05:00Z,Scheduled,9,Trevor Williams,592866,R,R,2.85,0.1074,85.75,98.8827,0.329,0.0923,0.2756,72.28,22.06,50.42,18.01,35.31,4.3,8.29,35.1,87.69,0.3699,0.1244,26.3,5.4,5.4,5.4,Globe Life Field,100,,,,NOAA link only,https://forecast.weather.gov/MapClick.php?lat=32.7473&lon=-97.0842,,,No,Yes,9,Yes,Yes,RotoWire projected lineup; MLB probable pitchers,lineup projected / unconfirmed,H:2026/2025 P:2026/2025,,,Direct BvP not yet weighted; 2026/2025 Statcast baseline active,7,4,18,0,"Last 7 games: 4/18, 0 HR","same-side matchup; pitcher baseline 8.3% barrel, 5.4 HR allowed",neutral batted-ball profile; pitcher fly-ball pressure modest,,
677649,Ezequiel Duran,TEX,TB,2026-09-05T00:05:00Z,Scheduled,1,Nick Martinez,607259,R,R,5.33,0.146,87.82,98.9822,0.3531,0.1174,0.2869,72.34,24.52,36.01,22.07,35.8,11.2,7.0,33.8,87.46,0.4233,0.1537,28.82,19.2,19.2,19.2,Globe Life Field,100,,,,NOAA link only,https://forecast.weather.gov/MapClick.php?lat=32.7473&lon=-97.0842,,,No,Yes,1,Yes,Yes,RotoWire projected lineup; MLB probable pitchers,lineup projected / unconfirmed,H:2026/2025 P:2026/2025,,,Direct BvP not yet weighted; 2026/2025 Statcast baseline active,7,8,25,2,Hot streak: 2 HR in last 7 games,"same-side matchup; pitcher baseline 7.0% barrel, 19.2 HR allowed",neutral batted-ball profile; pitcher fly-ball pressure modest,,
608369,Corey Seager,TEX,TB,2026-09-05T00:05:00Z,Scheduled,2,Nick Martinez,607259,R,L,14.74,0.1915,92.2,102.71,0.499,0.2399,0.365,71.73,14.81,41.69,30.85,50.45,15.4,7.0,33.8,87.46,0.4233,0.1537,28.82,19.2,19.2,19.2,Globe Life Field,100,,,,NOAA link only,https://forecast.weather.gov/MapClick.php?lat=32.7473&lon=-97.0842,,,No,Yes,2,Yes,Yes,RotoWire projected lineup; MLB probable pitchers,lineup projected / unconfirmed,H:2026/2025 P:2026/2025,,,Direct BvP not yet weighted; 2026/2025 Statcast baseline active,7,5,24,1,"Last 7 games: 5/24, 1 HR","platoon edge; pitcher baseline 7.0% barrel, 19.2 HR allowed",lift-pull EV profile; pitcher fly-ball pressure modest,,
694671,Wyatt Langford,TEX,TB,2026-09-05T00:05:00Z,Scheduled,3,Nick Martinez,607259,R,R,8.82,0.1942,89.86,100.6018,0.4088,0.1701,0.325,72.75,26.31,42.68,29.69,41.26,17.1,7.0,33.8,87.46,0.4233,0.1537,28.82,19.2,19.2,19.2,Globe Life Field,100,,,,NOAA link only,https://forecast.weather.gov/MapClick.php?lat=32.7473&lon=-97.0842,,,No,Yes,3,Yes,Yes,RotoWire projected lineup; MLB probable pitchers,lineup projected / unconfirmed,H:2026/2025 P:2026/2025,,,Direct BvP not yet weighted; 2026/2025 Statcast baseline active,7,3,24,0,"Last 7 games: 3/24, 0 HR","same-side matchup; pitcher baseline 7.0% barrel, 19.2 HR allowed",neutral batted-ball profile; pitcher fly-ball pressure modest,,
607043,Brandon Nimmo,TEX,TB,2026-09-05T00:05:00Z,Scheduled,4,Nick Martinez,607259,R,L,9.78,0.1635,92.18,102.1385,0.4568,0.1859,0.3462,72.27,27.46,32.96,26.12,50.62,17.3,7.0,33.8,87.46,0.4233,0.1537,28.82,19.2,19.2,19.2,Globe Life Field,100,,,,NOAA link only,https://forecast.weather.gov/MapClick.php?lat=32.7473&lon=-97.0842,,,No,Yes,4,Yes,Yes,RotoWire projected lineup; MLB probable pitchers,lineup projected / unconfirmed,H:2026/2025 P:2026/2025,,,Direct BvP not yet weighted; 2026/2025 Statcast baseline active,7,11,24,1,Contact streak: 11/24 over last 7 games,"platoon edge; pitcher baseline 7.0% barrel, 19.2 HR allowed",EV profile; pitcher fly-ball pressure modest,,
679822,Justin Foscue,TEX,TB,2026-09-05T00:05:00Z,Scheduled,5,Nick Martinez,607259,R,R,8.26,0.2027,90.48,99.5915,0.4007,0.1852,0.2876,71.1,10.15,47.41,38.17,48.29,7.7,7.0,33.8,87.46,0.4233,0.1537,28.82,19.2,19.2,19.2,Globe Life Field,100,,,,NOAA link only,https://forecast.weather.gov/MapClick.php?lat=32.7473&lon=-97.0842,,,No,Yes,5,Yes,Yes,RotoWire projected lineup; MLB probable pitchers,lineup projected / unconfirmed,H:2026/2025 P:2026/2025,,,Direct BvP not yet weighted; 2026/2025 Statcast baseline active,7,5,18,2,Hot streak: 2 HR in last 7 games,"same-side matchup; pitcher baseline 7.0% barrel, 19.2 HR allowed",fly-ball profile; pitcher fly-ball pressure modest,,
669394,Jake Burger,TEX,TB,2026-09-05T00:05:00Z,Scheduled,6,Nick Martinez,607259,R,R,12.36,0.1858,90.19,102.8013,0.4346,0.1984,0.3142,75.37,58.28,40.97,27.97,47.38,20.9,7.0,33.8,87.46,0.4233,0.1537,28.82,19.2,19.2,19.2,Globe Life Field,100,,,,NOAA link only,https://forecast.weather.gov/MapClick.php?lat=32.7473&lon=-97.0842,,,No,Yes,6,Yes,Yes,RotoWire projected lineup; MLB probable pitchers,lineup projected / unconfirmed,H:2026/2025 P:2026/2025,,,Direct BvP not yet weighted; 2026/2025 Statcast baseline active,7,5,26,0,"Last 7 games: 5/26, 0 HR","same-side matchup; pitcher baseline 7.0% barrel, 19.2 HR allowed",neutral batted-ball profile; pitcher fly-ball pressure modest,,
681351,Logan O'Hoppe,TEX,TB,2026-09-05T00:05:00Z,Scheduled,7,Nick Martinez,607259,R,R,10.57,0.1076,88.1,99.634,0.3557,0.148,0.2744,71.97,23.63,44.59,29.49,38.99,8.5,7.0,33.8,87.46,0.4233,0.1537,28.82,19.2,19.2,19.2,Globe Life Field,100,,,,NOAA link only,https://forecast.weather.gov/MapClick.php?lat=32.7473&lon=-97.0842,,,No,Yes,7,Yes,Yes,RotoWire projected lineup; MLB probable pitchers,lineup projected / unconfirmed,H:2026/2025 P:2026/2025,,,Direct BvP not yet weighted; 2026/2025 Statcast baseline active,7,3,11,0,"Last 7 games: 3/11, 0 HR","same-side matchup; pitcher baseline 7.0% barrel, 19.2 HR allowed",neutral batted-ball profile; pitcher fly-ball pressure modest,,
683227,Cody Freeman,TEX,TB,2026-09-05T00:05:00Z,Scheduled,8,Nick Martinez,607259,R,R,2.52,0.0958,83.43,94.3818,0.2714,0.0681,0.2458,66.88,0.45,41.04,21.26,22.23,1.6,7.0,33.8,87.46,0.4233,0.1537,28.82,19.2,19.2,19.2,Globe Life Field,100,,,,NOAA link only,https://forecast.weather.gov/MapClick.php?lat=32.7473&lon=-97.0842,,,No,Yes,8,Yes,Yes,RotoWire projected lineup; MLB probable pitchers,lineup projected / unconfirmed,H:2026/2025 P:2026/2025,,,Direct BvP not yet weighted; 2026/2025 Statcast baseline active,7,7,24,1,"Last 7 games: 7/24, 1 HR","same-side matchup; pitcher baseline 7.0% barrel, 19.2 HR allowed",neutral batted-ball profile; pitcher fly-ball pressure modest,,
553869,Elias Diaz,TEX,TB,2026-09-05T00:05:00Z,Scheduled,9,Nick Martinez,607259,R,R,8.86,0.1543,87.77,100.2771,0.3592,0.1418,0.2743,74.27,42.95,37.79,27.66,38.77,6.9,7.0,33.8,87.46,0.4233,0.1537,28.82,19.2,19.2,19.2,Globe Life Field,100,,,,NOAA link only,https://forecast.weather.gov/MapClick.php?lat=32.7473&lon=-97.0842,,,No,Yes,9,Yes,Yes,RotoWire projected lineup; MLB probable pitchers,lineup projected / unconfirmed,H:2026/2025 P:2026/2025,,,Direct BvP not yet weighted; 2026/2025 Statcast baseline active,7,5,19,0,"Last 7 games: 5/19, 0 HR","same-side matchup; pitcher baseline 7.0% barrel, 19.2 HR allowed",neutral batted-ball profile; pitcher fly-ball pressure modest,,
665161,Jeremy Pena,HOU,AZ,2026-09-05T00:10:00Z,Scheduled,1,Merrill Kelly,518876,R,R,7.08,0.1877,88.55,99.9055,0.4292,0.155,0.3333,72.23,14.62,45.92,24.29,40.59,17.0,11.26,43.15,90.2,0.5045,0.2195,26.57,25.1,25.1,25.1,Daikin Park,100,82,2,143 deg,Open-Meteo forecast; MLB fallback,https://forecast.weather.gov/MapClick.php?lat=29.7573&lon=-95.3555,88,22,No,Yes,1,Yes,Yes,RotoWire projected lineup; MLB probable pitchers,lineup projected / unconfirmed,H:2026/2025 P:2026/2025,,,Direct BvP not yet weighted; 2026/2025 Statcast baseline active,7,6,27,1,"Last 7 games: 6/27, 1 HR","same-side matchup; pitcher baseline 11.3% barrel, 25.1 HR allowed",neutral batted-ball profile; pitcher fly-ball pressure modest,,
670541,Yordan Alvarez,HOU,AZ,2026-09-05T00:10:00Z,Scheduled,2,Merrill Kelly,518876,R,L,15.69,0.248,94.56,104.9569,0.6239,0.3119,0.4336,76.17,61.94,41.02,36.31,53.46,27.7,11.26,43.15,90.2,0.5045,0.2195,26.57,25.1,25.1,25.1,Daikin Park,100,82,2,143 deg,Open-Meteo forecast; MLB fallback,https://forecast.weather.gov/MapClick.php?lat=29.7573&lon=-95.3555,88,22,No,Yes,2,Yes,Yes,RotoWire projected lineup; MLB probable pitchers,lineup projected / unconfirmed,H:2026/2025 P:2026/2025,,,Direct BvP not yet weighted; 2026/2025 Statcast baseline active,7,5,21,1,"Last 7 games: 5/21, 1 HR","platoon edge; pitcher baseline 11.3% barrel, 25.1 HR allowed",lift-pull EV profile; pitcher fly-ball pressure modest,,
670623,Isaac Paredes,HOU,AZ,2026-09-05T00:10:00Z,Scheduled,3,Merrill Kelly,518876,R,R,5.25,0.1753,86.42,96.912,0.3695,0.1278,0.3207,67.74,7.43,51.79,31.08,29.82,18.6,11.26,43.15,90.2,0.5045,0.2195,26.57,25.1,25.1,25.1,Daikin Park,100,82,2,143 deg,Open-Meteo forecast; MLB fallback,https://forecast.weather.gov/MapClick.php?lat=29.7573&lon=-95.3555,88,22,No,Yes,3,Yes,Yes,RotoWire projected lineup; MLB probable pitchers,lineup projected / unconfirmed,H:2026/2025 P:2026/2025,,,Direct BvP not yet weighted; 2026/2025 Statcast baseline active,7,4,23,1,"Last 7 games: 4/23, 1 HR","same-side matchup; pitcher baseline 11.3% barrel, 25.1 HR allowed",neutral batted-ball profile; pitcher fly-ball pressure modest,,
514888,Jose Altuve,HOU,AZ,2026-09-05T00:10:00Z,Scheduled,4,Merrill Kelly,518876,R,R,5.15,0.1567,85.31,97.1332,0.3434,0.1169,0.2825,69.14,10.2,45.57,22.37,32.09,17.6,11.26,43.15,90.2,0.5045,0.2195,26.57,25.1,25.1,25.1,Daikin Park,100,82,2,143 deg,Open-Meteo forecast; MLB fallback,https://forecast.weather.gov/MapClick.php?lat=29.7573&lon=-95.3555,88,22,No,Yes,4,Yes,Yes,RotoWire projected lineup; MLB probable pitchers,lineup projected / unconfirmed,H:2026/2025 P:2026/2025,,,Direct BvP not yet weighted; 2026/2025 Statcast baseline active,7,5,26,1,"Last 7 games: 5/26, 1 HR","same-side matchup; pitcher baseline 11.3% barrel, 25.1 HR allowed",neutral batted-ball profile; pitcher fly-ball pressure modest,,
662139,Daulton Varsho,HOU,AZ,2026-09-05T00:10:00Z,Scheduled,5,Merrill Kelly,518876,R,L,9.18,0.1847,87.66,99.4937,0.396,0.1648,0.2997,73.71,36.04,41.08,30.71,38.2,13.0,11.26,43.15,90.2,0.5045,0.2195,26.57,25.1,25.1,25.1,Daikin Park,100,82,2,143 deg,Open-Meteo forecast; MLB fallback,https://forecast.weather.gov/MapClick.php?lat=29.7573&lon=-95.3555,88,22,No,Yes,5,Yes,Yes,RotoWire projected lineup; MLB probable pitchers,lineup projected / unconfirmed,H:2026/2025 P:2026/2025,,,Direct BvP not yet weighted; 2026/2025 Statcast baseline active,7,3,26,0,"Last 7 games: 3/26, 0 HR","platoon edge; pitcher baseline 11.3% barrel, 25.1 HR allowed",neutral batted-ball profile; pitcher fly-ball pressure modest,,
572233,Christian Walker,HOU,AZ,2026-09-05T00:10:00Z,Scheduled,6,Merrill Kelly,518876,R,R,10.17,0.1942,89.71,101.5395,0.3979,0.1715,0.3042,74.31,43.62,42.06,27.72,42.6,24.9,11.26,43.15,90.2,0.5045,0.2195,26.57,25.1,25.1,25.1,Daikin Park,100,82,2,143 deg,Open-Meteo forecast; MLB fallback,https://forecast.weather.gov/MapClick.php?lat=29.7573&lon=-95.3555,88,22,No,Yes,6,Yes,Yes,RotoWire projected lineup; MLB probable pitchers,lineup projected / unconfirmed,H:2026/2025 P:2026/2025,,,Direct BvP not yet weighted; 2026/2025 Statcast baseline active,7,3,24,0,"Last 7 games: 3/24, 0 HR","same-side matchup; pitcher baseline 11.3% barrel, 25.1 HR allowed",neutral batted-ball profile; pitcher fly-ball pressure modest,,
666211,Taylor Trammell,HOU,AZ,2026-09-05T00:10:00Z,Scheduled,7,Merrill Kelly,518876,R,L,11.02,0.1486,89.25,100.9525,0.3581,0.1669,0.2843,75.86,59.41,44.58,29.39,38.69,5.8,11.26,43.15,90.2,0.5045,0.2195,26.57,25.1,25.1,25.1,Daikin Park,100,82,2,143 deg,Open-Meteo forecast; MLB fallback,https://forecast.weather.gov/MapClick.php?lat=29.7573&lon=-95.3555,88,22,No,Yes,7,Yes,Yes,RotoWire projected lineup; MLB probable pitchers,lineup projected / unconfirmed,H:2026/2025 P:2026/2025,,,Direct BvP not yet weighted; 2026/2025 Statcast baseline active,7,3,15,0,"Last 7 games: 3/15, 0 HR","platoon edge; pitcher baseline 11.3% barrel, 25.1 HR allowed",neutral batted-ball profile; pitcher fly-ball pressure modest,,
673237,Yainer Diaz,HOU,AZ,2026-09-05T00:10:00Z,Scheduled,8,Merrill Kelly,518876,R,R,6.66,0.1568,88.64,99.5497,0.4132,0.1501,0.3071,72.41,21.67,36.98,19.66,37.65,13.0,11.26,43.15,90.2,0.5045,0.2195,26.57,25.1,25.1,25.1,Daikin Park,100,82,2,143 deg,Open-Meteo forecast; MLB fallback,https://forecast.weather.gov/MapClick.php?lat=29.7573&lon=-95.3555,88,22,No,Yes,8,Yes,Yes,RotoWire projected lineup; MLB probable pitchers,lineup projected / unconfirmed,H:2026/2025 P:2026/2025,,,Direct BvP not yet weighted; 2026/2025 Statcast baseline active,7,7,23,2,Hot streak: 2 HR in last 7 games,"same-side matchup; pitcher baseline 11.3% barrel, 25.1 HR allowed",neutral batted-ball profile; pitcher fly-ball pressure modest,,
664774,LaMonte Wade,HOU,AZ,2026-09-05T00:10:00Z,Scheduled,9,Merrill Kelly,518876,R,L,4.22,0.1206,87.81,98.2722,0.3063,0.1118,0.281,70.84,7.45,37.98,29.5,34.46,2.7,11.26,43.15,90.2,0.5045,0.2195,26.57,25.1,25.1,25.1,Daikin Park,100,82,2,143 deg,Open-Meteo forecast; MLB fallback,https://forecast.weather.gov/MapClick.php?lat=29.7573&lon=-95.3555,88,22,No,Yes,9,Yes,Yes,RotoWire projected lineup; MLB probable pitchers,lineup projected / unconfirmed,H:2026/2025 P:2026/2025,,,Direct BvP not yet weighted; 2026/2025 Statcast baseline active,7,2,12,1,"Last 7 games: 2/12, 1 HR","platoon edge; pitcher baseline 11.3% barrel, 25.1 HR allowed",neutral batted-ball profile; pitcher fly-ball pressure modest,,
703520,Brett Bateman,TOR,KC,2026-09-05T00:10:00Z,Scheduled,1,Daniel Lynch IV,663738,L,L,0.0,0.07,83.2,93.6236,0.285,0.049,0.271,68.4,3.1,27.9,10.3,16.2,0.0,7.05,39.14,88.6,0.4021,0.1557,25.84,5.9,5.9,5.9,Kauffman Stadium,92,94,10,162 deg,Open-Meteo forecast; MLB fallback,https://forecast.weather.gov/MapClick.php?lat=39.0517&lon=-94.4803,41,0,No,Yes,1,Yes,Yes,RotoWire projected lineup; MLB probable pitchers,lineup projected / unconfirmed,H:2026 P:2026/2025,,,Direct BvP not yet weighted; 2026/2025 Statcast baseline active,7,9,27,0,Contact streak: 9/27 over last 7 games,"same-side matchup; pitcher baseline 7.0% barrel, 5.9 HR allowed",neutral batted-ball profile; pitcher fly-ball pressure modest,,
664770,Nathan Lukes,TOR,KC,2026-09-05T00:10:00Z,Scheduled,2,Daniel Lynch IV,663738,L,L,3.12,0.131,87.13,96.7871,0.3549,0.1015,0.2954,67.23,3.69,33.03,21.09,30.21,10.6,7.05,39.14,88.6,0.4021,0.1557,25.84,5.9,5.9,5.9,Kauffman Stadium,92,94,10,162 deg,Open-Meteo forecast; MLB fallback,https://forecast.weather.gov/MapClick.php?lat=39.0517&lon=-94.4803,41,0,No,Yes,2,Yes,Yes,RotoWire projected lineup; MLB probable pitchers,lineup projected / unconfirmed,H:2026/2025 P:2026/2025,,,Direct BvP not yet weighted; 2026/2025 Statcast baseline active,7,7,25,1,"Last 7 games: 7/25, 1 HR","same-side matchup; pitcher baseline 7.0% barrel, 5.9 HR allowed",neutral batted-ball profile; pitcher fly-ball pressure modest,,
665489,Vladimir Guerrero,TOR,KC,2026-09-05T00:10:00Z,Scheduled,3,Daniel Lynch IV,663738,L,R,8.42,0.1211,90.74,103.0727,0.4332,0.1458,0.3483,76.42,63.54,35.32,19.31,45.31,12.5,7.05,39.14,88.6,0.4021,0.1557,25.84,5.9,5.9,5.9,Kauffman Stadium,92,94,10,162 deg,Open-Meteo forecast; MLB fallback,https://forecast.weather.gov/MapClick.php?lat=39.0517&lon=-94.4803,41,0,No,Yes,3,Yes,Yes,RotoWire projected lineup; MLB probable pitchers,lineup projected / unconfirmed,H:2026/2025 P:2026/2025,,,Direct BvP not yet weighted; 2026/2025 Statcast baseline active,7,6,26,1,"Last 7 games: 6/26, 1 HR","platoon edge; pitcher baseline 7.0% barrel, 5.9 HR allowed",neutral batted-ball profile; pitcher fly-ball pressure modest,,
660821,Jesus Sanchez,TOR,KC,2026-09-05T00:10:00Z,Scheduled,4,Daniel Lynch IV,663738,L,L,11.17,0.1601,90.95,102.0121,0.4354,0.1811,0.3272,74.26,47.96,34.17,25.07,45.22,9.8,7.05,39.14,88.6,0.4021,0.1557,25.84,5.9,5.9,5.9,Kauffman Stadium,92,94,10,162 deg,Open-Meteo forecast; MLB fallback,https://forecast.weather.gov/MapClick.php?lat=39.0517&lon=-94.4803,41,0,No,Yes,4,Yes,Yes,RotoWire projected lineup; MLB probable pitchers,lineup projected / unconfirmed,H:2026/2025 P:2026/2025,,,Direct BvP not yet weighted; 2026/2025 Statcast baseline active,7,3,11,0,"Last 7 games: 3/11, 0 HR","same-side matchup; pitcher baseline 7.0% barrel, 5.9 HR allowed",neutral batted-ball profile; pitcher fly-ball pressure modest,,
815873,Sean Keys,TOR,KC,2026-09-05T00:10:00Z,Scheduled,5,Daniel Lynch IV,663738,L,L,4.2,0.108,92.3,101.6672,0.288,0.108,0.214,75.1,51.9,29.2,20.8,62.5,1.0,7.05,39.14,88.6,0.4021,0.1557,25.84,5.9,5.9,5.9,Kauffman Stadium,92,94,10,162 deg,Open-Meteo forecast; MLB fallback,https://forecast.weather.gov/MapClick.php?lat=39.0517&lon=-94.4803,41,0,No,Yes,5,Yes,Yes,RotoWire projected lineup; MLB probable pitchers,lineup projected / unconfirmed,H:2026 P:2026/2025,,,Direct BvP not yet weighted; 2026/2025 Statcast baseline active,7,4,16,0,"Last 7 games: 4/16, 0 HR","same-side matchup; pitcher baseline 7.0% barrel, 5.9 HR allowed",EV profile; pitcher fly-ball pressure modest,,
669701,Josh Smith,TOR,KC,2026-09-05T00:10:00Z,Scheduled,6,Daniel Lynch IV,663738,L,L,6.96,0.1059,86.22,97.2078,0.3457,0.1232,0.2911,68.93,3.11,35.88,28.93,29.98,5.8,7.05,39.14,88.6,0.4021,0.1557,25.84,5.9,5.9,5.9,Kauffman Stadium,92,94,10,162 deg,Open-Meteo forecast; MLB fallback,https://forecast.weather.gov/MapClick.php?lat=39.0517&lon=-94.4803,41,0,No,Yes,6,Yes,Yes,RotoWire projected lineup; MLB probable pitchers,lineup projected / unconfirmed,H:2026/2025 P:2026/2025,,,Direct BvP not yet weighted; 2026/2025 Statcast baseline active,7,4,15,2,Hot streak: 2 HR in last 7 games,"same-side matchup; pitcher baseline 7.0% barrel, 5.9 HR allowed",neutral batted-ball profile; pitcher fly-ball pressure modest,,
665926,Andres Gimenez,TOR,KC,2026-09-05T00:10:00Z,Scheduled,7,Daniel Lynch IV,663738,L,L,3.28,0.11,85.88,95.9993,0.3351,0.0985,0.28,68.53,5.07,38.31,23.65,25.81,7.7,7.05,39.14,88.6,0.4021,0.1557,25.84,5.9,5.9,5.9,Kauffman Stadium,92,94,10,162 deg,Open-Meteo forecast; MLB fallback,https://forecast.weather.gov/MapClick.php?lat=39.0517&lon=-94.4803,41,0,No,Yes,7,Yes,Yes,RotoWire projected lineup; MLB probable pitchers,lineup projected / unconfirmed,H:2026/2025 P:2026/2025,,,Direct BvP not yet weighted; 2026/2025 Statcast baseline active,7,5,21,0,"Last 7 games: 5/21, 0 HR","same-side matchup; pitcher baseline 7.0% barrel, 5.9 HR allowed",neutral batted-ball profile; pitcher fly-ball pressure modest,,
676391,Ernie Clement,TOR,KC,2026-09-05T00:10:00Z,Scheduled,8,Daniel Lynch IV,663738,L,R,2.19,0.1147,84.92,94.5971,0.3373,0.0853,0.2729,67.39,2.68,40.52,27.27,22.01,9.0,7.05,39.14,88.6,0.4021,0.1557,25.84,5.9,5.9,5.9,Kauffman Stadium,92,94,10,162 deg,Open-Meteo forecast; MLB fallback,https://forecast.weather.gov/MapClick.php?lat=39.0517&lon=-94.4803,41,0,No,Yes,8,Yes,Yes,RotoWire projected lineup; MLB probable pitchers,lineup projected / unconfirmed,H:2026/2025 P:2026/2025,,,Direct BvP not yet weighted; 2026/2025 Statcast baseline active,7,3,24,0,"Last 7 games: 3/24, 0 HR","platoon edge; pitcher baseline 7.0% barrel, 5.9 HR allowed",neutral batted-ball profile; pitcher fly-ball pressure modest,,
678218,Brandon Valenzuela,TOR,KC,2026-09-05T00:10:00Z,Scheduled,9,Daniel Lynch IV,663738,L,S,7.2,0.155,88.2,99.3617,0.384,0.142,0.313,72.6,21.8,43.8,24.8,37.9,8.0,7.05,39.14,88.6,0.4021,0.1557,25.84,5.9,5.9,5.9,Kauffman Stadium,92,94,10,162 deg,Open-Meteo forecast; MLB fallback,https://forecast.weather.gov/MapClick.php?lat=39.0517&lon=-94.4803,41,0,No,Yes,9,Yes,Yes,RotoWire projected lineup; MLB probable pitchers,lineup projected / unconfirmed,H:2026 P:2026/2025,,,Direct BvP not yet weighted; 2026/2025 Statcast baseline active,7,2,13,0,"Last 7 games: 2/13, 0 HR","switch hitter; pitcher baseline 7.0% barrel, 5.9 HR allowed",neutral batted-ball profile; pitcher fly-ball pressure modest,,
695600,Carter Jensen,KC,TOR,2026-09-05T00:10:00Z,Scheduled,1,Jameson Taillon,592791,R,L,14.08,0.215,92.53,102.9328,0.4587,0.213,0.3448,74.1,38.87,40.44,31.19,48.78,15.6,12.65,38.58,88.72,0.4947,0.2432,36.47,25.4,25.4,25.4,Kauffman Stadium,92,94,10,162 deg,Open-Meteo forecast; MLB fallback,https://forecast.weather.gov/MapClick.php?lat=39.0517&lon=-94.4803,41,0,No,Yes,1,Yes,Yes,RotoWire projected lineup; MLB probable pitchers,lineup projected / unconfirmed,H:2026/2025 P:2026/2025,,,Direct BvP not yet weighted; 2026/2025 Statcast baseline active,7,10,27,5,Hot streak: 5 HR in last 7 games,"platoon edge; pitcher baseline 12.7% barrel, 25.4 HR allowed",lift-pull EV profile; pitcher allows elevated contact,,
677951,Bobby Witt,KC,TOR,2026-09-05T00:10:00Z,Scheduled,2,Jameson Taillon,592791,R,R,11.8,0.1766,92.6,103.5021,0.5101,0.2108,0.3776,73.95,42.3,30.38,27.2,50.25,18.1,12.65,38.58,88.72,0.4947,0.2432,36.47,25.4,25.4,25.4,Kauffman Stadium,92,94,10,162 deg,Open-Meteo forecast; MLB fallback,https://forecast.weather.gov/MapClick.php?lat=39.0517&lon=-94.4803,41,0,No,Yes,2,Yes,Yes,RotoWire projected lineup; MLB probable pitchers,lineup projected / unconfirmed,H:2026/2025 P:2026/2025,,,Direct BvP not yet weighted; 2026/2025 Statcast baseline active,7,6,29,0,"Last 7 games: 6/29, 0 HR","same-side matchup; pitcher baseline 12.7% barrel, 25.4 HR allowed",EV profile; pitcher allows elevated contact,,
695506,Jac Caglianone,KC,TOR,2026-09-05T00:10:00Z,Scheduled,3,Jameson Taillon,592791,R,L,13.4,0.1905,92.06,104.7836,0.4842,0.2171,0.3469,77.26,74.55,43.93,22.82,50.94,18.2,12.65,38.58,88.72,0.4947,0.2432,36.47,25.4,25.4,25.4,Kauffman Stadium,92,94,10,162 deg,Open-Meteo forecast; MLB fallback,https://forecast.weather.gov/MapClick.php?lat=39.0517&lon=-94.4803,41,0,No,Yes,3,Yes,Yes,RotoWire projected lineup; MLB probable pitchers,lineup projected / unconfirmed,H:2026/2025 P:2026/2025,,,Direct BvP not yet weighted; 2026/2025 Statcast baseline active,7,13,31,1,Contact streak: 13/31 over last 7 games,"platoon edge; pitcher baseline 12.7% barrel, 25.4 HR allowed",EV profile; pitcher allows elevated contact,,
521692,Salvador Perez,KC,TOR,2026-09-05T00:10:00Z,Scheduled,4,Jameson Taillon,592791,R,R,11.44,0.1708,89.09,100.631,0.4521,0.2058,0.3192,71.99,21.86,41.28,30.99,43.27,21.6,12.65,38.58,88.72,0.4947,0.2432,36.47,25.4,25.4,25.4,Kauffman Stadium,92,94,10,162 deg,Open-Meteo forecast; MLB fallback,https://forecast.weather.gov/MapClick.php?lat=39.0517&lon=-94.4803,41,0,No,Yes,4,Yes,Yes,RotoWire projected lineup; MLB probable pitchers,lineup projected / unconfirmed,H:2026/2025 P:2026/2025,,,Direct BvP not yet weighted; 2026/2025 Statcast baseline active,7,7,30,1,"Last 7 games: 7/30, 1 HR","same-side matchup; pitcher baseline 12.7% barrel, 25.4 HR allowed",neutral batted-ball profile; pitcher allows elevated contact,,
686469,Vinnie Pasquantino,KC,TOR,2026-09-05T00:10:00Z,Scheduled,5,Jameson Taillon,592791,R,L,8.42,0.1564,89.99,100.1146,0.4231,0.1721,0.3277,71.03,14.82,43.91,28.72,42.04,15.9,12.65,38.58,88.72,0.4947,0.2432,36.47,25.4,25.4,25.4,Kauffman Stadium,92,94,10,162 deg,Open-Meteo forecast; MLB fallback,https://forecast.weather.gov/MapClick.php?lat=39.0517&lon=-94.4803,41,0,No,Yes,5,Yes,Yes,RotoWire projected lineup; MLB probable pitchers,lineup projected / unconfirmed,H:2026/2025 P:2026/2025,,,Direct BvP not yet weighted; 2026/2025 Statcast baseline active,7,5,27,1,"Last 7 games: 5/27, 1 HR","platoon edge; pitcher baseline 12.7% barrel, 25.4 HR allowed",neutral batted-ball profile; pitcher allows elevated contact,,
686681,Michael Massey,KC,TOR,2026-09-05T00:10:00Z,Scheduled,6,Jameson Taillon,592791,R,L,5.54,0.139,88.97,98.73,0.3901,0.1444,0.2923,71.5,12.68,49.43,31.5,38.25,8.6,12.65,38.58,88.72,0.4947,0.2432,36.47,25.4,25.4,25.4,Kauffman Stadium,92,94,10,162 deg,Open-Meteo forecast; MLB fallback,https://forecast.weather.gov/MapClick.php?lat=39.0517&lon=-94.4803,41,0,No,Yes,6,Yes,Yes,RotoWire projected lineup; MLB probable pitchers,lineup projected / unconfirmed,H:2026/2025 P:2026/2025,,,Direct BvP not yet weighted; 2026/2025 Statcast baseline active,7,9,24,0,Contact streak: 9/24 over last 7 games,"platoon edge; pitcher baseline 12.7% barrel, 25.4 HR allowed",neutral batted-ball profile; pitcher allows elevated contact,,
668942,Josh Rojas,KC,TOR,2026-09-05T00:10:00Z,Scheduled,7,Jameson Taillon,592791,R,L,1.96,0.1028,87.5,97.0278,0.2847,0.0848,0.2364,68.57,3.13,34.56,32.6,32.25,2.0,12.65,38.58,88.72,0.4947,0.2432,36.47,25.4,25.4,25.4,Kauffman Stadium,92,94,10,162 deg,Open-Meteo forecast; MLB fallback,https://forecast.weather.gov/MapClick.php?lat=39.0517&lon=-94.4803,41,0,No,Yes,7,Yes,Yes,RotoWire projected lineup; MLB probable pitchers,lineup projected / unconfirmed,H:2026/2025 P:2026/2025,,,Direct BvP not yet weighted; 2026/2025 Statcast baseline active,7,6,19,1,"Last 7 games: 6/19, 1 HR","platoon edge; pitcher baseline 12.7% barrel, 25.4 HR allowed",neutral batted-ball profile; pitcher allows elevated contact,,
686555,Isaac Collins,KC,TOR,2026-09-05T00:10:00Z,Scheduled,8,Jameson Taillon,592791,R,S,5.25,0.1284,88.66,99.933,0.3303,0.0969,0.3052,73.33,30.34,39.98,25.88,39.74,6.9,12.65,38.58,88.72,0.4947,0.2432,36.47,25.4,25.4,25.4,Kauffman Stadium,92,94,10,162 deg,Open-Meteo forecast; MLB fallback,https://forecast.weather.gov/MapClick.php?lat=39.0517&lon=-94.4803,41,0,No,Yes,8,Yes,Yes,RotoWire projected lineup; MLB probable pitchers,lineup projected / unconfirmed,H:2026/2025 P:2026/2025,,,Direct BvP not yet weighted; 2026/2025 Statcast baseline active,7,4,22,0,"Last 7 games: 4/22, 0 HR","switch hitter; pitcher baseline 12.7% barrel, 25.4 HR allowed",neutral batted-ball profile; pitcher allows elevated contact,,
664728,Kyle Isbel,KC,TOR,2026-09-05T00:10:00Z,Scheduled,9,Jameson Taillon,592791,R,L,2.72,0.1141,88.36,99.0268,0.3075,0.0819,0.2608,71.1,13.69,32.95,19.99,34.77,5.4,12.65,38.58,88.72,0.4947,0.2432,36.47,25.4,25.4,25.4,Kauffman Stadium,92,94,10,162 deg,Open-Meteo forecast; MLB fallback,https://forecast.weather.gov/MapClick.php?lat=39.0517&lon=-94.4803,41,0,No,Yes,9,Yes,Yes,RotoWire projected lineup; MLB probable pitchers,lineup projected / unconfirmed,H:2026/2025 P:2026/2025,,,Direct BvP not yet weighted; 2026/2025 Statcast baseline active,7,4,23,0,"Last 7 games: 4/23, 0 HR","platoon edge; pitcher baseline 12.7% barrel, 25.4 HR allowed",neutral batted-ball profile; pitcher allows elevated contact,,
665877,Jose Fermin,STL,COL,2026-09-05T00:40:00Z,Scheduled,1,Ryan Feltner,663372,R,R,1.68,0.12,86.61,96.5863,0.3495,0.092,0.3054,68.07,3.16,48.81,25.01,31.29,4.5,8.58,36.75,88.04,0.4407,0.1877,28.74,14.5,14.5,14.5,Coors Field,120,91,15,69 deg,Open-Meteo forecast; MLB fallback,https://forecast.weather.gov/MapClick.php?lat=39.7559&lon=-104.9942,16,0,No,Yes,1,Yes,Yes,RotoWire projected lineup; MLB probable pitchers,lineup projected / unconfirmed,H:2026/2025 P:2026/2025,,,Direct BvP not yet weighted; 2026/2025 Statcast baseline active,7,7,27,0,"Last 7 games: 7/27, 0 HR","same-side matchup; pitcher baseline 8.6% barrel, 14.5 HR allowed",neutral batted-ball profile; pitcher fly-ball pressure modest,,
671056,Ivan Herrera,STL,COL,2026-09-05T00:40:00Z,Scheduled,2,Ryan Feltner,663372,R,R,7.11,0.1457,89.87,101.2763,0.407,0.1509,0.343,73.81,42.58,37.31,19.52,42.52,15.5,8.58,36.75,88.04,0.4407,0.1877,28.74,14.5,14.5,14.5,Coors Field,120,91,15,69 deg,Open-Meteo forecast; MLB fallback,https://forecast.weather.gov/MapClick.php?lat=39.7559&lon=-104.9942,16,0,No,Yes,2,Yes,Yes,RotoWire projected lineup; MLB probable pitchers,lineup projected / unconfirmed,H:2026/2025 P:2026/2025,,,Direct BvP not yet weighted; 2026/2025 Statcast baseline active,7,6,27,0,"Last 7 games: 6/27, 0 HR","same-side matchup; pitcher baseline 8.6% barrel, 14.5 HR allowed",neutral batted-ball profile; pitcher fly-ball pressure modest,,
691023,Jordan Walker,STL,COL,2026-09-05T00:40:00Z,Scheduled,3,Ryan Feltner,663372,R,R,12.79,0.1785,92.44,104.5579,0.4484,0.1942,0.3305,78.87,82.98,37.82,24.26,49.02,21.4,8.58,36.75,88.04,0.4407,0.1877,28.74,14.5,14.5,14.5,Coors Field,120,91,15,69 deg,Open-Meteo forecast; MLB fallback,https://forecast.weather.gov/MapClick.php?lat=39.7559&lon=-104.9942,16,0,No,Yes,3,Yes,Yes,RotoWire projected lineup; MLB probable pitchers,lineup projected / unconfirmed,H:2026/2025 P:2026/2025,,,Direct BvP not yet weighted; 2026/2025 Statcast baseline active,7,11,30,1,Contact streak: 11/30 over last 7 games,"same-side matchup; pitcher baseline 8.6% barrel, 14.5 HR allowed",EV profile; pitcher fly-ball pressure modest,,
695491,Joshua Baez,STL,COL,2026-09-05T00:40:00Z,Scheduled,4,Ryan Feltner,663372,R,R,16.2,0.373,93.4,102.3025,0.484,0.278,0.316,77.9,76.6,43.2,40.5,51.4,6.0,8.58,36.75,88.04,0.4407,0.1877,28.74,14.5,14.5,14.5,Coors Field,120,91,15,69 deg,Open-Meteo forecast; MLB fallback,https://forecast.weather.gov/MapClick.php?lat=39.7559&lon=-104.9942,16,0,No,Yes,4,Yes,Yes,RotoWire projected lineup; MLB probable pitchers,lineup projected / unconfirmed,H:2026 P:2026/2025,,,Direct BvP not yet weighted; 2026/2025 Statcast baseline active,7,7,21,2,Hot streak: 2 HR in last 7 games,"same-side matchup; pitcher baseline 8.6% barrel, 14.5 HR allowed",lift-pull EV profile; pitcher fly-ball pressure modest,,
699024,Leo Bernal,STL,COL,2026-09-05T00:40:00Z,Scheduled,5,Ryan Feltner,663372,R,S,14.3,0.334,95.3,101.5353,0.508,0.287,0.304,74.8,61.5,28.6,57.1,57.1,1.0,8.58,36.75,88.04,0.4407,0.1877,28.74,14.5,14.5,14.5,Coors Field,120,91,15,69 deg,Open-Meteo forecast; MLB fallback,https://forecast.weather.gov/MapClick.php?lat=39.7559&lon=-104.9942,16,0,No,Yes,5,Yes,Yes,RotoWire projected lineup; MLB probable pitchers,lineup projected / unconfirmed,H:2026 P:2026/2025,,,Direct BvP not yet weighted; 2026/2025 Statcast baseline active,3,4,12,1,Contact streak: 4/12 over last 3 games,"switch hitter; pitcher baseline 8.6% barrel, 14.5 HR allowed",EV profile; pitcher fly-ball pressure modest,,
602104,Ramon Urias,STL,COL,2026-09-05T00:40:00Z,Scheduled,6,Ryan Feltner,663372,R,R,10.48,0.1808,89.55,99.4429,0.3952,0.1938,0.3082,70.38,7.22,35.24,34.04,40.05,6.1,8.58,36.75,88.04,0.4407,0.1877,28.74,14.5,14.5,14.5,Coors Field,120,91,15,69 deg,Open-Meteo forecast; MLB fallback,https://forecast.weather.gov/MapClick.php?lat=39.7559&lon=-104.9942,16,0,No,Yes,6,Yes,Yes,RotoWire projected lineup; MLB probable pitchers,lineup projected / unconfirmed,H:2026/2025 P:2026/2025,,,Direct BvP not yet weighted; 2026/2025 Statcast baseline active,7,3,13,2,Hot streak: 2 HR in last 7 games,"same-side matchup; pitcher baseline 8.6% barrel, 14.5 HR allowed",neutral batted-ball profile; pitcher fly-ball pressure modest,,
695336,Thomas Saggese,STL,COL,2026-09-05T00:40:00Z,Scheduled,7,Ryan Feltner,663372,R,R,10.85,0.1519,89.29,100.2167,0.4161,0.1817,0.3027,71.41,17.69,35.15,27.39,39.62,3.4,8.58,36.75,88.04,0.4407,0.1877,28.74,14.5,14.5,14.5,Coors Field,120,91,15,69 deg,Open-Meteo forecast; MLB fallback,https://forecast.weather.gov/MapClick.php?lat=39.7559&lon=-104.9942,16,0,No,Yes,7,Yes,Yes,RotoWire projected lineup; MLB probable pitchers,lineup projected / unconfirmed,H:2026/2025 P:2026/2025,,,Direct BvP not yet weighted; 2026/2025 Statcast baseline active,7,10,18,3,Hot streak: 3 HR in last 7 games,"same-side matchup; pitcher baseline 8.6% barrel, 14.5 HR allowed",neutral batted-ball profile; pitcher fly-ball pressure modest,,
701675,Nathan Church,STL,COL,2026-09-05T00:40:00Z,Scheduled,8,Ryan Feltner,663372,R,L,4.99,0.1088,86.9,97.6032,0.3364,0.1088,0.2736,69.6,8.55,34.29,21.67,33.66,7.3,8.58,36.75,88.04,0.4407,0.1877,28.74,14.5,14.5,14.5,Coors Field,120,91,15,69 deg,Open-Meteo forecast; MLB fallback,https://forecast.weather.gov/MapClick.php?lat=39.7559&lon=-104.9942,16,0,No,Yes,8,Yes,Yes,RotoWire projected lineup; MLB probable pitchers,lineup projected / unconfirmed,H:2026/2025 P:2026/2025,,,Direct BvP not yet weighted; 2026/2025 Statcast baseline active,7,5,25,0,"Last 7 games: 5/25, 0 HR","platoon edge; pitcher baseline 8.6% barrel, 14.5 HR allowed",neutral batted-ball profile; pitcher fly-ball pressure modest,,
686780,Pedro Pages,STL,COL,2026-09-05T00:40:00Z,Scheduled,9,Ryan Feltner,663372,R,R,5.44,0.1113,87.16,99.4359,0.3337,0.1194,0.2653,72.67,25.27,35.99,26.99,37.9,6.1,8.58,36.75,88.04,0.4407,0.1877,28.74,14.5,14.5,14.5,Coors Field,120,91,15,69 deg,Open-Meteo forecast; MLB fallback,https://forecast.weather.gov/MapClick.php?lat=39.7559&lon=-104.9942,16,0,No,Yes,9,Yes,Yes,RotoWire projected lineup; MLB probable pitchers,lineup projected / unconfirmed,H:2026/2025 P:2026/2025,,,Direct BvP not yet weighted; 2026/2025 Statcast baseline active,7,4,15,0,"Last 7 games: 4/15, 0 HR","same-side matchup; pitcher baseline 8.6% barrel, 14.5 HR allowed",neutral batted-ball profile; pitcher fly-ball pressure modest,,
669242,Tommy Edman,LAD,WSH,2026-09-05T02:10:00Z,Scheduled,1,Jackson Kent,800600,L,S,5.55,0.1388,88.09,99.0648,0.3802,0.1174,0.3182,70.52,12.18,41.69,27.41,36.26,7.4,7.1,42.9,86.8,0.399,0.147,16.1,1.0,1.0,1.0,UNIQLO Field at Dodger Stadium,100,79,9,252 deg,Open-Meteo forecast; MLB fallback,https://forecast.weather.gov/MapClick.php?lat=34.0739&lon=-118.2400,56,0,No,Yes,1,Yes,Yes,RotoWire projected lineup; MLB probable pitchers,lineup projected / unconfirmed,H:2026/2025 P:2026,,,Direct BvP not yet weighted; 2026/2025 Statcast baseline active,7,9,29,0,"Last 7 games: 9/29, 0 HR","switch hitter; pitcher baseline 7.1% barrel, 1.0 HR allowed",neutral batted-ball profile; pitcher fly-ball pressure modest,,
605141,Mookie Betts,LAD,WSH,2026-09-05T02:10:00Z,Scheduled,2,Jackson Kent,800600,L,R,6.62,0.1676,89.73,98.3617,0.4241,0.1518,0.3293,69.53,8.6,39.68,34.15,36.92,17.9,7.1,42.9,86.8,0.399,0.147,16.1,1.0,1.0,1.0,UNIQLO Field at Dodger Stadium,100,79,9,252 deg,Open-Meteo forecast; MLB fallback,https://forecast.weather.gov/MapClick.php?lat=34.0739&lon=-118.2400,56,0,No,Yes,2,Yes,Yes,RotoWire projected lineup; MLB probable pitchers,lineup projected / unconfirmed,H:2026/2025 P:2026,,,Direct BvP not yet weighted; 2026/2025 Statcast baseline active,7,9,28,1,Contact streak: 9/28 over last 7 games,"platoon edge; pitcher baseline 7.1% barrel, 1.0 HR allowed",neutral batted-ball profile; pitcher fly-ball pressure modest,,
606192,Teoscar Hernandez,LAD,WSH,2026-09-05T02:10:00Z,Scheduled,3,Jackson Kent,800600,L,R,10.31,0.1636,90.06,101.4007,0.4287,0.1801,0.3205,72.48,25.34,34.92,29.17,45.12,15.9,7.1,42.9,86.8,0.399,0.147,16.1,1.0,1.0,1.0,UNIQLO Field at Dodger Stadium,100,79,9,252 deg,Open-Meteo forecast; MLB fallback,https://forecast.weather.gov/MapClick.php?lat=34.0739&lon=-118.2400,56,0,No,Yes,3,Yes,Yes,RotoWire projected lineup; MLB probable pitchers,lineup projected / unconfirmed,H:2026/2025 P:2026,,,Direct BvP not yet weighted; 2026/2025 Statcast baseline active,7,9,27,1,Contact streak: 9/27 over last 7 games,"platoon edge; pitcher baseline 7.1% barrel, 1.0 HR allowed",neutral batted-ball profile; pitcher fly-ball pressure modest,,
518692,Freddie Freeman,LAD,WSH,2026-09-05T02:10:00Z,Scheduled,4,Jackson Kent,800600,L,L,9.0,0.1748,90.06,100.3461,0.4817,0.1902,0.3689,70.08,8.26,35.98,27.49,43.18,18.4,7.1,42.9,86.8,0.399,0.147,16.1,1.0,1.0,1.0,UNIQLO Field at Dodger Stadium,100,79,9,252 deg,Open-Meteo forecast; MLB fallback,https://forecast.weather.gov/MapClick.php?lat=34.0739&lon=-118.2400,56,0,No,Yes,4,Yes,Yes,RotoWire projected lineup; MLB probable pitchers,lineup projected / unconfirmed,H:2026/2025 P:2026,,,Direct BvP not yet weighted; 2026/2025 Statcast baseline active,7,8,21,1,Contact streak: 8/21 over last 7 games,"same-side matchup; pitcher baseline 7.1% barrel, 1.0 HR allowed",neutral batted-ball profile; pitcher fly-ball pressure modest,,
669257,Will Smith,LAD,WSH,2026-09-05T02:10:00Z,Scheduled,5,Jackson Kent,800600,L,R,12.62,0.1541,90.53,100.3991,0.496,0.2228,0.3822,69.91,7.15,30.18,38.45,42.48,9.3,7.1,42.9,86.8,0.399,0.147,16.1,1.0,1.0,1.0,UNIQLO Field at Dodger Stadium,100,79,9,252 deg,Open-Meteo forecast; MLB fallback,https://forecast.weather.gov/MapClick.php?lat=34.0739&lon=-118.2400,56,0,No,Yes,5,Yes,Yes,RotoWire projected lineup; MLB probable pitchers,lineup projected / unconfirmed,H:2026/2025 P:2026,,,Direct BvP not yet weighted; 2026/2025 Statcast baseline active,7,3,21,0,"Last 7 games: 3/21, 0 HR","platoon edge; pitcher baseline 7.1% barrel, 1.0 HR allowed",fly-ball profile; pitcher fly-ball pressure modest,,
500743,Miguel Rojas,LAD,WSH,2026-09-05T02:10:00Z,Scheduled,6,Jackson Kent,800600,L,R,4.87,0.1266,87.11,97.99,0.3832,0.109,0.3081,68.94,5.14,36.08,22.68,34.84,4.2,7.1,42.9,86.8,0.399,0.147,16.1,1.0,1.0,1.0,UNIQLO Field at Dodger Stadium,100,79,9,252 deg,Open-Meteo forecast; MLB fallback,https://forecast.weather.gov/MapClick.php?lat=34.0739&lon=-118.2400,56,0,No,Yes,6,Yes,Yes,RotoWire projected lineup; MLB probable pitchers,lineup projected / unconfirmed,H:2026/2025 P:2026,,,Direct BvP not yet weighted; 2026/2025 Statcast baseline active,7,4,13,0,"Last 7 games: 4/13, 0 HR","platoon edge; pitcher baseline 7.1% barrel, 1.0 HR allowed",neutral batted-ball profile; pitcher fly-ball pressure modest,,
663656,Kyle Tucker,LAD,WSH,2026-09-05T02:10:00Z,Scheduled,7,Jackson Kent,800600,L,L,7.02,0.1483,89.05,98.7521,0.4074,0.1493,0.3391,71.51,20.52,42.82,33.05,37.81,14.3,7.1,42.9,86.8,0.399,0.147,16.1,1.0,1.0,1.0,UNIQLO Field at Dodger Stadium,100,79,9,252 deg,Open-Meteo forecast; MLB fallback,https://forecast.weather.gov/MapClick.php?lat=34.0739&lon=-118.2400,56,0,No,Yes,7,Yes,Yes,RotoWire projected lineup; MLB probable pitchers,lineup projected / unconfirmed,H:2026/2025 P:2026,,,Direct BvP not yet weighted; 2026/2025 Statcast baseline active,7,3,19,0,"Last 7 games: 3/19, 0 HR","same-side matchup; pitcher baseline 7.1% barrel, 1.0 HR allowed",neutral batted-ball profile; pitcher fly-ball pressure modest,,
669743,Alex Call,LAD,WSH,2026-09-05T02:10:00Z,Scheduled,8,Jackson Kent,800600,L,R,2.61,0.0858,85.12,94.3677,0.2976,0.0777,0.2909,66.45,3.14,35.04,23.49,20.64,2.2,7.1,42.9,86.8,0.399,0.147,16.1,1.0,1.0,1.0,UNIQLO Field at Dodger Stadium,100,79,9,252 deg,Open-Meteo forecast; MLB fallback,https://forecast.weather.gov/MapClick.php?lat=34.0739&lon=-118.2400,56,0,No,Yes,8,Yes,Yes,RotoWire projected lineup; MLB probable pitchers,lineup projected / unconfirmed,H:2026/2025 P:2026,,,Direct BvP not yet weighted; 2026/2025 Statcast baseline active,7,2,9,0,"Last 7 games: 2/9, 0 HR","platoon edge; pitcher baseline 7.1% barrel, 1.0 HR allowed",neutral batted-ball profile; pitcher fly-ball pressure modest,,
571771,Enrique Hernandez,LAD,WSH,2026-09-05T02:10:00Z,Scheduled,9,Jackson Kent,800600,L,R,9.85,0.1679,89.32,98.9136,0.3653,0.1513,0.2737,70.33,10.32,26.72,28.41,36.97,4.4,7.1,42.9,86.8,0.399,0.147,16.1,1.0,1.0,1.0,UNIQLO Field at Dodger Stadium,100,79,9,252 deg,Open-Meteo forecast; MLB fallback,https://forecast.weather.gov/MapClick.php?lat=34.0739&lon=-118.2400,56,0,No,Yes,9,Yes,Yes,RotoWire projected lineup; MLB probable pitchers,lineup projected / unconfirmed,H:2026/2025 P:2026,,,Direct BvP not yet weighted; 2026/2025 Statcast baseline active,7,3,15,0,"Last 7 games: 3/15, 0 HR","platoon edge; pitcher baseline 7.1% barrel, 1.0 HR allowed",neutral batted-ball profile; pitcher fly-ball pressure modest,,
703607,Henry Bolte,ATH,SEA,2026-09-05T02:10:00Z,Scheduled,1,Logan Gilbert,669302,R,R,7.3,0.115,90.8,104.3964,0.367,0.122,0.31,77.0,72.4,32.3,15.9,47.6,8.0,9.44,41.21,89.96,0.3831,0.1589,28.54,21.4,21.4,21.4,T-Mobile Park,96,65,4,303 deg,Open-Meteo forecast; MLB fallback,https://forecast.weather.gov/MapClick.php?lat=47.5914&lon=-122.3325,62,12,No,Yes,1,Yes,Yes,RotoWire projected lineup; MLB probable pitchers,lineup projected / unconfirmed,H:2026 P:2026/2025,,,Direct BvP not yet weighted; 2026/2025 Statcast baseline active,7,9,30,2,Hot streak: 2 HR in last 7 games,"same-side matchup; pitcher baseline 9.4% barrel, 21.4 HR allowed",neutral batted-ball profile; pitcher fly-ball pressure modest,,
680869,Zack Gelof,ATH,SEA,2026-09-05T02:10:00Z,Scheduled,2,Logan Gilbert,669302,R,R,9.7,0.1673,88.66,99.6481,0.3676,0.1669,0.2792,73.22,27.71,38.62,28.36,43.63,11.1,9.44,41.21,89.96,0.3831,0.1589,28.54,21.4,21.4,21.4,T-Mobile Park,96,65,4,303 deg,Open-Meteo forecast; MLB fallback,https://forecast.weather.gov/MapClick.php?lat=47.5914&lon=-122.3325,62,12,No,Yes,2,Yes,Yes,RotoWire projected lineup; MLB probable pitchers,lineup projected / unconfirmed,H:2026/2025 P:2026/2025,,,Direct BvP not yet weighted; 2026/2025 Statcast baseline active,7,8,26,2,Hot streak: 2 HR in last 7 games,"same-side matchup; pitcher baseline 9.4% barrel, 21.4 HR allowed",neutral batted-ball profile; pitcher fly-ball pressure modest,,
671732,Lawrence Butler,ATH,SEA,2026-09-05T02:10:00Z,Scheduled,3,Logan Gilbert,669302,R,L,8.15,0.149,89.87,101.9252,0.3821,0.1451,0.3162,73.63,37.88,34.61,21.65,45.87,14.7,9.44,41.21,89.96,0.3831,0.1589,28.54,21.4,21.4,21.4,T-Mobile Park,96,65,4,303 deg,Open-Meteo forecast; MLB fallback,https://forecast.weather.gov/MapClick.php?lat=47.5914&lon=-122.3325,62,12,No,Yes,3,Yes,Yes,RotoWire projected lineup; MLB probable pitchers,lineup projected / unconfirmed,H:2026/2025 P:2026/2025,,,Direct BvP not yet weighted; 2026/2025 Statcast baseline active,7,8,25,0,Contact streak: 8/25 over last 7 games,"platoon edge; pitcher baseline 9.4% barrel, 21.4 HR allowed",neutral batted-ball profile; pitcher fly-ball pressure modest,,
641680,Jonah Heim,ATH,SEA,2026-09-05T02:10:00Z,Scheduled,4,Logan Gilbert,669302,R,S,6.73,0.1624,87.96,97.982,0.3684,0.141,0.2893,69.84,9.17,39.93,28.18,33.94,12.4,9.44,41.21,89.96,0.3831,0.1589,28.54,21.4,21.4,21.4,T-Mobile Park,96,65,4,303 deg,Open-Meteo forecast; MLB fallback,https://forecast.weather.gov/MapClick.php?lat=47.5914&lon=-122.3325,62,12,No,Yes,4,Yes,Yes,RotoWire projected lineup; MLB probable pitchers,lineup projected / unconfirmed,H:2026/2025 P:2026/2025,,,Direct BvP not yet weighted; 2026/2025 Statcast baseline active,7,6,25,2,Hot streak: 2 HR in last 7 games,"switch hitter; pitcher baseline 9.4% barrel, 21.4 HR allowed",neutral batted-ball profile; pitcher fly-ball pressure modest,,
643446,Jeff McNeil,ATH,SEA,2026-09-05T02:10:00Z,Scheduled,5,Logan Gilbert,669302,R,L,2.93,0.1197,86.71,96.5976,0.3782,0.1034,0.3139,69.37,5.72,43.63,23.61,31.08,8.5,9.44,41.21,89.96,0.3831,0.1589,28.54,21.4,21.4,21.4,T-Mobile Park,96,65,4,303 deg,Open-Meteo forecast; MLB fallback,https://forecast.weather.gov/MapClick.php?lat=47.5914&lon=-122.3325,62,12,No,Yes,5,Yes,Yes,RotoWire projected lineup; MLB probable pitchers,lineup projected / unconfirmed,H:2026/2025 P:2026/2025,,,Direct BvP not yet weighted; 2026/2025 Statcast baseline active,7,8,29,1,"Last 7 games: 8/29, 1 HR","platoon edge; pitcher baseline 9.4% barrel, 21.4 HR allowed",neutral batted-ball profile; pitcher fly-ball pressure modest,,
683021,Michael Stefanic,ATH,SEA,2026-09-05T02:10:00Z,Scheduled,6,Logan Gilbert,669302,R,R,1.59,0.0441,91.68,96.972,0.3813,0.0918,0.3355,64.83,4.31,26.56,17.11,39.58,0.0,9.44,41.21,89.96,0.3831,0.1589,28.54,21.4,21.4,21.4,T-Mobile Park,96,65,4,303 deg,Open-Meteo forecast; MLB fallback,https://forecast.weather.gov/MapClick.php?lat=47.5914&lon=-122.3325,62,12,No,Yes,6,Yes,Yes,RotoWire projected lineup; MLB probable pitchers,lineup projected / unconfirmed,H:2026/2025 P:2026/2025,,,Direct BvP not yet weighted; 2026/2025 Statcast baseline active,7,5,13,0,Contact streak: 5/13 over last 7 games,"same-side matchup; pitcher baseline 9.4% barrel, 21.4 HR allowed",neutral batted-ball profile; pitcher fly-ball pressure modest,,
661531,Brian Serven,ATH,SEA,2026-09-05T02:10:00Z,Scheduled,7,Logan Gilbert,669302,R,R,11.9,0.286,88.4,99.4418,0.462,0.209,0.317,70.7,7.4,35.7,31.0,33.3,5.0,9.44,41.21,89.96,0.3831,0.1589,28.54,21.4,21.4,21.4,T-Mobile Park,96,65,4,303 deg,Open-Meteo forecast; MLB fallback,https://forecast.weather.gov/MapClick.php?lat=47.5914&lon=-122.3325,62,12,No,Yes,7,Yes,Yes,RotoWire projected lineup; MLB probable pitchers,lineup projected / unconfirmed,H:2026 P:2026/2025,,,Direct BvP not yet weighted; 2026/2025 Statcast baseline active,7,7,23,2,Hot streak: 2 HR in last 7 games,"same-side matchup; pitcher baseline 9.4% barrel, 21.4 HR allowed",neutral batted-ball profile; pitcher fly-ball pressure modest,,
675961,Alika Williams,ATH,SEA,2026-09-05T02:10:00Z,Scheduled,8,Logan Gilbert,669302,R,R,0.8,0.16,84.9,97.0205,0.295,0.077,0.247,69.4,3.4,37.1,24.2,33.3,3.0,9.44,41.21,89.96,0.3831,0.1589,28.54,21.4,21.4,21.4,T-Mobile Park,96,65,4,303 deg,Open-Meteo forecast; MLB fallback,https://forecast.weather.gov/MapClick.php?lat=47.5914&lon=-122.3325,62,12,No,Yes,8,Yes,Yes,RotoWire projected lineup; MLB probable pitchers,lineup projected / unconfirmed,H:2026 P:2026/2025,,,Direct BvP not yet weighted; 2026/2025 Statcast baseline active,7,8,23,1,Contact streak: 8/23 over last 7 games,"same-side matchup; pitcher baseline 9.4% barrel, 21.4 HR allowed",neutral batted-ball profile; pitcher fly-ball pressure modest,,
691777,Max Muncy,ATH,SEA,2026-09-05T02:10:00Z,Scheduled,9,Logan Gilbert,669302,R,R,10.73,0.1559,88.57,100.7757,0.3551,0.1451,0.2796,73.8,43.09,42.47,23.0,39.47,7.6,9.44,41.21,89.96,0.3831,0.1589,28.54,21.4,21.4,21.4,T-Mobile Park,96,65,4,303 deg,Open-Meteo forecast; MLB fallback,https://forecast.weather.gov/MapClick.php?lat=47.5914&lon=-122.3325,62,12,No,Yes,9,Yes,Yes,RotoWire projected lineup; MLB probable pitchers,lineup projected / unconfirmed,H:2026/2025 P:2026/2025,,,Direct BvP not yet weighted; 2026/2025 Statcast baseline active,7,4,22,0,"Last 7 games: 4/22, 0 HR","same-side matchup; pitcher baseline 9.4% barrel, 21.4 HR allowed",neutral batted-ball profile; pitcher fly-ball pressure modest,,
668227,Randy Arozarena,SEA,ATH,2026-09-05T02:10:00Z,Scheduled,1,,,,R,9.05,0.1915,90.88,101.0107,0.4219,0.1711,0.3424,71.39,25.08,34.68,24.59,44.44,23.5,,,,,,,,,,T-Mobile Park,96,65,4,303 deg,Open-Meteo forecast; MLB fallback,https://forecast.weather.gov/MapClick.php?lat=47.5914&lon=-122.3325,62,12,No,Yes,1,Yes,Yes,RotoWire projected lineup; MLB probable pitchers,lineup projected / unconfirmed,H:2026/2025 P:,,,Direct BvP not yet weighted; 2026/2025 Statcast baseline active,7,8,28,2,Hot streak: 2 HR in last 7 games,"handedness incomplete; pitcher baseline 0.0% barrel, 0.0 HR allowed",neutral batted-ball profile; pitcher fly-ball pressure modest,,
686527,Dominic Canzone,SEA,ATH,2026-09-05T02:10:00Z,Scheduled,2,,,,L,13.1,0.2167,91.46,102.6205,0.5036,0.2283,0.3634,74.08,41.92,39.9,26.44,46.34,18.0,,,,,,,,,,T-Mobile Park,96,65,4,303 deg,Open-Meteo forecast; MLB fallback,https://forecast.weather.gov/MapClick.php?lat=47.5914&lon=-122.3325,62,12,No,Yes,2,Yes,Yes,RotoWire projected lineup; MLB probable pitchers,lineup projected / unconfirmed,H:2026/2025 P:,,,Direct BvP not yet weighted; 2026/2025 Statcast baseline active,7,7,28,2,Hot streak: 2 HR in last 7 games,"handedness incomplete; pitcher baseline 0.0% barrel, 0.0 HR allowed",neutral batted-ball profile; pitcher fly-ball pressure modest,,
677594,Julio Rodriguez,SEA,ATH,2026-09-05T02:10:00Z,Scheduled,3,,,,R,9.45,0.1713,90.54,102.6379,0.4573,0.1908,0.3398,76.68,67.27,37.93,26.33,44.64,23.6,,,,,,,,,,T-Mobile Park,96,65,4,303 deg,Open-Meteo forecast; MLB fallback,https://forecast.weather.gov/MapClick.php?lat=47.5914&lon=-122.3325,62,12,No,Yes,3,Yes,Yes,RotoWire projected lineup; MLB probable pitchers,lineup projected / unconfirmed,H:2026/2025 P:,,,Direct BvP not yet weighted; 2026/2025 Statcast baseline active,7,6,30,0,"Last 7 games: 6/30, 0 HR","handedness incomplete; pitcher baseline 0.0% barrel, 0.0 HR allowed",neutral batted-ball profile; pitcher fly-ball pressure modest,,
663728,Cal Raleigh,SEA,ATH,2026-09-05T02:10:00Z,Scheduled,4,,,,S,16.07,0.2335,90.18,101.1263,0.4385,0.2404,0.3269,75.06,52.46,54.43,42.71,41.83,32.0,,,,,,,,,,T-Mobile Park,96,65,4,303 deg,Open-Meteo forecast; MLB fallback,https://forecast.weather.gov/MapClick.php?lat=47.5914&lon=-122.3325,62,12,No,Yes,4,Yes,Yes,RotoWire projected lineup; MLB probable pitchers,lineup projected / unconfirmed,H:2026/2025 P:,,,Direct BvP not yet weighted; 2026/2025 Statcast baseline active,7,6,27,2,Hot streak: 2 HR in last 7 games,"switch hitter; pitcher baseline 0.0% barrel, 0.0 HR allowed",fly-ball profile; pitcher fly-ball pressure modest,,
647304,Josh Naylor,SEA,ATH,2026-09-05T02:10:00Z,Scheduled,5,,,,L,5.23,0.1173,87.8,99.0491,0.3991,0.1303,0.3194,70.41,11.89,42.13,22.64,37.63,13.0,,,,,,,,,,T-Mobile Park,96,65,4,303 deg,Open-Meteo forecast; MLB fallback,https://forecast.weather.gov/MapClick.php?lat=47.5914&lon=-122.3325,62,12,No,Yes,5,Yes,Yes,RotoWire projected lineup; MLB probable pitchers,lineup projected / unconfirmed,H:2026/2025 P:,,,Direct BvP not yet weighted; 2026/2025 Statcast baseline active,7,5,29,0,"Last 7 games: 5/29, 0 HR","handedness incomplete; pitcher baseline 0.0% barrel, 0.0 HR allowed",neutral batted-ball profile; pitcher fly-ball pressure modest,,
702284,Cole Young,SEA,ATH,2026-09-05T02:10:00Z,Scheduled,6,,,,L,5.04,0.1248,88.02,98.7341,0.3802,0.1303,0.3103,71.51,21.72,42.19,26.45,35.37,12.4,,,,,,,,,,T-Mobile Park,96,65,4,303 deg,Open-Meteo forecast; MLB fallback,https://forecast.weather.gov/MapClick.php?lat=47.5914&lon=-122.3325,62,12,No,Yes,6,Yes,Yes,RotoWire projected lineup; MLB probable pitchers,lineup projected / unconfirmed,H:2026/2025 P:,,,Direct BvP not yet weighted; 2026/2025 Statcast baseline active,7,5,25,0,"Last 7 games: 5/25, 0 HR","handedness incomplete; pitcher baseline 0.0% barrel, 0.0 HR allowed",neutral batted-ball profile; pitcher fly-ball pressure modest,,
703155,Lazaro Montes,SEA,ATH,2026-09-05T02:10:00Z,Scheduled,7,,,,L,33.3,0.75,96.8,102.353,0.988,0.681,0.568,76.5,55.6,33.3,33.3,66.7,1.0,,,,,,,,,,T-Mobile Park,96,65,4,303 deg,Open-Meteo forecast; MLB fallback,https://forecast.weather.gov/MapClick.php?lat=47.5914&lon=-122.3325,62,12,No,Yes,7,Yes,Yes,RotoWire projected lineup; MLB probable pitchers,lineup projected / unconfirmed,H:2026 P:,,,Direct BvP not yet weighted; 2026/2025 Statcast baseline active,2,3,8,1,Contact streak: 3/8 over last 2 games,"handedness incomplete; pitcher baseline 0.0% barrel, 0.0 HR allowed",EV profile; pitcher fly-ball pressure modest,,
641487,J.P. Crawford,SEA,ATH,2026-09-05T02:10:00Z,Scheduled,8,,,,L,5.67,0.1197,87.69,98.264,0.3671,0.1207,0.3238,71.28,18.95,35.63,21.07,35.4,10.6,,,,,,,,,,T-Mobile Park,96,65,4,303 deg,Open-Meteo forecast; MLB fallback,https://forecast.weather.gov/MapClick.php?lat=47.5914&lon=-122.3325,62,12,No,Yes,8,Yes,Yes,RotoWire projected lineup; MLB probable pitchers,lineup projected / unconfirmed,H:2026/2025 P:,,,Direct BvP not yet weighted; 2026/2025 Statcast baseline active,7,8,20,0,Contact streak: 8/20 over last 7 games,"handedness incomplete; pitcher baseline 0.0% barrel, 0.0 HR allowed",neutral batted-ball profile; pitcher fly-ball pressure modest,,
801126,Brock Rodden,SEA,ATH,2026-09-05T02:10:00Z,Scheduled,9,,,,S,3.4,0.093,86.7,96.7687,0.194,0.07,0.219,69.3,2.7,55.2,44.8,34.5,0.0,,,,,,,,,,T-Mobile Park,96,65,4,303 deg,Open-Meteo forecast; MLB fallback,https://forecast.weather.gov/MapClick.php?lat=47.5914&lon=-122.3325,62,12,No,Yes,9,Yes,Yes,RotoWire projected lineup; MLB probable pitchers,lineup projected / unconfirmed,H:2026 P:,,,Direct BvP not yet weighted; 2026/2025 Statcast baseline active,7,3,17,0,"Last 7 games: 3/17, 0 HR","switch hitter; pitcher baseline 0.0% barrel, 0.0 HR allowed",fly-ball profile; pitcher fly-ball pressure modest,,
