rank,hitter_id,player,team,opponent,game_start_time,game_status,batting_order,pitcher,pitcher_id,pitcher_hand,hr_score,tier,play_type,reason_tags,power_score,pitcher_score,environment_score,lineup_score,platoon_score,recent_form_score,sheet_score,sheet_carry_score,confirmed_lineup,rotowire_confirmed_lineup,rotowire_batting_order,rotowire_player_found,lineup_disagreement,lineup_sources_used,source_warnings,stat_years_used,bvp_pa,bvp_hr,bvp_note,recent_games,recent_hits,recent_abs,recent_hr,recent_form_note,split_matchup_note,pitch_mix_note,barrel_pct,hard_hit_pct,avg_exit_velocity,ev50,xslg,xiso,xwoba,bat_speed,fast_swing_pct,pull_pct,fb_pct,hr_total,iso,pitcher_barrel_pct_allowed,pitcher_hard_hit_pct_allowed,pitcher_avg_exit_velocity_allowed,pitcher_xslg_allowed,pitcher_xiso_allowed,pitcher_fb_pct_allowed,wind_direction,weather_source,weather_url,weather_humidity,weather_precip_pct,weather_temp,ballpark,odds,sheet_barrel_pct,sheet_iso,sheet_ev,sheet_pm_hr,sheet_pm_pa,sheet_pa_pct,sheet_hr_env,sheet_pitcher_split_barrel,sheet_pitcher_split_hr,sheet_note
1,695491,Joshua Baez,STL,PHI,2026-08-21T22:40:00Z,Scheduled,5,Jesús Luzardo,666200,L,67.4,Tier 3,Watch List,"Projected Lineup, Elite Power, Strong Barrel, Platoon Edge",97.2,21.4,64.8,81.9,78.0,61.0,50.0,,No,Yes,5,Yes,Yes,RotoWire projected lineup; MLB probable pitchers,lineup projected / unconfirmed,H:2026 P:2026/2025,,,Direct BvP not yet weighted; 2026/2025 Statcast baseline active,7,4,25,3,Hot streak: 3 HR in last 7 games,"platoon edge; pitcher baseline 6.1% barrel, 13.2 HR allowed",EV profile; pitcher fly-ball pressure modest,25.0,62.5,97.6,105.5842,0.676,0.396,0.408,79.1,87.5,31.3,43.8,3.0,0.409,6.07,33.39,87.59,0.3193,0.106,22.29,353 deg,Open-Meteo forecast; MLB fallback,https://forecast.weather.gov/MapClick.php?lat=39.9061&lon=-75.1665,90,69,70,Citizens Bank Park,,,,,,,,,,,
2,694673,Abimelec Ortiz,WSH,MIA,2026-08-21T23:10:00Z,Scheduled,2,Ryan Gusto,687473,R,67.1,Tier 3,Watch List,"Projected Lineup, Elite Power, Strong Barrel, Premium Lineup Spot, Platoon Edge",78.5,48.6,49.0,95.5,80.0,49.9,50.0,,No,Yes,2,Yes,Yes,RotoWire projected lineup; MLB probable pitchers,lineup projected / unconfirmed,H:2026 P:2026/2025,,,Direct BvP not yet weighted; 2026/2025 Statcast baseline active,7,5,24,2,Hot streak: 2 HR in last 7 games,"platoon edge; pitcher baseline 8.9% barrel, 10.7 HR allowed",lift-pull EV profile; pitcher fly-ball pressure modest,16.7,50.0,92.2,101.6742,0.623,0.343,0.391,75.6,62.6,52.8,36.1,5.0,0.361,8.94,44.65,90.39,0.4257,0.1669,26.68,180 deg,Open-Meteo forecast; MLB fallback,https://forecast.weather.gov/MapClick.php?lat=25.7781&lon=-80.2197,82,13,84,loanDepot park,,,,,,,,,,,
3,808959,Munetaka Murakami,CWS,NYM,2026-08-21T23:40:00Z,Scheduled,2,Sean Manaea,640455,L,66.0,Tier 3,Watch List,"Projected Lineup, Elite Power, Strong Barrel, Premium Lineup Spot",83.4,48.3,44.5,95.5,50.0,59.2,50.0,,No,Yes,2,Yes,Yes,RotoWire projected lineup; MLB probable pitchers,lineup projected / unconfirmed,H:2026 P:2026/2025,,,Direct BvP not yet weighted; 2026/2025 Statcast baseline active,7,4,27,3,Hot streak: 3 HR in last 7 games,"same-side matchup; pitcher baseline 9.3% barrel, 15.1 HR allowed",lift-pull EV profile; pitcher fly-ball pressure modest,20.9,59.7,94.1,104.8119,0.517,0.295,0.372,74.8,50.4,40.3,38.8,29.0,0.307,9.32,42.04,89.31,0.4199,0.1736,28.4,10 deg,Open-Meteo forecast; MLB fallback,https://forecast.weather.gov/MapClick.php?lat=41.8300&lon=-87.6338,77,0,69,Rate Field,,,,,,,,,,,
4,670541,Yordan Alvarez,HOU,ATH,2026-08-22T00:10:00Z,Scheduled,2,J.T. Ginn,669372,R,64.8,Tier 3,Watch List,"Projected Lineup, Elite Power, Strong Barrel, Premium Lineup Spot, Platoon Edge",81.5,30.9,58.1,95.5,80.0,39.5,50.0,,No,Yes,2,Yes,Yes,RotoWire projected lineup; MLB probable pitchers,lineup projected / unconfirmed,H:2026/2025 P:2026/2025,,,Direct BvP not yet weighted; 2026/2025 Statcast baseline active,7,6,23,1,"Last 7 games: 6/23, 1 HR","platoon edge; pitcher baseline 6.9% barrel, 14.9 HR allowed",lift-pull EV profile; pitcher fly-ball pressure modest,16.39,53.25,94.56,104.964,0.6372,0.3217,0.4385,76.1,61.87,41.65,36.17,27.0,0.2522,6.86,37.99,87.63,0.3691,0.1351,23.01,208 deg,Open-Meteo forecast; MLB fallback,https://forecast.weather.gov/MapClick.php?lat=29.7573&lon=-95.3555,61,3,90,Daikin Park,,,,,,,,,,,
5,624413,Pete Alonso,BAL,TB,2026-08-21T23:15:00Z,Scheduled,2,Freddy Peralta,642547,R,62.7,Tier 3,Watch List,"Projected Lineup, Strong Barrel, Premium Lineup Spot, Hot Hitter/Streak",73.1,35.6,50.1,95.5,50.0,100.0,50.0,,No,Yes,2,Yes,Yes,RotoWire projected lineup; MLB probable pitchers,lineup projected / unconfirmed,H:2026/2025 P:2026/2025,,,Direct BvP not yet weighted; 2026/2025 Statcast baseline active,7,12,28,3,Hot streak: 3 HR in last 7 games,"same-side matchup; pitcher baseline 7.1% barrel, 20.3 HR allowed",EV profile; pitcher fly-ball pressure modest,15.54,55.87,94.06,104.24,0.5531,0.2738,0.3902,74.78,48.86,35.8,31.16,31.7,0.2373,7.06,37.93,88.0,0.3764,0.1452,27.85,360 deg,Open-Meteo forecast; MLB fallback,https://forecast.weather.gov/MapClick.php?lat=39.2840&lon=-76.6217,78,9,71,Oriole Park at Camden Yards,,,,,,,,,,,
6,545361,Mike Trout,LAA,TEX,2026-08-22T00:15:00Z,Scheduled,2,MacKenzie Gore,669022,L,60.9,Tier 3,Watch List,"Projected Lineup, Strong Barrel, Premium Lineup Spot, Platoon Edge",60.8,46.5,60.6,95.5,78.0,15.3,50.0,,No,Yes,2,Yes,Yes,RotoWire projected lineup; MLB probable pitchers,lineup projected / unconfirmed,H:2026/2025 P:2026/2025,,,Direct BvP not yet weighted; 2026/2025 Statcast baseline active,7,6,27,0,"Last 7 games: 6/27, 0 HR","platoon edge; pitcher baseline 9.3% barrel, 18.6 HR allowed",neutral batted-ball profile; pitcher fly-ball pressure modest,15.73,47.06,90.27,102.9458,0.4887,0.2404,0.3748,74.63,48.26,37.35,33.03,21.8,0.2,9.34,42.63,89.42,0.3891,0.1509,27.79,169 deg,Open-Meteo forecast; MLB fallback,https://forecast.weather.gov/MapClick.php?lat=32.7473&lon=-97.0842,26,0,103,Globe Life Field,,,,,,,,,,,
7,701398,Sal Stewart,CIN,AZ,2026-08-22T01:40:00Z,Scheduled,2,Eduardo Rodriguez,593958,L,60.8,Tier 3,Watch List,"Projected Lineup, Strong Barrel, Premium Lineup Spot, Platoon Edge",59.8,41.7,61.2,95.5,78.0,39.2,50.0,,No,Yes,2,Yes,Yes,RotoWire projected lineup; MLB probable pitchers,lineup projected / unconfirmed,H:2026/2025 P:2026/2025,,,Direct BvP not yet weighted; 2026/2025 Statcast baseline active,7,7,27,1,"Last 7 games: 7/27, 1 HR","platoon edge; pitcher baseline 8.3% barrel, 17.3 HR allowed",neutral batted-ball profile; pitcher fly-ball pressure modest,14.75,42.63,91.69,101.351,0.5201,0.2554,0.3639,72.24,27.14,38.99,32.44,20.4,0.2389,8.27,35.2,87.99,0.4391,0.1755,27.4,264 deg,Open-Meteo forecast; MLB fallback,https://forecast.weather.gov/MapClick.php?lat=33.4455&lon=-112.0667,24,0,105,Chase Field,,,,,,,,,,,
8,700250,Ben Rice,NYY,TOR,2026-08-21T23:05:00Z,Scheduled,2,,,,60.7,Tier 3,Watch List,"Projected Lineup, Strong Barrel, Premium Lineup Spot",65.3,41.2,59.2,95.5,60.0,40.1,50.0,,No,Yes,2,Yes,Yes,RotoWire projected lineup; MLB probable pitchers,lineup projected / unconfirmed,H:2026/2025 P:,,,Direct BvP not yet weighted; 2026/2025 Statcast baseline active,7,4,28,2,Hot streak: 2 HR in last 7 games,"handedness incomplete; pitcher baseline 0.0% barrel, 0.0 HR allowed",lift-pull EV profile; pitcher fly-ball pressure modest,15.26,51.2,92.6,102.6714,0.5222,0.2548,0.377,72.91,28.08,46.36,30.32,31.6,0.2713,,,,,,,21 deg,Open-Meteo forecast; MLB fallback,https://forecast.weather.gov/MapClick.php?lat=40.8296&lon=-73.9262,95,100,67,Yankee Stadium,,,,,,,,,,,
9,805811,Bryce Eldridge,SF,BOS,2026-08-21T23:10:00Z,Scheduled,4,Sonny Gray,543243,R,60.6,Tier 3,Watch List,"Projected Lineup, Strong Barrel, Premium Lineup Spot, Platoon Edge",69.6,34.9,48.2,90.4,80.0,54.7,50.0,,No,Yes,4,Yes,Yes,RotoWire projected lineup; MLB probable pitchers,lineup projected / unconfirmed,H:2026/2025 P:2026/2025,,,Direct BvP not yet weighted; 2026/2025 Statcast baseline active,7,6,25,2,Hot streak: 2 HR in last 7 games,"platoon edge; pitcher baseline 7.2% barrel, 16.6 HR allowed",lift-pull EV profile; pitcher fly-ball pressure modest,16.04,56.34,93.22,103.1821,0.4778,0.2512,0.3538,73.07,29.06,38.06,38.1,9.8,0.156,7.21,38.39,88.97,0.381,0.1341,22.99,278 deg,Open-Meteo forecast; MLB fallback,https://forecast.weather.gov/MapClick.php?lat=42.3467&lon=-71.0972,54,32,78,Fenway Park,,,,,,,,,,,
10,678246,Miguel Vargas,CWS,NYM,2026-08-21T23:40:00Z,Scheduled,3,Sean Manaea,640455,L,60.6,Tier 3,Watch List,"Projected Lineup, Strong Barrel, Premium Lineup Spot, Platoon Edge, Hot Hitter/Streak",54.8,48.3,44.5,92.1,78.0,92.6,50.0,,No,Yes,3,Yes,Yes,RotoWire projected lineup; MLB probable pitchers,lineup projected / unconfirmed,H:2026/2025 P:2026/2025,,,Direct BvP not yet weighted; 2026/2025 Statcast baseline active,7,10,27,3,Hot streak: 3 HR in last 7 games,"platoon edge; pitcher baseline 9.3% barrel, 15.1 HR allowed",fly-ball profile; pitcher fly-ball pressure modest,13.04,44.7,90.4,100.5028,0.4854,0.2298,0.3645,72.98,34.21,43.65,36.22,24.4,0.2237,9.32,42.04,89.31,0.4199,0.1736,28.4,10 deg,Open-Meteo forecast; MLB fallback,https://forecast.weather.gov/MapClick.php?lat=41.8300&lon=-87.6338,77,0,69,Rate Field,,,,,,,,,,,
11,608369,Corey Seager,TEX,LAA,2026-08-22T00:15:00Z,Scheduled,2,Reid Detmers,672282,L,60.5,Tier 3,Watch List,"Projected Lineup, Strong Barrel, Premium Lineup Spot, Hot Hitter/Streak",60.6,40.4,60.6,95.5,50.0,81.7,50.0,,No,Yes,2,Yes,Yes,RotoWire projected lineup; MLB probable pitchers,lineup projected / unconfirmed,H:2026/2025 P:2026/2025,,,Direct BvP not yet weighted; 2026/2025 Statcast baseline active,7,11,24,2,Hot streak: 2 HR in last 7 games,"same-side matchup; pitcher baseline 8.3% barrel, 13.7 HR allowed",neutral batted-ball profile; pitcher fly-ball pressure modest,14.95,49.12,91.85,102.6287,0.4878,0.2392,0.3559,71.94,16.0,40.5,31.83,14.7,0.1943,8.27,39.58,90.03,0.363,0.1439,28.69,169 deg,Open-Meteo forecast; MLB fallback,https://forecast.weather.gov/MapClick.php?lat=32.7473&lon=-97.0842,26,0,103,Globe Life Field,,,,,,,,,,,
12,663993,Nathaniel Lowe,CLE,COL,2026-08-22T00:40:00Z,Scheduled,4,Tanner Gordon,685299,R,59.9,Longshot,Watch List,"Projected Lineup, Premium Lineup Spot, Platoon Edge",38.8,65.7,68.7,90.4,80.0,31.6,50.0,,No,Yes,4,Yes,Yes,RotoWire projected lineup; MLB probable pitchers,lineup projected / unconfirmed,H:2026/2025 P:2026/2025,,,Direct BvP not yet weighted; 2026/2025 Statcast baseline active,7,5,24,1,"Last 7 games: 5/24, 1 HR","platoon edge; pitcher baseline 11.2% barrel, 15.3 HR allowed",neutral batted-ball profile; pitcher allows elevated contact,8.61,42.62,89.42,101.2217,0.4283,0.1716,0.331,74.0,39.57,35.59,25.85,15.2,0.1978,11.22,43.93,91.15,0.4985,0.2244,33.53,80 deg,Open-Meteo forecast; MLB fallback,https://forecast.weather.gov/MapClick.php?lat=39.7559&lon=-104.9942,19,1,93,Coors Field,,,,,,,,,,,
13,694197,Angel Genao,CLE,COL,2026-08-22T00:40:00Z,Scheduled,5,Tanner Gordon,685299,R,58.5,Longshot,Watch List,"Projected Lineup, Platoon Edge",41.1,64.1,68.7,81.9,75.0,28.2,50.0,,No,Yes,5,Yes,Yes,RotoWire projected lineup; MLB probable pitchers,lineup projected / unconfirmed,H:2026 P:2026/2025,,,Direct BvP not yet weighted; 2026/2025 Statcast baseline active,7,8,26,0,"Last 7 games: 8/26, 0 HR","switch hitter; pitcher baseline 11.2% barrel, 15.3 HR allowed",EV profile; pitcher allows elevated contact,7.9,52.6,93.1,101.156,0.425,0.135,0.351,71.4,21.3,28.9,15.8,1.0,0.122,11.22,43.93,91.15,0.4985,0.2244,33.53,80 deg,Open-Meteo forecast; MLB fallback,https://forecast.weather.gov/MapClick.php?lat=39.7559&lon=-104.9942,19,1,93,Coors Field,,,,,,,,,,,
14,687263,Zach Neto,LAA,TEX,2026-08-22T00:15:00Z,Scheduled,4,MacKenzie Gore,669022,L,57.4,Longshot,Watch List,"Projected Lineup, Strong Barrel, Premium Lineup Spot, Platoon Edge",46.3,46.5,60.6,90.4,78.0,50.3,50.0,,No,Yes,4,Yes,Yes,RotoWire projected lineup; MLB probable pitchers,lineup projected / unconfirmed,H:2026/2025 P:2026/2025,,,Direct BvP not yet weighted; 2026/2025 Statcast baseline active,7,9,27,1,Contact streak: 9/27 over last 7 games,"platoon edge; pitcher baseline 9.3% barrel, 18.6 HR allowed",neutral batted-ball profile; pitcher fly-ball pressure modest,12.18,41.77,89.74,100.102,0.4166,0.2027,0.3097,71.26,13.41,46.99,34.96,21.8,0.1946,9.34,42.63,89.42,0.3891,0.1509,27.79,169 deg,Open-Meteo forecast; MLB fallback,https://forecast.weather.gov/MapClick.php?lat=32.7473&lon=-97.0842,26,0,103,Globe Life Field,,,,,,,,,,,
15,669394,Jake Burger,TEX,LAA,2026-08-22T00:15:00Z,Scheduled,3,Reid Detmers,672282,L,57.1,Longshot,Watch List,"Projected Lineup, Strong Barrel, Premium Lineup Spot, Platoon Edge",48.5,40.4,60.6,92.1,78.0,53.3,50.0,,No,Yes,3,Yes,Yes,RotoWire projected lineup; MLB probable pitchers,lineup projected / unconfirmed,H:2026/2025 P:2026/2025,,,Direct BvP not yet weighted; 2026/2025 Statcast baseline active,7,6,26,2,Hot streak: 2 HR in last 7 games,"platoon edge; pitcher baseline 8.3% barrel, 13.7 HR allowed",neutral batted-ball profile; pitcher fly-ball pressure modest,11.8,47.17,90.12,102.6757,0.4227,0.1872,0.3086,75.37,58.14,41.88,28.04,19.5,0.1844,8.27,39.58,90.03,0.363,0.1439,28.69,169 deg,Open-Meteo forecast; MLB fallback,https://forecast.weather.gov/MapClick.php?lat=32.7473&lon=-97.0842,26,0,103,Globe Life Field,,,,,,,,,,,
16,665953,Andres Chaparro,WSH,MIA,2026-08-21T23:10:00Z,Scheduled,3,Ryan Gusto,687473,R,56.7,Longshot,Watch List,"Projected Lineup, Strong Barrel, Premium Lineup Spot",51.9,48.6,49.0,92.1,50.0,63.7,50.0,,No,Yes,3,Yes,Yes,RotoWire projected lineup; MLB probable pitchers,lineup projected / unconfirmed,H:2026/2025 P:2026/2025,,,Direct BvP not yet weighted; 2026/2025 Statcast baseline active,7,6,20,2,Hot streak: 2 HR in last 7 games,"same-side matchup; pitcher baseline 8.9% barrel, 10.7 HR allowed",neutral batted-ball profile; pitcher fly-ball pressure modest,14.04,45.92,88.45,101.3034,0.4503,0.2219,0.3392,74.14,43.28,48.59,28.26,5.9,0.2279,8.94,44.65,90.39,0.4257,0.1669,26.68,180 deg,Open-Meteo forecast; MLB fallback,https://forecast.weather.gov/MapClick.php?lat=25.7781&lon=-80.2197,82,13,84,loanDepot park,,,,,,,,,,,
17,691023,Jordan Walker,STL,PHI,2026-08-21T22:40:00Z,Scheduled,4,Jesús Luzardo,666200,L,56.6,Longshot,Watch List,"Projected Lineup, Strong Barrel, Premium Lineup Spot, Platoon Edge, Hot Hitter/Streak",55.9,21.4,64.8,90.4,78.0,93.9,32.9,55.0,No,Yes,4,Yes,Yes,RotoWire projected lineup; MLB probable pitchers,lineup projected / unconfirmed,H:2026/2025 P:2026/2025,,,Direct BvP not yet weighted; 2026/2025 Statcast baseline active,7,11,29,3,Hot streak: 3 HR in last 7 games,"platoon edge; pitcher baseline 6.1% barrel, 13.2 HR allowed",EV profile; pitcher fly-ball pressure modest,12.65,48.53,92.51,104.5751,0.4498,0.1942,0.3326,78.87,82.77,38.03,24.33,19.3,0.1771,6.07,33.39,87.59,0.3193,0.106,22.29,353 deg,Open-Meteo forecast; MLB fallback,https://forecast.weather.gov/MapClick.php?lat=39.9061&lon=-75.1665,90,69,70,Citizens Bank Park,,10.9,0.144,91,9,264,0,6,7.62,6,Volume support but ISO modest
18,663886,Tyler Stephenson,CIN,AZ,2026-08-22T01:40:00Z,Scheduled,4,Eduardo Rodriguez,593958,L,56.5,Longshot,Watch List,"Projected Lineup, Strong Barrel, Premium Lineup Spot, Platoon Edge",51.8,41.7,61.2,90.4,78.0,18.3,50.0,,No,Yes,4,Yes,Yes,RotoWire projected lineup; MLB probable pitchers,lineup projected / unconfirmed,H:2026/2025 P:2026/2025,,,Direct BvP not yet weighted; 2026/2025 Statcast baseline active,7,1,20,1,"Last 7 games: 1/20, 1 HR","platoon edge; pitcher baseline 8.3% barrel, 17.3 HR allowed",neutral batted-ball profile; pitcher fly-ball pressure modest,13.17,47.03,90.92,100.5243,0.4459,0.2075,0.3347,70.52,7.21,36.52,32.94,12.3,0.1746,8.27,35.2,87.99,0.4391,0.1755,27.4,264 deg,Open-Meteo forecast; MLB fallback,https://forecast.weather.gov/MapClick.php?lat=33.4455&lon=-112.0667,24,0,105,Chase Field,,,,,,,,,,,
19,608070,Jose Ramirez,CLE,COL,2026-08-22T00:40:00Z,Scheduled,3,Tanner Gordon,685299,R,56.4,Longshot,Watch List,"Projected Lineup, Premium Lineup Spot, Platoon Edge",30.3,64.1,68.7,92.1,75.0,25.8,50.0,,No,Yes,3,Yes,Yes,RotoWire projected lineup; MLB probable pitchers,lineup projected / unconfirmed,H:2026/2025 P:2026/2025,,,Direct BvP not yet weighted; 2026/2025 Statcast baseline active,7,7,24,0,"Last 7 games: 7/24, 0 HR","switch hitter; pitcher baseline 11.2% barrel, 15.3 HR allowed",neutral batted-ball profile; pitcher allows elevated contact,5.6,40.43,89.25,99.7032,0.4334,0.1494,0.349,70.34,13.47,50.62,29.55,16.0,0.1682,11.22,43.93,91.15,0.4985,0.2244,33.53,80 deg,Open-Meteo forecast; MLB fallback,https://forecast.weather.gov/MapClick.php?lat=39.7559&lon=-104.9942,19,1,93,Coors Field,,,,,,,,,,,
20,686527,Dominic Canzone,SEA,CHC,2026-08-22T02:10:00Z,Scheduled,3,Matthew Boyd,571510,L,56.4,Longshot,Watch List,"Projected Lineup, Strong Barrel, Premium Lineup Spot",56.5,46.1,51.4,92.1,50.0,33.7,50.0,,No,Yes,3,Yes,Yes,RotoWire projected lineup; MLB probable pitchers,lineup projected / unconfirmed,H:2026/2025 P:2026/2025,,,Direct BvP not yet weighted; 2026/2025 Statcast baseline active,7,10,29,0,Contact streak: 10/29 over last 7 games,"same-side matchup; pitcher baseline 9.9% barrel, 14.8 HR allowed",neutral batted-ball profile; pitcher fly-ball pressure modest,13.17,46.97,91.67,102.6256,0.5043,0.2262,0.3655,74.15,43.46,39.62,26.3,16.6,0.2195,9.91,37.93,88.15,0.433,0.1741,26.55,320 deg,Open-Meteo forecast; MLB fallback,https://forecast.weather.gov/MapClick.php?lat=47.5914&lon=-122.3325,44,0,83,T-Mobile Park,,,,,,,,,,,
21,646240,Rafael Devers,SF,BOS,2026-08-21T23:10:00Z,Scheduled,2,Sonny Gray,543243,R,56.3,Longshot,Watch List,"Projected Lineup, Strong Barrel, Premium Lineup Spot, Platoon Edge",56.9,34.9,48.2,95.5,80.0,32.5,50.0,,No,Yes,2,Yes,Yes,RotoWire projected lineup; MLB probable pitchers,lineup projected / unconfirmed,H:2026/2025 P:2026/2025,,,Direct BvP not yet weighted; 2026/2025 Statcast baseline active,7,6,28,1,"Last 7 games: 6/28, 1 HR","platoon edge; pitcher baseline 7.2% barrel, 16.6 HR allowed",EV profile; pitcher fly-ball pressure modest,12.29,52.32,92.8,103.0714,0.452,0.2182,0.3348,71.74,20.51,34.05,33.39,28.0,0.227,7.21,38.39,88.97,0.381,0.1341,22.99,278 deg,Open-Meteo forecast; MLB fallback,https://forecast.weather.gov/MapClick.php?lat=42.3467&lon=-71.0972,54,32,78,Fenway Park,,,,,,,,,,,
22,691406,Junior Caminero,TB,ATH,2026-08-21T23:15:00Z,Scheduled,2,Trevor Rogers,669432,L,56.2,Longshot,Watch List,"Projected Lineup, Strong Barrel, Premium Lineup Spot, Platoon Edge",62.9,37.9,50.1,95.5,78.0,13.0,14.4,48.0,No,Yes,2,Yes,Yes,RotoWire projected lineup; MLB probable pitchers,lineup projected / unconfirmed,H:2026/2025 P:2026/2025,,,Direct BvP not yet weighted; 2026/2025 Statcast baseline active,7,6,29,0,"Last 7 games: 6/29, 0 HR","platoon edge; pitcher baseline 7.2% barrel, 10.9 HR allowed",EV profile; pitcher fly-ball pressure modest,13.58,50.49,92.68,105.2173,0.4989,0.2341,0.3593,79.41,85.39,46.08,24.12,38.0,0.2647,7.25,41.96,89.28,0.3921,0.1496,24.53,360 deg,Open-Meteo forecast; MLB fallback,https://forecast.weather.gov/MapClick.php?lat=39.2840&lon=-76.6217,78,9,71,Oriole Park at Camden Yards,,0,0,0,0,0,0,37,0,0,Ballpark Pal top hitter 27.9%; best park/weather on slate
23,682829,Elly De La Cruz,CIN,AZ,2026-08-22T01:40:00Z,Scheduled,1,Eduardo Rodriguez,593958,L,56.0,Longshot,Watch List,"Projected Lineup, Strong Barrel, Premium Lineup Spot, Platoon Edge",55.2,39.8,61.2,88.7,75.0,5.1,50.0,,No,Yes,1,Yes,Yes,RotoWire projected lineup; MLB probable pitchers,lineup projected / unconfirmed,H:2026/2025 P:2026/2025,,,Direct BvP not yet weighted; 2026/2025 Statcast baseline active,7,4,26,0,"Last 7 games: 4/26, 0 HR","switch hitter; pitcher baseline 8.3% barrel, 17.3 HR allowed",EV profile; pitcher fly-ball pressure modest,12.75,49.24,93.03,104.0011,0.4541,0.1919,0.3465,75.38,53.84,34.12,25.45,20.6,0.1991,8.27,35.2,87.99,0.4391,0.1755,27.4,264 deg,Open-Meteo forecast; MLB fallback,https://forecast.weather.gov/MapClick.php?lat=33.4455&lon=-112.0667,24,0,105,Chase Field,,,,,,,,,,,
24,621566,Matt Olson,ATL,NYM,2026-08-21T20:10:00Z,Scheduled,3,Jacob Misiorowski,694819,R,55.8,Longshot,Watch List,"Projected Lineup, Strong Barrel, Premium Lineup Spot, Platoon Edge, Sheet Consensus",67.5,17.4,43.1,92.1,80.0,30.3,80.6,100.0,No,Yes,3,Yes,Yes,RotoWire projected lineup; MLB probable pitchers,lineup projected / unconfirmed,H:2026/2025 P:2026/2025,,,Direct BvP not yet weighted; 2026/2025 Statcast baseline active,7,5,25,1,"Last 7 games: 5/25, 1 HR","platoon edge; pitcher baseline 4.6% barrel, 11.5 HR allowed",lift-pull EV profile; pitcher fly-ball pressure modest,15.38,50.92,92.81,103.8576,0.5137,0.2643,0.3628,74.6,48.03,38.0,32.71,33.9,0.2617,4.61,34.77,87.39,0.2747,0.0989,25.92,107 deg,Open-Meteo forecast; MLB fallback,https://forecast.weather.gov/MapClick.php?lat=43.0280&lon=-87.9712,49,0,72,American Family Field,,22.7,0.398,96,11,103,37.5,3,3.3,6,Elite LHH power; weather only mild and possible delay
25,682987,Spencer Jones,NYY,TOR,2026-08-21T23:05:00Z,Scheduled,7,,,,55.8,Longshot,Watch List,"Projected Lineup, Strong Barrel",65.4,41.2,59.2,59.8,60.0,40.7,50.0,,No,Yes,7,Yes,Yes,RotoWire projected lineup; MLB probable pitchers,lineup projected / unconfirmed,H:2026 P:,,,Direct BvP not yet weighted; 2026/2025 Statcast baseline active,7,7,26,1,"Last 7 games: 7/26, 1 HR","handedness incomplete; pitcher baseline 0.0% barrel, 0.0 HR allowed",EV profile; pitcher fly-ball pressure modest,14.1,58.3,94.4,103.6146,0.412,0.198,0.308,77.5,76.7,27.1,36.5,5.0,0.165,,,,,,,21 deg,Open-Meteo forecast; MLB fallback,https://forecast.weather.gov/MapClick.php?lat=40.8296&lon=-73.9262,95,100,67,Yankee Stadium,,,,,,,,,,,
26,663757,Trent Grisham,NYY,TOR,2026-08-21T23:05:00Z,Scheduled,1,,,,55.5,Longshot,Watch List,"Projected Lineup, Strong Barrel, Premium Lineup Spot",48.8,41.2,59.2,88.7,60.0,57.6,50.0,,No,Yes,1,Yes,Yes,RotoWire projected lineup; MLB probable pitchers,lineup projected / unconfirmed,H:2026/2025 P:,,,Direct BvP not yet weighted; 2026/2025 Statcast baseline active,7,7,27,2,Hot streak: 2 HR in last 7 games,"handedness incomplete; pitcher baseline 0.0% barrel, 0.0 HR allowed",neutral batted-ball profile; pitcher fly-ball pressure modest,11.26,46.26,90.89,100.9554,0.4581,0.2087,0.349,70.79,8.95,46.89,30.91,22.1,0.2087,,,,,,,21 deg,Open-Meteo forecast; MLB fallback,https://forecast.weather.gov/MapClick.php?lat=40.8296&lon=-73.9262,95,100,67,Yankee Stadium,,,,,,,,,,,
27,687952,Christian Encarnacion-Strand,BAL,TB,2026-08-21T23:15:00Z,Scheduled,5,Freddy Peralta,642547,R,55.2,Longshot,Watch List,"Projected Lineup, Strong Barrel",62.5,35.6,50.1,81.9,50.0,53.3,50.0,,No,Yes,5,Yes,Yes,RotoWire projected lineup; MLB probable pitchers,lineup projected / unconfirmed,H:2026/2025 P:2026/2025,,,Direct BvP not yet weighted; 2026/2025 Statcast baseline active,7,6,26,2,Hot streak: 2 HR in last 7 games,"same-side matchup; pitcher baseline 7.1% barrel, 20.3 HR allowed",neutral batted-ball profile; pitcher fly-ball pressure modest,15.86,42.74,91.26,101.9926,0.5177,0.2738,0.3357,73.67,36.13,42.52,29.79,6.0,0.232,7.06,37.93,88.0,0.3764,0.1452,27.85,360 deg,Open-Meteo forecast; MLB fallback,https://forecast.weather.gov/MapClick.php?lat=39.2840&lon=-76.6217,78,9,71,Oriole Park at Camden Yards,,,,,,,,,,,
28,671277,Luis Garcia,NYY,TOR,2026-08-21T23:05:00Z,Scheduled,4,,,,55.1,Longshot,Watch List,"Projected Lineup, Strong Barrel, Premium Lineup Spot",49.0,41.2,59.2,90.4,60.0,43.2,50.0,,No,Yes,4,Yes,Yes,RotoWire projected lineup; MLB probable pitchers,lineup projected / unconfirmed,H:2026/2025 P:,,,Direct BvP not yet weighted; 2026/2025 Statcast baseline active,7,8,28,1,"Last 7 games: 8/28, 1 HR","handedness incomplete; pitcher baseline 0.0% barrel, 0.0 HR allowed",neutral batted-ball profile; pitcher fly-ball pressure modest,11.03,45.94,91.18,101.7652,0.4847,0.2023,0.3432,73.66,38.85,40.52,22.61,21.6,0.2279,,,,,,,21 deg,Open-Meteo forecast; MLB fallback,https://forecast.weather.gov/MapClick.php?lat=40.8296&lon=-73.9262,95,100,67,Yankee Stadium,,,,,,,,,,,
29,677951,Bobby Witt,KC,DET,2026-08-22T00:10:00Z,Scheduled,2,Troy Melton,675512,R,54.8,Longshot,Watch List,"Projected Lineup, Strong Barrel, Premium Lineup Spot, Hot Hitter/Streak",55.9,29.5,47.2,95.5,50.0,83.2,50.0,,No,Yes,2,Yes,Yes,RotoWire projected lineup; MLB probable pitchers,lineup projected / unconfirmed,H:2026/2025 P:2026/2025,,,Direct BvP not yet weighted; 2026/2025 Statcast baseline active,7,8,26,3,Hot streak: 3 HR in last 7 games,"same-side matchup; pitcher baseline 6.2% barrel, 7.7 HR allowed",EV profile; pitcher fly-ball pressure modest,12.01,50.25,92.6,103.4818,0.5024,0.2073,0.3748,73.88,41.74,29.96,27.06,17.4,0.1815,6.22,39.19,88.77,0.3507,0.1351,25.19,47 deg,Open-Meteo forecast; MLB fallback,https://forecast.weather.gov/MapClick.php?lat=39.0517&lon=-94.4803,61,0,83,Kauffman Stadium,,,,,,,,,,,
30,671732,Lawrence Butler,ATH,HOU,2026-08-22T00:10:00Z,Scheduled,4,Hayden Wesneski,669713,R,54.2,Longshot,Watch List,"Projected Lineup, Premium Lineup Spot, Platoon Edge, Hot Hitter/Streak",36.1,42.1,58.1,90.4,80.0,72.7,50.0,,No,Yes,4,Yes,Yes,RotoWire projected lineup; MLB probable pitchers,lineup projected / unconfirmed,H:2026/2025 P:2026/2025,,,Direct BvP not yet weighted; 2026/2025 Statcast baseline active,7,9,25,2,Hot streak: 2 HR in last 7 games,"platoon edge; pitcher baseline 8.2% barrel, 3.5 HR allowed",neutral batted-ball profile; pitcher fly-ball pressure modest,8.22,45.17,89.8,101.7434,0.3846,0.1493,0.311,73.77,38.79,34.96,22.84,14.0,0.1497,8.19,42.03,89.56,0.4227,0.1627,27.47,208 deg,Open-Meteo forecast; MLB fallback,https://forecast.weather.gov/MapClick.php?lat=29.7573&lon=-95.3555,61,3,90,Daikin Park,,,,,,,,,,,
31,677594,Julio Rodriguez,SEA,CHC,2026-08-22T02:10:00Z,Scheduled,4,Matthew Boyd,571510,L,54.2,Longshot,Watch List,"Projected Lineup, Premium Lineup Spot, Platoon Edge",46.7,46.1,51.4,90.4,78.0,11.0,50.0,,No,Yes,4,Yes,Yes,RotoWire projected lineup; MLB probable pitchers,lineup projected / unconfirmed,H:2026/2025 P:2026/2025,,,Direct BvP not yet weighted; 2026/2025 Statcast baseline active,7,6,31,0,"Last 7 games: 6/31, 0 HR","platoon edge; pitcher baseline 9.9% barrel, 14.8 HR allowed",neutral batted-ball profile; pitcher fly-ball pressure modest,9.31,44.43,90.54,102.6335,0.4699,0.1971,0.3489,76.61,67.34,38.21,26.61,22.9,0.1783,9.91,37.93,88.15,0.433,0.1741,26.55,320 deg,Open-Meteo forecast; MLB fallback,https://forecast.weather.gov/MapClick.php?lat=47.5914&lon=-122.3325,44,0,83,T-Mobile Park,,,,,,,,,,,
32,676475,Alec Burleson,STL,PHI,2026-08-21T22:40:00Z,Scheduled,3,Jesús Luzardo,666200,L,54.1,Longshot,Watch List,"Projected Lineup, Strong Barrel, Premium Lineup Spot, Hot Hitter/Streak",54.1,21.4,64.8,92.1,50.0,70.4,58.7,89.0,No,Yes,3,Yes,Yes,RotoWire projected lineup; MLB probable pitchers,lineup projected / unconfirmed,H:2026/2025 P:2026/2025,,,Direct BvP not yet weighted; 2026/2025 Statcast baseline active,7,10,29,2,Hot streak: 2 HR in last 7 games,"same-side matchup; pitcher baseline 6.1% barrel, 13.2 HR allowed",neutral batted-ball profile; pitcher fly-ball pressure modest,10.97,47.55,91.77,102.014,0.5207,0.2298,0.3744,73.14,33.51,43.82,27.61,20.1,0.1921,6.07,33.39,87.59,0.3193,0.106,22.29,353 deg,Open-Meteo forecast; MLB fallback,https://forecast.weather.gov/MapClick.php?lat=39.9061&lon=-75.1665,90,69,70,Citizens Bank Park,,18.3,0.244,94,8,123,27.3,6,6.35,9,"Strong LHH sheet, Busch heat/wind, Painter LHH split"
33,650490,Yandy Diaz,TB,BAL,2026-08-21T23:15:00Z,Scheduled,4,Trevor Rogers,669432,L,54.0,Longshot,Watch List,"Projected Lineup, Premium Lineup Spot, Platoon Edge, Hot Hitter/Streak",41.9,37.9,50.1,90.4,78.0,77.6,50.0,,No,Yes,4,Yes,Yes,RotoWire projected lineup; MLB probable pitchers,lineup projected / unconfirmed,H:2026/2025 P:2026/2025,,,Direct BvP not yet weighted; 2026/2025 Statcast baseline active,7,11,28,2,Hot streak: 2 HR in last 7 games,"platoon edge; pitcher baseline 7.2% barrel, 10.9 HR allowed",neutral batted-ball profile; pitcher fly-ball pressure modest,7.53,49.35,91.6,103.2475,0.4569,0.167,0.3593,73.64,37.86,23.04,19.65,20.8,0.1722,7.25,41.96,89.28,0.3921,0.1496,24.53,360 deg,Open-Meteo forecast; MLB fallback,https://forecast.weather.gov/MapClick.php?lat=39.2840&lon=-76.6217,78,9,71,Oriole Park at Camden Yards,,,,,,,,,,,
34,683953,Travis Bazzana,CLE,COL,2026-08-22T00:40:00Z,Scheduled,2,Tanner Gordon,685299,R,53.7,Longshot,Watch List,"Projected Lineup, Premium Lineup Spot, Platoon Edge",21.4,65.7,68.7,95.5,80.0,0.8,50.0,,No,Yes,2,Yes,Yes,RotoWire projected lineup; MLB probable pitchers,lineup projected / unconfirmed,H:2026 P:2026/2025,,,Direct BvP not yet weighted; 2026/2025 Statcast baseline active,7,3,24,0,"Last 7 games: 3/24, 0 HR","platoon edge; pitcher baseline 11.2% barrel, 15.3 HR allowed",neutral batted-ball profile; pitcher allows elevated contact,5.0,36.6,88.1,98.5032,0.349,0.125,0.3,69.7,12.7,39.4,27.8,9.0,0.136,11.22,43.93,91.15,0.4985,0.2244,33.53,80 deg,Open-Meteo forecast; MLB fallback,https://forecast.weather.gov/MapClick.php?lat=39.7559&lon=-104.9942,19,1,93,Coors Field,,,,,,,,,,,
35,668227,Randy Arozarena,SEA,CHC,2026-08-22T02:10:00Z,Scheduled,2,Matthew Boyd,571510,L,53.6,Longshot,Watch List,"Projected Lineup, Premium Lineup Spot, Platoon Edge",39.0,46.1,51.4,95.5,78.0,32.5,50.0,,No,Yes,2,Yes,Yes,RotoWire projected lineup; MLB probable pitchers,lineup projected / unconfirmed,H:2026/2025 P:2026/2025,,,Direct BvP not yet weighted; 2026/2025 Statcast baseline active,7,6,28,1,"Last 7 games: 6/28, 1 HR","platoon edge; pitcher baseline 9.9% barrel, 14.8 HR allowed",neutral batted-ball profile; pitcher fly-ball pressure modest,8.63,45.28,91.02,101.1204,0.4156,0.1634,0.3396,71.32,24.45,33.35,23.68,20.0,0.181,9.91,37.93,88.15,0.433,0.1741,26.55,320 deg,Open-Meteo forecast; MLB fallback,https://forecast.weather.gov/MapClick.php?lat=47.5914&lon=-122.3325,44,0,83,T-Mobile Park,,,,,,,,,,,
36,694212,Samuel Basallo,BAL,TB,2026-08-21T23:15:00Z,Scheduled,4,Freddy Peralta,642547,R,53.3,Longshot,Watch List,"Projected Lineup, Strong Barrel, Premium Lineup Spot, Platoon Edge",50.1,35.6,50.1,90.4,80.0,19.9,50.0,,No,Yes,4,Yes,Yes,RotoWire projected lineup; MLB probable pitchers,lineup projected / unconfirmed,H:2026/2025 P:2026/2025,,,Direct BvP not yet weighted; 2026/2025 Statcast baseline active,7,3,23,1,"Last 7 games: 3/23, 1 HR","platoon edge; pitcher baseline 7.1% barrel, 20.3 HR allowed",neutral batted-ball profile; pitcher fly-ball pressure modest,11.98,44.82,90.64,102.4677,0.4436,0.2043,0.3218,74.87,49.77,42.32,28.77,12.4,0.1944,7.06,37.93,88.0,0.3764,0.1452,27.85,360 deg,Open-Meteo forecast; MLB fallback,https://forecast.weather.gov/MapClick.php?lat=39.2840&lon=-76.6217,78,9,71,Oriole Park at Camden Yards,,,,,,,,,,,
37,694671,Wyatt Langford,TEX,LAA,2026-08-22T00:15:00Z,Scheduled,1,Reid Detmers,672282,L,53.3,Longshot,Watch List,"Projected Lineup, Premium Lineup Spot, Platoon Edge",40.8,40.4,60.6,88.7,78.0,34.9,50.0,,No,Yes,1,Yes,Yes,RotoWire projected lineup; MLB probable pitchers,lineup projected / unconfirmed,H:2026/2025 P:2026/2025,,,Direct BvP not yet weighted; 2026/2025 Statcast baseline active,7,6,26,1,"Last 7 games: 6/26, 1 HR","platoon edge; pitcher baseline 8.3% barrel, 13.7 HR allowed",neutral batted-ball profile; pitcher fly-ball pressure modest,9.66,42.03,90.21,100.9254,0.4137,0.1764,0.3194,72.68,25.75,42.96,28.71,16.4,0.2012,8.27,39.58,90.03,0.363,0.1439,28.69,169 deg,Open-Meteo forecast; MLB fallback,https://forecast.weather.gov/MapClick.php?lat=32.7473&lon=-97.0842,26,0,103,Globe Life Field,,,,,,,,,,,
38,671218,Heliot Ramos,NYY,TOR,2026-08-21T23:05:00Z,Scheduled,3,,,,53.2,Longshot,Watch List,"Projected Lineup, Strong Barrel, Premium Lineup Spot",48.7,41.2,59.2,92.1,60.0,2.5,50.0,,No,Yes,3,Yes,Yes,RotoWire projected lineup; MLB probable pitchers,lineup projected / unconfirmed,H:2026/2025 P:,,,Direct BvP not yet weighted; 2026/2025 Statcast baseline active,7,3,22,0,"Last 7 games: 3/22, 0 HR","handedness incomplete; pitcher baseline 0.0% barrel, 0.0 HR allowed",EV profile; pitcher fly-ball pressure modest,12.02,48.45,92.01,102.9331,0.4303,0.1778,0.3207,72.85,30.65,33.45,22.25,12.6,0.1475,,,,,,,21 deg,Open-Meteo forecast; MLB fallback,https://forecast.weather.gov/MapClick.php?lat=40.8296&lon=-73.9262,95,100,67,Yankee Stadium,,,,,,,,,,,
39,677588,Jose Tena,WSH,MIA,2026-08-21T23:10:00Z,Scheduled,4,Ryan Gusto,687473,R,53.2,Longshot,Watch List,"Projected Lineup, Premium Lineup Spot, Platoon Edge",35.3,48.6,49.0,90.4,80.0,53.3,50.0,,No,Yes,4,Yes,Yes,RotoWire projected lineup; MLB probable pitchers,lineup projected / unconfirmed,H:2026/2025 P:2026/2025,,,Direct BvP not yet weighted; 2026/2025 Statcast baseline active,7,3,13,2,Hot streak: 2 HR in last 7 games,"platoon edge; pitcher baseline 8.9% barrel, 10.7 HR allowed",neutral batted-ball profile; pitcher fly-ball pressure modest,7.75,46.94,90.81,101.954,0.378,0.1371,0.3083,72.94,33.18,30.81,17.29,4.9,0.1484,8.94,44.65,90.39,0.4257,0.1669,26.68,180 deg,Open-Meteo forecast; MLB fallback,https://forecast.weather.gov/MapClick.php?lat=25.7781&lon=-80.2197,82,13,84,loanDepot park,,,,,,,,,,,
40,641343,Jake Bauers,MIL,ATL,2026-08-21T20:10:00Z,Scheduled,3,Chris Sale,519242,L,52.5,Longshot,Watch List,"Projected Lineup, Strong Barrel, Premium Lineup Spot",61.3,22.0,43.1,92.1,50.0,59.0,50.0,,No,Yes,3,Yes,Yes,RotoWire projected lineup; MLB probable pitchers,lineup projected / unconfirmed,H:2026/2025 P:2026/2025,,,Direct BvP not yet weighted; 2026/2025 Statcast baseline active,7,9,23,1,Contact streak: 9/23 over last 7 games,"same-side matchup; pitcher baseline 5.8% barrel, 8.9 HR allowed",lift-pull EV profile; pitcher fly-ball pressure modest,13.98,50.99,92.33,103.0865,0.4731,0.2216,0.3652,76.57,70.77,40.13,30.75,17.5,0.2102,5.81,34.77,87.62,0.327,0.1094,25.69,107 deg,Open-Meteo forecast; MLB fallback,https://forecast.weather.gov/MapClick.php?lat=43.0280&lon=-87.9712,49,0,72,American Family Field,,,,,,,,,,,
41,607043,Brandon Nimmo,TEX,LAA,2026-08-22T00:15:00Z,Scheduled,4,Reid Detmers,672282,L,52.4,Longshot,Watch List,"Projected Lineup, Premium Lineup Spot",49.3,40.4,60.6,90.4,50.0,4.2,50.0,,No,Yes,4,Yes,Yes,RotoWire projected lineup; MLB probable pitchers,lineup projected / unconfirmed,H:2026/2025 P:2026/2025,,,Direct BvP not yet weighted; 2026/2025 Statcast baseline active,7,4,27,0,"Last 7 games: 4/27, 0 HR","same-side matchup; pitcher baseline 8.3% barrel, 13.7 HR allowed",EV profile; pitcher fly-ball pressure modest,9.92,51.11,92.18,102.1551,0.4673,0.1901,0.3511,72.27,27.25,32.26,25.98,16.6,0.1656,8.27,39.58,90.03,0.363,0.1439,28.69,169 deg,Open-Meteo forecast; MLB fallback,https://forecast.weather.gov/MapClick.php?lat=32.7473&lon=-97.0842,26,0,103,Globe Life Field,,,,,,,,,,,
42,680574,Matt McLain,CIN,AZ,2026-08-22T01:40:00Z,Scheduled,5,Eduardo Rodriguez,593958,L,52.4,Longshot,Watch List,"Projected Lineup, Platoon Edge",34.3,41.7,61.2,81.9,78.0,68.7,50.0,,No,Yes,5,Yes,Yes,RotoWire projected lineup; MLB probable pitchers,lineup projected / unconfirmed,H:2026/2025 P:2026/2025,,,Direct BvP not yet weighted; 2026/2025 Statcast baseline active,7,8,24,2,Hot streak: 2 HR in last 7 games,"platoon edge; pitcher baseline 8.3% barrel, 17.3 HR allowed",neutral batted-ball profile; pitcher fly-ball pressure modest,9.41,38.39,88.31,99.1071,0.3862,0.1588,0.3117,71.0,9.89,35.5,32.73,12.2,0.1426,8.27,35.2,87.99,0.4391,0.1755,27.4,264 deg,Open-Meteo forecast; MLB fallback,https://forecast.weather.gov/MapClick.php?lat=33.4455&lon=-112.0667,24,0,105,Chase Field,,,,,,,,,,,
43,683002,Gunnar Henderson,BAL,TB,2026-08-21T23:15:00Z,Scheduled,3,Freddy Peralta,642547,R,51.6,Longshot,Watch List,"Projected Lineup, Premium Lineup Spot, Platoon Edge",38.7,35.6,50.1,92.1,80.0,52.3,50.0,,No,Yes,3,Yes,Yes,RotoWire projected lineup; MLB probable pitchers,lineup projected / unconfirmed,H:2026/2025 P:2026/2025,,,Direct BvP not yet weighted; 2026/2025 Statcast baseline active,7,9,26,1,Contact streak: 9/26 over last 7 games,"platoon edge; pitcher baseline 7.1% barrel, 20.3 HR allowed",neutral batted-ball profile; pitcher fly-ball pressure modest,7.69,46.47,90.63,101.5094,0.4075,0.1546,0.3256,74.67,47.45,41.64,23.87,19.1,0.1752,7.06,37.93,88.0,0.3764,0.1452,27.85,360 deg,Open-Meteo forecast; MLB fallback,https://forecast.weather.gov/MapClick.php?lat=39.2840&lon=-76.6217,78,9,71,Oriole Park at Camden Yards,,,,,,,,,,,
44,679822,Justin Foscue,TEX,LAA,2026-08-22T00:15:00Z,Scheduled,6,Reid Detmers,672282,L,51.4,Longshot,Watch List,"Projected Lineup, Platoon Edge",38.5,40.4,60.6,71.7,78.0,58.0,50.0,,No,Yes,6,Yes,Yes,RotoWire projected lineup; MLB probable pitchers,lineup projected / unconfirmed,H:2026/2025 P:2026/2025,,,Direct BvP not yet weighted; 2026/2025 Statcast baseline active,7,5,13,1,Contact streak: 5/13 over last 7 games,"platoon edge; pitcher baseline 8.3% barrel, 13.7 HR allowed",neutral batted-ball profile; pitcher fly-ball pressure modest,7.0,48.64,90.13,99.5029,0.3819,0.1691,0.28,71.1,9.59,46.15,34.74,5.6,0.1852,8.27,39.58,90.03,0.363,0.1439,28.69,169 deg,Open-Meteo forecast; MLB fallback,https://forecast.weather.gov/MapClick.php?lat=32.7473&lon=-97.0842,26,0,103,Globe Life Field,,,,,,,,,,,
45,686948,Drake Baldwin,ATL,NYM,2026-08-21T20:10:00Z,Scheduled,2,Jacob Misiorowski,694819,R,51.3,Longshot,Watch List,"Projected Lineup, Strong Barrel, Premium Lineup Spot, Platoon Edge",57.3,17.4,43.1,95.5,80.0,36.5,37.9,68.0,No,Yes,2,Yes,Yes,RotoWire projected lineup; MLB probable pitchers,lineup projected / unconfirmed,H:2026/2025 P:2026/2025,,,Direct BvP not yet weighted; 2026/2025 Statcast baseline active,7,7,29,1,"Last 7 games: 7/29, 1 HR","platoon edge; pitcher baseline 4.6% barrel, 11.5 HR allowed",neutral batted-ball profile; pitcher fly-ball pressure modest,12.61,51.35,91.7,102.3664,0.4982,0.2192,0.3691,75.23,55.18,31.94,24.83,20.4,0.1831,4.61,34.77,87.39,0.2747,0.0989,25.92,107 deg,Open-Meteo forecast; MLB fallback,https://forecast.weather.gov/MapClick.php?lat=43.0280&lon=-87.9712,49,0,72,American Family Field,,16.4,0.177,93,4,79,0,3,3.3,6,Strong barrel/EV but ISO lower
46,666018,Jonathan Aranda,TB,BAL,2026-08-21T23:15:00Z,Scheduled,3,Trevor Rogers,669432,L,51.2,Longshot,Watch List,"Projected Lineup, Strong Barrel, Premium Lineup Spot",48.8,37.9,50.1,92.1,50.0,19.5,50.0,,No,Yes,3,Yes,Yes,RotoWire projected lineup; MLB probable pitchers,lineup projected / unconfirmed,H:2026/2025 P:2026/2025,,,Direct BvP not yet weighted; 2026/2025 Statcast baseline active,7,8,32,0,"Last 7 games: 8/32, 0 HR","same-side matchup; pitcher baseline 7.2% barrel, 10.9 HR allowed",neutral batted-ball profile; pitcher fly-ball pressure modest,10.94,48.13,91.6,101.3362,0.466,0.1946,0.3596,70.22,12.55,32.15,30.48,14.7,0.1492,7.25,41.96,89.28,0.3921,0.1496,24.53,360 deg,Open-Meteo forecast; MLB fallback,https://forecast.weather.gov/MapClick.php?lat=39.2840&lon=-76.6217,78,9,71,Oriole Park at Camden Yards,,,,,,,,,,,
47,682657,Angel Martinez,CLE,COL,2026-08-22T00:40:00Z,Scheduled,6,Tanner Gordon,685299,R,51.2,Longshot,Watch List,"Projected Lineup, Platoon Edge",24.1,64.1,68.7,71.7,75.0,17.7,50.0,,No,Yes,6,Yes,Yes,RotoWire projected lineup; MLB probable pitchers,lineup projected / unconfirmed,H:2026/2025 P:2026/2025,,,Direct BvP not yet weighted; 2026/2025 Statcast baseline active,7,5,21,0,"Last 7 games: 5/21, 0 HR","switch hitter; pitcher baseline 11.2% barrel, 15.3 HR allowed",neutral batted-ball profile; pitcher allows elevated contact,6.51,34.13,87.38,98.7206,0.3816,0.1375,0.2886,70.94,15.18,45.65,26.87,11.7,0.1721,11.22,43.93,91.15,0.4985,0.2244,33.53,80 deg,Open-Meteo forecast; MLB fallback,https://forecast.weather.gov/MapClick.php?lat=39.7559&lon=-104.9942,19,1,93,Coors Field,,,,,,,,,,,
48,694192,Jackson Chourio,MIL,ATL,2026-08-21T20:10:00Z,Scheduled,2,Chris Sale,519242,L,50.9,Longshot,Watch List,"Projected Lineup, Strong Barrel, Premium Lineup Spot, Platoon Edge",51.5,22.0,43.1,95.5,78.0,33.7,50.0,,No,Yes,2,Yes,Yes,RotoWire projected lineup; MLB probable pitchers,lineup projected / unconfirmed,H:2026/2025 P:2026/2025,,,Direct BvP not yet weighted; 2026/2025 Statcast baseline active,7,10,29,0,Contact streak: 10/29 over last 7 games,"platoon edge; pitcher baseline 5.8% barrel, 8.9 HR allowed",neutral batted-ball profile; pitcher fly-ball pressure modest,12.15,45.66,91.19,102.0101,0.4596,0.2056,0.3287,74.25,44.1,30.73,28.15,18.2,0.1916,5.81,34.77,87.62,0.327,0.1094,25.69,107 deg,Open-Meteo forecast; MLB fallback,https://forecast.weather.gov/MapClick.php?lat=43.0280&lon=-87.9712,49,0,72,American Family Field,,,,,,,,,,,
49,672960,Kazuma Okamoto,TOR,BOS,2026-08-21T23:05:00Z,Scheduled,5,Cam Schlittler,693645,R,50.8,Longshot,Watch List,"Projected Lineup, Strong Barrel",48.6,36.4,59.2,81.9,50.0,57.6,15.2,52.0,No,Yes,5,Yes,Yes,RotoWire projected lineup; MLB probable pitchers,lineup projected / unconfirmed,H:2026 P:2026/2025,,,Direct BvP not yet weighted; 2026/2025 Statcast baseline active,7,7,27,2,Hot streak: 2 HR in last 7 games,"same-side matchup; pitcher baseline 8.1% barrel, 12.2 HR allowed",neutral batted-ball profile; pitcher fly-ball pressure modest,12.3,43.3,90.4,101.3862,0.417,0.204,0.309,73.1,35.0,50.3,32.7,25.0,0.203,8.13,40.13,88.58,0.3532,0.1372,27.02,21 deg,Open-Meteo forecast; MLB fallback,https://forecast.weather.gov/MapClick.php?lat=40.8296&lon=-73.9262,95,100,67,Yankee Stadium,,0,0,0,0,0,36.4,22,3.16,4,PA note only; park helps but no full sheet line
50,695657,Colson Montgomery,CWS,NYM,2026-08-21T23:40:00Z,Scheduled,6,Sean Manaea,640455,L,50.7,Longshot,Watch List,"Projected Lineup, Strong Barrel",51.2,48.3,44.5,71.7,50.0,19.5,50.0,,No,Yes,6,Yes,Yes,RotoWire projected lineup; MLB probable pitchers,lineup projected / unconfirmed,H:2026/2025 P:2026/2025,,,Direct BvP not yet weighted; 2026/2025 Statcast baseline active,7,7,28,0,"Last 7 games: 7/28, 0 HR","same-side matchup; pitcher baseline 9.3% barrel, 15.1 HR allowed",neutral batted-ball profile; pitcher fly-ball pressure modest,12.68,42.47,88.98,101.7597,0.438,0.2206,0.3151,76.65,69.6,49.44,34.0,24.5,0.2396,9.32,42.04,89.31,0.4199,0.1736,28.4,10 deg,Open-Meteo forecast; MLB fallback,https://forecast.weather.gov/MapClick.php?lat=41.8300&lon=-87.6338,77,0,69,Rate Field,,,,,,,,,,,
51,672275,Patrick Bailey,CLE,COL,2026-08-22T00:40:00Z,Scheduled,7,Tanner Gordon,685299,R,50.7,Longshot,Watch List,"Projected Lineup, Platoon Edge",29.8,64.1,68.7,59.8,75.0,5.7,50.0,,No,Yes,7,Yes,Yes,RotoWire projected lineup; MLB probable pitchers,lineup projected / unconfirmed,H:2026/2025 P:2026/2025,,,Direct BvP not yet weighted; 2026/2025 Statcast baseline active,7,3,19,0,"Last 7 games: 3/19, 0 HR","switch hitter; pitcher baseline 11.2% barrel, 15.3 HR allowed",neutral batted-ball profile; pitcher allows elevated contact,6.44,39.48,89.81,99.5323,0.3638,0.1405,0.2808,72.55,28.02,33.41,26.13,6.0,0.1058,11.22,43.93,91.15,0.4985,0.2244,33.53,80 deg,Open-Meteo forecast; MLB fallback,https://forecast.weather.gov/MapClick.php?lat=39.7559&lon=-104.9942,19,1,93,Coors Field,,,,,,,,,,,
52,665862,Jazz Chisholm,NYY,TOR,2026-08-21T23:05:00Z,Scheduled,5,,,,50.6,Longshot,Watch List,"Projected Lineup, Strong Barrel",43.8,41.2,59.2,81.9,60.0,9.3,50.0,,No,Yes,5,Yes,Yes,RotoWire projected lineup; MLB probable pitchers,lineup projected / unconfirmed,H:2026/2025 P:,,,Direct BvP not yet weighted; 2026/2025 Statcast baseline active,7,4,22,0,"Last 7 games: 4/22, 0 HR","handedness incomplete; pitcher baseline 0.0% barrel, 0.0 HR allowed",neutral batted-ball profile; pitcher fly-ball pressure modest,11.01,42.39,90.26,100.4936,0.3991,0.1833,0.3061,73.41,34.42,52.4,29.98,21.2,0.19,,,,,,,21 deg,Open-Meteo forecast; MLB fallback,https://forecast.weather.gov/MapClick.php?lat=40.8296&lon=-73.9262,95,100,67,Yankee Stadium,,,,,,,,,,,
53,703607,Henry Bolte,ATH,HOU,2026-08-22T00:10:00Z,Scheduled,1,Hayden Wesneski,669713,R,50.5,Longshot,Watch List,"Projected Lineup, Premium Lineup Spot",35.6,42.1,58.1,88.7,50.0,53.6,50.0,,No,Yes,1,Yes,Yes,RotoWire projected lineup; MLB probable pitchers,lineup projected / unconfirmed,H:2026 P:2026/2025,,,Direct BvP not yet weighted; 2026/2025 Statcast baseline active,7,11,31,1,Contact streak: 11/31 over last 7 games,"same-side matchup; pitcher baseline 8.2% barrel, 3.5 HR allowed",neutral batted-ball profile; pitcher fly-ball pressure modest,7.1,47.4,91.0,104.3344,0.365,0.122,0.306,77.0,73.6,31.5,17.3,6.0,0.101,8.19,42.03,89.56,0.4227,0.1627,27.47,208 deg,Open-Meteo forecast; MLB fallback,https://forecast.weather.gov/MapClick.php?lat=29.7573&lon=-95.3555,61,3,90,Daikin Park,,,,,,,,,,,
54,691781,Brady House,WSH,MIA,2026-08-21T23:10:00Z,Scheduled,5,Ryan Gusto,687473,R,50.4,Longshot,Watch List,Projected Lineup,40.1,48.6,49.0,81.9,50.0,39.8,50.0,,No,Yes,5,Yes,Yes,RotoWire projected lineup; MLB probable pitchers,lineup projected / unconfirmed,H:2026/2025 P:2026/2025,,,Direct BvP not yet weighted; 2026/2025 Statcast baseline active,7,5,19,1,"Last 7 games: 5/19, 1 HR","same-side matchup; pitcher baseline 8.9% barrel, 10.7 HR allowed",neutral batted-ball profile; pitcher fly-ball pressure modest,9.27,46.44,89.45,101.7139,0.4225,0.1623,0.3169,73.31,31.16,34.36,25.65,7.5,0.1391,8.94,44.65,90.39,0.4257,0.1669,26.68,180 deg,Open-Meteo forecast; MLB fallback,https://forecast.weather.gov/MapClick.php?lat=25.7781&lon=-80.2197,82,13,84,loanDepot park,,,,,,,,,,,
55,668709,JJ Bleday,CIN,AZ,2026-08-22T01:40:00Z,Scheduled,3,Eduardo Rodriguez,593958,L,50.3,Longshot,Watch List,"Projected Lineup, Premium Lineup Spot",38.6,41.7,61.2,92.1,50.0,16.1,50.0,,No,Yes,3,Yes,Yes,RotoWire projected lineup; MLB probable pitchers,lineup projected / unconfirmed,H:2026/2025 P:2026/2025,,,Direct BvP not yet weighted; 2026/2025 Statcast baseline active,7,5,22,0,"Last 7 games: 5/22, 0 HR","same-side matchup; pitcher baseline 8.3% barrel, 17.3 HR allowed",neutral batted-ball profile; pitcher fly-ball pressure modest,9.13,40.17,88.7,99.8933,0.4045,0.1788,0.3243,73.14,29.26,46.02,33.97,18.2,0.2088,8.27,35.2,87.99,0.4391,0.1755,27.4,264 deg,Open-Meteo forecast; MLB fallback,https://forecast.weather.gov/MapClick.php?lat=33.4455&lon=-112.0667,24,0,105,Chase Field,,,,,,,,,,,
56,680869,Zack Gelof,ATH,HOU,2026-08-22T00:10:00Z,Scheduled,3,Hayden Wesneski,669713,R,50.1,Longshot,Watch List,"Projected Lineup, Premium Lineup Spot",37.5,42.1,58.1,92.1,50.0,24.3,50.0,,No,Yes,3,Yes,Yes,RotoWire projected lineup; MLB probable pitchers,lineup projected / unconfirmed,H:2026/2025 P:2026/2025,,,Direct BvP not yet weighted; 2026/2025 Statcast baseline active,7,4,25,1,"Last 7 games: 4/25, 1 HR","same-side matchup; pitcher baseline 8.2% barrel, 3.5 HR allowed",neutral batted-ball profile; pitcher fly-ball pressure modest,9.63,43.14,88.66,99.6651,0.3718,0.1683,0.2785,73.29,28.06,39.46,27.17,10.4,0.1799,8.19,42.03,89.56,0.4227,0.1627,27.47,208 deg,Open-Meteo forecast; MLB fallback,https://forecast.weather.gov/MapClick.php?lat=29.7573&lon=-95.3555,61,3,90,Daikin Park,,,,,,,,,,,
57,691777,Max Muncy,LAD,KC,2026-08-22T00:10:00Z,Scheduled,5,Hayden Wesneski,669713,R,49.9,Longshot,Watch List,"Projected Lineup, Strong Barrel",38.0,42.1,58.1,81.9,50.0,30.3,66.5,100.0,No,Yes,5,Yes,Yes,RotoWire projected lineup; MLB probable pitchers,lineup projected / unconfirmed,H:2026/2025 P:2026/2025,,,Direct BvP not yet weighted; 2026/2025 Statcast baseline active,7,4,20,1,"Last 7 games: 4/20, 1 HR","same-side matchup; pitcher baseline 8.2% barrel, 3.5 HR allowed",neutral batted-ball profile; pitcher fly-ball pressure modest,10.94,41.36,89.62,101.0822,0.3621,0.1507,0.2817,73.94,44.77,42.05,23.63,6.9,0.1622,8.19,42.03,89.56,0.4227,0.1627,27.47,208 deg,Open-Meteo forecast; MLB fallback,https://forecast.weather.gov/MapClick.php?lat=29.7573&lon=-95.3555,61,3,90,Daikin Park,,19.2,0.333,92,4,39,57.1,19,8.85,4,Dodger +19; elite sheet line vs Cameron LHH split
58,695734,Daylen Lile,WSH,MIA,2026-08-21T23:10:00Z,Scheduled,1,Ryan Gusto,687473,R,49.7,Longshot,Watch List,"Projected Lineup, Premium Lineup Spot, Platoon Edge",32.9,48.6,49.0,88.7,80.0,3.4,50.0,,No,Yes,1,Yes,Yes,RotoWire projected lineup; MLB probable pitchers,lineup projected / unconfirmed,H:2026/2025 P:2026/2025,,,Direct BvP not yet weighted; 2026/2025 Statcast baseline active,7,4,28,0,"Last 7 games: 4/28, 0 HR","platoon edge; pitcher baseline 8.9% barrel, 10.7 HR allowed",neutral batted-ball profile; pitcher fly-ball pressure modest,7.51,37.93,88.62,98.8018,0.4294,0.1621,0.3249,70.5,8.24,40.73,33.25,13.2,0.1731,8.94,44.65,90.39,0.4257,0.1669,26.68,180 deg,Open-Meteo forecast; MLB fallback,https://forecast.weather.gov/MapClick.php?lat=25.7781&lon=-80.2197,82,13,84,loanDepot park,,,,,,,,,,,
59,643217,Andrew Benintendi,CWS,NYM,2026-08-21T23:40:00Z,Scheduled,4,Sean Manaea,640455,L,49.7,Longshot,Watch List,"Projected Lineup, Premium Lineup Spot",36.8,48.3,44.5,90.4,50.0,36.0,50.0,,No,Yes,4,Yes,Yes,RotoWire projected lineup; MLB probable pitchers,lineup projected / unconfirmed,H:2026/2025 P:2026/2025,,,Direct BvP not yet weighted; 2026/2025 Statcast baseline active,7,5,21,1,"Last 7 games: 5/21, 1 HR","same-side matchup; pitcher baseline 9.3% barrel, 15.1 HR allowed",neutral batted-ball profile; pitcher fly-ball pressure modest,9.49,41.52,88.49,98.625,0.4146,0.1732,0.3158,69.54,4.08,49.61,31.78,15.1,0.1833,9.32,42.04,89.31,0.4199,0.1736,28.4,10 deg,Open-Meteo forecast; MLB fallback,https://forecast.weather.gov/MapClick.php?lat=41.8300&lon=-87.6338,77,0,69,Rate Field,,,,,,,,,,,
60,672386,Alejandro Kirk,TOR,NYY,2026-08-21T23:05:00Z,Scheduled,3,Cam Schlittler,693645,R,49.5,Longshot,Watch List,"Projected Lineup, Premium Lineup Spot, Hot Hitter/Streak",28.0,36.4,59.2,92.1,50.0,95.9,50.0,,No,Yes,3,Yes,Yes,RotoWire projected lineup; MLB probable pitchers,lineup projected / unconfirmed,H:2026/2025 P:2026/2025,,,Direct BvP not yet weighted; 2026/2025 Statcast baseline active,7,11,28,3,Hot streak: 3 HR in last 7 games,"same-side matchup; pitcher baseline 8.1% barrel, 12.2 HR allowed",neutral batted-ball profile; pitcher fly-ball pressure modest,5.69,41.98,88.65,100.0657,0.4051,0.1365,0.3254,71.87,19.86,27.19,21.9,9.4,0.1488,8.13,40.13,88.58,0.3532,0.1372,27.02,21 deg,Open-Meteo forecast; MLB fallback,https://forecast.weather.gov/MapClick.php?lat=40.8296&lon=-73.9262,95,100,67,Yankee Stadium,,,,,,,,,,,
61,663662,Daz Cameron,TOR,NYY,2026-08-21T23:05:00Z,Scheduled,2,Cam Schlittler,693645,R,49.0,Longshot,Watch List,"Projected Lineup, Strong Barrel, Premium Lineup Spot",31.4,36.4,59.2,95.5,50.0,54.9,50.0,,No,Yes,2,Yes,Yes,RotoWire projected lineup; MLB probable pitchers,lineup projected / unconfirmed,H:2026/2025 P:2026/2025,,,Direct BvP not yet weighted; 2026/2025 Statcast baseline active,3,4,11,1,Contact streak: 4/11 over last 3 games,"same-side matchup; pitcher baseline 8.1% barrel, 12.2 HR allowed",neutral batted-ball profile; pitcher fly-ball pressure modest,16.13,23.63,87.35,98.1234,0.3144,0.1035,0.2266,74.5,54.4,38.71,24.71,0.3,0.1463,8.13,40.13,88.58,0.3532,0.1372,27.02,21 deg,Open-Meteo forecast; MLB fallback,https://forecast.weather.gov/MapClick.php?lat=40.8296&lon=-73.9262,95,100,67,Yankee Stadium,,,,,,,,,,,
62,642715,Willy Adames,SF,BOS,2026-08-21T23:10:00Z,Scheduled,3,Sonny Gray,543243,R,48.4,Longshot,Watch List,"Projected Lineup, Premium Lineup Spot",36.7,34.9,48.2,92.1,50.0,56.6,50.0,,No,Yes,3,Yes,Yes,RotoWire projected lineup; MLB probable pitchers,lineup projected / unconfirmed,H:2026/2025 P:2026/2025,,,Direct BvP not yet weighted; 2026/2025 Statcast baseline active,7,9,24,1,Contact streak: 9/24 over last 7 games,"same-side matchup; pitcher baseline 7.2% barrel, 16.6 HR allowed",neutral batted-ball profile; pitcher fly-ball pressure modest,9.52,39.72,87.71,98.9834,0.3965,0.1753,0.3018,72.21,24.04,47.84,33.99,22.3,0.1897,7.21,38.39,88.97,0.381,0.1341,22.99,278 deg,Open-Meteo forecast; MLB fallback,https://forecast.weather.gov/MapClick.php?lat=42.3467&lon=-71.0972,54,32,78,Fenway Park,,,,,,,,,,,
63,687605,Andrew Pinckney,WSH,MIA,2026-08-21T23:10:00Z,Scheduled,9,Ryan Gusto,687473,R,48.3,Longshot,Watch List,"Projected Lineup, Strong Barrel",57.1,48.6,49.0,40.2,50.0,9.3,50.0,,No,Yes,9,Yes,Yes,RotoWire projected lineup; MLB probable pitchers,lineup projected / unconfirmed,H:2026 P:2026/2025,,,Direct BvP not yet weighted; 2026/2025 Statcast baseline active,7,2,11,0,"Last 7 games: 2/11, 0 HR","same-side matchup; pitcher baseline 8.9% barrel, 10.7 HR allowed",EV profile; pitcher fly-ball pressure modest,11.1,55.6,95.9,103.9813,0.44,0.188,0.376,74.3,58.8,33.3,22.2,1.0,0.454,8.94,44.65,90.39,0.4257,0.1669,26.68,180 deg,Open-Meteo forecast; MLB fallback,https://forecast.weather.gov/MapClick.php?lat=25.7781&lon=-80.2197,82,13,84,loanDepot park,,,,,,,,,,,
64,521692,Salvador Perez,KC,DET,2026-08-22T00:10:00Z,Scheduled,4,Troy Melton,675512,R,48.2,Longshot,Watch List,"Projected Lineup, Strong Barrel, Premium Lineup Spot",46.2,29.5,47.2,90.4,50.0,27.7,50.0,,No,Yes,4,Yes,Yes,RotoWire projected lineup; MLB probable pitchers,lineup projected / unconfirmed,H:2026/2025 P:2026/2025,,,Direct BvP not yet weighted; 2026/2025 Statcast baseline active,7,7,23,0,"Last 7 games: 7/23, 0 HR","same-side matchup; pitcher baseline 6.2% barrel, 7.7 HR allowed",neutral batted-ball profile; pitcher fly-ball pressure modest,11.37,43.62,89.3,100.6798,0.4493,0.2058,0.3178,71.99,21.86,42.19,31.27,20.2,0.168,6.22,39.19,88.77,0.3507,0.1351,25.19,47 deg,Open-Meteo forecast; MLB fallback,https://forecast.weather.gov/MapClick.php?lat=39.0517&lon=-94.4803,61,0,83,Kauffman Stadium,,,,,,,,,,,
65,666139,Josh Lowe,LAA,TEX,2026-08-22T00:15:00Z,Scheduled,7,MacKenzie Gore,669022,L,48.2,Longshot,Watch List,Projected Lineup,34.9,46.5,60.6,59.8,50.0,66.7,50.0,,No,Yes,7,Yes,Yes,RotoWire projected lineup; MLB probable pitchers,lineup projected / unconfirmed,H:2026/2025 P:2026/2025,,,Direct BvP not yet weighted; 2026/2025 Statcast baseline active,7,8,25,2,Hot streak: 2 HR in last 7 games,"same-side matchup; pitcher baseline 9.3% barrel, 18.6 HR allowed",neutral batted-ball profile; pitcher fly-ball pressure modest,7.79,39.11,88.95,99.3977,0.391,0.1639,0.2966,73.59,36.15,37.6,32.48,10.3,0.153,9.34,42.63,89.42,0.3891,0.1509,27.79,169 deg,Open-Meteo forecast; MLB fallback,https://forecast.weather.gov/MapClick.php?lat=32.7473&lon=-97.0842,26,0,103,Globe Life Field,,,,,,,,,,,
66,686469,Vinnie Pasquantino,KC,DET,2026-08-22T00:10:00Z,Scheduled,5,Troy Melton,675512,R,48.1,Longshot,Watch List,"Projected Lineup, Platoon Edge",37.0,29.5,47.2,81.9,80.0,58.0,50.0,,No,Yes,5,Yes,Yes,RotoWire projected lineup; MLB probable pitchers,lineup projected / unconfirmed,H:2026/2025 P:2026/2025,,,Direct BvP not yet weighted; 2026/2025 Statcast baseline active,7,10,26,1,Contact streak: 10/26 over last 7 games,"platoon edge; pitcher baseline 6.2% barrel, 7.7 HR allowed",neutral batted-ball profile; pitcher fly-ball pressure modest,8.35,42.11,89.85,100.1284,0.4224,0.1686,0.3263,70.96,14.75,43.91,28.02,14.5,0.1501,6.22,39.19,88.77,0.3507,0.1351,25.19,47 deg,Open-Meteo forecast; MLB fallback,https://forecast.weather.gov/MapClick.php?lat=39.0517&lon=-94.4803,61,0,83,Kauffman Stadium,,,,,,,,,,,
67,671056,Ivan Herrera,STL,PHI,2026-08-21T22:40:00Z,Scheduled,2,Jesús Luzardo,666200,L,48.0,Longshot,Watch List,"Projected Lineup, Premium Lineup Spot, Platoon Edge",34.9,21.4,64.8,95.5,78.0,20.8,50.0,,No,Yes,2,Yes,Yes,RotoWire projected lineup; MLB probable pitchers,lineup projected / unconfirmed,H:2026/2025 P:2026/2025,,,Direct BvP not yet weighted; 2026/2025 Statcast baseline active,7,3,22,1,"Last 7 games: 3/22, 1 HR","platoon edge; pitcher baseline 6.1% barrel, 13.2 HR allowed",neutral batted-ball profile; pitcher fly-ball pressure modest,7.39,42.94,89.94,101.3943,0.414,0.1558,0.3465,73.88,43.0,37.8,19.38,15.5,0.152,6.07,33.39,87.59,0.3193,0.106,22.29,353 deg,Open-Meteo forecast; MLB fallback,https://forecast.weather.gov/MapClick.php?lat=39.9061&lon=-75.1665,90,69,70,Citizens Bank Park,,,,,,,,,,,
68,643446,Jeff McNeil,ATH,HOU,2026-08-22T00:10:00Z,Scheduled,2,Hayden Wesneski,669713,R,47.7,Longshot,Watch List,"Projected Lineup, Premium Lineup Spot, Platoon Edge",13.4,42.1,58.1,95.5,80.0,68.7,50.0,,No,Yes,2,Yes,Yes,RotoWire projected lineup; MLB probable pitchers,lineup projected / unconfirmed,H:2026/2025 P:2026/2025,,,Direct BvP not yet weighted; 2026/2025 Statcast baseline active,7,9,27,2,Hot streak: 2 HR in last 7 games,"platoon edge; pitcher baseline 8.2% barrel, 3.5 HR allowed",neutral batted-ball profile; pitcher fly-ball pressure modest,2.86,32.06,86.92,96.7559,0.3796,0.1048,0.3167,69.23,5.3,43.35,23.68,7.8,0.119,8.19,42.03,89.56,0.4227,0.1627,27.47,208 deg,Open-Meteo forecast; MLB fallback,https://forecast.weather.gov/MapClick.php?lat=29.7573&lon=-95.3555,61,3,90,Daikin Park,,,,,,,,,,,
69,660670,Ronald Acuna,ATL,NYM,2026-08-21T20:10:00Z,Scheduled,1,Jacob Misiorowski,694819,R,47.6,Longshot,Watch List,"Projected Lineup, Strong Barrel, Premium Lineup Spot",60.0,17.4,43.1,88.7,50.0,26.2,25.7,50.0,No,Yes,1,Yes,Yes,RotoWire projected lineup; MLB probable pitchers,lineup projected / unconfirmed,H:2026/2025 P:2026/2025,,,Direct BvP not yet weighted; 2026/2025 Statcast baseline active,7,5,29,1,"Last 7 games: 5/29, 1 HR","same-side matchup; pitcher baseline 4.6% barrel, 11.5 HR allowed",neutral batted-ball profile; pitcher fly-ball pressure modest,13.81,48.09,91.09,102.8691,0.5014,0.2426,0.376,76.05,63.02,36.58,28.79,15.4,0.2,4.61,34.77,87.39,0.2747,0.0989,25.92,107 deg,Open-Meteo forecast; MLB fallback,https://forecast.weather.gov/MapClick.php?lat=43.0280&lon=-87.9712,49,0,72,American Family Field,,12.0,0.041,94,1,74,0,3,4.17,1,EV helps but ISO not HR-friendly today
70,666126,Carlos Cortes,ATH,HOU,2026-08-22T00:10:00Z,Scheduled,6,Hayden Wesneski,669713,R,47.6,Longshot,Watch List,"Projected Lineup, Platoon Edge",31.1,42.1,58.1,71.7,80.0,22.9,50.0,,No,Yes,6,Yes,Yes,RotoWire projected lineup; MLB probable pitchers,lineup projected / unconfirmed,H:2026/2025 P:2026/2025,,,Direct BvP not yet weighted; 2026/2025 Statcast baseline active,7,6,22,0,"Last 7 games: 6/22, 0 HR","platoon edge; pitcher baseline 8.2% barrel, 3.5 HR allowed",neutral batted-ball profile; pitcher fly-ball pressure modest,7.38,39.94,89.45,99.7228,0.4052,0.149,0.3161,70.76,14.41,30.62,23.22,6.1,0.1745,8.19,42.03,89.56,0.4227,0.1627,27.47,208 deg,Open-Meteo forecast; MLB fallback,https://forecast.weather.gov/MapClick.php?lat=29.7573&lon=-95.3555,61,3,90,Daikin Park,,,,,,,,,,,
71,694208,Moises Ballesteros,LAA,TEX,2026-08-22T00:15:00Z,Scheduled,5,MacKenzie Gore,669022,L,47.6,Longshot,Watch List,Projected Lineup,33.0,46.5,60.6,81.9,50.0,4.2,50.0,,No,Yes,5,Yes,Yes,RotoWire projected lineup; MLB probable pitchers,lineup projected / unconfirmed,H:2026/2025 P:2026/2025,,,Direct BvP not yet weighted; 2026/2025 Statcast baseline active,7,4,27,0,"Last 7 games: 4/27, 0 HR","same-side matchup; pitcher baseline 9.3% barrel, 18.6 HR allowed",neutral batted-ball profile; pitcher fly-ball pressure modest,7.75,42.4,90.08,100.8755,0.3825,0.1415,0.3116,72.78,34.34,34.08,20.65,4.8,0.134,9.34,42.63,89.42,0.3891,0.1509,27.79,169 deg,Open-Meteo forecast; MLB fallback,https://forecast.weather.gov/MapClick.php?lat=32.7473&lon=-97.0842,26,0,103,Globe Life Field,,,,,,,,,,,
72,680757,Steven Kwan,CLE,COL,2026-08-22T00:40:00Z,Scheduled,1,Tanner Gordon,685299,R,47.6,Longshot,Watch List,"Projected Lineup, Premium Lineup Spot, Platoon Edge",2.5,65.7,68.7,88.7,80.0,14.6,50.0,,No,Yes,1,Yes,Yes,RotoWire projected lineup; MLB probable pitchers,lineup projected / unconfirmed,H:2026/2025 P:2026/2025,,,Direct BvP not yet weighted; 2026/2025 Statcast baseline active,7,5,23,0,"Last 7 games: 5/23, 0 HR","platoon edge; pitcher baseline 11.2% barrel, 15.3 HR allowed",neutral batted-ball profile; pitcher allows elevated contact,0.78,11.95,84.45,92.4905,0.3429,0.0713,0.3191,62.8,0.38,27.81,23.65,4.7,0.074,11.22,43.93,91.15,0.4985,0.2244,33.53,80 deg,Open-Meteo forecast; MLB fallback,https://forecast.weather.gov/MapClick.php?lat=39.7559&lon=-104.9942,19,1,93,Coors Field,,,,,,,,,,,
73,596142,Gary Sanchez,MIL,ATL,2026-08-21T20:10:00Z,Scheduled,4,Chris Sale,519242,L,47.0,Longshot,Watch List,"Projected Lineup, Premium Lineup Spot, Platoon Edge",42.2,22.0,43.1,90.4,78.0,28.9,50.0,,No,Yes,4,Yes,Yes,RotoWire projected lineup; MLB probable pitchers,lineup projected / unconfirmed,H:2026/2025 P:2026/2025,,,Direct BvP not yet weighted; 2026/2025 Statcast baseline active,7,4,21,1,"Last 7 games: 4/21, 1 HR","platoon edge; pitcher baseline 5.8% barrel, 8.9 HR allowed",neutral batted-ball profile; pitcher fly-ball pressure modest,9.57,43.45,89.94,101.2803,0.4287,0.1957,0.3465,71.92,25.96,46.82,28.07,8.5,0.2143,5.81,34.77,87.62,0.327,0.1094,25.69,107 deg,Open-Meteo forecast; MLB fallback,https://forecast.weather.gov/MapClick.php?lat=43.0280&lon=-87.9712,49,0,72,American Family Field,,,,,,,,,,,
74,543807,George Springer,TOR,BOS,2026-08-21T23:05:00Z,Scheduled,4,Cam Schlittler,693645,R,47.0,Longshot,Watch List,"Projected Lineup, Premium Lineup Spot",39.2,36.4,59.2,90.4,50.0,17.7,12.1,48.0,No,Yes,4,Yes,Yes,RotoWire projected lineup; MLB probable pitchers,lineup projected / unconfirmed,H:2026/2025 P:2026/2025,,,Direct BvP not yet weighted; 2026/2025 Statcast baseline active,7,5,21,0,"Last 7 games: 5/21, 0 HR","same-side matchup; pitcher baseline 8.1% barrel, 12.2 HR allowed",neutral batted-ball profile; pitcher fly-ball pressure modest,9.55,40.88,88.81,100.111,0.431,0.182,0.334,73.24,35.09,41.02,26.79,18.0,0.1838,8.13,40.13,88.58,0.3532,0.1372,27.02,21 deg,Open-Meteo forecast; MLB fallback,https://forecast.weather.gov/MapClick.php?lat=40.8296&lon=-73.9262,95,100,67,Yankee Stadium,,0,0,0,0,0,0,22,3.16,4,EV note only
75,666211,Taylor Trammell,HOU,ATH,2026-08-22T00:10:00Z,Scheduled,6,J.T. Ginn,669372,R,47.0,Longshot,Watch List,"Projected Lineup, Strong Barrel, Platoon Edge",41.4,30.9,58.1,71.7,80.0,0.0,50.0,,No,Yes,6,Yes,Yes,RotoWire projected lineup; MLB probable pitchers,lineup projected / unconfirmed,H:2026/2025 P:2026/2025,,,Direct BvP not yet weighted; 2026/2025 Statcast baseline active,7,1,22,0,"Last 7 games: 1/22, 0 HR","platoon edge; pitcher baseline 6.9% barrel, 14.9 HR allowed",neutral batted-ball profile; pitcher fly-ball pressure modest,11.37,38.06,89.39,100.835,0.3721,0.176,0.2927,75.72,57.38,46.68,30.37,5.8,0.1612,6.86,37.99,87.63,0.3691,0.1351,23.01,208 deg,Open-Meteo forecast; MLB fallback,https://forecast.weather.gov/MapClick.php?lat=29.7573&lon=-95.3555,61,3,90,Daikin Park,,,,,,,,,,,
76,667472,Dane Myers,CIN,AZ,2026-08-22T01:40:00Z,Scheduled,7,Eduardo Rodriguez,593958,L,46.9,Longshot,Watch List,"Projected Lineup, Platoon Edge",28.2,41.7,61.2,59.8,78.0,57.8,50.0,,No,Yes,7,Yes,Yes,RotoWire projected lineup; MLB probable pitchers,lineup projected / unconfirmed,H:2026/2025 P:2026/2025,,,Direct BvP not yet weighted; 2026/2025 Statcast baseline active,7,6,23,2,Hot streak: 2 HR in last 7 games,"platoon edge; pitcher baseline 8.3% barrel, 17.3 HR allowed",neutral batted-ball profile; pitcher fly-ball pressure modest,6.33,38.01,89.65,99.3262,0.3769,0.1379,0.3131,71.25,19.45,26.18,25.73,5.3,0.1064,8.27,35.2,87.99,0.4391,0.1755,27.4,264 deg,Open-Meteo forecast; MLB fallback,https://forecast.weather.gov/MapClick.php?lat=33.4455&lon=-112.0667,24,0,105,Chase Field,,,,,,,,,,,
77,687093,Vaughn Grissom,LAA,TEX,2026-08-22T00:15:00Z,Scheduled,6,MacKenzie Gore,669022,L,46.8,Longshot,Watch List,"Projected Lineup, Platoon Edge",26.4,46.5,60.6,71.7,78.0,13.0,50.0,,No,Yes,6,Yes,Yes,RotoWire projected lineup; MLB probable pitchers,lineup projected / unconfirmed,H:2026 P:2026/2025,,,Direct BvP not yet weighted; 2026/2025 Statcast baseline active,7,6,29,0,"Last 7 games: 6/29, 0 HR","platoon edge; pitcher baseline 9.3% barrel, 18.6 HR allowed",neutral batted-ball profile; pitcher fly-ball pressure modest,6.4,38.3,88.2,99.2686,0.38,0.131,0.309,71.5,18.9,42.1,26.0,7.0,0.127,9.34,42.63,89.42,0.3891,0.1509,27.79,169 deg,Open-Meteo forecast; MLB fallback,https://forecast.weather.gov/MapClick.php?lat=32.7473&lon=-97.0842,26,0,103,Globe Life Field,,,,,,,,,,,
78,621493,Taylor Ward,SEA,CHC,2026-08-22T02:10:00Z,Scheduled,6,Matthew Boyd,571510,L,46.7,Longshot,Watch List,"Projected Lineup, Platoon Edge",32.0,46.1,51.4,71.7,78.0,3.4,50.0,,No,Yes,6,Yes,Yes,RotoWire projected lineup; MLB probable pitchers,lineup projected / unconfirmed,H:2026/2025 P:2026/2025,,,Direct BvP not yet weighted; 2026/2025 Statcast baseline active,7,4,28,0,"Last 7 games: 4/28, 0 HR","platoon edge; pitcher baseline 9.9% barrel, 14.8 HR allowed",neutral batted-ball profile; pitcher fly-ball pressure modest,8.1,39.55,89.19,99.4132,0.3968,0.1539,0.3372,68.8,4.23,33.17,29.87,15.7,0.1413,9.91,37.93,88.15,0.433,0.1741,26.55,320 deg,Open-Meteo forecast; MLB fallback,https://forecast.weather.gov/MapClick.php?lat=47.5914&lon=-122.3325,44,0,83,T-Mobile Park,,,,,,,,,,,
79,687637,Dylan Beavers,BAL,TB,2026-08-21T23:15:00Z,Scheduled,6,Freddy Peralta,642547,R,46.4,Longshot,Watch List,"Projected Lineup, Platoon Edge",30.5,35.6,50.1,71.7,80.0,56.2,50.0,,No,Yes,6,Yes,Yes,RotoWire projected lineup; MLB probable pitchers,lineup projected / unconfirmed,H:2026/2025 P:2026/2025,,,Direct BvP not yet weighted; 2026/2025 Statcast baseline active,7,4,16,2,Hot streak: 2 HR in last 7 games,"platoon edge; pitcher baseline 7.1% barrel, 20.3 HR allowed",neutral batted-ball profile; pitcher fly-ball pressure modest,7.06,36.61,88.94,99.3922,0.3765,0.1516,0.3132,72.34,20.84,41.02,31.25,4.0,0.1317,7.06,37.93,88.0,0.3764,0.1452,27.85,360 deg,Open-Meteo forecast; MLB fallback,https://forecast.weather.gov/MapClick.php?lat=39.2840&lon=-76.6217,78,9,71,Oriole Park at Camden Yards,,,,,,,,,,,
80,662139,Daulton Varsho,HOU,ATH,2026-08-22T00:10:00Z,Scheduled,5,J.T. Ginn,669372,R,46.4,Longshot,Watch List,"Projected Lineup, Platoon Edge",34.7,30.9,58.1,81.9,80.0,0.8,50.0,,No,Yes,5,Yes,Yes,RotoWire projected lineup; MLB probable pitchers,lineup projected / unconfirmed,H:2026/2025 P:2026/2025,,,Direct BvP not yet weighted; 2026/2025 Statcast baseline active,7,3,24,0,"Last 7 games: 3/24, 0 HR","platoon edge; pitcher baseline 6.9% barrel, 14.9 HR allowed",neutral batted-ball profile; pitcher fly-ball pressure modest,8.97,38.55,87.66,99.5183,0.396,0.1655,0.3004,73.78,36.81,41.64,30.22,11.6,0.1798,6.86,37.99,87.63,0.3691,0.1351,23.01,208 deg,Open-Meteo forecast; MLB fallback,https://forecast.weather.gov/MapClick.php?lat=29.7573&lon=-95.3555,61,3,90,Daikin Park,,,,,,,,,,,
81,686611,Dylan Crews,WSH,MIA,2026-08-21T23:10:00Z,Scheduled,7,Ryan Gusto,687473,R,46.3,Longshot,Watch List,"Projected Lineup, Strong Barrel",42.6,48.6,49.0,59.8,50.0,4.5,50.0,,No,Yes,7,Yes,Yes,RotoWire projected lineup; MLB probable pitchers,lineup projected / unconfirmed,H:2026/2025 P:2026/2025,,,Direct BvP not yet weighted; 2026/2025 Statcast baseline active,7,3,20,0,"Last 7 games: 3/20, 0 HR","same-side matchup; pitcher baseline 8.9% barrel, 10.7 HR allowed",neutral batted-ball profile; pitcher fly-ball pressure modest,10.08,42.2,90.33,101.1127,0.4147,0.179,0.3154,73.83,37.23,33.17,29.24,10.0,0.1461,8.94,44.65,90.39,0.4257,0.1669,26.68,180 deg,Open-Meteo forecast; MLB fallback,https://forecast.weather.gov/MapClick.php?lat=25.7781&lon=-80.2197,82,13,84,loanDepot park,,,,,,,,,,,
82,661531,Brian Serven,ATH,HOU,2026-08-22T00:10:00Z,Scheduled,7,Hayden Wesneski,669713,R,45.9,Longshot,Watch List,"Projected Lineup, Strong Barrel",35.0,42.1,58.1,59.8,50.0,46.4,50.0,,No,Yes,7,Yes,Yes,RotoWire projected lineup; MLB probable pitchers,lineup projected / unconfirmed,H:2026 P:2026/2025,,,Direct BvP not yet weighted; 2026/2025 Statcast baseline active,7,5,27,2,Hot streak: 2 HR in last 7 games,"same-side matchup; pitcher baseline 8.2% barrel, 3.5 HR allowed",fly-ball profile; pitcher fly-ball pressure modest,10.7,32.1,87.5,98.6823,0.424,0.175,0.298,70.4,8.5,39.3,35.7,3.0,0.257,8.19,42.03,89.56,0.4227,0.1627,27.47,208 deg,Open-Meteo forecast; MLB fallback,https://forecast.weather.gov/MapClick.php?lat=29.7573&lon=-95.3555,61,3,90,Daikin Park,,,,,,,,,,,
83,669911,Michael Toglia,CIN,AZ,2026-08-22T01:40:00Z,Scheduled,6,Eduardo Rodriguez,593958,L,45.7,Longshot,Watch List,"Projected Lineup, Platoon Edge",30.4,39.8,61.2,71.7,75.0,0.0,50.0,,No,Yes,6,Yes,Yes,RotoWire projected lineup; MLB probable pitchers,lineup projected / unconfirmed,H:2026/2025 P:2026/2025,,,Direct BvP not yet weighted; 2026/2025 Statcast baseline active,7,2,21,0,"Last 7 games: 2/21, 0 HR","switch hitter; pitcher baseline 8.3% barrel, 17.3 HR allowed",fly-ball profile; pitcher fly-ball pressure modest,3.12,53.77,91.79,99.263,0.2894,0.0848,0.2507,73.47,39.61,36.45,37.71,3.3,0.1126,8.27,35.2,87.99,0.4391,0.1755,27.4,264 deg,Open-Meteo forecast; MLB fallback,https://forecast.weather.gov/MapClick.php?lat=33.4455&lon=-112.0667,24,0,105,Chase Field,,,,,,,,,,,
84,802139,JJ Wetherholt,STL,PHI,2026-08-21T22:40:00Z,Scheduled,1,Jesús Luzardo,666200,L,45.6,Longshot,Watch List,"Projected Lineup, Premium Lineup Spot",37.6,21.4,64.8,88.7,50.0,19.5,50.0,,No,Yes,1,Yes,Yes,RotoWire projected lineup; MLB probable pitchers,lineup projected / unconfirmed,H:2026 P:2026/2025,,,Direct BvP not yet weighted; 2026/2025 Statcast baseline active,7,7,28,0,"Last 7 games: 7/28, 0 HR","same-side matchup; pitcher baseline 6.1% barrel, 13.2 HR allowed",neutral batted-ball profile; pitcher fly-ball pressure modest,7.3,43.7,89.7,99.2868,0.429,0.177,0.348,72.0,20.0,36.6,29.4,16.0,0.131,6.07,33.39,87.59,0.3193,0.106,22.29,353 deg,Open-Meteo forecast; MLB fallback,https://forecast.weather.gov/MapClick.php?lat=39.9061&lon=-75.1665,90,69,70,Citizens Bank Park,,,,,,,,,,,
85,807727,Charles McAdoo,TOR,NYY,2026-08-21T23:05:00Z,Scheduled,1,Cam Schlittler,693645,R,45.6,Longshot,Watch List,"Projected Lineup, Premium Lineup Spot",25.1,36.4,59.2,88.7,50.0,44.5,50.0,,No,Yes,1,Yes,Yes,RotoWire projected lineup; MLB probable pitchers,lineup projected / unconfirmed,H:2026 P:2026/2025,,,Direct BvP not yet weighted; 2026/2025 Statcast baseline active,7,10,24,0,Contact streak: 10/24 over last 7 games,"same-side matchup; pitcher baseline 8.1% barrel, 12.2 HR allowed",neutral batted-ball profile; pitcher fly-ball pressure modest,8.1,32.4,86.2,97.1341,0.396,0.141,0.301,73.2,34.2,10.8,21.6,2.0,0.166,8.13,40.13,88.58,0.3532,0.1372,27.02,21 deg,Open-Meteo forecast; MLB fallback,https://forecast.weather.gov/MapClick.php?lat=40.8296&lon=-73.9262,95,100,67,Yankee Stadium,,,,,,,,,,,
86,681297,Colton Cowser,BAL,MIN,2026-08-21T23:15:00Z,Scheduled,8,Freddy Peralta,642547,R,45.3,Longshot,Watch List,"Projected Lineup, Strong Barrel, Platoon Edge",45.9,35.6,50.1,47.9,80.0,45.1,10.4,47.0,No,Yes,8,Yes,Yes,RotoWire projected lineup; MLB probable pitchers,lineup projected / unconfirmed,H:2026/2025 P:2026/2025,,,Direct BvP not yet weighted; 2026/2025 Statcast baseline active,7,3,17,2,Hot streak: 2 HR in last 7 games,"platoon edge; pitcher baseline 7.1% barrel, 20.3 HR allowed",neutral batted-ball profile; pitcher fly-ball pressure modest,11.93,41.45,88.45,100.7389,0.4159,0.2051,0.3126,74.44,45.13,37.68,33.55,12.5,0.1561,7.06,37.93,88.0,0.3764,0.1452,27.85,360 deg,Open-Meteo forecast; MLB fallback,https://forecast.weather.gov/MapClick.php?lat=39.2840&lon=-76.6217,78,9,71,Oriole Park at Camden Yards,,11.7,0.101,85,2,89,0,-4,5.43,7,EV/ISO weak despite recent HR note
87,695731,Braden Montgomery,CWS,NYM,2026-08-21T23:40:00Z,Scheduled,5,Sean Manaea,640455,L,44.9,Longshot,Watch List,"Projected Lineup, Platoon Edge",21.6,46.7,44.5,81.9,75.0,24.9,50.0,,No,Yes,5,Yes,Yes,RotoWire projected lineup; MLB probable pitchers,lineup projected / unconfirmed,H:2026 P:2026/2025,,,Direct BvP not yet weighted; 2026/2025 Statcast baseline active,7,8,28,0,"Last 7 games: 8/28, 0 HR","switch hitter; pitcher baseline 9.3% barrel, 15.1 HR allowed",neutral batted-ball profile; pitcher fly-ball pressure modest,3.7,41.6,89.2,100.1171,0.361,0.123,0.31,69.6,8.1,34.2,19.3,4.0,0.136,9.32,42.04,89.31,0.4199,0.1736,28.4,10 deg,Open-Meteo forecast; MLB fallback,https://forecast.weather.gov/MapClick.php?lat=41.8300&lon=-87.6338,77,0,69,Rate Field,,,,,,,,,,,
88,647304,Josh Naylor,SEA,CHC,2026-08-22T02:10:00Z,Scheduled,5,Matthew Boyd,571510,L,44.9,Longshot,Watch List,Projected Lineup,24.4,46.1,51.4,81.9,50.0,30.4,50.0,,No,Yes,5,Yes,Yes,RotoWire projected lineup; MLB probable pitchers,lineup projected / unconfirmed,H:2026/2025 P:2026/2025,,,Direct BvP not yet weighted; 2026/2025 Statcast baseline active,7,10,31,0,Contact streak: 10/31 over last 7 games,"same-side matchup; pitcher baseline 9.9% barrel, 14.8 HR allowed",neutral batted-ball profile; pitcher fly-ball pressure modest,5.37,38.33,88.08,99.1983,0.4068,0.1331,0.3257,70.41,11.47,41.78,23.13,13.0,0.1236,9.91,37.93,88.15,0.433,0.1741,26.55,320 deg,Open-Meteo forecast; MLB fallback,https://forecast.weather.gov/MapClick.php?lat=47.5914&lon=-122.3325,44,0,83,T-Mobile Park,,,,,,,,,,,
89,677587,Brayan Rocchio,CLE,COL,2026-08-22T00:40:00Z,Scheduled,9,Tanner Gordon,685299,R,44.8,Longshot,Watch List,"Projected Lineup, Platoon Edge",14.4,64.1,68.7,40.2,75.0,36.3,50.0,,No,Yes,9,Yes,Yes,RotoWire projected lineup; MLB probable pitchers,lineup projected / unconfirmed,H:2026/2025 P:2026/2025,,,Direct BvP not yet weighted; 2026/2025 Statcast baseline active,7,6,25,1,"Last 7 games: 6/25, 1 HR","switch hitter; pitcher baseline 11.2% barrel, 15.3 HR allowed",neutral batted-ball profile; pitcher allows elevated contact,3.3,32.35,87.09,97.2766,0.3524,0.1081,0.2936,70.0,7.08,43.64,25.3,8.5,0.1168,11.22,43.93,91.15,0.4985,0.2244,33.53,80 deg,Open-Meteo forecast; MLB fallback,https://forecast.weather.gov/MapClick.php?lat=39.7559&lon=-104.9942,19,1,93,Coors Field,,,,,,,,,,,
90,677649,Ezequiel Duran,TEX,LAA,2026-08-22T00:15:00Z,Scheduled,5,Reid Detmers,672282,L,44.7,Longshot,Watch List,"Projected Lineup, Platoon Edge",19.6,40.4,60.6,81.9,78.0,12.0,50.0,,No,Yes,5,Yes,Yes,RotoWire projected lineup; MLB probable pitchers,lineup projected / unconfirmed,H:2026/2025 P:2026/2025,,,Direct BvP not yet weighted; 2026/2025 Statcast baseline active,7,5,25,0,"Last 7 games: 5/25, 0 HR","platoon edge; pitcher baseline 8.3% barrel, 13.7 HR allowed",neutral batted-ball profile; pitcher fly-ball pressure modest,5.19,34.68,87.54,98.7631,0.3489,0.1139,0.2827,72.34,24.52,36.01,21.58,9.1,0.1369,8.27,39.58,90.03,0.363,0.1439,28.69,169 deg,Open-Meteo forecast; MLB fallback,https://forecast.weather.gov/MapClick.php?lat=32.7473&lon=-97.0842,26,0,103,Globe Life Field,,,,,,,,,,,
91,701358,Cam Smith,HOU,ATH,2026-08-22T00:10:00Z,Scheduled,7,J.T. Ginn,669372,R,44.4,Longshot,Watch List,"Projected Lineup, Strong Barrel",43.0,30.9,58.1,59.8,50.0,18.3,50.0,,No,Yes,7,Yes,Yes,RotoWire projected lineup; MLB probable pitchers,lineup projected / unconfirmed,H:2026/2025 P:2026/2025,,,Direct BvP not yet weighted; 2026/2025 Statcast baseline active,7,2,19,1,"Last 7 games: 2/19, 1 HR","same-side matchup; pitcher baseline 6.9% barrel, 14.9 HR allowed",neutral batted-ball profile; pitcher fly-ball pressure modest,10.33,43.88,88.95,101.7303,0.4208,0.1781,0.3208,76.74,67.97,37.84,25.35,14.6,0.1612,6.86,37.99,87.63,0.3691,0.1351,23.01,208 deg,Open-Meteo forecast; MLB fallback,https://forecast.weather.gov/MapClick.php?lat=29.7573&lon=-95.3555,61,3,90,Daikin Park,,,,,,,,,,,
92,694384,Nolan Schanuel,LAA,TEX,2026-08-22T00:15:00Z,Scheduled,3,MacKenzie Gore,669022,L,44.3,Longshot,Watch List,"Projected Lineup, Premium Lineup Spot",13.8,46.5,60.6,92.1,50.0,30.0,50.0,,No,Yes,3,Yes,Yes,RotoWire projected lineup; MLB probable pitchers,lineup projected / unconfirmed,H:2026/2025 P:2026/2025,,,Direct BvP not yet weighted; 2026/2025 Statcast baseline active,7,8,25,0,Contact streak: 8/25 over last 7 games,"same-side matchup; pitcher baseline 9.3% barrel, 18.6 HR allowed",neutral batted-ball profile; pitcher fly-ball pressure modest,3.03,32.01,87.5,97.12,0.3894,0.1099,0.3333,67.96,5.76,40.8,22.48,8.5,0.1152,9.34,42.63,89.42,0.3891,0.1509,27.79,169 deg,Open-Meteo forecast; MLB fallback,https://forecast.weather.gov/MapClick.php?lat=32.7473&lon=-97.0842,26,0,103,Globe Life Field,,,,,,,,,,,
93,671739,Michael Harris,ATL,NYM,2026-08-21T20:10:00Z,Scheduled,6,Jacob Misiorowski,694819,R,44.2,Longshot,Watch List,"Projected Lineup, Strong Barrel, Platoon Edge",45.9,17.4,43.1,71.7,80.0,28.2,41.5,68.0,No,Yes,6,Yes,Yes,RotoWire projected lineup; MLB probable pitchers,lineup projected / unconfirmed,H:2026/2025 P:2026/2025,,,Direct BvP not yet weighted; 2026/2025 Statcast baseline active,7,8,26,0,"Last 7 games: 8/26, 0 HR","platoon edge; pitcher baseline 4.6% barrel, 11.5 HR allowed",neutral batted-ball profile; pitcher fly-ball pressure modest,10.15,47.25,90.48,103.328,0.4653,0.1823,0.3346,74.79,47.68,36.22,22.21,20.0,0.1838,4.61,34.77,87.39,0.2747,0.0989,25.92,107 deg,Open-Meteo forecast; MLB fallback,https://forecast.weather.gov/MapClick.php?lat=43.0280&lon=-87.9712,49,0,72,American Family Field,,14.3,0.294,91,5,68,0,3,3.3,6,Good LHH sheet line; mild park
94,663647,Ke'Bryan Hayes,CIN,AZ,2026-08-22T01:40:00Z,Scheduled,9,Eduardo Rodriguez,593958,L,44.2,Longshot,Watch List,"Projected Lineup, Platoon Edge",31.6,41.7,61.2,40.2,78.0,37.8,50.0,,No,Yes,9,Yes,Yes,RotoWire projected lineup; MLB probable pitchers,lineup projected / unconfirmed,H:2026/2025 P:2026/2025,,,Direct BvP not yet weighted; 2026/2025 Statcast baseline active,7,3,12,1,"Last 7 games: 3/12, 1 HR","platoon edge; pitcher baseline 8.3% barrel, 17.3 HR allowed",neutral batted-ball profile; pitcher fly-ball pressure modest,7.4,40.19,90.07,99.7622,0.3826,0.1397,0.296,70.89,8.48,30.32,27.08,5.0,0.0948,8.27,35.2,87.99,0.4391,0.1755,27.4,264 deg,Open-Meteo forecast; MLB fallback,https://forecast.weather.gov/MapClick.php?lat=33.4455&lon=-112.0667,24,0,105,Chase Field,,,,,,,,,,,
95,801126,Brock Rodden,SEA,CHC,2026-08-22T02:10:00Z,Scheduled,9,Matthew Boyd,571510,L,44.2,Longshot,Watch List,"Projected Lineup, Strong Barrel, Platoon Edge",36.4,44.5,51.4,40.2,75.0,27.0,50.0,,No,Yes,9,Yes,Yes,RotoWire projected lineup; MLB probable pitchers,lineup projected / unconfirmed,H:2026 P:2026/2025,,,Direct BvP not yet weighted; 2026/2025 Statcast baseline active,6,6,20,0,"Last 6 games: 6/20, 0 HR","switch hitter; pitcher baseline 9.9% barrel, 14.8 HR allowed",fly-ball profile; pitcher fly-ball pressure modest,10.0,50.0,90.5,97.427,0.235,0.101,0.246,69.0,3.0,50.0,40.0,0.0,0.235,9.91,37.93,88.15,0.433,0.1741,26.55,320 deg,Open-Meteo forecast; MLB fallback,https://forecast.weather.gov/MapClick.php?lat=47.5914&lon=-122.3325,44,0,83,T-Mobile Park,,,,,,,,,,,
96,622761,Jorge Mateo,TB,BAL,2026-08-21T23:15:00Z,Scheduled,8,Trevor Rogers,669432,L,44.1,Longshot,Watch List,"Projected Lineup, Platoon Edge",36.2,37.9,50.1,47.9,78.0,33.7,50.0,,No,Yes,8,Yes,Yes,RotoWire projected lineup; MLB probable pitchers,lineup projected / unconfirmed,H:2026/2025 P:2026/2025,,,Direct BvP not yet weighted; 2026/2025 Statcast baseline active,7,2,9,1,"Last 7 games: 2/9, 1 HR","platoon edge; pitcher baseline 7.2% barrel, 10.9 HR allowed",neutral batted-ball profile; pitcher fly-ball pressure modest,8.79,42.65,88.45,100.3908,0.3894,0.1566,0.2886,73.23,30.34,37.67,31.19,3.8,0.1359,7.25,41.96,89.28,0.3921,0.1496,24.53,360 deg,Open-Meteo forecast; MLB fallback,https://forecast.weather.gov/MapClick.php?lat=39.2840&lon=-76.6217,78,9,71,Oriole Park at Camden Yards,,,,,,,,,,,
97,702616,Jackson Holliday,BAL,MIN,2026-08-21T23:15:00Z,Scheduled,1,Freddy Peralta,642547,R,43.9,Longshot,Watch List,"Projected Lineup, Premium Lineup Spot, Platoon Edge",26.0,35.6,50.1,88.7,80.0,7.0,28.9,55.0,No,Yes,1,Yes,Yes,RotoWire projected lineup; MLB probable pitchers,lineup projected / unconfirmed,H:2026/2025 P:2026/2025,,,Direct BvP not yet weighted; 2026/2025 Statcast baseline active,7,5,30,0,"Last 7 games: 5/30, 0 HR","platoon edge; pitcher baseline 7.1% barrel, 20.3 HR allowed",neutral batted-ball profile; pitcher fly-ball pressure modest,7.45,36.11,87.61,98.1022,0.3781,0.1385,0.3147,70.6,7.62,35.34,25.03,9.3,0.1323,7.06,37.93,88.0,0.3764,0.1452,27.85,360 deg,Open-Meteo forecast; MLB fallback,https://forecast.weather.gov/MapClick.php?lat=39.2840&lon=-76.6217,78,9,71,Oriole Park at Camden Yards,,13.0,0.227,89,4,75,0,-4,5.43,7,Best BAL full sheet line but park neutral-negative
98,806146,George Lombard,NYY,TOR,2026-08-21T23:05:00Z,Scheduled,6,,,,43.7,Longshot,Watch List,Projected Lineup,24.3,41.2,59.2,71.7,60.0,21.1,50.0,,No,Yes,6,Yes,Yes,RotoWire projected lineup; MLB probable pitchers,lineup projected / unconfirmed,H:2026 P:,,,Direct BvP not yet weighted; 2026/2025 Statcast baseline active,7,6,23,0,"Last 7 games: 6/23, 0 HR","handedness incomplete; pitcher baseline 0.0% barrel, 0.0 HR allowed",neutral batted-ball profile; pitcher fly-ball pressure modest,9.1,35.3,85.4,97.6157,0.401,0.122,0.336,71.4,19.0,35.3,20.6,2.0,0.159,,,,,,,21 deg,Open-Meteo forecast; MLB fallback,https://forecast.weather.gov/MapClick.php?lat=40.8296&lon=-73.9262,95,100,67,Yankee Stadium,,,,,,,,,,,
99,690984,Petey Halpin,CLE,COL,2026-08-22T00:40:00Z,Scheduled,8,Tanner Gordon,685299,R,43.6,Longshot,Watch List,"Projected Lineup, Platoon Edge",8.8,65.7,68.7,47.9,80.0,10.1,50.0,,No,Yes,8,Yes,Yes,RotoWire projected lineup; MLB probable pitchers,lineup projected / unconfirmed,H:2026/2025 P:2026/2025,,,Direct BvP not yet weighted; 2026/2025 Statcast baseline active,7,3,16,0,"Last 7 games: 3/16, 0 HR","platoon edge; pitcher baseline 11.2% barrel, 15.3 HR allowed",neutral batted-ball profile; pitcher allows elevated contact,4.83,18.55,81.52,93.5351,0.3031,0.0917,0.2741,70.29,5.88,38.31,33.61,1.4,0.0672,11.22,43.93,91.15,0.4985,0.2244,33.53,80 deg,Open-Meteo forecast; MLB fallback,https://forecast.weather.gov/MapClick.php?lat=39.7559&lon=-104.9942,19,1,93,Coors Field,,,,,,,,,,,
100,669003,Garrett Mitchell,MIL,ATL,2026-08-21T20:10:00Z,Scheduled,7,Chris Sale,519242,L,43.3,Longshot,Watch List,"Projected Lineup, Strong Barrel",46.9,22.0,43.1,59.8,50.0,56.6,50.0,,No,Yes,7,Yes,Yes,RotoWire projected lineup; MLB probable pitchers,lineup projected / unconfirmed,H:2026/2025 P:2026/2025,,,Direct BvP not yet weighted; 2026/2025 Statcast baseline active,7,9,24,1,Contact streak: 9/24 over last 7 games,"same-side matchup; pitcher baseline 5.8% barrel, 8.9 HR allowed",EV profile; pitcher fly-ball pressure modest,10.76,48.57,92.08,103.555,0.4061,0.1596,0.3279,77.08,76.67,33.51,17.76,5.6,0.1307,5.81,34.77,87.62,0.327,0.1094,25.69,107 deg,Open-Meteo forecast; MLB fallback,https://forecast.weather.gov/MapClick.php?lat=43.0280&lon=-87.9712,49,0,72,American Family Field,,,,,,,,,,,
101,670623,Isaac Paredes,HOU,ATH,2026-08-22T00:10:00Z,Scheduled,3,J.T. Ginn,669372,R,43.0,Longshot,Watch List,"Projected Lineup, Premium Lineup Spot",18.3,30.9,58.1,92.1,50.0,54.3,50.0,,No,Yes,3,Yes,Yes,RotoWire projected lineup; MLB probable pitchers,lineup projected / unconfirmed,H:2026/2025 P:2026/2025,,,Direct BvP not yet weighted; 2026/2025 Statcast baseline active,7,9,25,1,Contact streak: 9/25 over last 7 games,"same-side matchup; pitcher baseline 6.9% barrel, 14.9 HR allowed",neutral batted-ball profile; pitcher fly-ball pressure modest,5.6,30.1,86.42,96.9456,0.3779,0.132,0.3235,67.74,7.64,52.42,30.8,17.2,0.1739,6.86,37.99,87.63,0.3691,0.1351,23.01,208 deg,Open-Meteo forecast; MLB fallback,https://forecast.weather.gov/MapClick.php?lat=29.7573&lon=-95.3555,61,3,90,Daikin Park,,,,,,,,,,,
102,592885,Christian Yelich,MIL,ATL,2026-08-21T20:10:00Z,Scheduled,5,Chris Sale,519242,L,42.9,Longshot,Watch List,"Projected Lineup, Strong Barrel",39.8,22.0,43.1,81.9,50.0,29.2,50.0,,No,Yes,5,Yes,Yes,RotoWire projected lineup; MLB probable pitchers,lineup projected / unconfirmed,H:2026/2025 P:2026/2025,,,Direct BvP not yet weighted; 2026/2025 Statcast baseline active,7,5,26,1,"Last 7 games: 5/26, 1 HR","same-side matchup; pitcher baseline 5.8% barrel, 8.9 HR allowed",neutral batted-ball profile; pitcher fly-ball pressure modest,10.44,44.79,89.43,101.0916,0.4026,0.1695,0.316,73.09,31.13,33.54,19.58,15.0,0.1579,5.81,34.77,87.62,0.327,0.1094,25.69,107 deg,Open-Meteo forecast; MLB fallback,https://forecast.weather.gov/MapClick.php?lat=43.0280&lon=-87.9712,49,0,72,American Family Field,,,,,,,,,,,
103,669224,Austin Wells,NYY,TOR,2026-08-21T23:05:00Z,Scheduled,8,,,,42.9,Longshot,Watch List,Projected Lineup,36.0,41.2,59.2,47.9,60.0,0.0,50.0,,No,Yes,8,Yes,Yes,RotoWire projected lineup; MLB probable pitchers,lineup projected / unconfirmed,H:2026/2025 P:,,,Direct BvP not yet weighted; 2026/2025 Statcast baseline active,7,2,17,0,"Last 7 games: 2/17, 0 HR","handedness incomplete; pitcher baseline 0.0% barrel, 0.0 HR allowed",neutral batted-ball profile; pitcher fly-ball pressure modest,7.68,43.31,89.41,100.5457,0.3697,0.1598,0.2913,72.98,27.32,46.17,32.93,11.9,0.1484,,,,,,,21 deg,Open-Meteo forecast; MLB fallback,https://forecast.weather.gov/MapClick.php?lat=40.8296&lon=-73.9262,95,100,67,Yankee Stadium,,,,,,,,,,,
104,687551,Drew Gilbert,SF,BOS,2026-08-21T23:10:00Z,Scheduled,1,Sonny Gray,543243,R,42.9,Longshot,Watch List,"Projected Lineup, Premium Lineup Spot, Platoon Edge",16.4,34.9,48.2,88.7,80.0,34.4,50.0,,No,Yes,1,Yes,Yes,RotoWire projected lineup; MLB probable pitchers,lineup projected / unconfirmed,H:2026/2025 P:2026/2025,,,Direct BvP not yet weighted; 2026/2025 Statcast baseline active,7,5,22,1,"Last 7 games: 5/22, 1 HR","platoon edge; pitcher baseline 7.2% barrel, 16.6 HR allowed",neutral batted-ball profile; pitcher fly-ball pressure modest,4.41,34.61,86.32,97.7642,0.3633,0.1181,0.3057,70.59,10.55,40.42,20.04,5.1,0.1376,7.21,38.39,88.97,0.381,0.1341,22.99,278 deg,Open-Meteo forecast; MLB fallback,https://forecast.weather.gov/MapClick.php?lat=42.3467&lon=-71.0972,54,32,78,Fenway Park,,,,,,,,,,,
105,660688,Keibert Ruiz,WSH,MIA,2026-08-21T23:10:00Z,Scheduled,6,Ryan Gusto,687473,R,42.9,Longshot,Watch List,"Projected Lineup, Platoon Edge",16.1,47.4,49.0,71.7,75.0,32.0,50.0,,No,Yes,6,Yes,Yes,RotoWire projected lineup; MLB probable pitchers,lineup projected / unconfirmed,H:2026/2025 P:2026/2025,,,Direct BvP not yet weighted; 2026/2025 Statcast baseline active,7,8,24,0,Contact streak: 8/24 over last 7 games,"switch hitter; pitcher baseline 8.9% barrel, 10.7 HR allowed",neutral batted-ball profile; pitcher fly-ball pressure modest,3.95,35.45,87.81,97.6575,0.3587,0.1066,0.2842,67.22,0.65,53.7,25.79,5.5,0.1326,8.94,44.65,90.39,0.4257,0.1669,26.68,180 deg,Open-Meteo forecast; MLB fallback,https://forecast.weather.gov/MapClick.php?lat=25.7781&lon=-80.2197,82,13,84,loanDepot park,,,,,,,,,,,
106,680977,Brendan Donovan,SEA,CHC,2026-08-22T02:10:00Z,Scheduled,1,Matthew Boyd,571510,L,42.9,Longshot,Watch List,"Projected Lineup, Premium Lineup Spot",15.1,46.1,51.4,88.7,50.0,30.2,50.0,,No,Yes,1,Yes,Yes,RotoWire projected lineup; MLB probable pitchers,lineup projected / unconfirmed,H:2026/2025 P:2026/2025,,,Direct BvP not yet weighted; 2026/2025 Statcast baseline active,7,9,28,0,Contact streak: 9/28 over last 7 games,"same-side matchup; pitcher baseline 9.9% barrel, 14.8 HR allowed",neutral batted-ball profile; pitcher fly-ball pressure modest,4.67,31.45,86.62,96.9559,0.3678,0.1179,0.318,68.6,2.07,34.87,21.88,5.1,0.1329,9.91,37.93,88.15,0.433,0.1741,26.55,320 deg,Open-Meteo forecast; MLB fallback,https://forecast.weather.gov/MapClick.php?lat=47.5914&lon=-122.3325,44,0,83,T-Mobile Park,,,,,,,,,,,
107,803011,Sam Antonacci,CWS,NYM,2026-08-21T23:40:00Z,Scheduled,1,Sean Manaea,640455,L,42.8,Longshot,Watch List,"Projected Lineup, Premium Lineup Spot",21.0,48.3,44.5,88.7,50.0,0.0,50.0,,No,Yes,1,Yes,Yes,RotoWire projected lineup; MLB probable pitchers,lineup projected / unconfirmed,H:2026 P:2026/2025,,,Direct BvP not yet weighted; 2026/2025 Statcast baseline active,7,2,22,0,"Last 7 games: 2/22, 0 HR","same-side matchup; pitcher baseline 9.3% barrel, 15.1 HR allowed",neutral batted-ball profile; pitcher fly-ball pressure modest,5.7,34.6,87.5,97.8792,0.4,0.123,0.346,70.0,8.6,33.8,21.2,8.0,0.126,9.32,42.04,89.31,0.4199,0.1736,28.4,10 deg,Open-Meteo forecast; MLB fallback,https://forecast.weather.gov/MapClick.php?lat=41.8300&lon=-87.6338,77,0,69,Rate Field,,,,,,,,,,,
108,672580,Maikel Garcia,KC,DET,2026-08-22T00:10:00Z,Scheduled,3,Troy Melton,675512,R,42.3,Longshot,Watch List,"Projected Lineup, Premium Lineup Spot",26.7,29.5,47.2,92.1,50.0,24.0,50.0,,No,Yes,3,Yes,Yes,RotoWire projected lineup; MLB probable pitchers,lineup projected / unconfirmed,H:2026/2025 P:2026/2025,,,Direct BvP not yet weighted; 2026/2025 Statcast baseline active,7,7,25,0,"Last 7 games: 7/25, 0 HR","same-side matchup; pitcher baseline 6.2% barrel, 7.7 HR allowed",neutral batted-ball profile; pitcher fly-ball pressure modest,4.9,42.16,90.32,100.5156,0.3891,0.1145,0.3217,71.83,18.43,34.81,20.97,6.9,0.128,6.22,39.19,88.77,0.3507,0.1351,25.19,47 deg,Open-Meteo forecast; MLB fallback,https://forecast.weather.gov/MapClick.php?lat=39.0517&lon=-94.4803,61,0,83,Kauffman Stadium,,,,,,,,,,,
109,685133,Wade Meckler,LAA,TEX,2026-08-22T00:15:00Z,Scheduled,1,MacKenzie Gore,669022,L,42.0,Longshot,Watch List,"Projected Lineup, Premium Lineup Spot",11.4,46.5,60.6,88.7,50.0,7.0,50.0,,No,Yes,1,Yes,Yes,RotoWire projected lineup; MLB probable pitchers,lineup projected / unconfirmed,H:2026 P:2026/2025,,,Direct BvP not yet weighted; 2026/2025 Statcast baseline active,7,4,24,0,"Last 7 games: 4/24, 0 HR","same-side matchup; pitcher baseline 9.3% barrel, 18.6 HR allowed",neutral batted-ball profile; pitcher fly-ball pressure modest,3.2,32.3,86.5,96.5912,0.354,0.101,0.304,69.0,2.5,34.8,18.7,3.0,0.093,9.34,42.63,89.42,0.3891,0.1509,27.79,169 deg,Open-Meteo forecast; MLB fallback,https://forecast.weather.gov/MapClick.php?lat=32.7473&lon=-97.0842,26,0,103,Globe Life Field,,,,,,,,,,,
110,686681,Michael Massey,KC,DET,2026-08-22T00:10:00Z,Scheduled,8,Troy Melton,675512,R,41.9,Longshot,Watch List,"Projected Lineup, Platoon Edge, Hot Hitter/Streak",28.3,29.5,47.2,47.9,80.0,81.7,50.0,,No,Yes,8,Yes,Yes,RotoWire projected lineup; MLB probable pitchers,lineup projected / unconfirmed,H:2026/2025 P:2026/2025,,,Direct BvP not yet weighted; 2026/2025 Statcast baseline active,7,12,22,2,Hot streak: 2 HR in last 7 games,"platoon edge; pitcher baseline 6.2% barrel, 7.7 HR allowed",neutral batted-ball profile; pitcher fly-ball pressure modest,5.61,37.97,89.11,98.6245,0.3817,0.1416,0.2867,71.5,12.33,49.29,32.41,8.6,0.1383,6.22,39.19,88.77,0.3507,0.1351,25.19,47 deg,Open-Meteo forecast; MLB fallback,https://forecast.weather.gov/MapClick.php?lat=39.0517&lon=-94.4803,61,0,83,Kauffman Stadium,,,,,,,,,,,
111,668930,Brice Turang,MIL,ATL,2026-08-21T20:10:00Z,Scheduled,1,Chris Sale,519242,L,41.8,Longshot,Watch List,"Projected Lineup, Premium Lineup Spot",37.6,22.0,43.1,88.7,50.0,2.7,50.0,,No,Yes,1,Yes,Yes,RotoWire projected lineup; MLB probable pitchers,lineup projected / unconfirmed,H:2026/2025 P:2026/2025,,,Direct BvP not yet weighted; 2026/2025 Statcast baseline active,7,4,29,0,"Last 7 games: 4/29, 0 HR","same-side matchup; pitcher baseline 5.8% barrel, 8.9 HR allowed",neutral batted-ball profile; pitcher fly-ball pressure modest,7.93,43.83,90.61,100.4496,0.4311,0.174,0.3406,70.18,12.92,27.23,24.62,16.6,0.1694,5.81,34.77,87.62,0.327,0.1094,25.69,107 deg,Open-Meteo forecast; MLB fallback,https://forecast.weather.gov/MapClick.php?lat=43.0280&lon=-87.9712,49,0,72,American Family Field,,,,,,,,,,,
112,664774,LaMonte Wade,HOU,ATH,2026-08-22T00:10:00Z,Scheduled,1,J.T. Ginn,669372,R,41.8,Longshot,Watch List,"Projected Lineup, Premium Lineup Spot, Platoon Edge",14.2,30.9,58.1,88.7,80.0,16.6,50.0,,No,Yes,1,Yes,Yes,RotoWire projected lineup; MLB probable pitchers,lineup projected / unconfirmed,H:2026/2025 P:2026/2025,,,Direct BvP not yet weighted; 2026/2025 Statcast baseline active,7,3,13,0,"Last 7 games: 3/13, 0 HR","platoon edge; pitcher baseline 6.9% barrel, 14.9 HR allowed",neutral batted-ball profile; pitcher fly-ball pressure modest,3.59,33.97,87.53,98.2628,0.3021,0.0971,0.288,70.91,8.22,37.77,24.74,2.0,0.1094,6.86,37.99,87.63,0.3691,0.1351,23.01,208 deg,Open-Meteo forecast; MLB fallback,https://forecast.weather.gov/MapClick.php?lat=29.7573&lon=-95.3555,61,3,90,Daikin Park,,,,,,,,,,,
113,691458,Blaze Jordan,STL,PHI,2026-08-21T22:40:00Z,Scheduled,8,Jesús Luzardo,666200,L,41.5,Longshot,Watch List,"Projected Lineup, Platoon Edge",33.6,21.4,64.8,47.9,78.0,33.7,50.0,,No,Yes,8,Yes,Yes,RotoWire projected lineup; MLB probable pitchers,lineup projected / unconfirmed,H:2026 P:2026/2025,,,Direct BvP not yet weighted; 2026/2025 Statcast baseline active,7,6,27,1,"Last 7 games: 6/27, 1 HR","platoon edge; pitcher baseline 6.1% barrel, 13.2 HR allowed",neutral batted-ball profile; pitcher fly-ball pressure modest,8.5,43.7,88.5,99.8674,0.407,0.146,0.309,72.8,27.6,40.8,19.0,2.0,0.128,6.07,33.39,87.59,0.3193,0.106,22.29,353 deg,Open-Meteo forecast; MLB fallback,https://forecast.weather.gov/MapClick.php?lat=39.9061&lon=-75.1665,90,69,70,Citizens Bank Park,,,,,,,,,,,
114,678545,Osleivis Basabe,SF,BOS,2026-08-21T23:10:00Z,Scheduled,6,Sonny Gray,543243,R,41.3,Longshot,Watch List,Projected Lineup,30.1,34.9,48.2,71.7,50.0,12.0,50.0,,No,Yes,6,Yes,Yes,RotoWire projected lineup; MLB probable pitchers,lineup projected / unconfirmed,H:2026 P:2026/2025,,,Direct BvP not yet weighted; 2026/2025 Statcast baseline active,7,5,25,0,"Last 7 games: 5/25, 0 HR","same-side matchup; pitcher baseline 7.2% barrel, 16.6 HR allowed",fly-ball profile; pitcher fly-ball pressure modest,8.0,35.3,88.0,98.4704,0.361,0.132,0.271,73.5,31.7,45.1,37.3,3.0,0.183,7.21,38.39,88.97,0.381,0.1341,22.99,278 deg,Open-Meteo forecast; MLB fallback,https://forecast.weather.gov/MapClick.php?lat=42.3467&lon=-71.0972,54,32,78,Fenway Park,,,,,,,,,,,
115,643376,Danny Jansen,TEX,LAA,2026-08-22T00:15:00Z,Scheduled,7,Reid Detmers,672282,L,41.3,Longshot,Watch List,"Projected Lineup, Platoon Edge",20.8,40.4,60.6,59.8,78.0,0.0,50.0,,No,Yes,7,Yes,Yes,RotoWire projected lineup; MLB probable pitchers,lineup projected / unconfirmed,H:2026/2025 P:2026/2025,,,Direct BvP not yet weighted; 2026/2025 Statcast baseline active,7,2,20,0,"Last 7 games: 2/20, 0 HR","platoon edge; pitcher baseline 8.3% barrel, 13.7 HR allowed",neutral batted-ball profile; pitcher fly-ball pressure modest,6.7,34.52,87.32,97.5999,0.2937,0.1192,0.264,70.13,7.02,54.54,29.19,6.3,0.149,8.27,39.58,90.03,0.363,0.1439,28.69,169 deg,Open-Meteo forecast; MLB fallback,https://forecast.weather.gov/MapClick.php?lat=32.7473&lon=-97.0842,26,0,103,Globe Life Field,,,,,,,,,,,
116,702284,Cole Young,SEA,CHC,2026-08-22T02:10:00Z,Scheduled,7,Matthew Boyd,571510,L,41.1,Longshot,Watch List,Projected Lineup,24.3,46.1,51.4,59.8,50.0,18.3,50.0,,No,Yes,7,Yes,Yes,RotoWire projected lineup; MLB probable pitchers,lineup projected / unconfirmed,H:2026/2025 P:2026/2025,,,Direct BvP not yet weighted; 2026/2025 Statcast baseline active,7,3,26,1,"Last 7 games: 3/26, 1 HR","same-side matchup; pitcher baseline 9.9% barrel, 14.8 HR allowed",neutral batted-ball profile; pitcher fly-ball pressure modest,4.97,36.35,88.37,98.9805,0.3886,0.1331,0.3138,71.44,21.23,41.77,27.29,11.7,0.1276,9.91,37.93,88.15,0.433,0.1741,26.55,320 deg,Open-Meteo forecast; MLB fallback,https://forecast.weather.gov/MapClick.php?lat=47.5914&lon=-122.3325,44,0,83,T-Mobile Park,,,,,,,,,,,
117,640902,Jhonny Pereda,SEA,CHC,2026-08-22T02:10:00Z,Scheduled,8,Matthew Boyd,571510,L,40.8,Longshot,Watch List,"Projected Lineup, Platoon Edge",22.0,46.1,51.4,47.9,78.0,15.3,50.0,,No,Yes,8,Yes,Yes,RotoWire projected lineup; MLB probable pitchers,lineup projected / unconfirmed,H:2026/2025 P:2026/2025,,,Direct BvP not yet weighted; 2026/2025 Statcast baseline active,7,4,18,0,"Last 7 games: 4/18, 0 HR","platoon edge; pitcher baseline 9.9% barrel, 14.8 HR allowed",neutral batted-ball profile; pitcher fly-ball pressure modest,3.68,45.39,89.24,99.9939,0.3626,0.0968,0.3058,70.76,8.44,30.32,13.32,1.4,0.0849,9.91,37.93,88.15,0.433,0.1741,26.55,320 deg,Open-Meteo forecast; MLB fallback,https://forecast.weather.gov/MapClick.php?lat=47.5914&lon=-122.3325,44,0,83,T-Mobile Park,,,,,,,,,,,
118,656775,Cedric Mullins,TB,BAL,2026-08-21T23:15:00Z,Scheduled,5,Trevor Rogers,669432,L,40.7,Longshot,Watch List,Projected Lineup,19.3,37.9,50.1,81.9,50.0,19.5,50.0,,No,Yes,5,Yes,Yes,RotoWire projected lineup; MLB probable pitchers,lineup projected / unconfirmed,H:2026/2025 P:2026/2025,,,Direct BvP not yet weighted; 2026/2025 Statcast baseline active,7,6,24,0,"Last 7 games: 6/24, 0 HR","same-side matchup; pitcher baseline 7.2% barrel, 10.9 HR allowed",neutral batted-ball profile; pitcher fly-ball pressure modest,4.52,32.96,87.96,97.8501,0.3162,0.1225,0.2665,70.89,8.73,44.9,31.59,14.2,0.1561,7.25,41.96,89.28,0.3921,0.1496,24.53,360 deg,Open-Meteo forecast; MLB fallback,https://forecast.weather.gov/MapClick.php?lat=39.2840&lon=-76.6217,78,9,71,Oriole Park at Camden Yards,,,,,,,,,,,
119,514888,Jose Altuve,HOU,ATH,2026-08-22T00:10:00Z,Scheduled,4,J.T. Ginn,669372,R,40.3,Longshot,Watch List,"Projected Lineup, Premium Lineup Spot",13.8,30.9,58.1,90.4,50.0,32.0,50.0,,No,Yes,4,Yes,Yes,RotoWire projected lineup; MLB probable pitchers,lineup projected / unconfirmed,H:2026/2025 P:2026/2025,,,Direct BvP not yet weighted; 2026/2025 Statcast baseline active,7,7,21,0,Contact streak: 7/21 over last 7 games,"same-side matchup; pitcher baseline 6.9% barrel, 14.9 HR allowed",neutral batted-ball profile; pitcher fly-ball pressure modest,5.29,31.25,85.1,96.9544,0.3469,0.119,0.2839,69.07,10.2,45.92,21.74,16.9,0.1588,6.86,37.99,87.63,0.3691,0.1351,23.01,208 deg,Open-Meteo forecast; MLB fallback,https://forecast.weather.gov/MapClick.php?lat=29.7573&lon=-95.3555,61,3,90,Daikin Park,,,,,,,,,,,
120,663586,Austin Riley,ATL,NYM,2026-08-21T20:10:00Z,Scheduled,8,Jacob Misiorowski,694819,R,39.3,Longshot,Watch List,"Projected Lineup, Strong Barrel",54.2,17.4,43.1,47.9,50.0,12.0,23.0,50.0,No,Yes,8,Yes,Yes,RotoWire projected lineup; MLB probable pitchers,lineup projected / unconfirmed,H:2026/2025 P:2026/2025,,,Direct BvP not yet weighted; 2026/2025 Statcast baseline active,7,5,25,0,"Last 7 games: 5/25, 0 HR","same-side matchup; pitcher baseline 4.6% barrel, 11.5 HR allowed",neutral batted-ball profile; pitcher fly-ball pressure modest,13.31,47.33,91.6,103.0048,0.4209,0.1977,0.3104,75.83,58.94,39.87,31.08,15.3,0.1519,4.61,34.77,87.39,0.2747,0.0989,25.92,107 deg,Open-Meteo forecast; MLB fallback,https://forecast.weather.gov/MapClick.php?lat=43.0280&lon=-87.9712,49,0,72,American Family Field,,11.8,0.107,91,4,131,0,3,4.17,1,Volume but weak ISO
121,808982,Jung Hoo Lee,SF,BOS,2026-08-21T23:10:00Z,Scheduled,5,Sonny Gray,543243,R,39.3,Longshot,Watch List,"Projected Lineup, Platoon Edge",11.4,34.9,48.2,81.9,80.0,13.0,50.0,,No,Yes,5,Yes,Yes,RotoWire projected lineup; MLB probable pitchers,lineup projected / unconfirmed,H:2026/2025 P:2026/2025,,,Direct BvP not yet weighted; 2026/2025 Statcast baseline active,7,6,29,0,"Last 7 games: 6/29, 0 HR","platoon edge; pitcher baseline 7.2% barrel, 16.6 HR allowed",neutral batted-ball profile; pitcher fly-ball pressure modest,2.86,30.11,86.96,96.6452,0.3829,0.0975,0.3154,68.3,3.4,37.83,22.66,8.7,0.141,7.21,38.39,88.97,0.381,0.1341,22.99,278 deg,Open-Meteo forecast; MLB fallback,https://forecast.weather.gov/MapClick.php?lat=42.3467&lon=-71.0972,54,32,78,Fenway Park,,,,,,,,,,,
122,676356,Jonny DeLuca,TB,BAL,2026-08-21T23:15:00Z,Scheduled,6,Trevor Rogers,669432,L,39.2,Longshot,Watch List,"Projected Lineup, Platoon Edge",12.2,37.9,50.1,71.7,78.0,17.7,50.0,,No,Yes,6,Yes,Yes,RotoWire projected lineup; MLB probable pitchers,lineup projected / unconfirmed,H:2026/2025 P:2026/2025,,,Direct BvP not yet weighted; 2026/2025 Statcast baseline active,7,5,21,0,"Last 7 games: 5/21, 0 HR","platoon edge; pitcher baseline 7.2% barrel, 10.9 HR allowed",neutral batted-ball profile; pitcher fly-ball pressure modest,3.63,30.54,85.32,97.3601,0.3493,0.1019,0.2754,72.89,30.62,45.6,21.5,5.6,0.1566,7.25,41.96,89.28,0.3921,0.1496,24.53,360 deg,Open-Meteo forecast; MLB fallback,https://forecast.weather.gov/MapClick.php?lat=39.2840&lon=-76.6217,78,9,71,Oriole Park at Camden Yards,,,,,,,,,,,
123,686555,Isaac Collins,KC,DET,2026-08-22T00:10:00Z,Scheduled,6,Troy Melton,675512,R,39.2,Longshot,Watch List,"Projected Lineup, Platoon Edge",24.1,28.7,47.2,71.7,75.0,0.0,50.0,,No,Yes,6,Yes,Yes,RotoWire projected lineup; MLB probable pitchers,lineup projected / unconfirmed,H:2026/2025 P:2026/2025,,,Direct BvP not yet weighted; 2026/2025 Statcast baseline active,7,2,19,0,"Last 7 games: 2/19, 0 HR","switch hitter; pitcher baseline 6.2% barrel, 7.7 HR allowed",neutral batted-ball profile; pitcher fly-ball pressure modest,5.6,40.09,88.73,99.9985,0.3345,0.1004,0.3073,73.33,30.27,39.98,26.16,6.9,0.1298,6.22,39.19,88.77,0.3507,0.1351,25.19,47 deg,Open-Meteo forecast; MLB fallback,https://forecast.weather.gov/MapClick.php?lat=39.0517&lon=-94.4803,61,0,83,Kauffman Stadium,,,,,,,,,,,
124,622268,Donovan Walton,ATH,HOU,2026-08-22T00:10:00Z,Scheduled,8,Hayden Wesneski,669713,R,39.1,Longshot,Watch List,"Projected Lineup, Platoon Edge",14.4,42.1,58.1,47.9,80.0,23.7,50.0,,No,Yes,8,Yes,Yes,RotoWire projected lineup; MLB probable pitchers,lineup projected / unconfirmed,H:2026/2025 P:2026/2025,,,Direct BvP not yet weighted; 2026/2025 Statcast baseline active,7,5,18,0,"Last 7 games: 5/18, 0 HR","platoon edge; pitcher baseline 8.2% barrel, 3.5 HR allowed",neutral batted-ball profile; pitcher fly-ball pressure modest,3.01,34.0,89.1,97.6227,0.3555,0.097,0.3006,67.64,0.28,36.65,21.67,2.1,0.1078,8.19,42.03,89.56,0.4227,0.1627,27.47,208 deg,Open-Meteo forecast; MLB fallback,https://forecast.weather.gov/MapClick.php?lat=29.7573&lon=-95.3555,61,3,90,Daikin Park,,,,,,,,,,,
125,665750,Leody Taveras,BAL,TB,2026-08-21T23:15:00Z,Scheduled,7,Freddy Peralta,642547,R,38.8,Longshot,Watch List,"Projected Lineup, Platoon Edge",19.0,33.5,50.1,59.8,75.0,25.8,50.0,,No,Yes,7,Yes,Yes,RotoWire projected lineup; MLB probable pitchers,lineup projected / unconfirmed,H:2026/2025 P:2026/2025,,,Direct BvP not yet weighted; 2026/2025 Statcast baseline active,7,7,24,0,"Last 7 games: 7/24, 0 HR","switch hitter; pitcher baseline 7.1% barrel, 20.3 HR allowed",neutral batted-ball profile; pitcher fly-ball pressure modest,4.93,33.24,88.08,99.1547,0.3244,0.1124,0.2663,72.39,24.32,33.44,24.1,5.8,0.1242,7.06,37.93,88.0,0.3764,0.1452,27.85,360 deg,Open-Meteo forecast; MLB fallback,https://forecast.weather.gov/MapClick.php?lat=39.2840&lon=-76.6217,78,9,71,Oriole Park at Camden Yards,,,,,,,,,,,
126,805367,Chase Meidroth,CWS,NYM,2026-08-21T23:40:00Z,Scheduled,7,Sean Manaea,640455,L,38.8,Longshot,Watch List,"Projected Lineup, Platoon Edge",12.6,48.3,44.5,59.8,78.0,8.8,50.0,,No,Yes,7,Yes,Yes,RotoWire projected lineup; MLB probable pitchers,lineup projected / unconfirmed,H:2026/2025 P:2026/2025,,,Direct BvP not yet weighted; 2026/2025 Statcast baseline active,7,5,28,0,"Last 7 games: 5/28, 0 HR","platoon edge; pitcher baseline 9.3% barrel, 15.1 HR allowed",neutral batted-ball profile; pitcher fly-ball pressure modest,3.56,35.19,87.85,97.4114,0.333,0.0933,0.2951,67.19,1.32,38.47,19.28,9.9,0.1132,9.32,42.04,89.31,0.4199,0.1736,28.4,10 deg,Open-Meteo forecast; MLB fallback,https://forecast.weather.gov/MapClick.php?lat=41.8300&lon=-87.6338,77,0,69,Rate Field,,,,,,,,,,,
127,665926,Andres Gimenez,TOR,NYY,2026-08-21T23:05:00Z,Scheduled,6,Cam Schlittler,693645,R,38.6,Longshot,Watch List,"Projected Lineup, Platoon Edge",6.7,36.4,59.2,71.7,80.0,18.0,50.0,,No,Yes,6,Yes,Yes,RotoWire projected lineup; MLB probable pitchers,lineup projected / unconfirmed,H:2026/2025 P:2026/2025,,,Direct BvP not yet weighted; 2026/2025 Statcast baseline active,7,6,25,0,"Last 7 games: 6/25, 0 HR","platoon edge; pitcher baseline 8.1% barrel, 12.2 HR allowed",neutral batted-ball profile; pitcher fly-ball pressure modest,3.14,24.69,85.81,95.7821,0.3323,0.0957,0.2786,68.46,5.14,38.38,23.58,7.7,0.1128,8.13,40.13,88.58,0.3532,0.1372,27.02,21 deg,Open-Meteo forecast; MLB fallback,https://forecast.weather.gov/MapClick.php?lat=40.8296&lon=-73.9262,95,100,67,Yankee Stadium,,,,,,,,,,,
128,687401,Joey Ortiz,MIL,ATL,2026-08-21T20:10:00Z,Scheduled,6,Chris Sale,519242,L,38.5,Longshot,Watch List,"Projected Lineup, Platoon Edge, Hot Hitter/Streak",16.2,22.0,43.1,71.7,78.0,72.7,50.0,,No,Yes,6,Yes,Yes,RotoWire projected lineup; MLB probable pitchers,lineup projected / unconfirmed,H:2026/2025 P:2026/2025,,,Direct BvP not yet weighted; 2026/2025 Statcast baseline active,7,9,25,2,Hot streak: 2 HR in last 7 games,"platoon edge; pitcher baseline 5.8% barrel, 8.9 HR allowed",neutral batted-ball profile; pitcher fly-ball pressure modest,3.98,35.04,87.42,98.869,0.3375,0.0953,0.2925,72.79,28.96,32.19,20.52,7.0,0.1178,5.81,34.77,87.62,0.327,0.1094,25.69,107 deg,Open-Meteo forecast; MLB fallback,https://forecast.weather.gov/MapClick.php?lat=43.0280&lon=-87.9712,49,0,72,American Family Field,,,,,,,,,,,
129,699625,Jimmy Crooks,STL,PHI,2026-08-21T22:40:00Z,Scheduled,9,Jesús Luzardo,666200,L,38.5,Longshot,Watch List,Projected Lineup,40.0,21.4,64.8,40.2,50.0,0.0,50.0,,No,Yes,9,Yes,Yes,RotoWire projected lineup; MLB probable pitchers,lineup projected / unconfirmed,H:2026/2025 P:2026/2025,,,Direct BvP not yet weighted; 2026/2025 Statcast baseline active,7,2,21,0,"Last 7 games: 2/21, 0 HR","same-side matchup; pitcher baseline 6.1% barrel, 13.2 HR allowed",fly-ball profile; pitcher fly-ball pressure modest,8.57,44.55,90.72,100.5293,0.3554,0.1634,0.2643,71.8,17.94,34.97,39.83,3.1,0.1334,6.07,33.39,87.59,0.3193,0.106,22.29,353 deg,Open-Meteo forecast; MLB fallback,https://forecast.weather.gov/MapClick.php?lat=39.9061&lon=-75.1665,90,69,70,Citizens Bank Park,,,,,,,,,,,
130,665966,Carlos Narvaez,BAL,TB,2026-08-21T23:15:00Z,Scheduled,9,Freddy Peralta,642547,R,37.7,Longshot,Watch List,Projected Lineup,33.4,35.6,50.1,40.2,50.0,0.0,50.0,,No,Yes,9,Yes,Yes,RotoWire projected lineup; MLB probable pitchers,lineup projected / unconfirmed,H:2026/2025 P:2026/2025,,,Direct BvP not yet weighted; 2026/2025 Statcast baseline active,7,1,18,0,"Last 7 games: 1/18, 0 HR","same-side matchup; pitcher baseline 7.1% barrel, 20.3 HR allowed",neutral batted-ball profile; pitcher fly-ball pressure modest,7.91,40.12,91.1,100.2132,0.3383,0.134,0.2755,72.09,19.53,32.37,31.08,6.6,0.1045,7.06,37.93,88.0,0.3764,0.1452,27.85,360 deg,Open-Meteo forecast; MLB fallback,https://forecast.weather.gov/MapClick.php?lat=39.2840&lon=-76.6217,78,9,71,Oriole Park at Camden Yards,,,,,,,,,,,
131,694497,Evan Carter,TEX,LAA,2026-08-22T00:15:00Z,Scheduled,9,Reid Detmers,672282,L,37.3,Longshot,Watch List,Projected Lineup,21.6,40.4,60.6,40.2,50.0,13.3,50.0,,No,Yes,9,Yes,Yes,RotoWire projected lineup; MLB probable pitchers,lineup projected / unconfirmed,H:2026/2025 P:2026/2025,,,Direct BvP not yet weighted; 2026/2025 Statcast baseline active,7,5,24,0,"Last 7 games: 5/24, 0 HR","same-side matchup; pitcher baseline 8.3% barrel, 13.7 HR allowed",neutral batted-ball profile; pitcher fly-ball pressure modest,5.76,35.58,87.47,98.6386,0.3355,0.1218,0.2926,71.02,17.44,38.49,28.26,7.1,0.1324,8.27,39.58,90.03,0.363,0.1439,28.69,169 deg,Open-Meteo forecast; MLB fallback,https://forecast.weather.gov/MapClick.php?lat=32.7473&lon=-97.0842,26,0,103,Globe Life Field,,,,,,,,,,,
132,657041,Lane Thomas,ATL,NYM,2026-08-21T20:10:00Z,Scheduled,5,Jacob Misiorowski,694819,R,37.2,Longshot,Watch List,Projected Lineup,26.5,17.4,43.1,81.9,50.0,37.8,32.5,55.0,No,Yes,5,Yes,Yes,RotoWire projected lineup; MLB probable pitchers,lineup projected / unconfirmed,H:2026/2025 P:2026/2025,,,Direct BvP not yet weighted; 2026/2025 Statcast baseline active,7,3,12,1,"Last 7 games: 3/12, 1 HR","same-side matchup; pitcher baseline 4.6% barrel, 11.5 HR allowed",neutral batted-ball profile; pitcher fly-ball pressure modest,6.27,38.93,89.06,99.6064,0.3448,0.125,0.2948,72.56,23.61,41.98,24.95,8.9,0.1512,4.61,34.77,87.39,0.2747,0.0989,25.92,107 deg,Open-Meteo forecast; MLB fallback,https://forecast.weather.gov/MapClick.php?lat=43.0280&lon=-87.9712,49,0,72,American Family Field,,13.3,0.21,92,3,62,25,3,4.17,1,Moderate RHH sheet line
133,679845,Nick Loftin,KC,DET,2026-08-22T00:10:00Z,Scheduled,1,Troy Melton,675512,R,37.1,Longshot,Watch List,"Projected Lineup, Premium Lineup Spot",15.5,29.5,47.2,88.7,50.0,0.0,50.0,,No,Yes,1,Yes,Yes,RotoWire projected lineup; MLB probable pitchers,lineup projected / unconfirmed,H:2026/2025 P:2026/2025,,,Direct BvP not yet weighted; 2026/2025 Statcast baseline active,7,2,24,0,"Last 7 games: 2/24, 0 HR","same-side matchup; pitcher baseline 6.2% barrel, 7.7 HR allowed",neutral batted-ball profile; pitcher fly-ball pressure modest,4.62,29.52,87.29,96.799,0.3443,0.113,0.2975,69.12,5.73,45.06,27.66,4.7,0.1413,6.22,39.19,88.77,0.3507,0.1351,25.19,47 deg,Open-Meteo forecast; MLB fallback,https://forecast.weather.gov/MapClick.php?lat=39.0517&lon=-94.4803,61,0,83,Kauffman Stadium,,,,,,,,,,,
134,806367,Turner Hill,SF,BOS,2026-08-21T23:10:00Z,Scheduled,7,Sonny Gray,543243,R,36.9,Longshot,Watch List,"Projected Lineup, Platoon Edge",13.1,34.9,48.2,59.8,80.0,15.3,50.0,,No,Yes,7,Yes,Yes,RotoWire projected lineup; MLB probable pitchers,lineup projected / unconfirmed,H:2026 P:2026/2025,,,Direct BvP not yet weighted; 2026/2025 Statcast baseline active,4,2,9,0,"Last 4 games: 2/9, 0 HR","platoon edge; pitcher baseline 7.2% barrel, 16.6 HR allowed",neutral batted-ball profile; pitcher fly-ball pressure modest,0.0,33.3,86.5,96.3305,0.373,0.102,0.296,64.5,0.0,50.0,33.3,0.0,0.143,7.21,38.39,88.97,0.381,0.1341,22.99,278 deg,Open-Meteo forecast; MLB fallback,https://forecast.weather.gov/MapClick.php?lat=42.3467&lon=-71.0972,54,32,78,Fenway Park,,,,,,,,,,,
135,671976,Tristan Peters,CWS,NYM,2026-08-21T23:40:00Z,Scheduled,8,Sean Manaea,640455,L,36.9,Longshot,Watch List,Projected Lineup,11.2,48.3,44.5,47.9,50.0,57.5,50.0,,No,Yes,8,Yes,Yes,RotoWire projected lineup; MLB probable pitchers,lineup projected / unconfirmed,H:2026/2025 P:2026/2025,,,Direct BvP not yet weighted; 2026/2025 Statcast baseline active,7,8,21,1,Contact streak: 8/21 over last 7 games,"same-side matchup; pitcher baseline 9.3% barrel, 15.1 HR allowed",neutral batted-ball profile; pitcher fly-ball pressure modest,3.36,33.28,87.01,97.7553,0.3159,0.0952,0.2586,69.16,5.32,42.26,17.36,4.9,0.1085,9.32,42.04,89.31,0.4199,0.1736,28.4,10 deg,Open-Meteo forecast; MLB fallback,https://forecast.weather.gov/MapClick.php?lat=41.8300&lon=-87.6338,77,0,69,Rate Field,,,,,,,,,,,
136,691011,Drew Romo,CWS,NYM,2026-08-21T23:40:00Z,Scheduled,9,Sean Manaea,640455,L,36.6,Longshot,Watch List,"Projected Lineup, Platoon Edge",9.9,46.7,44.5,40.2,75.0,48.7,50.0,,No,Yes,9,Yes,Yes,RotoWire projected lineup; MLB probable pitchers,lineup projected / unconfirmed,H:2026/2025 P:2026/2025,,,Direct BvP not yet weighted; 2026/2025 Statcast baseline active,7,4,20,2,Hot streak: 2 HR in last 7 games,"switch hitter; pitcher baseline 9.3% barrel, 15.1 HR allowed",neutral batted-ball profile; pitcher fly-ball pressure modest,6.8,25.6,83.8,95.0568,0.2037,0.0777,0.1722,68.49,3.64,37.6,33.3,4.9,0.1155,9.32,42.04,89.31,0.4199,0.1736,28.4,10 deg,Open-Meteo forecast; MLB fallback,https://forecast.weather.gov/MapClick.php?lat=41.8300&lon=-87.6338,77,0,69,Rate Field,,,,,,,,,,,
137,645277,Ozzie Albies,ATL,MIL,2026-08-21T20:10:00Z,Scheduled,4,Jacob Misiorowski,694819,R,36.5,Longshot,Watch List,"Projected Lineup, Premium Lineup Spot, Platoon Edge",17.1,16.1,43.1,90.4,75.0,6.0,50.0,,No,Yes,4,Yes,Yes,RotoWire projected lineup; MLB probable pitchers,lineup projected / unconfirmed,H:2026/2025 P:2026/2025,,,Direct BvP not yet weighted; 2026/2025 Statcast baseline active,7,4,25,0,"Last 7 games: 4/25, 0 HR","switch hitter; pitcher baseline 4.6% barrel, 11.5 HR allowed",neutral batted-ball profile; pitcher fly-ball pressure modest,4.48,29.09,87.08,96.7345,0.3611,0.1272,0.2892,68.86,6.02,46.42,32.32,18.8,0.1572,4.61,34.77,87.39,0.2747,0.0989,25.92,107 deg,Open-Meteo forecast; MLB fallback,https://forecast.weather.gov/MapClick.php?lat=43.0280&lon=-87.9712,49,0,72,American Family Field,,,,,,,,,,,
138,680700,Richie Palacios,TB,BAL,2026-08-21T23:15:00Z,Scheduled,7,Trevor Rogers,669432,L,36.4,Longshot,Watch List,Projected Lineup,14.9,37.9,50.1,59.8,50.0,22.9,50.0,,No,Yes,7,Yes,Yes,RotoWire projected lineup; MLB probable pitchers,lineup projected / unconfirmed,H:2026/2025 P:2026/2025,,,Direct BvP not yet weighted; 2026/2025 Statcast baseline active,7,6,22,0,"Last 7 games: 6/22, 0 HR","same-side matchup; pitcher baseline 7.2% barrel, 10.9 HR allowed",neutral batted-ball profile; pitcher fly-ball pressure modest,4.43,32.62,87.31,96.9759,0.3695,0.1011,0.3264,68.77,3.38,35.34,21.19,3.8,0.1176,7.25,41.96,89.28,0.3921,0.1496,24.53,360 deg,Open-Meteo forecast; MLB fallback,https://forecast.weather.gov/MapClick.php?lat=39.2840&lon=-76.6217,78,9,71,Oriole Park at Camden Yards,,,,,,,,,,,
139,802415,Chandler Simpson,TB,BAL,2026-08-21T23:15:00Z,Scheduled,1,Trevor Rogers,669432,L,36.3,Longshot,Watch List,"Projected Lineup, Premium Lineup Spot",0.3,37.9,50.1,88.7,50.0,32.0,50.0,,No,Yes,1,Yes,Yes,RotoWire projected lineup; MLB probable pitchers,lineup projected / unconfirmed,H:2026/2025 P:2026/2025,,,Direct BvP not yet weighted; 2026/2025 Statcast baseline active,7,10,30,0,Contact streak: 10/30 over last 7 games,"same-side matchup; pitcher baseline 7.2% barrel, 10.9 HR allowed",neutral batted-ball profile; pitcher fly-ball pressure modest,0.0,14.71,84.02,92.9206,0.3087,0.0389,0.2739,64.66,0.51,27.57,12.79,0.0,0.0549,7.25,41.96,89.28,0.3921,0.1496,24.53,360 deg,Open-Meteo forecast; MLB fallback,https://forecast.weather.gov/MapClick.php?lat=39.2840&lon=-76.6217,78,9,71,Oriole Park at Camden Yards,,,,,,,,,,,
140,699302,Hector Rodriguez,CIN,AZ,2026-08-22T01:40:00Z,Scheduled,8,Eduardo Rodriguez,593958,L,36.2,Longshot,Watch List,Projected Lineup,15.8,41.7,61.2,47.9,50.0,0.0,50.0,,No,Yes,8,Yes,Yes,RotoWire projected lineup; MLB probable pitchers,lineup projected / unconfirmed,H:2026 P:2026/2025,,,Direct BvP not yet weighted; 2026/2025 Statcast baseline active,7,2,21,0,"Last 7 games: 2/21, 0 HR","same-side matchup; pitcher baseline 8.3% barrel, 17.3 HR allowed",neutral batted-ball profile; pitcher fly-ball pressure modest,4.3,30.4,88.1,97.2864,0.202,0.039,0.207,75.1,50.8,39.1,26.1,0.0,0.032,8.27,35.2,87.99,0.4391,0.1755,27.4,264 deg,Open-Meteo forecast; MLB fallback,https://forecast.weather.gov/MapClick.php?lat=33.4455&lon=-112.0667,24,0,105,Chase Field,,,,,,,,,,,
141,701675,Nathan Church,STL,PHI,2026-08-21T22:40:00Z,Scheduled,6,Jesús Luzardo,666200,L,36.0,Longshot,Watch List,Projected Lineup,16.3,21.4,64.8,71.7,50.0,8.5,50.0,,No,Yes,6,Yes,Yes,RotoWire projected lineup; MLB probable pitchers,lineup projected / unconfirmed,H:2026/2025 P:2026/2025,,,Direct BvP not yet weighted; 2026/2025 Statcast baseline active,7,3,17,0,"Last 7 games: 3/17, 0 HR","same-side matchup; pitcher baseline 6.1% barrel, 13.2 HR allowed",neutral batted-ball profile; pitcher fly-ball pressure modest,5.27,33.73,86.9,97.7774,0.3357,0.1095,0.2736,69.6,8.69,34.64,21.53,6.6,0.1053,6.07,33.39,87.59,0.3193,0.106,22.29,353 deg,Open-Meteo forecast; MLB fallback,https://forecast.weather.gov/MapClick.php?lat=39.9061&lon=-75.1665,90,69,70,Citizens Bank Park,,,,,,,,,,,
142,664770,Nathan Lukes,TOR,NYY,2026-08-21T23:05:00Z,Scheduled,9,Cam Schlittler,693645,R,35.3,Longshot,Watch List,"Projected Lineup, Platoon Edge",9.1,36.4,59.2,40.2,80.0,25.3,50.0,,No,Yes,9,Yes,Yes,RotoWire projected lineup; MLB probable pitchers,lineup projected / unconfirmed,H:2026/2025 P:2026/2025,,,Direct BvP not yet weighted; 2026/2025 Statcast baseline active,7,4,24,1,"Last 7 games: 4/24, 1 HR","platoon edge; pitcher baseline 8.1% barrel, 12.2 HR allowed",neutral batted-ball profile; pitcher fly-ball pressure modest,2.49,29.72,87.06,96.6983,0.3493,0.0931,0.294,67.3,3.97,33.03,20.53,7.8,0.1128,8.13,40.13,88.58,0.3532,0.1372,27.02,21 deg,Open-Meteo forecast; MLB fallback,https://forecast.weather.gov/MapClick.php?lat=40.8296&lon=-73.9262,95,100,67,Yankee Stadium,,,,,,,,,,,
143,676391,Ernie Clement,TOR,NYY,2026-08-21T23:05:00Z,Scheduled,7,Cam Schlittler,693645,R,35.1,Longshot,Watch List,Projected Lineup,5.5,36.4,59.2,59.8,50.0,36.5,50.0,,No,Yes,7,Yes,Yes,RotoWire projected lineup; MLB probable pitchers,lineup projected / unconfirmed,H:2026/2025 P:2026/2025,,,Direct BvP not yet weighted; 2026/2025 Statcast baseline active,7,8,22,0,Contact streak: 8/22 over last 7 games,"same-side matchup; pitcher baseline 8.1% barrel, 12.2 HR allowed",neutral batted-ball profile; pitcher fly-ball pressure modest,2.33,22.22,85.13,94.7383,0.3408,0.0874,0.2743,67.46,2.82,41.85,27.83,9.0,0.1203,8.13,40.13,88.58,0.3532,0.1372,27.02,21 deg,Open-Meteo forecast; MLB fallback,https://forecast.weather.gov/MapClick.php?lat=40.8296&lon=-73.9262,95,100,67,Yankee Stadium,,,,,,,,,,,
144,683083,Nasim Nunez,WSH,MIA,2026-08-21T23:10:00Z,Scheduled,8,Ryan Gusto,687473,R,34.9,Longshot,Watch List,"Projected Lineup, Platoon Edge",5.5,47.4,49.0,47.9,75.0,5.1,50.0,,No,Yes,8,Yes,Yes,RotoWire projected lineup; MLB probable pitchers,lineup projected / unconfirmed,H:2026/2025 P:2026/2025,,,Direct BvP not yet weighted; 2026/2025 Statcast baseline active,7,4,26,0,"Last 7 games: 4/26, 0 HR","switch hitter; pitcher baseline 8.9% barrel, 10.7 HR allowed",neutral batted-ball profile; pitcher fly-ball pressure modest,1.69,28.06,86.08,96.1176,0.2991,0.072,0.2771,68.74,4.77,31.22,19.03,1.9,0.0762,8.94,44.65,90.39,0.4257,0.1669,26.68,180 deg,Open-Meteo forecast; MLB fallback,https://forecast.weather.gov/MapClick.php?lat=25.7781&lon=-80.2197,82,13,84,loanDepot park,,,,,,,,,,,
145,623168,Tyler Heineman,LAA,TEX,2026-08-22T00:15:00Z,Scheduled,8,MacKenzie Gore,669022,L,34.9,Longshot,Watch List,"Projected Lineup, Platoon Edge",0.3,44.5,60.6,47.9,75.0,17.3,50.0,,No,Yes,8,Yes,Yes,RotoWire projected lineup; MLB probable pitchers,lineup projected / unconfirmed,H:2026/2025 P:2026/2025,,,Direct BvP not yet weighted; 2026/2025 Statcast baseline active,7,4,17,0,"Last 7 games: 4/17, 0 HR","switch hitter; pitcher baseline 9.3% barrel, 18.6 HR allowed",neutral batted-ball profile; pitcher fly-ball pressure modest,1.59,15.68,82.37,92.7802,0.279,0.0566,0.2562,65.75,0.21,45.04,21.47,1.6,0.0752,9.34,42.63,89.42,0.3891,0.1509,27.79,169 deg,Open-Meteo forecast; MLB fallback,https://forecast.weather.gov/MapClick.php?lat=32.7473&lon=-97.0842,26,0,103,Globe Life Field,,,,,,,,,,,
146,663494,Bryan Torres,STL,PHI,2026-08-21T22:40:00Z,Scheduled,7,Jesús Luzardo,666200,L,34.6,Longshot,Watch List,Projected Lineup,14.7,21.4,64.8,59.8,50.0,23.7,50.0,,No,Yes,7,Yes,Yes,RotoWire projected lineup; MLB probable pitchers,lineup projected / unconfirmed,H:2026 P:2026/2025,,,Direct BvP not yet weighted; 2026/2025 Statcast baseline active,7,5,18,0,"Last 7 games: 5/18, 0 HR","same-side matchup; pitcher baseline 6.1% barrel, 13.2 HR allowed",neutral batted-ball profile; pitcher fly-ball pressure modest,4.7,29.5,87.3,96.3015,0.367,0.13,0.293,66.0,1.0,47.7,22.7,4.0,0.153,6.07,33.39,87.59,0.3193,0.106,22.29,353 deg,Open-Meteo forecast; MLB fallback,https://forecast.weather.gov/MapClick.php?lat=39.9061&lon=-75.1665,90,69,70,Citizens Bank Park,,,,,,,,,,,
147,624428,Adam Frazier,LAA,TEX,2026-08-22T00:15:00Z,Scheduled,9,MacKenzie Gore,669022,L,34.3,Longshot,Watch List,Projected Lineup,2.3,46.5,60.6,40.2,50.0,45.0,50.0,,No,Yes,9,Yes,Yes,RotoWire projected lineup; MLB probable pitchers,lineup projected / unconfirmed,H:2026/2025 P:2026/2025,,,Direct BvP not yet weighted; 2026/2025 Statcast baseline active,7,8,18,0,Contact streak: 8/18 over last 7 games,"same-side matchup; pitcher baseline 9.3% barrel, 18.6 HR allowed",neutral batted-ball profile; pitcher fly-ball pressure modest,1.58,17.31,85.02,94.0296,0.2798,0.0711,0.2531,65.52,1.88,41.25,25.17,2.8,0.1078,9.34,42.63,89.42,0.3891,0.1509,27.79,169 deg,Open-Meteo forecast; MLB fallback,https://forecast.weather.gov/MapClick.php?lat=32.7473&lon=-97.0842,26,0,103,Globe Life Field,,,,,,,,,,,
148,683227,Cody Freeman,TEX,LAA,2026-08-22T00:15:00Z,Scheduled,8,Reid Detmers,672282,L,34.1,Longshot,Watch List,"Projected Lineup, Platoon Edge",0.1,40.4,60.6,47.9,78.0,16.6,50.0,,No,Yes,8,Yes,Yes,RotoWire projected lineup; MLB probable pitchers,lineup projected / unconfirmed,H:2026/2025 P:2026/2025,,,Direct BvP not yet weighted; 2026/2025 Statcast baseline active,7,3,13,0,"Last 7 games: 3/13, 0 HR","platoon edge; pitcher baseline 8.3% barrel, 13.7 HR allowed",neutral batted-ball profile; pitcher fly-ball pressure modest,1.26,18.24,82.45,92.8566,0.207,0.0394,0.2101,66.11,0.45,40.06,19.58,0.9,0.0342,8.27,39.58,90.03,0.363,0.1439,28.69,169 deg,Open-Meteo forecast; MLB fallback,https://forecast.weather.gov/MapClick.php?lat=32.7473&lon=-97.0842,26,0,103,Globe Life Field,,,,,,,,,,,
149,663743,Nick Fortes,TB,BAL,2026-08-21T23:15:00Z,Scheduled,9,Trevor Rogers,669432,L,34.0,Longshot,Watch List,"Projected Lineup, Platoon Edge",12.7,37.9,50.1,40.2,78.0,0.0,50.0,,No,Yes,9,Yes,Yes,RotoWire projected lineup; MLB probable pitchers,lineup projected / unconfirmed,H:2026/2025 P:2026/2025,,,Direct BvP not yet weighted; 2026/2025 Statcast baseline active,7,1,13,0,"Last 7 games: 1/13, 0 HR","platoon edge; pitcher baseline 7.2% barrel, 10.9 HR allowed",neutral batted-ball profile; pitcher fly-ball pressure modest,2.99,35.87,85.89,99.0051,0.3374,0.0944,0.2819,72.21,20.94,50.63,17.94,4.3,0.1081,7.25,41.96,89.28,0.3921,0.1496,24.53,360 deg,Open-Meteo forecast; MLB fallback,https://forecast.weather.gov/MapClick.php?lat=39.2840&lon=-76.6217,78,9,71,Oriole Park at Camden Yards,,,,,,,,,,,
150,800325,Luis Lara,MIL,ATL,2026-08-21T20:10:00Z,Scheduled,9,Chris Sale,519242,L,33.9,Longshot,Watch List,"Projected Lineup, Platoon Edge",23.1,21.1,43.1,40.2,75.0,34.9,50.0,,No,Yes,9,Yes,Yes,RotoWire projected lineup; MLB probable pitchers,lineup projected / unconfirmed,H:2026 P:2026/2025,,,Direct BvP not yet weighted; 2026/2025 Statcast baseline active,7,6,26,1,"Last 7 games: 6/26, 1 HR","switch hitter; pitcher baseline 5.8% barrel, 8.9 HR allowed",neutral batted-ball profile; pitcher fly-ball pressure modest,5.3,42.1,89.1,98.993,0.37,0.093,0.325,71.3,17.0,32.9,19.7,1.0,0.116,5.81,34.77,87.62,0.327,0.1094,25.69,107 deg,Open-Meteo forecast; MLB fallback,https://forecast.weather.gov/MapClick.php?lat=43.0280&lon=-87.9712,49,0,72,American Family Field,,,,,,,,,,,
151,676609,Jose Caballero,NYY,TOR,2026-08-21T23:05:00Z,Scheduled,9,,,,33.5,Longshot,Watch List,Projected Lineup,8.9,41.2,59.2,40.2,60.0,0.0,50.0,,No,Yes,9,Yes,Yes,RotoWire projected lineup; MLB probable pitchers,lineup projected / unconfirmed,H:2026/2025 P:,,,Direct BvP not yet weighted; 2026/2025 Statcast baseline active,7,1,12,0,"Last 7 games: 1/12, 0 HR","handedness incomplete; pitcher baseline 0.0% barrel, 0.0 HR allowed",neutral batted-ball profile; pitcher fly-ball pressure modest,4.64,26.61,84.46,96.415,0.3383,0.1115,0.2871,68.82,8.05,41.95,21.1,9.9,0.1355,,,,,,,21 deg,Open-Meteo forecast; MLB fallback,https://forecast.weather.gov/MapClick.php?lat=40.8296&lon=-73.9262,95,100,67,Yankee Stadium,,,,,,,,,,,
152,701852,Drew Cavanaugh,SF,BOS,2026-08-21T23:10:00Z,Scheduled,8,Sonny Gray,543243,R,33.4,Longshot,Watch List,"Projected Lineup, Platoon Edge",7.2,34.9,48.2,47.9,80.0,14.6,50.0,,No,Yes,8,Yes,Yes,RotoWire projected lineup; MLB probable pitchers,lineup projected / unconfirmed,H:2026 P:2026/2025,,,Direct BvP not yet weighted; 2026/2025 Statcast baseline active,7,5,23,0,"Last 7 games: 5/23, 0 HR","platoon edge; pitcher baseline 7.2% barrel, 16.6 HR allowed",neutral batted-ball profile; pitcher fly-ball pressure modest,3.4,26.7,84.6,97.7542,0.355,0.104,0.325,69.2,4.1,23.3,20.0,0.0,0.012,7.21,38.39,88.97,0.381,0.1341,22.99,278 deg,Open-Meteo forecast; MLB fallback,https://forecast.weather.gov/MapClick.php?lat=42.3467&lon=-71.0972,54,32,78,Fenway Park,,,,,,,,,,,
153,664702,Myles Straw,TOR,NYY,2026-08-21T23:05:00Z,Scheduled,8,Cam Schlittler,693645,R,32.7,Longshot,Watch List,Projected Lineup,9.0,36.4,59.2,47.9,50.0,0.0,50.0,,No,Yes,8,Yes,Yes,RotoWire projected lineup; MLB probable pitchers,lineup projected / unconfirmed,H:2026/2025 P:2026/2025,,,Direct BvP not yet weighted; 2026/2025 Statcast baseline active,7,0,12,0,"Last 7 games: 0/12, 0 HR","same-side matchup; pitcher baseline 8.1% barrel, 12.2 HR allowed",neutral batted-ball profile; pitcher fly-ball pressure modest,3.34,25.63,86.01,95.6997,0.3545,0.1011,0.2929,68.19,5.38,35.94,26.83,3.3,0.1085,8.13,40.13,88.58,0.3532,0.1372,27.02,21 deg,Open-Meteo forecast; MLB fallback,https://forecast.weather.gov/MapClick.php?lat=40.8296&lon=-73.9262,95,100,67,Yankee Stadium,,,,,,,,,,,
154,683766,Christian Koss,SF,BOS,2026-08-21T23:10:00Z,Scheduled,9,Sonny Gray,543243,R,32.5,Longshot,Watch List,Projected Lineup,14.5,34.9,48.2,40.2,50.0,21.1,50.0,,No,Yes,9,Yes,Yes,RotoWire projected lineup; MLB probable pitchers,lineup projected / unconfirmed,H:2026/2025 P:2026/2025,,,Direct BvP not yet weighted; 2026/2025 Statcast baseline active,7,6,23,0,"Last 7 games: 6/23, 0 HR","same-side matchup; pitcher baseline 7.2% barrel, 16.6 HR allowed",neutral batted-ball profile; pitcher fly-ball pressure modest,6.35,30.87,85.78,97.7012,0.3285,0.0991,0.2599,69.79,5.16,38.72,22.41,0.9,0.0634,7.21,38.39,88.97,0.381,0.1341,22.99,278 deg,Open-Meteo forecast; MLB fallback,https://forecast.weather.gov/MapClick.php?lat=42.3467&lon=-71.0972,54,32,78,Fenway Park,,,,,,,,,,,
155,686475,Tyler Tolbert,KC,DET,2026-08-22T00:10:00Z,Scheduled,7,Troy Melton,675512,R,32.0,Longshot,Watch List,Projected Lineup,9.5,29.5,47.2,59.8,50.0,16.6,50.0,,No,Yes,7,Yes,Yes,RotoWire projected lineup; MLB probable pitchers,lineup projected / unconfirmed,H:2026/2025 P:2026/2025,,,Direct BvP not yet weighted; 2026/2025 Statcast baseline active,7,3,13,0,"Last 7 games: 3/13, 0 HR","same-side matchup; pitcher baseline 6.2% barrel, 7.7 HR allowed",neutral batted-ball profile; pitcher fly-ball pressure modest,3.31,31.03,86.27,97.0737,0.343,0.0802,0.313,69.39,3.44,35.76,22.35,2.4,0.1315,6.22,39.19,88.77,0.3507,0.1351,25.19,47 deg,Open-Meteo forecast; MLB fallback,https://forecast.weather.gov/MapClick.php?lat=39.0517&lon=-94.4803,61,0,83,Kauffman Stadium,,,,,,,,,,,
156,543877,Christian Vazquez,HOU,ATH,2026-08-22T00:10:00Z,Scheduled,9,J.T. Ginn,669372,R,31.3,Longshot,Watch List,Projected Lineup,4.0,30.9,58.1,40.2,50.0,54.0,50.0,,No,Yes,9,Yes,Yes,RotoWire projected lineup; MLB probable pitchers,lineup projected / unconfirmed,H:2026/2025 P:2026/2025,,,Direct BvP not yet weighted; 2026/2025 Statcast baseline active,7,4,17,2,Hot streak: 2 HR in last 7 games,"same-side matchup; pitcher baseline 6.9% barrel, 14.9 HR allowed",neutral batted-ball profile; pitcher fly-ball pressure modest,2.75,24.88,85.97,95.6723,0.2881,0.0851,0.2514,66.02,1.01,34.28,25.96,5.8,0.1186,6.86,37.99,87.63,0.3691,0.1351,23.01,208 deg,Open-Meteo forecast; MLB fallback,https://forecast.weather.gov/MapClick.php?lat=29.7573&lon=-95.3555,61,3,90,Daikin Park,,,,,,,,,,,
157,687231,Darell Hernaiz,ATH,HOU,2026-08-22T00:10:00Z,Scheduled,9,Hayden Wesneski,669713,R,31.2,Longshot,Watch List,Projected Lineup,4.1,42.1,58.1,40.2,50.0,0.0,50.0,,No,Yes,9,Yes,Yes,RotoWire projected lineup; MLB probable pitchers,lineup projected / unconfirmed,H:2026/2025 P:2026/2025,,,Direct BvP not yet weighted; 2026/2025 Statcast baseline active,7,2,19,0,"Last 7 games: 2/19, 0 HR","same-side matchup; pitcher baseline 8.2% barrel, 3.5 HR allowed",neutral batted-ball profile; pitcher fly-ball pressure modest,1.66,27.58,84.79,96.112,0.2971,0.0677,0.2756,68.9,6.29,28.75,21.72,1.3,0.0561,8.19,42.03,89.56,0.4227,0.1627,27.47,208 deg,Open-Meteo forecast; MLB fallback,https://forecast.weather.gov/MapClick.php?lat=29.7573&lon=-95.3555,61,3,90,Daikin Park,,,,,,,,,,,
158,669397,Nick Allen,HOU,ATH,2026-08-22T00:10:00Z,Scheduled,8,J.T. Ginn,669372,R,31.2,Longshot,Watch List,Projected Lineup,2.5,30.9,58.1,47.9,50.0,40.3,50.0,,No,Yes,8,Yes,Yes,RotoWire projected lineup; MLB probable pitchers,lineup projected / unconfirmed,H:2026/2025 P:2026/2025,,,Direct BvP not yet weighted; 2026/2025 Statcast baseline active,7,4,15,1,"Last 7 games: 4/15, 1 HR","same-side matchup; pitcher baseline 6.9% barrel, 14.9 HR allowed",neutral batted-ball profile; pitcher fly-ball pressure modest,1.54,24.54,85.08,95.6512,0.2614,0.0523,0.2373,67.51,0.83,35.88,21.55,1.4,0.0699,6.86,37.99,87.63,0.3691,0.1351,23.01,208 deg,Open-Meteo forecast; MLB fallback,https://forecast.weather.gov/MapClick.php?lat=29.7573&lon=-95.3555,61,3,90,Daikin Park,,,,,,,,,,,
159,571912,Luke Maile,KC,DET,2026-08-22T00:10:00Z,Scheduled,9,Troy Melton,675512,R,30.7,Longshot,Watch List,Projected Lineup,14.4,29.5,47.2,40.2,50.0,13.6,50.0,,No,Yes,9,Yes,Yes,RotoWire projected lineup; MLB probable pitchers,lineup projected / unconfirmed,H:2026/2025 P:2026/2025,,,Direct BvP not yet weighted; 2026/2025 Statcast baseline active,7,4,19,0,"Last 7 games: 4/19, 0 HR","same-side matchup; pitcher baseline 6.2% barrel, 7.7 HR allowed",neutral batted-ball profile; pitcher fly-ball pressure modest,7.34,29.73,84.85,96.3311,0.296,0.0962,0.2461,69.57,3.1,33.17,28.34,1.0,0.1673,6.22,39.19,88.77,0.3507,0.1351,25.19,47 deg,Open-Meteo forecast; MLB fallback,https://forecast.weather.gov/MapClick.php?lat=39.0517&lon=-94.4803,61,0,83,Kauffman Stadium,,,,,,,,,,,
160,666152,David Hamilton,MIL,ATL,2026-08-21T20:10:00Z,Scheduled,8,Chris Sale,519242,L,30.3,Longshot,Watch List,Projected Lineup,11.1,22.0,43.1,47.9,50.0,50.3,50.0,,No,Yes,8,Yes,Yes,RotoWire projected lineup; MLB probable pitchers,lineup projected / unconfirmed,H:2026/2025 P:2026/2025,,,Direct BvP not yet weighted; 2026/2025 Statcast baseline active,7,7,21,1,Contact streak: 7/21 over last 7 games,"same-side matchup; pitcher baseline 5.8% barrel, 8.9 HR allowed",neutral batted-ball profile; pitcher fly-ball pressure modest,4.53,27.73,86.53,96.7264,0.3029,0.0953,0.2656,69.73,6.94,33.92,25.81,4.6,0.1063,5.81,34.77,87.62,0.327,0.1094,25.69,107 deg,Open-Meteo forecast; MLB fallback,https://forecast.weather.gov/MapClick.php?lat=43.0280&lon=-87.9712,49,0,72,American Family Field,,,,,,,,,,,
161,643289,Mauricio Dubon,ATL,MIL,2026-08-21T20:10:00Z,Scheduled,7,Jacob Misiorowski,694819,R,28.9,Longshot,Watch List,Projected Lineup,10.6,17.4,43.1,59.8,50.0,14.6,50.0,,No,Yes,7,Yes,Yes,RotoWire projected lineup; MLB probable pitchers,lineup projected / unconfirmed,H:2026/2025 P:2026/2025,,,Direct BvP not yet weighted; 2026/2025 Statcast baseline active,7,5,23,0,"Last 7 games: 5/23, 0 HR","same-side matchup; pitcher baseline 4.6% barrel, 11.5 HR allowed",neutral batted-ball profile; pitcher fly-ball pressure modest,3.09,28.82,86.11,96.3025,0.3639,0.1029,0.2969,68.8,3.68,32.45,25.3,9.1,0.1231,4.61,34.77,87.39,0.2747,0.0989,25.92,107 deg,Open-Meteo forecast; MLB fallback,https://forecast.weather.gov/MapClick.php?lat=43.0280&lon=-87.9712,49,0,72,American Family Field,,,,,,,,,,,
162,669221,Sean Murphy,ATL,MIL,2026-08-21T20:10:00Z,Scheduled,9,Jacob Misiorowski,694819,R,25.6,Longshot,Watch List,Projected Lineup,10.1,17.4,43.1,40.2,50.0,7.0,50.0,,No,Yes,9,Yes,Yes,RotoWire projected lineup; MLB probable pitchers,lineup projected / unconfirmed,H:2026/2025 P:2026/2025,,,Direct BvP not yet weighted; 2026/2025 Statcast baseline active,7,4,24,0,"Last 7 games: 4/24, 0 HR","same-side matchup; pitcher baseline 4.6% barrel, 11.5 HR allowed",neutral batted-ball profile; pitcher fly-ball pressure modest,4.02,33.93,84.2,98.9426,0.2505,0.0838,0.1964,71.13,20.21,49.61,26.56,4.8,0.0833,4.61,34.77,87.39,0.2747,0.0989,25.92,107 deg,Open-Meteo forecast; MLB fallback,https://forecast.weather.gov/MapClick.php?lat=43.0280&lon=-87.9712,49,0,72,American Family Field,,,,,,,,,,,
