rank,hitter_id,player,team,opponent,game_start_time,game_status,batting_order,pitcher,pitcher_id,pitcher_hand,hr_score,tier,play_type,reason_tags,power_score,pitcher_score,environment_score,lineup_score,platoon_score,recent_form_score,sheet_score,sheet_carry_score,confirmed_lineup,rotowire_confirmed_lineup,rotowire_batting_order,rotowire_player_found,lineup_disagreement,lineup_sources_used,source_warnings,stat_years_used,bvp_pa,bvp_hr,bvp_note,recent_games,recent_hits,recent_abs,recent_hr,recent_form_note,split_matchup_note,pitch_mix_note,barrel_pct,hard_hit_pct,avg_exit_velocity,ev50,xslg,xiso,xwoba,bat_speed,fast_swing_pct,pull_pct,fb_pct,hr_total,iso,pitcher_barrel_pct_allowed,pitcher_hard_hit_pct_allowed,pitcher_avg_exit_velocity_allowed,pitcher_xslg_allowed,pitcher_xiso_allowed,pitcher_fb_pct_allowed,wind_direction,weather_source,weather_url,weather_humidity,weather_precip_pct,weather_temp,ballpark,odds,sheet_barrel_pct,sheet_iso,sheet_ev,sheet_pm_hr,sheet_pm_pa,sheet_pa_pct,sheet_hr_env,sheet_pitcher_split_barrel,sheet_pitcher_split_hr,sheet_note
1,670541,Yordan Alvarez,HOU,SF,2026-08-12T01:45:00Z,Pre-Game,2,Carson Whisenhunt,687931,L,69.3,Tier 3,Watch List,"Elite Power, Strong Barrel, Premium Lineup Spot",83.1,62.9,56.3,100.0,50.0,14.1,50.0,,Yes,Yes,2,Yes,No,MLB Stats API; RotoWire,,H:2026/2025 P:2026/2025,,,Direct BvP not yet weighted; 2026/2025 Statcast baseline active,7,6,28,0,"Last 7 games: 6/28, 0 HR","same-side matchup; pitcher baseline 10.8% barrel, 4.6 HR allowed",lift-pull EV profile; pitcher allows elevated contact,16.81,53.53,94.56,105.1407,0.6463,0.3287,0.4427,76.1,61.52,41.86,36.24,26.3,0.2592,10.75,48.6,90.72,0.5044,0.2242,30.32,Out To CF,Open-Meteo forecast; MLB fallback,https://forecast.weather.gov/MapClick.php?lat=37.7786&lon=-122.3893,78,0,66,Oracle Park,,,,,,,,,,,
2,660271,Shohei Ohtani,LAD,KC,2026-08-12T02:10:00Z,Pre-Game,1,Michael Wacha,608379,R,67.6,Tier 3,Watch List,"Projected Lineup, Elite Power, Strong Barrel, Premium Lineup Spot, Platoon Edge",80.6,37.1,67.1,88.7,80.0,66.9,50.0,,No,No,1,Yes,Yes,RotoWire projected lineup; MLB probable pitchers,lineup projected / unconfirmed,H:2026/2025 P:2026/2025,,,Direct BvP not yet weighted; 2026/2025 Statcast baseline active,7,9,28,2,Hot streak: 2 HR in last 7 games,"platoon edge; pitcher baseline 6.8% barrel, 16.4 HR allowed",lift-pull EV profile; pitcher fly-ball pressure modest,18.67,54.22,93.85,104.3589,0.5944,0.305,0.4131,74.96,52.45,47.05,32.41,34.7,0.277,6.84,36.28,88.2,0.4158,0.164,28.46,Out To RF,NOAA link only,https://forecast.weather.gov/MapClick.php?lat=34.0739&lon=-118.2400,,,79,UNIQLO Field at Dodger Stadium,,,,,,,,,,,
3,682998,Corbin Carroll,AZ,COL,2026-08-12T01:40:00Z,Pre-Game,2,Tomoyuki Sugano,608372,R,66.4,Tier 3,Watch List,"Strong Barrel, Pitcher Vulnerable, Premium Lineup Spot, Platoon Edge",56.1,73.9,61.2,100.0,80.0,10.8,50.0,,Yes,,,No,Yes,MLB Stats API; RotoWire,not found on RotoWire,H:2026/2025 P:2026/2025,,,Direct BvP not yet weighted; 2026/2025 Statcast baseline active,7,5,26,0,"Last 7 games: 5/26, 0 HR","platoon edge; pitcher baseline 13.2% barrel, 25.3 HR allowed",neutral batted-ball profile; pitcher allows elevated contact,12.61,49.13,91.75,102.4859,0.4653,0.2131,0.351,75.23,54.82,43.87,30.46,20.5,0.2421,13.2,42.67,90.56,0.5555,0.2497,30.21,None,Open-Meteo forecast; MLB fallback,https://forecast.weather.gov/MapClick.php?lat=33.4455&lon=-112.0667,24,1,106,Chase Field,,,,,,,,,,,
4,545361,Mike Trout,LAA,TEX,2026-08-12T01:38:00Z,Pre-Game,2,Cody Bradford,674003,L,64.8,Tier 3,Watch List,"Strong Barrel, Good Environment, Premium Lineup Spot, Platoon Edge",64.3,44.2,71.7,100.0,78.0,37.4,50.0,,Yes,Yes,2,Yes,No,MLB Stats API; RotoWire,,H:2026/2025 P:2026,,,Direct BvP not yet weighted; 2026/2025 Statcast baseline active,7,3,24,2,Hot streak: 2 HR in last 7 games,"platoon edge; pitcher baseline 7.7% barrel, 0.0 HR allowed",neutral batted-ball profile; pitcher allows elevated contact,16.78,48.25,90.48,103.2314,0.5006,0.2509,0.3804,74.7,49.1,38.19,33.1,21.8,0.2098,7.7,46.2,92.1,0.332,0.126,46.2,Out To CF,Open-Meteo forecast; MLB fallback,https://forecast.weather.gov/MapClick.php?lat=33.8003&lon=-117.8827,45,0,87,Angel Stadium,,,,,,,,,,,
5,656941,Kyle Schwarber,PHI,STL,2026-08-11T23:45:00Z,Pre-Game,1,Andre Pallante,669467,R,64.5,Tier 3,Watch List,"Elite Power, Strong Barrel, Premium Lineup Spot, Platoon Edge",77.9,27.0,64.6,93.2,80.0,66.7,47.5,68.0,Yes,Yes,1,Yes,No,MLB Stats API; RotoWire,,H:2026/2025 P:2026/2025,,,Direct BvP not yet weighted; 2026/2025 Statcast baseline active,7,8,25,2,Hot streak: 2 HR in last 7 games,"platoon edge; pitcher baseline 5.8% barrel, 13.3 HR allowed",lift-pull EV profile; pitcher fly-ball pressure modest,18.63,54.28,93.46,104.5536,0.525,0.2826,0.3814,77.16,75.14,54.77,33.53,41.3,0.2985,5.83,35.84,88.08,0.3796,0.1321,17.82,Out To LF,Open-Meteo forecast; MLB fallback,https://forecast.weather.gov/MapClick.php?lat=38.6226&lon=-90.1928,67,5,91,Busch Stadium,,14.1,0.216,94,9,139,25,6,4.88,2,Power volume; less clean pitcher split than Harper
6,606466,Ketel Marte,AZ,COL,2026-08-12T01:40:00Z,Pre-Game,4,Tomoyuki Sugano,608372,R,63.7,Tier 3,Watch List,"Strong Barrel, Pitcher Vulnerable, Premium Lineup Spot, Platoon Edge",49.5,72.6,61.2,94.9,75.0,26.4,50.0,,Yes,,,No,Yes,MLB Stats API; RotoWire,not found on RotoWire,H:2026/2025 P:2026/2025,,,Direct BvP not yet weighted; 2026/2025 Statcast baseline active,7,4,23,1,"Last 7 games: 4/23, 1 HR","switch hitter; pitcher baseline 13.2% barrel, 25.3 HR allowed",neutral batted-ball profile; pitcher allows elevated contact,11.19,43.92,90.31,102.2635,0.4885,0.2084,0.3613,74.67,45.58,49.47,27.92,22.4,0.206,13.2,42.67,90.56,0.5555,0.2497,30.21,None,Open-Meteo forecast; MLB fallback,https://forecast.weather.gov/MapClick.php?lat=33.4455&lon=-112.0667,24,1,106,Chase Field,,,,,,,,,,,
7,700250,Ben Rice,NYY,SEA,2026-08-11T23:05:00Z,Warmup,2,Bryan Woo,693433,R,63.5,Tier 3,Watch List,"Strong Barrel, Good Environment, Premium Lineup Spot, Platoon Edge",65.1,41.2,71.7,100.0,80.0,18.3,50.0,,Yes,Yes,2,Yes,No,MLB Stats API; RotoWire,,H:2026/2025 P:2026/2025,,,Direct BvP not yet weighted; 2026/2025 Statcast baseline active,7,2,25,1,"Last 7 games: 2/25, 1 HR","platoon edge; pitcher baseline 7.6% barrel, 16.9 HR allowed",EV profile; pitcher fly-ball pressure modest,15.54,50.29,92.39,102.5335,0.5243,0.2548,0.3791,72.91,28.15,46.36,29.97,30.2,0.2748,7.56,42.43,89.38,0.3828,0.1499,28.27,Out To LF,Open-Meteo forecast; MLB fallback,https://forecast.weather.gov/MapClick.php?lat=40.8296&lon=-73.9262,76,17,77,Yankee Stadium,,,,,,,,,,,
8,676369,Nelson Velázquez,HOU,SF,2026-08-12T01:45:00Z,Pre-Game,6,Carson Whisenhunt,687931,L,63.3,Tier 3,Watch List,"Strong Barrel, Platoon Edge",68.0,62.9,56.3,76.2,78.0,9.3,50.0,,Yes,Yes,6,Yes,No,MLB Stats API; RotoWire,,H:2026 P:2026/2025,,,Direct BvP not yet weighted; 2026/2025 Statcast baseline active,7,2,11,0,"Last 7 games: 2/11, 0 HR","platoon edge; pitcher baseline 10.8% barrel, 4.6 HR allowed",lift-pull EV profile; pitcher allows elevated contact,12.0,64.0,94.6,102.8232,0.515,0.25,0.363,74.8,54.8,48.0,34.0,4.0,0.216,10.75,48.6,90.72,0.5044,0.2242,30.32,Out To CF,Open-Meteo forecast; MLB fallback,https://forecast.weather.gov/MapClick.php?lat=37.7786&lon=-122.3893,78,0,66,Oracle Park,,,,,,,,,,,
9,808959,Munetaka Murakami,CWS,CIN,2026-08-11T23:40:00Z,Pre-Game,2,Nick Lodolo,666157,L,63.2,Tier 3,Watch List,"Elite Power, Strong Barrel, Premium Lineup Spot",82.4,44.4,33.5,100.0,50.0,44.5,50.0,,Yes,Yes,2,Yes,No,MLB Stats API; RotoWire,,H:2026 P:2026/2025,,,Direct BvP not yet weighted; 2026/2025 Statcast baseline active,7,5,29,2,Hot streak: 2 HR in last 7 games,"same-side matchup; pitcher baseline 8.1% barrel, 12.9 HR allowed",lift-pull EV profile; pitcher fly-ball pressure modest,20.6,58.9,94.1,104.714,0.505,0.287,0.365,74.8,50.6,42.3,40.0,26.0,0.302,8.13,38.96,89.92,0.4426,0.1708,25.91,In From CF,Open-Meteo forecast; MLB fallback,https://forecast.weather.gov/MapClick.php?lat=41.8300&lon=-87.6338,90,39,76,Rate Field,,,,,,,,,,,
10,608369,Corey Seager,TEX,LAA,2026-08-12T01:38:00Z,Pre-Game,3,Ryan Johnson,696270,R,63.2,Tier 3,Watch List,"Strong Barrel, Good Environment, Premium Lineup Spot, Platoon Edge",58.9,46.8,71.7,96.6,80.0,33.7,50.0,,Yes,Yes,3,Yes,No,MLB Stats API; RotoWire,,H:2026/2025 P:2026/2025,,,Direct BvP not yet weighted; 2026/2025 Statcast baseline active,7,6,27,1,"Last 7 games: 6/27, 1 HR","platoon edge; pitcher baseline 10.0% barrel, 10.3 HR allowed",neutral batted-ball profile; pitcher allows elevated contact,14.39,48.21,91.78,102.5152,0.4836,0.2364,0.3538,71.94,15.51,41.48,31.41,14.0,0.1922,9.97,36.07,87.26,0.4535,0.191,32.55,Out To CF,Open-Meteo forecast; MLB fallback,https://forecast.weather.gov/MapClick.php?lat=33.8003&lon=-117.8827,45,0,87,Angel Stadium,,,,,,,,,,,
11,621566,Matt Olson,ATL,NYM,2026-08-11T23:15:00Z,Warmup,3,Nolan McLean,690997,R,63.1,Tier 3,Watch List,"Strong Barrel, Premium Lineup Spot, Platoon Edge, Hot Hitter/Streak, Sheet Consensus",67.2,30.2,53.9,96.6,80.0,75.9,80.6,100.0,Yes,Yes,3,Yes,No,MLB Stats API; RotoWire,,H:2026/2025 P:2026/2025,,,Direct BvP not yet weighted; 2026/2025 Statcast baseline active,7,7,27,3,Hot streak: 3 HR in last 7 games,"platoon edge; pitcher baseline 7.3% barrel, 11.0 HR allowed",lift-pull EV profile; pitcher fly-ball pressure modest,15.24,51.41,92.88,103.9013,0.5088,0.2608,0.3607,74.53,47.47,38.21,32.57,32.5,0.2617,7.3,38.22,88.24,0.3514,0.1285,21.14,R To L,Open-Meteo forecast; MLB fallback,https://forecast.weather.gov/MapClick.php?lat=33.8907&lon=-84.4677,68,7,85,Truist Park,,22.7,0.398,96,11,103,37.5,3,3.3,6,Elite LHH power; weather only mild and possible delay
12,624413,Pete Alonso,BAL,MIN,2026-08-11T23:40:00Z,Pre-Game,2,Bailey Ober,641927,R,63.1,Tier 3,Watch List,"Strong Barrel, Premium Lineup Spot",71.9,50.6,41.1,100.0,50.0,59.1,50.0,,Yes,Yes,2,Yes,No,MLB Stats API; RotoWire,,H:2026/2025 P:2026/2025,,,Direct BvP not yet weighted; 2026/2025 Statcast baseline active,7,7,26,2,Hot streak: 2 HR in last 7 games,"same-side matchup; pitcher baseline 10.1% barrel, 18.8 HR allowed",EV profile; pitcher allows elevated contact,15.4,55.52,93.92,104.1686,0.5433,0.2682,0.3853,74.78,49.21,35.87,31.3,28.9,0.2282,10.06,34.9,88.62,0.4501,0.2,31.06,In From LF,Open-Meteo forecast; MLB fallback,https://forecast.weather.gov/MapClick.php?lat=44.9817&lon=-93.2776,47,0,84,Target Field,,,,,,,,,,,
13,691406,Junior Caminero,TB,ATH,2026-08-12T01:40:00Z,Pre-Game,4,Mason Barnett,686930,R,62.6,Tier 3,Watch List,"Projected Lineup, Strong Barrel, Good Environment, Premium Lineup Spot",64.5,47.1,78.4,90.4,50.0,68.0,14.4,48.0,No,No,4,Yes,Yes,RotoWire projected lineup; MLB probable pitchers,lineup projected / unconfirmed,H:2026/2025 P:2026/2025,,,Direct BvP not yet weighted; 2026/2025 Statcast baseline active,7,6,29,4,Hot streak: 4 HR in last 7 games,"same-side matchup; pitcher baseline 10.1% barrel, 6.5 HR allowed",EV profile; pitcher allows elevated contact,13.86,50.98,92.89,105.3473,0.5087,0.2411,0.3649,79.41,85.6,45.66,23.7,37.3,0.2717,10.1,39.56,89.2,0.4004,0.1726,33.23,Out To CF,Open-Meteo forecast; MLB fallback,https://forecast.weather.gov/MapClick.php?lat=38.5804&lon=-121.5139,24,0,93,Sutter Health Park,,0,0,0,0,0,0,37,0,0,Ballpark Pal top hitter 27.9%; best park/weather on slate
14,607043,Brandon Nimmo,TEX,LAA,2026-08-12T01:38:00Z,Pre-Game,4,Ryan Johnson,696270,R,62.5,Tier 3,Watch List,"Strong Barrel, Good Environment, Premium Lineup Spot, Platoon Edge, Hot Hitter/Streak",50.9,46.8,71.7,94.9,80.0,74.2,50.0,,Yes,Yes,4,Yes,No,MLB Stats API; RotoWire,,H:2026/2025 P:2026/2025,,,Direct BvP not yet weighted; 2026/2025 Statcast baseline active,7,10,27,2,Hot streak: 2 HR in last 7 games,"platoon edge; pitcher baseline 10.0% barrel, 10.3 HR allowed",EV profile; pitcher allows elevated contact,10.48,51.32,92.04,102.2003,0.4785,0.1978,0.3574,72.2,27.04,32.19,26.19,16.6,0.1726,9.97,36.07,87.26,0.4535,0.191,32.55,Out To CF,Open-Meteo forecast; MLB fallback,https://forecast.weather.gov/MapClick.php?lat=33.8003&lon=-117.8827,45,0,87,Angel Stadium,,,,,,,,,,,
15,666018,Jonathan Aranda,TB,ATH,2026-08-12T01:40:00Z,Pre-Game,2,Mason Barnett,686930,R,62.1,Tier 3,Watch List,"Projected Lineup, Strong Barrel, Good Environment, Premium Lineup Spot, Platoon Edge",48.8,47.1,78.4,95.5,80.0,58.4,50.0,,No,No,2,Yes,Yes,RotoWire projected lineup; MLB probable pitchers,lineup projected / unconfirmed,H:2026/2025 P:2026/2025,,,Direct BvP not yet weighted; 2026/2025 Statcast baseline active,7,12,31,1,Contact streak: 12/31 over last 7 games,"platoon edge; pitcher baseline 10.1% barrel, 6.5 HR allowed",neutral batted-ball profile; pitcher allows elevated contact,10.8,48.06,91.53,101.3732,0.4709,0.1974,0.3638,70.15,12.2,31.38,30.34,14.7,0.1555,10.1,39.56,89.2,0.4004,0.1726,33.23,Out To CF,Open-Meteo forecast; MLB fallback,https://forecast.weather.gov/MapClick.php?lat=38.5804&lon=-121.5139,24,0,93,Sutter Health Park,,,,,,,,,,,
16,663457,Lars Nootbaar,AZ,COL,2026-08-12T01:40:00Z,Pre-Game,1,Tomoyuki Sugano,608372,R,61.5,Tier 3,Watch List,"Pitcher Vulnerable, Premium Lineup Spot, Platoon Edge",44.2,73.9,61.2,93.2,80.0,6.0,50.0,,Yes,,,No,Yes,MLB Stats API; RotoWire,not found on RotoWire,H:2026/2025 P:2026/2025,,,Direct BvP not yet weighted; 2026/2025 Statcast baseline active,7,4,25,0,"Last 7 games: 4/25, 0 HR","platoon edge; pitcher baseline 13.2% barrel, 25.3 HR allowed",neutral batted-ball profile; pitcher allows elevated contact,9.22,49.51,91.58,101.533,0.4049,0.1697,0.3247,73.12,35.26,38.98,26.87,6.0,0.1165,13.2,42.67,90.56,0.5555,0.2497,30.21,None,Open-Meteo forecast; MLB fallback,https://forecast.weather.gov/MapClick.php?lat=33.4455&lon=-112.0667,24,1,106,Chase Field,,,,,,,,,,,
17,677594,Julio Rodríguez,SEA,NYY,2026-08-11T23:05:00Z,Warmup,3,Ryan Weathers,677960,L,61.2,Tier 3,Watch List,"Good Environment, Premium Lineup Spot, Platoon Edge, Hot Hitter/Streak",46.3,47.3,71.7,96.6,78.0,72.7,50.0,,Yes,Yes,3,Yes,No,MLB Stats API; RotoWire,,H:2026/2025 P:2026/2025,,,Direct BvP not yet weighted; 2026/2025 Statcast baseline active,7,9,25,2,Hot streak: 2 HR in last 7 games,"platoon edge; pitcher baseline 9.0% barrel, 14.0 HR allowed",neutral batted-ball profile; pitcher fly-ball pressure modest,9.1,44.43,90.47,102.7754,0.4727,0.1971,0.3489,76.61,67.06,38.21,26.19,22.2,0.1783,8.97,42.2,89.74,0.4243,0.175,25.2,Out To LF,Open-Meteo forecast; MLB fallback,https://forecast.weather.gov/MapClick.php?lat=40.8296&lon=-73.9262,76,17,77,Yankee Stadium,,,,,,,,,,,
18,641343,Jake Bauers,MIL,SD,2026-08-12T01:40:00Z,Pre-Game,4,Walker Buehler,621111,R,61.1,Tier 3,Watch List,"Strong Barrel, Premium Lineup Spot, Platoon Edge",61.5,43.8,47.6,94.9,80.0,62.4,50.0,,Yes,Yes,4,Yes,No,MLB Stats API; RotoWire,,H:2026/2025 P:2026/2025,,,Direct BvP not yet weighted; 2026/2025 Statcast baseline active,7,7,24,2,Hot streak: 2 HR in last 7 games,"platoon edge; pitcher baseline 8.8% barrel, 16.4 HR allowed",lift-pull EV profile; pitcher fly-ball pressure modest,13.91,51.2,92.47,103.1955,0.4731,0.2216,0.3638,76.64,71.61,41.11,30.54,16.8,0.2137,8.8,39.83,89.23,0.4185,0.1617,23.37,L To R,Open-Meteo forecast; MLB fallback,https://forecast.weather.gov/MapClick.php?lat=32.7073&lon=-117.1573,67,1,79,Petco Park,,,,,,,,,,,
19,686527,Dominic Canzone,SEA,NYY,2026-08-11T23:05:00Z,Warmup,4,Ryan Weathers,677960,L,59.3,Longshot,Watch List,"Strong Barrel, Good Environment, Premium Lineup Spot",58.5,47.3,71.7,94.9,50.0,8.8,50.0,,Yes,Yes,4,Yes,No,MLB Stats API; RotoWire,,H:2026/2025 P:2026/2025,,,Direct BvP not yet weighted; 2026/2025 Statcast baseline active,7,5,28,0,"Last 7 games: 5/28, 0 HR","same-side matchup; pitcher baseline 9.0% barrel, 14.0 HR allowed",neutral batted-ball profile; pitcher fly-ball pressure modest,13.73,46.97,91.88,102.7238,0.5113,0.2339,0.3669,74.22,44.09,40.39,26.79,15.9,0.2209,8.97,42.2,89.74,0.4243,0.175,25.2,Out To LF,Open-Meteo forecast; MLB fallback,https://forecast.weather.gov/MapClick.php?lat=40.8296&lon=-73.9262,76,17,77,Yankee Stadium,,,,,,,,,,,
20,592626,Joc Pederson,TEX,LAA,2026-08-12T01:38:00Z,Pre-Game,1,Ryan Johnson,696270,R,59.1,Longshot,Watch List,"Strong Barrel, Good Environment, Premium Lineup Spot, Platoon Edge",49.0,46.8,71.7,93.2,80.0,22.8,50.0,,Yes,Yes,1,Yes,No,MLB Stats API; RotoWire,,H:2026/2025 P:2026/2025,,,Direct BvP not yet weighted; 2026/2025 Statcast baseline active,7,3,20,1,"Last 7 games: 3/20, 1 HR","platoon edge; pitcher baseline 10.0% barrel, 10.3 HR allowed",neutral batted-ball profile; pitcher allows elevated contact,10.76,48.3,91.76,102.0016,0.4378,0.1943,0.3402,72.39,23.94,42.06,29.4,17.4,0.2205,9.97,36.07,87.26,0.4535,0.191,32.55,Out To CF,Open-Meteo forecast; MLB fallback,https://forecast.weather.gov/MapClick.php?lat=33.8003&lon=-117.8827,45,0,87,Angel Stadium,,,,,,,,,,,
21,663757,Trent Grisham,NYY,SEA,2026-08-11T23:05:00Z,Warmup,1,Bryan Woo,693433,R,58.9,Longshot,Watch List,"Strong Barrel, Good Environment, Premium Lineup Spot, Platoon Edge",48.3,41.2,71.7,93.2,80.0,49.7,50.0,,Yes,Yes,1,Yes,No,MLB Stats API; RotoWire,,H:2026/2025 P:2026/2025,,,Direct BvP not yet weighted; 2026/2025 Statcast baseline active,7,6,29,2,Hot streak: 2 HR in last 7 games,"platoon edge; pitcher baseline 7.6% barrel, 16.9 HR allowed",neutral batted-ball profile; pitcher fly-ball pressure modest,11.4,45.21,90.75,100.833,0.4574,0.2094,0.3497,70.65,8.88,46.68,30.42,19.3,0.1933,7.56,42.43,89.38,0.3828,0.1499,28.27,Out To LF,Open-Meteo forecast; MLB fallback,https://forecast.weather.gov/MapClick.php?lat=40.8296&lon=-73.9262,76,17,77,Yankee Stadium,,,,,,,,,,,
22,671277,Luis García Jr.,NYY,SEA,2026-08-11T23:05:00Z,Warmup,4,Bryan Woo,693433,R,58.5,Longshot,Watch List,"Strong Barrel, Good Environment, Premium Lineup Spot, Platoon Edge",49.5,41.2,71.7,94.9,80.0,29.2,50.0,,Yes,Yes,4,Yes,No,MLB Stats API; RotoWire,,H:2026/2025 P:2026/2025,,,Direct BvP not yet weighted; 2026/2025 Statcast baseline active,7,5,26,1,"Last 7 games: 5/26, 1 HR","platoon edge; pitcher baseline 7.6% barrel, 16.9 HR allowed",neutral batted-ball profile; pitcher fly-ball pressure modest,11.24,45.52,91.11,101.7574,0.4931,0.2079,0.3488,73.59,38.22,41.15,22.05,21.6,0.2384,7.56,42.43,89.38,0.3828,0.1499,28.27,Out To LF,Open-Meteo forecast; MLB fallback,https://forecast.weather.gov/MapClick.php?lat=40.8296&lon=-73.9262,76,17,77,Yankee Stadium,,,,,,,,,,,
23,694192,Jackson Chourio,MIL,SD,2026-08-12T01:40:00Z,Pre-Game,2,Walker Buehler,621111,R,58.4,Longshot,Watch List,"Strong Barrel, Premium Lineup Spot, Hot Hitter/Streak",53.5,43.8,47.6,100.0,50.0,91.0,50.0,,Yes,Yes,2,Yes,No,MLB Stats API; RotoWire,,H:2026/2025 P:2026/2025,,,Direct BvP not yet weighted; 2026/2025 Statcast baseline active,7,9,25,4,Hot streak: 4 HR in last 7 games,"same-side matchup; pitcher baseline 8.8% barrel, 16.4 HR allowed",neutral batted-ball profile; pitcher fly-ball pressure modest,12.71,46.43,91.4,102.1397,0.4673,0.2119,0.3336,74.32,44.52,31.15,27.24,18.2,0.2,8.8,39.83,89.23,0.4185,0.1617,23.37,L To R,Open-Meteo forecast; MLB fallback,https://forecast.weather.gov/MapClick.php?lat=32.7073&lon=-117.1573,67,1,79,Petco Park,,,,,,,,,,,
24,660670,Ronald Acuña Jr.,ATL,NYM,2026-08-11T23:15:00Z,Warmup,2,Nolan McLean,690997,R,58.0,Longshot,Watch List,"Strong Barrel, Premium Lineup Spot, Hot Hitter/Streak",61.8,30.2,53.9,100.0,50.0,77.0,50.0,,Yes,Yes,2,Yes,No,MLB Stats API; RotoWire,,H:2026/2025 P:2026/2025,,,Direct BvP not yet weighted; 2026/2025 Statcast baseline active,7,8,30,3,Hot streak: 3 HR in last 7 games,"same-side matchup; pitcher baseline 7.3% barrel, 11.0 HR allowed",neutral batted-ball profile; pitcher fly-ball pressure modest,14.44,48.3,91.09,102.9072,0.5119,0.2503,0.3844,76.05,63.09,36.86,28.37,14.7,0.2021,7.3,38.22,88.24,0.3514,0.1285,21.14,R To L,Open-Meteo forecast; MLB fallback,https://forecast.weather.gov/MapClick.php?lat=33.8907&lon=-84.4677,68,7,85,Truist Park,,,,,,,,,,,
25,672515,Gabriel Moreno,AZ,COL,2026-08-12T01:40:00Z,Pre-Game,3,Tomoyuki Sugano,608372,R,58.0,Longshot,Watch List,"Pitcher Vulnerable, Premium Lineup Spot",34.9,73.9,61.2,96.6,50.0,32.0,50.0,,Yes,,,No,Yes,MLB Stats API; RotoWire,not found on RotoWire,H:2026/2025 P:2026/2025,,,Direct BvP not yet weighted; 2026/2025 Statcast baseline active,7,9,27,0,Contact streak: 9/27 over last 7 games,"same-side matchup; pitcher baseline 13.2% barrel, 25.3 HR allowed",neutral batted-ball profile; pitcher allows elevated contact,6.96,42.56,89.56,99.5807,0.4537,0.1628,0.3635,71.32,19.58,36.06,25.4,8.3,0.1487,13.2,42.67,90.56,0.5555,0.2497,30.21,None,Open-Meteo forecast; MLB fallback,https://forecast.weather.gov/MapClick.php?lat=33.4455&lon=-112.0667,24,1,106,Chase Field,,,,,,,,,,,
26,691023,Jordan Walker,STL,PHI,2026-08-11T23:45:00Z,Pre-Game,3,Cristopher Sánchez,650911,L,57.9,Longshot,Watch List,"Strong Barrel, Premium Lineup Spot, Platoon Edge",55.6,33.3,64.6,96.6,78.0,51.9,32.9,55.0,Yes,Yes,3,Yes,No,MLB Stats API; RotoWire,,H:2026/2025 P:2026/2025,,,Direct BvP not yet weighted; 2026/2025 Statcast baseline active,7,11,32,1,Contact streak: 11/32 over last 7 games,"platoon edge; pitcher baseline 7.2% barrel, 12.7 HR allowed",EV profile; pitcher fly-ball pressure modest,12.58,48.32,92.58,104.7741,0.4498,0.1942,0.3319,78.87,83.05,38.59,23.42,17.9,0.1708,7.17,41.83,89.28,0.3569,0.1242,16.97,Out To LF,Open-Meteo forecast; MLB fallback,https://forecast.weather.gov/MapClick.php?lat=38.6226&lon=-90.1928,67,5,91,Busch Stadium,,10.9,0.144,91,9,264,0,6,7.62,6,Volume support but ISO modest
27,663728,Cal Raleigh,SEA,NYY,2026-08-11T23:05:00Z,Warmup,6,Ryan Weathers,677960,L,57.7,Longshot,Watch List,"Strong Barrel, Good Environment, Platoon Edge",54.9,45.8,71.7,76.2,75.0,19.1,50.0,,Yes,Yes,6,Yes,No,MLB Stats API; RotoWire,,H:2026/2025 P:2026/2025,,,Direct BvP not yet weighted; 2026/2025 Statcast baseline active,7,3,24,1,"Last 7 games: 3/24, 1 HR","switch hitter; pitcher baseline 9.0% barrel, 14.0 HR allowed",fly-ball profile; pitcher fly-ball pressure modest,15.02,38.89,89.62,100.7036,0.4252,0.2299,0.3178,75.06,52.88,53.8,41.87,26.4,0.202,8.97,42.2,89.74,0.4243,0.175,25.2,Out To LF,Open-Meteo forecast; MLB fallback,https://forecast.weather.gov/MapClick.php?lat=40.8296&lon=-73.9262,76,17,77,Yankee Stadium,,,,,,,,,,,
28,687263,Zach Neto,LAA,TEX,2026-08-12T01:38:00Z,Pre-Game,1,Cody Bradford,674003,L,57.7,Longshot,Watch List,"Strong Barrel, Good Environment, Premium Lineup Spot, Platoon Edge",47.4,44.2,71.7,93.2,78.0,19.1,50.0,,Yes,Yes,1,Yes,No,MLB Stats API; RotoWire,,H:2026/2025 P:2026,,,Direct BvP not yet weighted; 2026/2025 Statcast baseline active,7,4,32,1,"Last 7 games: 4/32, 1 HR","platoon edge; pitcher baseline 7.7% barrel, 0.0 HR allowed",fly-ball profile; pitcher allows elevated contact,12.46,41.91,89.88,100.1496,0.4208,0.2069,0.3118,71.26,13.41,46.99,35.38,21.8,0.1981,7.7,46.2,92.1,0.332,0.126,46.2,Out To CF,Open-Meteo forecast; MLB fallback,https://forecast.weather.gov/MapClick.php?lat=33.8003&lon=-117.8827,45,0,87,Angel Stadium,,,,,,,,,,,
29,676475,Alec Burleson,STL,PHI,2026-08-11T23:45:00Z,Pre-Game,4,Cristopher Sánchez,650911,L,57.6,Longshot,Watch List,"Strong Barrel, Premium Lineup Spot, Hot Hitter/Streak",53.8,33.3,64.6,94.9,50.0,80.8,58.7,89.0,Yes,Yes,4,Yes,No,MLB Stats API; RotoWire,,H:2026/2025 P:2026/2025,,,Direct BvP not yet weighted; 2026/2025 Statcast baseline active,7,7,24,4,Hot streak: 4 HR in last 7 games,"same-side matchup; pitcher baseline 7.2% barrel, 12.7 HR allowed",neutral batted-ball profile; pitcher fly-ball pressure modest,10.97,47.34,91.63,101.9356,0.5186,0.2298,0.373,73.14,32.88,44.17,27.82,18.7,0.1879,7.17,41.83,89.28,0.3569,0.1242,16.97,Out To LF,Open-Meteo forecast; MLB fallback,https://forecast.weather.gov/MapClick.php?lat=38.6226&lon=-90.1928,67,5,91,Busch Stadium,,18.3,0.244,94,8,123,27.3,6,6.35,9,"Strong LHH sheet, Busch heat/wind, Painter LHH split"
30,543510,James McCann,AZ,COL,2026-08-12T01:40:00Z,Pre-Game,6,Tomoyuki Sugano,608372,R,57.5,Longshot,Watch List,Pitcher Vulnerable,37.3,73.9,61.2,76.2,50.0,63.3,50.0,,Yes,,,No,Yes,MLB Stats API; RotoWire,not found on RotoWire,H:2026/2025 P:2026/2025,,,Direct BvP not yet weighted; 2026/2025 Statcast baseline active,7,12,28,1,Contact streak: 12/28 over last 7 games,"same-side matchup; pitcher baseline 13.2% barrel, 25.3 HR allowed",neutral batted-ball profile; pitcher allows elevated contact,8.65,44.78,90.48,100.8356,0.3863,0.1585,0.2878,72.02,23.44,28.89,23.3,4.3,0.1682,13.2,42.67,90.56,0.5555,0.2497,30.21,None,Open-Meteo forecast; MLB fallback,https://forecast.weather.gov/MapClick.php?lat=33.4455&lon=-112.0667,24,1,106,Chase Field,,,,,,,,,,,
31,572233,Christian Walker,HOU,SF,2026-08-12T01:45:00Z,Pre-Game,5,Carson Whisenhunt,687931,L,57.4,Longshot,Watch List,"Strong Barrel, Platoon Edge",42.7,62.9,56.3,86.4,78.0,19.5,50.0,,Yes,Yes,5,Yes,No,MLB Stats API; RotoWire,,H:2026/2025 P:2026/2025,,,Direct BvP not yet weighted; 2026/2025 Statcast baseline active,7,6,24,0,"Last 7 games: 6/24, 0 HR","platoon edge; pitcher baseline 10.8% barrel, 4.6 HR allowed",neutral batted-ball profile; pitcher allows elevated contact,10.52,43.44,89.92,101.6083,0.4028,0.1743,0.3098,74.31,43.48,42.9,28.49,23.5,0.2054,10.75,48.6,90.72,0.5044,0.2242,30.32,Out To CF,Open-Meteo forecast; MLB fallback,https://forecast.weather.gov/MapClick.php?lat=37.7786&lon=-122.3893,78,0,66,Oracle Park,,,,,,,,,,,
32,805811,Bryce Eldridge,SF,HOU,2026-08-12T01:45:00Z,Pre-Game,3,Hunter Brown,686613,R,57.4,Longshot,Watch List,"Strong Barrel, Premium Lineup Spot, Platoon Edge",68.4,23.1,56.3,96.6,80.0,12.0,50.0,,Yes,Yes,3,Yes,No,MLB Stats API; RotoWire,,H:2026/2025 P:2026/2025,,,Direct BvP not yet weighted; 2026/2025 Statcast baseline active,7,5,25,0,"Last 7 games: 5/25, 0 HR","platoon edge; pitcher baseline 6.5% barrel, 10.0 HR allowed",lift-pull EV profile; pitcher fly-ball pressure modest,15.69,56.55,93.15,103.1431,0.4715,0.2456,0.3517,73.07,29.06,39.39,37.96,7.7,0.1462,6.53,35.84,86.24,0.3313,0.1283,22.25,Out To CF,Open-Meteo forecast; MLB fallback,https://forecast.weather.gov/MapClick.php?lat=37.7786&lon=-122.3893,78,0,66,Oracle Park,,,,,,,,,,,
33,682987,Spencer Jones,NYY,SEA,2026-08-11T23:05:00Z,Warmup,7,Bryan Woo,693433,R,57.0,Longshot,Watch List,"Strong Barrel, Good Environment, Platoon Edge",63.2,41.2,71.7,64.3,80.0,0.0,50.0,,Yes,Yes,7,Yes,No,MLB Stats API; RotoWire,,H:2026 P:2026/2025,,,Direct BvP not yet weighted; 2026/2025 Statcast baseline active,7,2,25,0,"Last 7 games: 2/25, 0 HR","platoon edge; pitcher baseline 7.6% barrel, 16.9 HR allowed",EV profile; pitcher fly-ball pressure modest,12.7,57.1,93.9,103.4063,0.427,0.204,0.32,77.7,78.9,29.6,36.6,5.0,0.178,7.56,42.43,89.38,0.3828,0.1499,28.27,Out To LF,Open-Meteo forecast; MLB fallback,https://forecast.weather.gov/MapClick.php?lat=40.8296&lon=-73.9262,76,17,77,Yankee Stadium,,,,,,,,,,,
34,701398,Sal Stewart,CIN,CWS,2026-08-11T23:40:00Z,Pre-Game,2,Sean Burke,680732,R,57.0,Longshot,Watch List,"Strong Barrel, Premium Lineup Spot",61.0,43.5,33.5,100.0,50.0,57.6,50.0,,Yes,Yes,2,Yes,No,MLB Stats API; RotoWire,,H:2026/2025 P:2026/2025,,,Direct BvP not yet weighted; 2026/2025 Statcast baseline active,7,7,27,2,Hot streak: 2 HR in last 7 games,"same-side matchup; pitcher baseline 8.6% barrel, 16.7 HR allowed",neutral batted-ball profile; pitcher allows elevated contact,15.17,43.4,91.9,101.5724,0.5166,0.2561,0.3618,72.31,27.49,38.64,32.44,19.0,0.241,8.61,38.43,89.25,0.394,0.1613,30.42,In From CF,Open-Meteo forecast; MLB fallback,https://forecast.weather.gov/MapClick.php?lat=41.8300&lon=-87.6338,90,39,76,Rate Field,,,,,,,,,,,
35,696100,Hunter Goodman,COL,AZ,2026-08-12T01:40:00Z,Pre-Game,4,Mitch Bratt,683352,L,56.8,Longshot,Watch List,"Projected Lineup, Strong Barrel, Premium Lineup Spot, Platoon Edge",59.4,31.4,61.2,90.4,78.0,25.3,50.0,,No,No,4,Yes,Yes,RotoWire projected lineup; MLB probable pitchers,lineup projected / unconfirmed,H:2026/2025 P:2026,,,Direct BvP not yet weighted; 2026/2025 Statcast baseline active,7,4,24,1,"Last 7 games: 4/24, 1 HR","platoon edge; pitcher baseline 7.3% barrel, 4.0 HR allowed",neutral batted-ball profile; pitcher allows elevated contact,15.56,46.2,90.59,102.7245,0.4637,0.2301,0.3255,75.0,49.79,47.86,33.18,33.1,0.2756,7.3,36.6,87.7,0.356,0.143,32.9,None,Open-Meteo forecast; MLB fallback,https://forecast.weather.gov/MapClick.php?lat=33.4455&lon=-112.0667,24,1,106,Chase Field,,,,,,,,,,,
36,701358,Cam Smith,HOU,SF,2026-08-12T01:45:00Z,Pre-Game,8,Carson Whisenhunt,687931,L,56.7,Longshot,Watch List,"Strong Barrel, Platoon Edge, Hot Hitter/Streak",42.8,62.9,56.3,52.4,78.0,100.0,50.0,,Yes,Yes,8,Yes,No,MLB Stats API; RotoWire,,H:2026/2025 P:2026/2025,,,Direct BvP not yet weighted; 2026/2025 Statcast baseline active,7,12,23,3,Hot streak: 3 HR in last 7 games,"platoon edge; pitcher baseline 10.8% barrel, 4.6 HR allowed",neutral batted-ball profile; pitcher allows elevated contact,10.33,43.88,89.09,101.6825,0.4194,0.176,0.3222,76.67,67.83,37.42,24.93,13.9,0.1584,10.75,48.6,90.72,0.5044,0.2242,30.32,Out To CF,Open-Meteo forecast; MLB fallback,https://forecast.weather.gov/MapClick.php?lat=37.7786&lon=-122.3893,78,0,66,Oracle Park,,,,,,,,,,,
37,668227,Randy Arozarena,SEA,NYY,2026-08-11T23:05:00Z,Warmup,2,Ryan Weathers,677960,L,56.6,Longshot,Watch List,"Good Environment, Premium Lineup Spot, Platoon Edge",40.1,47.3,71.7,100.0,78.0,9.8,50.0,,Yes,Yes,2,Yes,No,MLB Stats API; RotoWire,,H:2026/2025 P:2026/2025,,,Direct BvP not yet weighted; 2026/2025 Statcast baseline active,7,5,27,0,"Last 7 games: 5/27, 0 HR","platoon edge; pitcher baseline 9.0% barrel, 14.0 HR allowed",neutral batted-ball profile; pitcher fly-ball pressure modest,9.05,45.07,91.09,101.0466,0.424,0.1683,0.3445,71.32,24.52,33.56,23.26,17.9,0.1733,8.97,42.2,89.74,0.4243,0.175,25.2,Out To LF,Open-Meteo forecast; MLB fallback,https://forecast.weather.gov/MapClick.php?lat=40.8296&lon=-73.9262,76,17,77,Yankee Stadium,,,,,,,,,,,
38,596019,Francisco Lindor,NYM,ATL,2026-08-11T23:15:00Z,Warmup,2,Martín Pérez,527048,L,56.6,Longshot,Watch List,"Premium Lineup Spot, Platoon Edge",47.6,38.5,53.9,100.0,75.0,58.7,50.0,,Yes,Yes,2,Yes,No,MLB Stats API; RotoWire,,H:2026/2025 P:2026/2025,,,Direct BvP not yet weighted; 2026/2025 Statcast baseline active,7,8,30,2,Hot streak: 2 HR in last 7 games,"switch hitter; pitcher baseline 8.6% barrel, 9.5 HR allowed",neutral batted-ball profile; pitcher fly-ball pressure modest,9.6,47.76,91.2,100.3935,0.4624,0.2031,0.3506,72.02,22.46,44.9,29.88,17.0,0.1976,8.63,37.65,88.06,0.4185,0.1674,24.48,R To L,Open-Meteo forecast; MLB fallback,https://forecast.weather.gov/MapClick.php?lat=33.8907&lon=-84.4677,68,7,85,Truist Park,,,,,,,,,,,
39,547180,Bryce Harper,PHI,STL,2026-08-11T23:45:00Z,Pre-Game,3,Andre Pallante,669467,R,56.5,Longshot,Watch List,"Strong Barrel, Premium Lineup Spot, Platoon Edge",53.0,27.0,64.6,96.6,80.0,34.4,62.9,83.0,Yes,Yes,3,Yes,No,MLB Stats API; RotoWire,,H:2026/2025 P:2026/2025,,,Direct BvP not yet weighted; 2026/2025 Statcast baseline active,7,5,22,1,"Last 7 games: 5/22, 1 HR","platoon edge; pitcher baseline 5.8% barrel, 13.3 HR allowed",neutral batted-ball profile; pitcher fly-ball pressure modest,11.74,45.4,90.53,101.9985,0.5025,0.231,0.3827,74.24,46.06,38.12,27.73,25.6,0.2386,5.83,35.84,88.08,0.3796,0.1321,17.82,Out To LF,Open-Meteo forecast; MLB fallback,https://forecast.weather.gov/MapClick.php?lat=38.6226&lon=-90.1928,67,5,91,Busch Stadium,,16.5,0.424,93,13,118,0,6,4.88,2,Elite hitter/sheet power; pitcher split less targetable
40,683748,Victor Mesa,TB,ATH,2026-08-12T01:40:00Z,Pre-Game,6,Mason Barnett,686930,R,56.1,Longshot,Watch List,"Projected Lineup, Strong Barrel, Good Environment, Platoon Edge",45.0,47.1,78.4,71.7,80.0,29.2,50.0,,No,No,6,Yes,Yes,RotoWire projected lineup; MLB probable pitchers,lineup projected / unconfirmed,H:2026/2025 P:2026/2025,,,Direct BvP not yet weighted; 2026/2025 Statcast baseline active,7,5,26,1,"Last 7 games: 5/26, 1 HR","platoon edge; pitcher baseline 10.1% barrel, 6.5 HR allowed",neutral batted-ball profile; pitcher allows elevated contact,11.02,40.87,89.84,100.2492,0.4297,0.1963,0.3242,73.58,31.34,43.81,32.16,6.6,0.2099,10.1,39.56,89.2,0.4004,0.1726,33.23,Out To CF,Open-Meteo forecast; MLB fallback,https://forecast.weather.gov/MapClick.php?lat=38.5804&lon=-121.5139,24,0,93,Sutter Health Park,,,,,,,,,,,
41,665487,Fernando Tatis Jr.,SD,MIL,2026-08-12T01:40:00Z,Pre-Game,1,Kyle Harrison,690986,L,56.1,Longshot,Watch List,"Strong Barrel, Premium Lineup Spot, Platoon Edge, Hot Hitter/Streak",52.7,32.3,47.6,93.2,78.0,78.4,50.0,,Yes,Yes,1,Yes,No,MLB Stats API; RotoWire,,H:2026/2025 P:2026/2025,,,Direct BvP not yet weighted; 2026/2025 Statcast baseline active,7,8,29,3,Hot streak: 3 HR in last 7 games,"platoon edge; pitcher baseline 6.5% barrel, 8.2 HR allowed",EV profile; pitcher fly-ball pressure modest,11.28,52.22,92.6,104.2433,0.4642,0.1827,0.3616,75.51,57.98,34.52,21.94,15.2,0.1472,6.45,38.15,89.72,0.3586,0.1329,28.44,L To R,Open-Meteo forecast; MLB fallback,https://forecast.weather.gov/MapClick.php?lat=32.7073&lon=-117.1573,67,1,79,Petco Park,,,,,,,,,,,
42,677800,Wilyer Abreu,BOS,TOR,2026-08-11T23:07:00Z,Warmup,5,Dylan Cease,656302,R,55.9,Longshot,Watch List,"Strong Barrel, Platoon Edge, Hot Hitter/Streak",54.1,19.6,65.9,86.4,80.0,95.7,42.2,61.0,Yes,Yes,5,Yes,No,MLB Stats API; RotoWire,,H:2026/2025 P:2026/2025,,,Direct BvP not yet weighted; 2026/2025 Statcast baseline active,7,9,23,4,Hot streak: 4 HR in last 7 games,"platoon edge; pitcher baseline 5.7% barrel, 11.2 HR allowed",fly-ball profile; pitcher fly-ball pressure modest,12.65,43.57,90.24,101.3232,0.4806,0.2271,0.3469,73.89,38.52,37.27,37.8,20.6,0.2094,5.73,34.42,86.94,0.3037,0.1086,24.35,Out To LF,Open-Meteo forecast; MLB fallback,https://forecast.weather.gov/MapClick.php?lat=43.6414&lon=-79.3894,72,2,77,Rogers Centre,,12.8,0.18,90,8,183,0,22,11.39,14,Taillon LHH split target + Rogers boost
43,605137,Josh Bell,MIN,BAL,2026-08-11T23:40:00Z,Pre-Game,3,Brandon Young,687064,R,55.9,Longshot,Watch List,"Strong Barrel, Premium Lineup Spot, Platoon Edge, Hot Hitter/Streak",46.0,40.4,41.1,96.6,75.0,92.6,50.0,,Yes,Yes,3,Yes,No,MLB Stats API; RotoWire,,H:2026/2025 P:2026/2025,,,Direct BvP not yet weighted; 2026/2025 Statcast baseline active,7,10,27,3,Hot streak: 3 HR in last 7 games,"switch hitter; pitcher baseline 7.5% barrel, 12.0 HR allowed",neutral batted-ball profile; pitcher fly-ball pressure modest,10.91,43.36,90.12,100.9432,0.457,0.2059,0.3373,72.26,28.29,40.59,27.13,17.8,0.1765,7.54,41.29,89.4,0.4152,0.163,27.57,In From LF,Open-Meteo forecast; MLB fallback,https://forecast.weather.gov/MapClick.php?lat=44.9817&lon=-93.2776,47,0,84,Target Field,,,,,,,,,,,
44,687952,Christian Encarnacion-Strand,BAL,MIN,2026-08-11T23:40:00Z,Pre-Game,5,Bailey Ober,641927,R,55.8,Longshot,Watch List,Strong Barrel,64.0,50.6,41.1,86.4,50.0,0.0,50.0,,Yes,Yes,5,Yes,No,MLB Stats API; RotoWire,,H:2026/2025 P:2026/2025,,,Direct BvP not yet weighted; 2026/2025 Statcast baseline active,7,2,17,0,"Last 7 games: 2/17, 0 HR","same-side matchup; pitcher baseline 10.1% barrel, 18.8 HR allowed",neutral batted-ball profile; pitcher allows elevated contact,17.68,41.55,91.47,101.8858,0.5172,0.2717,0.3415,73.25,31.93,40.77,27.34,3.9,0.204,10.06,34.9,88.62,0.4501,0.2,31.06,In From LF,Open-Meteo forecast; MLB fallback,https://forecast.weather.gov/MapClick.php?lat=44.9817&lon=-93.2776,47,0,84,Target Field,,,,,,,,,,,
45,642350,Jose Siri,LAA,TEX,2026-08-12T01:38:00Z,Pre-Game,7,Cody Bradford,674003,L,55.8,Longshot,Watch List,"Strong Barrel, Good Environment, Platoon Edge",47.4,44.2,71.7,64.3,78.0,62.8,50.0,,Yes,Yes,7,Yes,No,MLB Stats API; RotoWire,,H:2026/2025 P:2026,,,Direct BvP not yet weighted; 2026/2025 Statcast baseline active,7,5,17,2,Hot streak: 2 HR in last 7 games,"platoon edge; pitcher baseline 7.7% barrel, 0.0 HR allowed",fly-ball profile; pitcher allows elevated contact,15.17,39.18,87.28,99.7617,0.3802,0.1938,0.2799,73.22,35.22,31.69,42.27,4.9,0.1754,7.7,46.2,92.1,0.332,0.126,46.2,Out To CF,Open-Meteo forecast; MLB fallback,https://forecast.weather.gov/MapClick.php?lat=33.8003&lon=-117.8827,45,0,87,Angel Stadium,,,,,,,,,,,
46,682829,Elly De La Cruz,CIN,CWS,2026-08-11T23:40:00Z,Pre-Game,1,Sean Burke,680732,R,55.7,Longshot,Watch List,"Strong Barrel, Premium Lineup Spot, Platoon Edge",56.1,41.7,33.5,93.2,75.0,48.7,50.0,,Yes,Yes,1,Yes,No,MLB Stats API; RotoWire,,H:2026/2025 P:2026/2025,,,Direct BvP not yet weighted; 2026/2025 Statcast baseline active,7,5,25,2,Hot streak: 2 HR in last 7 games,"switch hitter; pitcher baseline 8.6% barrel, 16.7 HR allowed",EV profile; pitcher allows elevated contact,13.1,49.03,92.89,103.9997,0.4667,0.1996,0.3535,75.17,52.44,34.89,25.03,20.6,0.2124,8.61,38.43,89.25,0.394,0.1613,30.42,In From CF,Open-Meteo forecast; MLB fallback,https://forecast.weather.gov/MapClick.php?lat=41.8300&lon=-87.6338,90,39,76,Rate Field,,,,,,,,,,,
47,650490,Yandy Diaz,TB,ATH,2026-08-12T01:40:00Z,Pre-Game,1,Mason Barnett,686930,R,55.7,Longshot,Watch List,"Projected Lineup, Good Environment, Premium Lineup Spot",41.4,47.1,78.4,88.7,50.0,42.5,50.0,,No,No,1,Yes,Yes,RotoWire projected lineup; MLB probable pitchers,lineup projected / unconfirmed,H:2026/2025 P:2026/2025,,,Direct BvP not yet weighted; 2026/2025 Statcast baseline active,7,9,32,1,"Last 7 games: 9/32, 1 HR","same-side matchup; pitcher baseline 10.1% barrel, 6.5 HR allowed",neutral batted-ball profile; pitcher allows elevated contact,7.32,49.35,91.6,103.2765,0.452,0.1649,0.3565,73.71,38.21,22.62,20.21,18.7,0.1673,10.1,39.56,89.2,0.4004,0.1726,33.23,Out To CF,Open-Meteo forecast; MLB fallback,https://forecast.weather.gov/MapClick.php?lat=38.5804&lon=-121.5139,24,0,93,Sutter Health Park,,,,,,,,,,,
48,671218,Heliot Ramos,NYY,SEA,2026-08-11T23:05:00Z,Warmup,3,Bryan Woo,693433,R,55.2,Longshot,Watch List,"Strong Barrel, Good Environment, Premium Lineup Spot",49.6,41.2,71.7,96.6,50.0,6.0,50.0,,Yes,Yes,3,Yes,No,MLB Stats API; RotoWire,,H:2026/2025 P:2026/2025,,,Direct BvP not yet weighted; 2026/2025 Statcast baseline active,7,4,25,0,"Last 7 games: 4/25, 0 HR","same-side matchup; pitcher baseline 7.6% barrel, 16.9 HR allowed",EV profile; pitcher fly-ball pressure modest,12.16,48.73,92.08,102.9607,0.438,0.182,0.3242,72.85,30.16,34.15,22.11,12.6,0.1531,7.56,42.43,89.38,0.3828,0.1499,28.27,Out To LF,Open-Meteo forecast; MLB fallback,https://forecast.weather.gov/MapClick.php?lat=40.8296&lon=-73.9262,76,17,77,Yankee Stadium,,,,,,,,,,,
49,678246,Miguel Vargas,CWS,CIN,2026-08-11T23:40:00Z,Pre-Game,3,Nick Lodolo,666157,L,55.1,Longshot,Watch List,"Strong Barrel, Premium Lineup Spot, Platoon Edge",53.2,44.4,33.5,96.6,78.0,29.2,50.0,,Yes,Yes,3,Yes,No,MLB Stats API; RotoWire,,H:2026/2025 P:2026/2025,,,Direct BvP not yet weighted; 2026/2025 Statcast baseline active,7,5,26,1,"Last 7 games: 5/26, 1 HR","platoon edge; pitcher baseline 8.1% barrel, 12.9 HR allowed",fly-ball profile; pitcher fly-ball pressure modest,12.62,44.07,90.33,100.4577,0.477,0.2242,0.3617,73.05,34.42,42.95,36.01,21.6,0.2125,8.13,38.96,89.92,0.4426,0.1708,25.91,In From CF,Open-Meteo forecast; MLB fallback,https://forecast.weather.gov/MapClick.php?lat=41.8300&lon=-87.6338,90,39,76,Rate Field,,,,,,,,,,,
50,665862,Jazz Chisholm Jr.,NYY,SEA,2026-08-11T23:05:00Z,Warmup,5,Bryan Woo,693433,R,55.0,Longshot,Watch List,"Strong Barrel, Good Environment, Platoon Edge",43.7,41.2,71.7,86.4,80.0,18.3,50.0,,Yes,Yes,5,Yes,No,MLB Stats API; RotoWire,,H:2026/2025 P:2026/2025,,,Direct BvP not yet weighted; 2026/2025 Statcast baseline active,7,2,23,1,"Last 7 games: 2/23, 1 HR","platoon edge; pitcher baseline 7.6% barrel, 16.9 HR allowed",neutral batted-ball profile; pitcher fly-ball pressure modest,10.87,42.6,90.33,100.5689,0.4005,0.1833,0.3061,73.41,34.35,53.1,29.35,21.2,0.1977,7.56,42.43,89.38,0.3828,0.1499,28.27,Out To LF,Open-Meteo forecast; MLB fallback,https://forecast.weather.gov/MapClick.php?lat=40.8296&lon=-73.9262,76,17,77,Yankee Stadium,,,,,,,,,,,
51,646240,Rafael Devers,SF,HOU,2026-08-12T01:45:00Z,Pre-Game,4,Hunter Brown,686613,R,54.7,Longshot,Watch List,"Strong Barrel, Premium Lineup Spot, Platoon Edge",57.5,23.1,56.3,94.9,80.0,30.3,50.0,,Yes,Yes,4,Yes,No,MLB Stats API; RotoWire,,H:2026/2025 P:2026/2025,,,Direct BvP not yet weighted; 2026/2025 Statcast baseline active,7,5,25,1,"Last 7 games: 5/25, 1 HR","platoon edge; pitcher baseline 6.5% barrel, 10.0 HR allowed",EV profile; pitcher fly-ball pressure modest,12.5,52.6,92.8,103.1213,0.4562,0.2203,0.3376,71.74,20.65,33.98,32.76,27.3,0.2256,6.53,35.84,86.24,0.3313,0.1283,22.25,Out To CF,Open-Meteo forecast; MLB fallback,https://forecast.weather.gov/MapClick.php?lat=37.7786&lon=-122.3893,78,0,66,Oracle Park,,,,,,,,,,,
52,686948,Drake Baldwin,ATL,NYM,2026-08-11T23:15:00Z,Warmup,1,Nolan McLean,690997,R,54.6,Longshot,Watch List,"Strong Barrel, Premium Lineup Spot, Platoon Edge",57.3,30.2,53.9,93.2,80.0,20.7,37.9,68.0,Yes,Yes,1,Yes,No,MLB Stats API; RotoWire,,H:2026/2025 P:2026/2025,,,Direct BvP not yet weighted; 2026/2025 Statcast baseline active,7,8,31,0,"Last 7 games: 8/31, 0 HR","platoon edge; pitcher baseline 7.3% barrel, 11.0 HR allowed",neutral batted-ball profile; pitcher fly-ball pressure modest,13.03,50.72,91.63,102.3372,0.4968,0.2199,0.3691,75.09,54.34,31.8,24.27,19.7,0.1852,7.3,38.22,88.24,0.3514,0.1285,21.14,R To L,Open-Meteo forecast; MLB fallback,https://forecast.weather.gov/MapClick.php?lat=33.8907&lon=-84.4677,68,7,85,Truist Park,,16.4,0.177,93,4,79,0,3,3.3,6,Strong barrel/EV but ISO lower
53,641933,Tyler O'Neill,BAL,MIN,2026-08-11T23:40:00Z,Pre-Game,4,Bailey Ober,641927,R,54.6,Longshot,Watch List,"Strong Barrel, Premium Lineup Spot, Hot Hitter/Streak",48.6,50.6,41.1,94.9,50.0,78.7,18.0,42.0,Yes,Yes,4,Yes,No,MLB Stats API; RotoWire,,H:2026/2025 P:2026/2025,,,Direct BvP not yet weighted; 2026/2025 Statcast baseline active,7,5,18,3,Hot streak: 3 HR in last 7 games,"same-side matchup; pitcher baseline 10.1% barrel, 18.8 HR allowed",fly-ball profile; pitcher allows elevated contact,11.6,40.85,89.43,100.3792,0.4404,0.2212,0.325,72.81,23.12,45.37,39.91,9.7,0.1909,10.06,34.9,88.62,0.4501,0.2,31.06,In From LF,Open-Meteo forecast; MLB fallback,https://forecast.weather.gov/MapClick.php?lat=44.9817&lon=-93.2776,47,0,84,Target Field,,11.5,0.182,89,1,33,0,-4,4.84,5,Moderate profile
54,545341,Randal Grichuk,CWS,CIN,2026-08-11T23:40:00Z,Pre-Game,4,Nick Lodolo,666157,L,54.1,Longshot,Watch List,"Strong Barrel, Premium Lineup Spot, Platoon Edge",50.6,44.4,33.5,94.9,78.0,28.9,50.0,,Yes,Yes,4,Yes,No,MLB Stats API; RotoWire,,H:2026/2025 P:2026/2025,,,Direct BvP not yet weighted; 2026/2025 Statcast baseline active,7,5,16,0,"Last 7 games: 5/16, 0 HR","platoon edge; pitcher baseline 8.1% barrel, 12.9 HR allowed",neutral batted-ball profile; pitcher fly-ball pressure modest,11.07,48.24,91.28,102.9638,0.4696,0.197,0.3323,74.11,42.12,45.1,27.52,9.0,0.2269,8.13,38.96,89.92,0.4426,0.1708,25.91,In From CF,Open-Meteo forecast; MLB fallback,https://forecast.weather.gov/MapClick.php?lat=41.8300&lon=-87.6338,90,39,76,Rate Field,,,,,,,,,,,
55,669003,Garrett Mitchell,MIL,SD,2026-08-12T01:40:00Z,Pre-Game,3,Walker Buehler,621111,R,54.1,Longshot,Watch List,"Strong Barrel, Premium Lineup Spot, Platoon Edge",48.1,43.8,47.6,96.6,80.0,1.6,50.0,,Yes,Yes,3,Yes,No,MLB Stats API; RotoWire,,H:2026/2025 P:2026/2025,,,Direct BvP not yet weighted; 2026/2025 Statcast baseline active,7,3,23,0,"Last 7 games: 3/23, 0 HR","platoon edge; pitcher baseline 8.8% barrel, 16.4 HR allowed",EV profile; pitcher fly-ball pressure modest,11.25,48.43,92.15,103.6018,0.411,0.1638,0.3307,77.08,77.02,33.02,17.83,5.6,0.1363,8.8,39.83,89.23,0.4185,0.1617,23.37,L To R,Open-Meteo forecast; MLB fallback,https://forecast.weather.gov/MapClick.php?lat=32.7073&lon=-117.1573,67,1,79,Petco Park,,,,,,,,,,,
56,518692,Freddie Freeman,LAD,KC,2026-08-12T02:10:00Z,Pre-Game,3,Michael Wacha,608379,R,54.1,Longshot,Watch List,"Projected Lineup, Premium Lineup Spot, Platoon Edge",42.9,37.1,67.1,92.1,80.0,22.4,50.0,,No,No,3,Yes,Yes,RotoWire projected lineup; MLB probable pitchers,lineup projected / unconfirmed,H:2026/2025 P:2026/2025,,,Direct BvP not yet weighted; 2026/2025 Statcast baseline active,7,7,26,0,"Last 7 games: 7/26, 0 HR","platoon edge; pitcher baseline 6.8% barrel, 16.4 HR allowed",neutral batted-ball profile; pitcher fly-ball pressure modest,9.49,43.81,90.2,100.4975,0.4859,0.1937,0.371,70.15,8.33,36.4,27.14,17.7,0.1797,6.84,36.28,88.2,0.4158,0.164,28.46,Out To RF,NOAA link only,https://forecast.weather.gov/MapClick.php?lat=34.0739&lon=-118.2400,,,79,UNIQLO Field at Dodger Stadium,,,,,,,,,,,
57,694671,Wyatt Langford,TEX,LAA,2026-08-12T01:38:00Z,Pre-Game,2,Ryan Johnson,696270,R,54.0,Longshot,Watch List,"Good Environment, Premium Lineup Spot",40.9,46.8,71.7,100.0,50.0,0.0,50.0,,Yes,Yes,2,Yes,No,MLB Stats API; RotoWire,,H:2026/2025 P:2026/2025,,,Direct BvP not yet weighted; 2026/2025 Statcast baseline active,7,2,20,0,"Last 7 games: 2/20, 0 HR","same-side matchup; pitcher baseline 10.0% barrel, 10.3 HR allowed",neutral batted-ball profile; pitcher allows elevated contact,9.87,41.19,90.0,100.7557,0.413,0.1785,0.3187,72.75,25.82,42.05,29.76,15.7,0.2082,9.97,36.07,87.26,0.4535,0.191,32.55,Out To CF,Open-Meteo forecast; MLB fallback,https://forecast.weather.gov/MapClick.php?lat=33.8003&lon=-117.8827,45,0,87,Angel Stadium,,,,,,,,,,,
58,571448,Nolan Arenado,AZ,COL,2026-08-12T01:40:00Z,Pre-Game,5,Tomoyuki Sugano,608372,R,53.9,Longshot,Watch List,"Pitcher Vulnerable, Hot Hitter/Streak",19.8,73.9,61.2,86.4,50.0,71.6,50.0,,Yes,,,No,Yes,MLB Stats API; RotoWire,not found on RotoWire,H:2026/2025 P:2026/2025,,,Direct BvP not yet weighted; 2026/2025 Statcast baseline active,7,6,26,3,Hot streak: 3 HR in last 7 games,"same-side matchup; pitcher baseline 13.2% barrel, 25.3 HR allowed",neutral batted-ball profile; pitcher allows elevated contact,6.31,32.39,85.54,97.0262,0.3632,0.1262,0.2967,71.26,15.33,44.48,27.86,16.2,0.1757,13.2,42.67,90.56,0.5555,0.2497,30.21,None,Open-Meteo forecast; MLB fallback,https://forecast.weather.gov/MapClick.php?lat=33.4455&lon=-112.0667,24,1,106,Chase Field,,,,,,,,,,,
59,694374,Tim Tawa,AZ,COL,2026-08-12T01:40:00Z,Pre-Game,7,Tomoyuki Sugano,608372,R,53.9,Longshot,Watch List,Pitcher Vulnerable,35.0,73.9,61.2,64.3,50.0,39.2,50.0,,Yes,,,No,Yes,MLB Stats API; RotoWire,not found on RotoWire,H:2026/2025 P:2026/2025,,,Direct BvP not yet weighted; 2026/2025 Statcast baseline active,7,7,27,1,"Last 7 games: 7/27, 1 HR","same-side matchup; pitcher baseline 13.2% barrel, 25.3 HR allowed",neutral batted-ball profile; pitcher allows elevated contact,8.04,42.73,89.69,100.3968,0.3743,0.1494,0.2921,73.87,36.98,41.29,25.77,6.3,0.1509,13.2,42.67,90.56,0.5555,0.2497,30.21,None,Open-Meteo forecast; MLB fallback,https://forecast.weather.gov/MapClick.php?lat=33.4455&lon=-112.0667,24,1,106,Chase Field,,,,,,,,,,,
60,665161,Jeremy Peña,HOU,SF,2026-08-12T01:45:00Z,Pre-Game,1,Carson Whisenhunt,687931,L,53.7,Longshot,Watch List,"Premium Lineup Spot, Platoon Edge",30.9,62.9,56.3,93.2,78.0,0.0,50.0,,Yes,Yes,1,Yes,No,MLB Stats API; RotoWire,,H:2026/2025 P:2026/2025,,,Direct BvP not yet weighted; 2026/2025 Statcast baseline active,7,2,29,0,"Last 7 games: 2/29, 0 HR","platoon edge; pitcher baseline 10.8% barrel, 4.6 HR allowed",neutral batted-ball profile; pitcher allows elevated contact,6.24,42.06,88.55,100.1663,0.4334,0.1487,0.3417,72.23,14.27,45.78,23.45,14.2,0.1821,10.75,48.6,90.72,0.5044,0.2242,30.32,Out To CF,Open-Meteo forecast; MLB fallback,https://forecast.weather.gov/MapClick.php?lat=37.7786&lon=-122.3893,78,0,66,Oracle Park,,,,,,,,,,,
61,682626,Francisco Alvarez,NYM,ATL,2026-08-11T23:15:00Z,Warmup,7,Martín Pérez,527048,L,53.5,Longshot,Watch List,"Strong Barrel, Platoon Edge",56.7,39.5,53.9,64.3,78.0,42.3,38.9,73.0,Yes,Yes,7,Yes,No,MLB Stats API; RotoWire,,H:2026/2025 P:2026/2025,,,Direct BvP not yet weighted; 2026/2025 Statcast baseline active,7,7,25,1,"Last 7 games: 7/25, 1 HR","platoon edge; pitcher baseline 8.6% barrel, 9.5 HR allowed",neutral batted-ball profile; pitcher fly-ball pressure modest,15.39,47.3,91.0,102.796,0.4573,0.2157,0.3414,74.11,42.81,39.78,24.89,12.4,0.1868,8.63,37.65,88.06,0.4185,0.1674,24.48,R To L,Open-Meteo forecast; MLB fallback,https://forecast.weather.gov/MapClick.php?lat=33.8907&lon=-84.4677,68,7,85,Truist Park,,14.3,0.262,89,6,84,0,3,5.98,8,Good catcher power vs Elder RHH split
62,663886,Tyler Stephenson,CIN,CWS,2026-08-11T23:40:00Z,Pre-Game,4,Sean Burke,680732,R,53.5,Longshot,Watch List,"Strong Barrel, Premium Lineup Spot",52.5,43.5,33.5,94.9,50.0,54.7,50.0,,Yes,Yes,4,Yes,No,MLB Stats API; RotoWire,,H:2026/2025 P:2026/2025,,,Direct BvP not yet weighted; 2026/2025 Statcast baseline active,7,6,25,2,Hot streak: 2 HR in last 7 games,"same-side matchup; pitcher baseline 8.6% barrel, 16.7 HR allowed",neutral batted-ball profile; pitcher allows elevated contact,13.24,46.96,90.99,100.6046,0.4536,0.211,0.3389,70.59,7.49,37.15,32.8,10.9,0.1711,8.61,38.43,89.25,0.394,0.1613,30.42,In From CF,Open-Meteo forecast; MLB fallback,https://forecast.weather.gov/MapClick.php?lat=41.8300&lon=-87.6338,90,39,76,Rate Field,,,,,,,,,,,
63,621493,Taylor Ward,SEA,NYY,2026-08-11T23:05:00Z,Warmup,1,Ryan Weathers,677960,L,53.4,Longshot,Watch List,"Good Environment, Premium Lineup Spot, Platoon Edge",32.4,47.3,71.7,93.2,78.0,12.0,50.0,,Yes,Yes,1,Yes,No,MLB Stats API; RotoWire,,H:2026/2025 P:2026/2025,,,Direct BvP not yet weighted; 2026/2025 Statcast baseline active,7,5,25,0,"Last 7 games: 5/25, 0 HR","platoon edge; pitcher baseline 9.0% barrel, 14.0 HR allowed",neutral batted-ball profile; pitcher fly-ball pressure modest,8.17,39.69,89.26,99.4764,0.3989,0.156,0.3393,68.73,4.02,33.17,29.8,15.7,0.1441,8.97,42.2,89.74,0.4243,0.175,25.2,Out To LF,Open-Meteo forecast; MLB fallback,https://forecast.weather.gov/MapClick.php?lat=40.8296&lon=-73.9262,76,17,77,Yankee Stadium,,,,,,,,,,,
64,641857,Ryan McMahon,NYY,SEA,2026-08-11T23:05:00Z,Warmup,8,Bryan Woo,693433,R,53.3,Longshot,Watch List,"Strong Barrel, Good Environment, Platoon Edge",49.3,41.2,71.7,52.4,80.0,45.3,50.0,,Yes,Yes,8,Yes,No,MLB Stats API; RotoWire,,H:2026/2025 P:2026/2025,,,Direct BvP not yet weighted; 2026/2025 Statcast baseline active,7,6,20,1,"Last 7 games: 6/20, 1 HR","platoon edge; pitcher baseline 7.6% barrel, 16.9 HR allowed",neutral batted-ball profile; pitcher fly-ball pressure modest,10.98,49.31,91.9,102.2383,0.4071,0.1758,0.3122,74.49,46.55,40.29,31.47,13.0,0.1621,7.56,42.43,89.38,0.3828,0.1499,28.27,Out To LF,Open-Meteo forecast; MLB fallback,https://forecast.weather.gov/MapClick.php?lat=40.8296&lon=-73.9262,76,17,77,Yankee Stadium,,,,,,,,,,,
65,695506,Jac Caglianone,KC,LAD,2026-08-12T02:10:00Z,Pre-Game,3,Blake Snell,605483,L,53.3,Longshot,Watch List,"Strong Barrel, Premium Lineup Spot, Hot Hitter/Streak",60.1,1.0,67.1,96.6,50.0,100.0,50.0,,Yes,Yes,3,Yes,No,MLB Stats API; RotoWire,,H:2026/2025 P:2026/2025,,,Direct BvP not yet weighted; 2026/2025 Statcast baseline active,7,13,27,3,Hot streak: 3 HR in last 7 games,"same-side matchup; pitcher baseline 1.7% barrel, 0.9 HR allowed",neutral batted-ball profile; pitcher fly-ball pressure modest,13.89,51.5,91.99,104.9368,0.487,0.2213,0.3483,77.4,75.95,43.58,22.33,16.8,0.1961,1.74,22.94,82.21,0.3164,0.0616,11.74,Out To RF,NOAA link only,https://forecast.weather.gov/MapClick.php?lat=34.0739&lon=-118.2400,,,79,UNIQLO Field at Dodger Stadium,,,,,,,,,,,
66,671056,Iván Herrera,STL,PHI,2026-08-11T23:45:00Z,Pre-Game,2,Cristopher Sánchez,650911,L,53.2,Longshot,Watch List,"Premium Lineup Spot, Platoon Edge",34.9,33.3,64.6,100.0,78.0,58.4,50.0,,Yes,Yes,2,Yes,No,MLB Stats API; RotoWire,,H:2026/2025 P:2026/2025,,,Direct BvP not yet weighted; 2026/2025 Statcast baseline active,7,12,31,1,Contact streak: 12/31 over last 7 games,"platoon edge; pitcher baseline 7.2% barrel, 12.7 HR allowed",neutral batted-ball profile; pitcher fly-ball pressure modest,7.25,43.22,90.08,101.478,0.4107,0.1541,0.3421,73.95,43.77,37.8,18.89,14.8,0.1548,7.17,41.83,89.28,0.3569,0.1242,16.97,Out To LF,Open-Meteo forecast; MLB fallback,https://forecast.weather.gov/MapClick.php?lat=38.6226&lon=-90.1928,67,5,91,Busch Stadium,,,,,,,,,,,
67,671739,Michael Harris II,ATL,NYM,2026-08-11T23:15:00Z,Warmup,4,Nolan McLean,690997,R,53.1,Longshot,Watch List,"Strong Barrel, Premium Lineup Spot, Platoon Edge",48.2,30.2,53.9,94.9,80.0,37.6,41.5,68.0,Yes,Yes,4,Yes,No,MLB Stats API; RotoWire,,H:2026/2025 P:2026/2025,,,Direct BvP not yet weighted; 2026/2025 Statcast baseline active,7,10,27,0,Contact streak: 10/27 over last 7 games,"platoon edge; pitcher baseline 7.3% barrel, 11.0 HR allowed",neutral batted-ball profile; pitcher fly-ball pressure modest,10.64,48.02,90.76,103.49,0.4744,0.1893,0.3388,74.79,47.89,35.45,22.77,20.0,0.1894,7.3,38.22,88.24,0.3514,0.1285,21.14,R To L,Open-Meteo forecast; MLB fallback,https://forecast.weather.gov/MapClick.php?lat=33.8907&lon=-84.4677,68,7,85,Truist Park,,14.3,0.294,91,5,68,0,3,3.3,6,Good LHH sheet line; mild park
68,806146,George Lombard Jr.,NYY,SEA,2026-08-11T23:05:00Z,Warmup,6,Bryan Woo,693433,R,53.0,Longshot,Watch List,"Strong Barrel, Good Environment",42.5,41.2,71.7,76.2,50.0,62.8,50.0,,Yes,Yes,6,Yes,No,MLB Stats API; RotoWire,,H:2026 P:2026/2025,,,Direct BvP not yet weighted; 2026/2025 Statcast baseline active,5,5,17,2,Hot streak: 2 HR in last 5 games,"same-side matchup; pitcher baseline 7.6% barrel, 16.9 HR allowed",neutral batted-ball profile; pitcher fly-ball pressure modest,16.7,41.7,84.7,98.8973,0.435,0.17,0.359,70.9,11.8,33.3,25.0,2.0,0.353,7.56,42.43,89.38,0.3828,0.1499,28.27,Out To LF,Open-Meteo forecast; MLB fallback,https://forecast.weather.gov/MapClick.php?lat=40.8296&lon=-73.9262,76,17,77,Yankee Stadium,,,,,,,,,,,
69,701538,Jackson Merrill,SD,MIL,2026-08-12T01:40:00Z,Pre-Game,5,Kyle Harrison,690986,L,53.0,Longshot,Watch List,"Strong Barrel, Hot Hitter/Streak",50.8,32.3,47.6,86.4,50.0,90.6,50.0,,Yes,Yes,5,Yes,No,MLB Stats API; RotoWire,,H:2026/2025 P:2026/2025,,,Direct BvP not yet weighted; 2026/2025 Statcast baseline active,7,10,28,3,Hot streak: 3 HR in last 7 games,"same-side matchup; pitcher baseline 6.5% barrel, 8.2 HR allowed",neutral batted-ball profile; pitcher fly-ball pressure modest,12.16,45.7,90.12,100.6646,0.4746,0.2151,0.3358,72.88,26.98,37.56,29.57,18.1,0.1804,6.45,38.15,89.72,0.3586,0.1329,28.44,L To R,Open-Meteo forecast; MLB fallback,https://forecast.weather.gov/MapClick.php?lat=32.7073&lon=-117.1573,67,1,79,Petco Park,,,,,,,,,,,
70,592518,Manny Machado,SD,MIL,2026-08-12T01:40:00Z,Pre-Game,3,Kyle Harrison,690986,L,52.9,Longshot,Watch List,"Strong Barrel, Premium Lineup Spot, Platoon Edge",50.4,32.3,47.6,96.6,78.0,18.0,50.0,,Yes,Yes,3,Yes,No,MLB Stats API; RotoWire,,H:2026/2025 P:2026/2025,,,Direct BvP not yet weighted; 2026/2025 Statcast baseline active,7,6,25,0,"Last 7 games: 6/25, 0 HR","platoon edge; pitcher baseline 6.5% barrel, 8.2 HR allowed",neutral batted-ball profile; pitcher fly-ball pressure modest,11.29,46.39,91.36,101.8738,0.4502,0.2002,0.3368,74.64,44.58,40.36,28.71,24.2,0.1997,6.45,38.15,89.72,0.3586,0.1329,28.44,L To R,Open-Meteo forecast; MLB fallback,https://forecast.weather.gov/MapClick.php?lat=32.7073&lon=-117.1573,67,1,79,Petco Park,,,,,,,,,,,
71,680869,Zack Gelof,ATH,TB,2026-08-12T01:40:00Z,Pre-Game,2,Nick Martinez,607259,R,52.8,Longshot,Watch List,"Good Environment, Premium Lineup Spot",36.5,36.3,78.4,100.0,50.0,32.9,50.0,,Yes,Yes,2,Yes,No,MLB Stats API; RotoWire,,H:2026/2025 P:2026/2025,,,Direct BvP not yet weighted; 2026/2025 Statcast baseline active,7,5,23,1,"Last 7 games: 5/23, 1 HR","same-side matchup; pitcher baseline 7.2% barrel, 17.1 HR allowed",neutral batted-ball profile; pitcher fly-ball pressure modest,9.14,43.63,88.73,99.6142,0.3662,0.1634,0.2736,73.29,27.71,40.93,26.47,9.0,0.1813,7.21,33.38,87.39,0.4338,0.1614,28.82,Out To CF,Open-Meteo forecast; MLB fallback,https://forecast.weather.gov/MapClick.php?lat=38.5804&lon=-121.5139,24,0,93,Sutter Health Park,,,,,,,,,,,
72,665019,Kody Clemens,MIN,BAL,2026-08-11T23:40:00Z,Pre-Game,4,Brandon Young,687064,R,52.7,Longshot,Watch List,"Strong Barrel, Premium Lineup Spot, Platoon Edge",51.4,41.7,41.1,94.9,80.0,21.0,12.8,42.0,Yes,Yes,4,Yes,No,MLB Stats API; RotoWire,,H:2026/2025 P:2026/2025,,,Direct BvP not yet weighted; 2026/2025 Statcast baseline active,7,4,29,1,"Last 7 games: 4/29, 1 HR","platoon edge; pitcher baseline 7.5% barrel, 12.0 HR allowed",lift-pull EV profile; pitcher fly-ball pressure modest,11.72,46.55,92.13,101.4551,0.4461,0.2013,0.3254,71.99,14.35,45.59,33.11,19.7,0.2301,7.54,41.29,89.4,0.4152,0.163,27.57,In From LF,Open-Meteo forecast; MLB fallback,https://forecast.weather.gov/MapClick.php?lat=44.9817&lon=-93.2776,47,0,84,Target Field,,9.8,0.161,89,2,62,0,-4,2.56,1,Weak pitcher split; not core
73,691723,Coby Mayo,BAL,MIN,2026-08-11T23:40:00Z,Pre-Game,6,Bailey Ober,641927,R,52.5,Longshot,Watch List,Strong Barrel,47.8,50.6,41.1,76.2,50.0,63.3,50.0,,Yes,Yes,6,Yes,No,MLB Stats API; RotoWire,,H:2026/2025 P:2026/2025,,,Direct BvP not yet weighted; 2026/2025 Statcast baseline active,7,9,21,1,Contact streak: 9/21 over last 7 games,"same-side matchup; pitcher baseline 10.1% barrel, 18.8 HR allowed",neutral batted-ball profile; pitcher allows elevated contact,11.22,44.4,90.8,102.6183,0.4008,0.1873,0.2988,75.33,54.18,50.32,33.76,13.8,0.2074,10.06,34.9,88.62,0.4501,0.2,31.06,In From LF,Open-Meteo forecast; MLB fallback,https://forecast.weather.gov/MapClick.php?lat=44.9817&lon=-93.2776,47,0,84,Target Field,,,,,,,,,,,
74,664034,Ty France,SD,MIL,2026-08-12T01:40:00Z,Pre-Game,4,Kyle Harrison,690986,L,52.1,Longshot,Watch List,"Strong Barrel, Premium Lineup Spot, Platoon Edge",45.4,32.3,47.6,94.9,78.0,37.8,50.0,,Yes,Yes,4,Yes,No,MLB Stats API; RotoWire,,H:2026/2025 P:2026/2025,,,Direct BvP not yet weighted; 2026/2025 Statcast baseline active,7,6,24,1,"Last 7 games: 6/24, 1 HR","platoon edge; pitcher baseline 6.5% barrel, 8.2 HR allowed",neutral batted-ball profile; pitcher fly-ball pressure modest,10.08,47.49,91.46,101.3291,0.4397,0.1835,0.3308,71.77,18.9,36.29,25.46,14.0,0.1961,6.45,38.15,89.72,0.3586,0.1329,28.44,L To R,Open-Meteo forecast; MLB fallback,https://forecast.weather.gov/MapClick.php?lat=32.7073&lon=-117.1573,67,1,79,Petco Park,,,,,,,,,,,
75,669394,Jake Burger,TEX,LAA,2026-08-12T01:38:00Z,Pre-Game,7,Ryan Johnson,696270,R,52.0,Longshot,Watch List,"Strong Barrel, Good Environment",47.7,46.8,71.7,64.3,50.0,17.7,50.0,,Yes,Yes,7,Yes,No,MLB Stats API; RotoWire,,H:2026/2025 P:2026/2025,,,Direct BvP not yet weighted; 2026/2025 Statcast baseline active,7,5,21,0,"Last 7 games: 5/21, 0 HR","same-side matchup; pitcher baseline 10.0% barrel, 10.3 HR allowed",neutral batted-ball profile; pitcher allows elevated contact,11.73,47.1,89.98,102.5356,0.4171,0.1837,0.3058,75.3,57.79,42.44,27.69,18.1,0.1795,9.97,36.07,87.26,0.4535,0.191,32.55,Out To CF,Open-Meteo forecast; MLB fallback,https://forecast.weather.gov/MapClick.php?lat=33.8003&lon=-117.8827,45,0,87,Angel Stadium,,,,,,,,,,,
76,668930,Brice Turang,MIL,SD,2026-08-12T01:40:00Z,Pre-Game,1,Walker Buehler,621111,R,51.9,Longshot,Watch List,"Premium Lineup Spot, Platoon Edge",38.6,43.8,47.6,93.2,80.0,24.9,50.0,,Yes,Yes,1,Yes,No,MLB Stats API; RotoWire,,H:2026/2025 P:2026/2025,,,Direct BvP not yet weighted; 2026/2025 Statcast baseline active,7,8,28,0,"Last 7 games: 8/28, 0 HR","platoon edge; pitcher baseline 8.8% barrel, 16.4 HR allowed",neutral batted-ball profile; pitcher fly-ball pressure modest,8.14,44.25,90.75,100.5481,0.4353,0.1768,0.342,70.25,13.13,27.09,24.34,16.6,0.1729,8.8,39.83,89.23,0.4185,0.1617,23.37,L To R,Open-Meteo forecast; MLB fallback,https://forecast.weather.gov/MapClick.php?lat=32.7073&lon=-117.1573,67,1,79,Petco Park,,,,,,,,,,,
77,575929,Willson Contreras,BOS,TOR,2026-08-11T23:07:00Z,Warmup,4,Dylan Cease,656302,R,51.8,Longshot,Watch List,"Strong Barrel, Premium Lineup Spot",59.5,19.6,65.9,94.9,50.0,10.6,36.0,61.0,Yes,Yes,4,Yes,No,MLB Stats API; RotoWire,,H:2026/2025 P:2026/2025,,,Direct BvP not yet weighted; 2026/2025 Statcast baseline active,7,4,21,0,"Last 7 games: 4/21, 0 HR","same-side matchup; pitcher baseline 5.7% barrel, 11.2 HR allowed",neutral batted-ball profile; pitcher fly-ball pressure modest,14.18,46.9,90.6,103.0769,0.4999,0.238,0.3783,76.77,68.66,44.28,29.33,22.1,0.2285,5.73,34.42,86.94,0.3037,0.1086,24.35,Out To LF,Open-Meteo forecast; MLB fallback,https://forecast.weather.gov/MapClick.php?lat=43.6414&lon=-79.3894,72,2,77,Rogers Centre,,10.8,0.173,91,4,110,0,22,10.46,12,Taillon extreme vulnerability; moderate RHH profile
78,677951,Bobby Witt Jr.,KC,LAD,2026-08-12T02:10:00Z,Pre-Game,2,Blake Snell,605483,L,51.8,Longshot,Watch List,"Strong Barrel, Premium Lineup Spot, Platoon Edge",57.7,1.0,67.1,100.0,78.0,30.0,50.0,,Yes,Yes,2,Yes,No,MLB Stats API; RotoWire,,H:2026/2025 P:2026/2025,,,Direct BvP not yet weighted; 2026/2025 Statcast baseline active,7,8,25,0,Contact streak: 8/25 over last 7 games,"platoon edge; pitcher baseline 1.7% barrel, 0.9 HR allowed",EV profile; pitcher fly-ball pressure modest,12.22,51.3,92.95,103.6167,0.5094,0.2122,0.3769,73.95,42.09,29.96,26.78,16.0,0.1773,1.74,22.94,82.21,0.3164,0.0616,11.74,Out To RF,NOAA link only,https://forecast.weather.gov/MapClick.php?lat=34.0739&lon=-118.2400,,,79,UNIQLO Field at Dodger Stadium,,,,,,,,,,,
79,666182,Bo Bichette,NYM,ATL,2026-08-11T23:15:00Z,Warmup,3,Martín Pérez,527048,L,51.7,Longshot,Watch List,"Premium Lineup Spot, Platoon Edge",31.1,39.5,53.9,96.6,78.0,62.4,50.0,,Yes,Yes,3,Yes,No,MLB Stats API; RotoWire,,H:2026/2025 P:2026/2025,,,Direct BvP not yet weighted; 2026/2025 Statcast baseline active,7,12,29,1,Contact streak: 12/29 over last 7 games,"platoon edge; pitcher baseline 8.6% barrel, 9.5 HR allowed",neutral batted-ball profile; pitcher fly-ball pressure modest,6.57,42.71,89.81,101.0083,0.4254,0.144,0.3292,69.73,13.23,27.19,22.6,13.1,0.1314,8.63,37.65,88.06,0.4185,0.1674,24.48,R To L,Open-Meteo forecast; MLB fallback,https://forecast.weather.gov/MapClick.php?lat=33.8907&lon=-84.4677,68,7,85,Truist Park,,,,,,,,,,,
80,671732,Lawrence Butler,ATH,TB,2026-08-12T01:40:00Z,Pre-Game,5,Nick Martinez,607259,R,51.6,Longshot,Watch List,"Good Environment, Platoon Edge",32.7,36.3,78.4,86.4,80.0,23.4,50.0,,Yes,Yes,5,Yes,No,MLB Stats API; RotoWire,,H:2026/2025 P:2026/2025,,,Direct BvP not yet weighted; 2026/2025 Statcast baseline active,7,4,26,1,"Last 7 games: 4/26, 1 HR","platoon edge; pitcher baseline 7.2% barrel, 17.1 HR allowed",neutral batted-ball profile; pitcher fly-ball pressure modest,7.52,44.33,89.66,101.69,0.3657,0.1346,0.304,73.7,38.37,35.66,21.93,11.2,0.1322,7.21,33.38,87.39,0.4338,0.1614,28.82,Out To CF,Open-Meteo forecast; MLB fallback,https://forecast.weather.gov/MapClick.php?lat=38.5804&lon=-121.5139,24,0,93,Sutter Health Park,,,,,,,,,,,
81,666126,Carlos Cortes,ATH,TB,2026-08-12T01:40:00Z,Pre-Game,4,Nick Martinez,607259,R,51.5,Longshot,Watch List,"Good Environment, Premium Lineup Spot, Platoon Edge",32.3,36.3,78.4,94.9,80.0,0.0,50.0,,Yes,Yes,4,Yes,No,MLB Stats API; RotoWire,,H:2026/2025 P:2026/2025,,,Direct BvP not yet weighted; 2026/2025 Statcast baseline active,7,1,11,0,"Last 7 games: 1/11, 0 HR","platoon edge; pitcher baseline 7.2% barrel, 17.1 HR allowed",neutral batted-ball profile; pitcher fly-ball pressure modest,7.73,40.15,89.66,99.8869,0.4108,0.1511,0.321,70.76,14.97,30.83,23.29,6.1,0.1745,7.21,33.38,87.39,0.4338,0.1614,28.82,Out To CF,Open-Meteo forecast; MLB fallback,https://forecast.weather.gov/MapClick.php?lat=38.5804&lon=-121.5139,24,0,93,Sutter Health Park,,,,,,,,,,,
82,514888,Jose Altuve,HOU,SF,2026-08-12T01:45:00Z,Pre-Game,4,Carson Whisenhunt,687931,L,51.5,Longshot,Watch List,"Premium Lineup Spot, Platoon Edge",14.9,62.9,56.3,94.9,78.0,50.3,50.0,,Yes,Yes,4,Yes,No,MLB Stats API; RotoWire,,H:2026/2025 P:2026/2025,,,Direct BvP not yet weighted; 2026/2025 Statcast baseline active,7,9,27,1,Contact streak: 9/27 over last 7 games,"platoon edge; pitcher baseline 10.8% barrel, 4.6 HR allowed",neutral batted-ball profile; pitcher allows elevated contact,5.5,31.53,85.45,97.0814,0.3476,0.1211,0.2825,69.07,9.99,46.2,22.37,16.9,0.1588,10.75,48.6,90.72,0.5044,0.2242,30.32,Out To CF,Open-Meteo forecast; MLB fallback,https://forecast.weather.gov/MapClick.php?lat=37.7786&lon=-122.3893,78,0,66,Oracle Park,,,,,,,,,,,
83,668709,JJ Bleday,CIN,CWS,2026-08-11T23:40:00Z,Pre-Game,3,Sean Burke,680732,R,51.4,Longshot,Watch List,"Premium Lineup Spot, Platoon Edge",40.6,43.5,33.5,96.6,80.0,32.9,50.0,,Yes,Yes,3,Yes,No,MLB Stats API; RotoWire,,H:2026/2025 P:2026/2025,,,Direct BvP not yet weighted; 2026/2025 Statcast baseline active,7,5,23,1,"Last 7 games: 5/23, 1 HR","platoon edge; pitcher baseline 8.6% barrel, 16.7 HR allowed",neutral batted-ball profile; pitcher allows elevated contact,9.83,40.24,88.7,99.9577,0.4206,0.1872,0.3341,73.21,29.19,45.81,33.27,18.2,0.2221,8.61,38.43,89.25,0.394,0.1613,30.42,In From CF,Open-Meteo forecast; MLB fallback,https://forecast.weather.gov/MapClick.php?lat=41.8300&lon=-87.6338,90,39,76,Rate Field,,,,,,,,,,,
84,687093,Vaughn Grissom,LAA,TEX,2026-08-12T01:38:00Z,Pre-Game,4,Cody Bradford,674003,L,51.4,Longshot,Watch List,"Good Environment, Premium Lineup Spot, Platoon Edge",28.1,44.2,71.7,94.9,78.0,9.8,50.0,,Yes,Yes,4,Yes,No,MLB Stats API; RotoWire,,H:2026 P:2026,,,Direct BvP not yet weighted; 2026/2025 Statcast baseline active,7,5,27,0,"Last 7 games: 5/27, 0 HR","platoon edge; pitcher baseline 7.7% barrel, 0.0 HR allowed",neutral batted-ball profile; pitcher allows elevated contact,6.4,39.4,88.4,99.383,0.396,0.139,0.32,71.5,19.5,39.9,26.1,7.0,0.136,7.7,46.2,92.1,0.332,0.126,46.2,Out To CF,Open-Meteo forecast; MLB fallback,https://forecast.weather.gov/MapClick.php?lat=33.8003&lon=-117.8827,45,0,87,Angel Stadium,,,,,,,,,,,
85,670623,Isaac Paredes,HOU,SF,2026-08-12T01:45:00Z,Pre-Game,3,Carson Whisenhunt,687931,L,51.3,Longshot,Watch List,"Premium Lineup Spot, Platoon Edge",18.8,62.9,56.3,96.6,78.0,18.0,50.0,,Yes,Yes,3,Yes,No,MLB Stats API; RotoWire,,H:2026/2025 P:2026/2025,,,Direct BvP not yet weighted; 2026/2025 Statcast baseline active,7,6,25,0,"Last 7 games: 6/25, 0 HR","platoon edge; pitcher baseline 10.8% barrel, 4.6 HR allowed",neutral batted-ball profile; pitcher allows elevated contact,5.67,30.52,86.56,96.9946,0.3765,0.132,0.3221,67.81,7.71,52.14,30.94,16.5,0.176,10.75,48.6,90.72,0.5044,0.2242,30.32,Out To CF,Open-Meteo forecast; MLB fallback,https://forecast.weather.gov/MapClick.php?lat=37.7786&lon=-122.3893,78,0,66,Oracle Park,,,,,,,,,,,
86,681624,Andy Pages,LAD,KC,2026-08-12T02:10:00Z,Pre-Game,2,Michael Wacha,608379,R,51.1,Longshot,Watch List,"Projected Lineup, Premium Lineup Spot",36.2,37.1,67.1,95.5,50.0,40.7,50.0,,No,No,2,Yes,Yes,RotoWire projected lineup; MLB probable pitchers,lineup projected / unconfirmed,H:2026/2025 P:2026/2025,,,Direct BvP not yet weighted; 2026/2025 Statcast baseline active,7,7,26,1,"Last 7 games: 7/26, 1 HR","same-side matchup; pitcher baseline 6.8% barrel, 16.4 HR allowed",neutral batted-ball profile; pitcher fly-ball pressure modest,7.84,41.19,88.95,99.8901,0.4336,0.1686,0.3307,72.78,26.33,37.9,28.58,21.4,0.1876,6.84,36.28,88.2,0.4158,0.164,28.46,Out To RF,NOAA link only,https://forecast.weather.gov/MapClick.php?lat=34.0739&lon=-118.2400,,,79,UNIQLO Field at Dodger Stadium,,,,,,,,,,,
87,682674,Victor Bericoto,SF,HOU,2026-08-12T01:45:00Z,Pre-Game,5,Hunter Brown,686613,R,51.0,Longshot,Watch List,Strong Barrel,53.7,23.1,56.3,86.4,50.0,52.3,50.0,,Yes,Yes,5,Yes,No,MLB Stats API; RotoWire,,H:2026 P:2026/2025,,,Direct BvP not yet weighted; 2026/2025 Statcast baseline active,7,9,26,1,Contact streak: 9/26 over last 7 games,"same-side matchup; pitcher baseline 6.5% barrel, 10.0 HR allowed",neutral batted-ball profile; pitcher fly-ball pressure modest,14.0,46.5,88.5,99.9079,0.457,0.24,0.289,74.3,45.7,37.2,27.9,4.0,0.259,6.53,35.84,86.24,0.3313,0.1283,22.25,Out To CF,Open-Meteo forecast; MLB fallback,https://forecast.weather.gov/MapClick.php?lat=37.7786&lon=-122.3893,78,0,66,Oracle Park,,,,,,,,,,,
88,673357,Luis Robert Jr.,NYM,ATL,2026-08-11T23:15:00Z,Warmup,4,Martín Pérez,527048,L,50.9,Longshot,Watch List,"Premium Lineup Spot, Platoon Edge",32.3,39.5,53.9,94.9,78.0,44.1,50.0,,Yes,Yes,4,Yes,No,MLB Stats API; RotoWire,,H:2026/2025 P:2026/2025,,,Direct BvP not yet weighted; 2026/2025 Statcast baseline active,7,7,24,1,"Last 7 games: 7/24, 1 HR","platoon edge; pitcher baseline 8.6% barrel, 9.5 HR allowed",neutral batted-ball profile; pitcher fly-ball pressure modest,6.45,39.43,88.98,101.5476,0.3819,0.1506,0.3028,76.3,64.12,46.93,26.75,7.7,0.1312,8.63,37.65,88.06,0.4185,0.1674,24.48,R To L,Open-Meteo forecast; MLB fallback,https://forecast.weather.gov/MapClick.php?lat=33.8907&lon=-84.4677,68,7,85,Truist Park,,,,,,,,,,,
89,683002,Gunnar Henderson,BAL,MIN,2026-08-11T23:40:00Z,Pre-Game,1,Bailey Ober,641927,R,50.9,Longshot,Watch List,"Premium Lineup Spot, Platoon Edge",37.4,50.6,41.1,93.2,80.0,0.0,50.0,,Yes,Yes,1,Yes,No,MLB Stats API; RotoWire,,H:2026/2025 P:2026/2025,,,Direct BvP not yet weighted; 2026/2025 Statcast baseline active,7,1,20,0,"Last 7 games: 1/20, 0 HR","platoon edge; pitcher baseline 10.1% barrel, 18.8 HR allowed",neutral batted-ball profile; pitcher allows elevated contact,7.48,46.33,90.42,101.4288,0.3977,0.1497,0.3193,74.6,46.75,41.36,24.08,17.7,0.1682,10.06,34.9,88.62,0.4501,0.2,31.06,In From LF,Open-Meteo forecast; MLB fallback,https://forecast.weather.gov/MapClick.php?lat=44.9817&lon=-93.2776,47,0,84,Target Field,,,,,,,,,,,
90,668904,Royce Lewis,MIN,BAL,2026-08-11T23:40:00Z,Pre-Game,5,Brandon Young,687064,R,50.8,Longshot,Watch List,Strong Barrel,44.5,41.7,41.1,86.4,50.0,62.4,50.0,,Yes,Yes,5,Yes,No,MLB Stats API; RotoWire,,H:2026/2025 P:2026/2025,,,Direct BvP not yet weighted; 2026/2025 Statcast baseline active,7,12,29,1,Contact streak: 12/29 over last 7 games,"same-side matchup; pitcher baseline 7.5% barrel, 12.0 HR allowed",neutral batted-ball profile; pitcher fly-ball pressure modest,11.36,42.4,90.01,101.0663,0.4119,0.174,0.3131,74.65,49.89,46.51,30.71,13.0,0.1762,7.54,41.29,89.4,0.4152,0.163,27.57,In From LF,Open-Meteo forecast; MLB fallback,https://forecast.weather.gov/MapClick.php?lat=44.9817&lon=-93.2776,47,0,84,Target Field,,,,,,,,,,,
91,691777,Max Muncy,LAD,KC,2026-08-12T02:10:00Z,Pre-Game,4,Michael Wacha,608379,R,50.1,Longshot,Watch List,"Projected Lineup, Strong Barrel, Premium Lineup Spot",37.8,37.1,67.1,90.4,50.0,8.5,66.5,100.0,No,No,4,Yes,Yes,RotoWire projected lineup; MLB probable pitchers,lineup projected / unconfirmed,H:2026/2025 P:2026/2025,,,Direct BvP not yet weighted; 2026/2025 Statcast baseline active,7,3,17,0,"Last 7 games: 3/17, 0 HR","same-side matchup; pitcher baseline 6.8% barrel, 16.4 HR allowed",neutral batted-ball profile; pitcher fly-ball pressure modest,10.73,42.48,89.55,101.3116,0.3544,0.1472,0.2768,74.01,45.4,42.89,24.68,6.2,0.1587,6.84,36.28,88.2,0.4158,0.164,28.46,Out To RF,NOAA link only,https://forecast.weather.gov/MapClick.php?lat=34.0739&lon=-118.2400,,,79,UNIQLO Field at Dodger Stadium,,19.2,0.333,92,4,39,57.1,19,8.85,4,Dodger +19; elite sheet line vs Cameron LHH split
92,695657,Colson Montgomery,CWS,CIN,2026-08-11T23:40:00Z,Pre-Game,6,Nick Lodolo,666157,L,50.0,Longshot,Watch List,Strong Barrel,52.4,44.4,33.5,76.2,50.0,33.7,50.0,,Yes,Yes,6,Yes,No,MLB Stats API; RotoWire,,H:2026/2025 P:2026/2025,,,Direct BvP not yet weighted; 2026/2025 Statcast baseline active,7,6,27,1,"Last 7 games: 6/27, 1 HR","same-side matchup; pitcher baseline 8.1% barrel, 12.9 HR allowed",neutral batted-ball profile; pitcher fly-ball pressure modest,13.1,42.4,89.05,101.776,0.4429,0.2262,0.3186,76.65,69.74,49.58,34.07,24.5,0.248,8.13,38.96,89.92,0.4426,0.1708,25.91,In From CF,Open-Meteo forecast; MLB fallback,https://forecast.weather.gov/MapClick.php?lat=41.8300&lon=-87.6338,90,39,76,Rate Field,,,,,,,,,,,
93,663656,Kyle Tucker,LAD,KC,2026-08-12T02:10:00Z,Pre-Game,6,Michael Wacha,608379,R,50.0,Longshot,Watch List,"Projected Lineup, Platoon Edge, Hot Hitter/Streak",34.6,37.1,67.1,71.7,80.0,70.8,27.1,57.0,No,No,6,Yes,Yes,RotoWire projected lineup; MLB probable pitchers,lineup projected / unconfirmed,H:2026/2025 P:2026/2025,,,Direct BvP not yet weighted; 2026/2025 Statcast baseline active,7,8,23,2,Hot streak: 2 HR in last 7 games,"platoon edge; pitcher baseline 6.8% barrel, 16.4 HR allowed",neutral batted-ball profile; pitcher fly-ball pressure modest,7.72,39.07,89.26,98.8908,0.4221,0.1577,0.3475,71.58,21.29,43.24,32.98,14.3,0.1602,6.84,36.28,88.2,0.4158,0.164,28.46,Out To RF,NOAA link only,https://forecast.weather.gov/MapClick.php?lat=34.0739&lon=-118.2400,,,79,UNIQLO Field at Dodger Stadium,,11.1,0.152,90,1,66,30.8,19,8.85,4,Park/split help but hitter sheet not loud
94,662139,Daulton Varsho,HOU,SF,2026-08-12T01:45:00Z,Pre-Game,7,Carson Whisenhunt,687931,L,49.6,Longshot,Watch List,No major boost,35.1,62.9,56.3,64.3,50.0,18.3,50.0,,Yes,Yes,7,Yes,No,MLB Stats API; RotoWire,,H:2026/2025 P:2026/2025,,,Direct BvP not yet weighted; 2026/2025 Statcast baseline active,7,3,25,1,"Last 7 games: 3/25, 1 HR","same-side matchup; pitcher baseline 10.8% barrel, 4.6 HR allowed",neutral batted-ball profile; pitcher allows elevated contact,9.25,38.41,87.45,99.4757,0.4016,0.1683,0.3039,73.78,37.02,42.48,29.59,11.6,0.1847,10.75,48.6,90.72,0.5044,0.2242,30.32,Out To CF,Open-Meteo forecast; MLB fallback,https://forecast.weather.gov/MapClick.php?lat=37.7786&lon=-122.3893,78,0,66,Oracle Park,,,,,,,,,,,
95,702616,Jackson Holliday,BAL,MIN,2026-08-11T23:40:00Z,Pre-Game,3,Bailey Ober,641927,R,49.5,Longshot,Watch List,"Premium Lineup Spot, Platoon Edge",28.5,50.6,41.1,96.6,80.0,37.8,28.9,55.0,Yes,Yes,3,Yes,No,MLB Stats API; RotoWire,,H:2026/2025 P:2026/2025,,,Direct BvP not yet weighted; 2026/2025 Statcast baseline active,7,6,24,1,"Last 7 games: 6/24, 1 HR","platoon edge; pitcher baseline 10.1% barrel, 18.8 HR allowed",neutral batted-ball profile; pitcher allows elevated contact,8.01,38.0,87.75,98.3612,0.383,0.1448,0.3182,70.6,7.69,36.39,25.52,9.3,0.1414,10.06,34.9,88.62,0.4501,0.2,31.06,In From LF,Open-Meteo forecast; MLB fallback,https://forecast.weather.gov/MapClick.php?lat=44.9817&lon=-93.2776,47,0,84,Target Field,,13.0,0.227,89,4,75,0,-4,5.43,7,Best BAL full sheet line but park neutral-negative
96,592885,Christian Yelich,MIL,SD,2026-08-12T01:40:00Z,Pre-Game,6,Walker Buehler,621111,R,49.5,Longshot,Watch List,Platoon Edge,37.0,43.8,47.6,76.2,80.0,34.4,50.0,,Yes,Yes,6,Yes,No,MLB Stats API; RotoWire,,H:2026/2025 P:2026/2025,,,Direct BvP not yet weighted; 2026/2025 Statcast baseline active,7,5,22,1,"Last 7 games: 5/22, 1 HR","platoon edge; pitcher baseline 8.8% barrel, 16.4 HR allowed",neutral batted-ball profile; pitcher fly-ball pressure modest,9.74,43.25,89.08,100.8626,0.3921,0.1646,0.309,73.09,31.62,33.96,19.37,14.3,0.1586,8.8,39.83,89.23,0.4185,0.1617,23.37,L To R,Open-Meteo forecast; MLB fallback,https://forecast.weather.gov/MapClick.php?lat=32.7073&lon=-117.1573,67,1,79,Petco Park,,,,,,,,,,,
97,814439,Ryan Waldschmidt,AZ,COL,2026-08-12T01:40:00Z,Pre-Game,9,Tomoyuki Sugano,608372,R,49.4,Longshot,Watch List,Pitcher Vulnerable,28.1,73.9,61.2,44.8,50.0,48.1,50.0,,Yes,,,No,Yes,MLB Stats API; RotoWire,not found on RotoWire,H:2026 P:2026/2025,,,Direct BvP not yet weighted; 2026/2025 Statcast baseline active,7,7,22,1,"Last 7 games: 7/22, 1 HR","same-side matchup; pitcher baseline 13.2% barrel, 25.3 HR allowed",neutral batted-ball profile; pitcher allows elevated contact,7.5,34.2,88.2,98.6244,0.388,0.135,0.303,72.4,20.5,33.3,30.0,2.0,0.119,13.2,42.67,90.56,0.5555,0.2497,30.21,None,Open-Meteo forecast; MLB fallback,https://forecast.weather.gov/MapClick.php?lat=33.4455&lon=-112.0667,24,1,106,Chase Field,,,,,,,,,,,
98,701807,Carson Benge,NYM,ATL,2026-08-11T23:15:00Z,Warmup,5,Martín Pérez,527048,L,49.2,Longshot,Watch List,No major boost,34.4,39.5,53.9,86.4,50.0,66.9,50.0,,Yes,Yes,5,Yes,No,MLB Stats API; RotoWire,,H:2026 P:2026/2025,,,Direct BvP not yet weighted; 2026/2025 Statcast baseline active,7,9,28,2,Hot streak: 2 HR in last 7 games,"same-side matchup; pitcher baseline 8.6% barrel, 9.5 HR allowed",neutral batted-ball profile; pitcher fly-ball pressure modest,7.7,40.9,89.4,100.019,0.442,0.159,0.344,70.9,17.4,32.3,25.9,13.0,0.139,8.63,37.65,88.06,0.4185,0.1674,24.48,R To L,Open-Meteo forecast; MLB fallback,https://forecast.weather.gov/MapClick.php?lat=33.8907&lon=-84.4677,68,7,85,Truist Park,,,,,,,,,,,
99,669224,Austin Wells,NYY,SEA,2026-08-11T23:05:00Z,Warmup,9,Bryan Woo,693433,R,49.1,Longshot,Watch List,"Good Environment, Platoon Edge",38.4,41.2,71.7,44.8,80.0,50.3,50.0,,Yes,Yes,9,Yes,No,MLB Stats API; RotoWire,,H:2026/2025 P:2026/2025,,,Direct BvP not yet weighted; 2026/2025 Statcast baseline active,7,6,18,1,Contact streak: 6/18 over last 7 games,"platoon edge; pitcher baseline 7.6% barrel, 16.9 HR allowed",neutral batted-ball profile; pitcher fly-ball pressure modest,8.17,44.08,89.76,100.659,0.3822,0.1661,0.2996,72.98,27.67,45.68,33.42,11.9,0.1519,7.56,42.43,89.38,0.3828,0.1499,28.27,Out To LF,Open-Meteo forecast; MLB fallback,https://forecast.weather.gov/MapClick.php?lat=40.8296&lon=-73.9262,76,17,77,Yankee Stadium,,,,,,,,,,,
100,680777,Ryan Jeffers,MIN,BAL,2026-08-11T23:40:00Z,Pre-Game,2,Brandon Young,687064,R,49.1,Longshot,Watch List,Premium Lineup Spot,40.4,41.7,41.1,100.0,50.0,14.6,50.0,,Yes,Yes,2,Yes,No,MLB Stats API; RotoWire,,H:2026/2025 P:2026/2025,,,Direct BvP not yet weighted; 2026/2025 Statcast baseline active,7,5,23,0,"Last 7 games: 5/23, 0 HR","same-side matchup; pitcher baseline 7.5% barrel, 12.0 HR allowed",neutral batted-ball profile; pitcher fly-ball pressure modest,9.66,41.12,89.37,100.9724,0.4378,0.1829,0.3537,72.93,35.49,36.83,27.47,9.7,0.1912,7.54,41.29,89.4,0.4152,0.163,27.57,In From LF,Open-Meteo forecast; MLB fallback,https://forecast.weather.gov/MapClick.php?lat=44.9817&lon=-93.2776,47,0,84,Target Field,,,,,,,,,,,
101,553993,Eugenio Suárez,CIN,CWS,2026-08-11T23:40:00Z,Pre-Game,5,Sean Burke,680732,R,49.1,Longshot,Watch List,Strong Barrel,42.2,43.5,33.5,86.4,50.0,54.4,50.0,,Yes,Yes,5,Yes,No,MLB Stats API; RotoWire,,H:2026/2025 P:2026/2025,,,Direct BvP not yet weighted; 2026/2025 Statcast baseline active,7,5,21,2,Hot streak: 2 HR in last 7 games,"same-side matchup; pitcher baseline 8.6% barrel, 16.7 HR allowed",neutral batted-ball profile; pitcher allows elevated contact,12.62,38.92,89.08,100.1627,0.3762,0.1806,0.2864,71.81,20.62,48.45,33.83,25.9,0.2287,8.61,38.43,89.25,0.394,0.1613,30.42,In From CF,Open-Meteo forecast; MLB fallback,https://forecast.weather.gov/MapClick.php?lat=41.8300&lon=-87.6338,90,39,76,Rate Field,,,,,,,,,,,
102,802139,JJ Wetherholt,STL,PHI,2026-08-11T23:45:00Z,Pre-Game,1,Cristopher Sánchez,650911,L,48.9,Longshot,Watch List,Premium Lineup Spot,38.7,33.3,64.6,93.2,50.0,13.3,50.0,,Yes,Yes,1,Yes,No,MLB Stats API; RotoWire,,H:2026 P:2026/2025,,,Direct BvP not yet weighted; 2026/2025 Statcast baseline active,7,5,24,0,"Last 7 games: 5/24, 0 HR","same-side matchup; pitcher baseline 7.2% barrel, 12.7 HR allowed",neutral batted-ball profile; pitcher fly-ball pressure modest,7.5,44.2,89.7,99.3717,0.438,0.181,0.354,72.0,21.0,37.1,29.6,16.0,0.137,7.17,41.83,89.28,0.3569,0.1242,16.97,Out To LF,Open-Meteo forecast; MLB fallback,https://forecast.weather.gov/MapClick.php?lat=38.6226&lon=-90.1928,67,5,91,Busch Stadium,,,,,,,,,,,
103,702284,Cole Young,SEA,NYY,2026-08-11T23:05:00Z,Warmup,5,Ryan Weathers,677960,L,48.8,Longshot,Watch List,Good Environment,25.5,47.3,71.7,86.4,50.0,28.2,50.0,,Yes,Yes,5,Yes,No,MLB Stats API; RotoWire,,H:2026/2025 P:2026/2025,,,Direct BvP not yet weighted; 2026/2025 Statcast baseline active,7,8,26,0,"Last 7 games: 8/26, 0 HR","same-side matchup; pitcher baseline 9.0% barrel, 14.0 HR allowed",neutral batted-ball profile; pitcher fly-ball pressure modest,5.18,36.63,88.51,99.1094,0.3991,0.1373,0.3208,71.51,21.86,42.12,27.01,11.0,0.1297,8.97,42.2,89.74,0.4243,0.175,25.2,Out To LF,Open-Meteo forecast; MLB fallback,https://forecast.weather.gov/MapClick.php?lat=40.8296&lon=-73.9262,76,17,77,Yankee Stadium,,,,,,,,,,,
104,703607,Henry Bolte,ATH,TB,2026-08-12T01:40:00Z,Pre-Game,7,Nick Martinez,607259,R,48.7,Longshot,Watch List,Good Environment,37.0,36.3,78.4,64.3,50.0,46.9,50.0,,Yes,Yes,7,Yes,No,MLB Stats API; RotoWire,,H:2026 P:2026/2025,,,Direct BvP not yet weighted; 2026/2025 Statcast baseline active,7,9,29,1,"Last 7 games: 9/29, 1 HR","same-side matchup; pitcher baseline 7.2% barrel, 17.1 HR allowed",neutral batted-ball profile; pitcher fly-ball pressure modest,7.7,48.2,90.9,104.2724,0.36,0.128,0.302,77.0,74.2,29.6,18.3,5.0,0.098,7.21,33.38,87.39,0.4338,0.1614,28.82,Out To CF,Open-Meteo forecast; MLB fallback,https://forecast.weather.gov/MapClick.php?lat=38.5804&lon=-121.5139,24,0,93,Sutter Health Park,,,,,,,,,,,
105,672724,Oswald Peraza,LAA,TEX,2026-08-12T01:38:00Z,Pre-Game,5,Cody Bradford,674003,L,48.5,Longshot,Watch List,"Good Environment, Platoon Edge",23.9,44.2,71.7,86.4,78.0,2.0,50.0,,Yes,Yes,5,Yes,No,MLB Stats API; RotoWire,,H:2026/2025 P:2026,,,Direct BvP not yet weighted; 2026/2025 Statcast baseline active,7,2,15,0,"Last 7 games: 2/15, 0 HR","platoon edge; pitcher baseline 7.7% barrel, 0.0 HR allowed",neutral batted-ball profile; pitcher allows elevated contact,6.98,38.66,87.45,99.9676,0.3333,0.1169,0.2641,72.83,29.09,36.69,21.43,6.4,0.114,7.7,46.2,92.1,0.332,0.126,46.2,Out To CF,Open-Meteo forecast; MLB fallback,https://forecast.weather.gov/MapClick.php?lat=33.8003&lon=-117.8827,45,0,87,Angel Stadium,,,,,,,,,,,
106,694208,Moisés Ballesteros,LAA,TEX,2026-08-12T01:38:00Z,Pre-Game,6,Cody Bradford,674003,L,48.4,Longshot,Watch List,Good Environment,34.9,44.2,71.7,76.2,50.0,5.1,50.0,,Yes,Yes,6,Yes,No,MLB Stats API; RotoWire,,H:2026/2025 P:2026,,,Direct BvP not yet weighted; 2026/2025 Statcast baseline active,7,4,26,0,"Last 7 games: 4/26, 0 HR","same-side matchup; pitcher baseline 7.7% barrel, 0.0 HR allowed",neutral batted-ball profile; pitcher allows elevated contact,8.52,42.75,89.94,101.001,0.3965,0.1478,0.3179,72.92,36.23,34.01,18.9,4.8,0.1452,7.7,46.2,92.1,0.332,0.126,46.2,Out To CF,Open-Meteo forecast; MLB fallback,https://forecast.weather.gov/MapClick.php?lat=33.8003&lon=-117.8827,45,0,87,Angel Stadium,,,,,,,,,,,
107,677649,Ezequiel Duran,TEX,LAA,2026-08-12T01:38:00Z,Pre-Game,5,Ryan Johnson,696270,R,48.1,Longshot,Watch List,Good Environment,19.8,46.8,71.7,86.4,50.0,52.3,50.0,,Yes,Yes,5,Yes,No,MLB Stats API; RotoWire,,H:2026/2025 P:2026/2025,,,Direct BvP not yet weighted; 2026/2025 Statcast baseline active,7,9,26,1,Contact streak: 9/26 over last 7 games,"same-side matchup; pitcher baseline 10.0% barrel, 10.3 HR allowed",neutral batted-ball profile; pitcher allows elevated contact,5.19,34.47,87.54,98.6621,0.3559,0.116,0.2883,72.34,24.38,35.38,21.09,9.1,0.1439,9.97,36.07,87.26,0.4535,0.191,32.55,Out To CF,Open-Meteo forecast; MLB fallback,https://forecast.weather.gov/MapClick.php?lat=33.8003&lon=-117.8827,45,0,87,Angel Stadium,,,,,,,,,,,
108,661388,William Contreras,MIL,SD,2026-08-12T01:40:00Z,Pre-Game,5,Walker Buehler,621111,R,48.0,Longshot,Watch List,No major boost,36.9,43.8,47.6,86.4,50.0,23.4,50.0,,Yes,Yes,5,Yes,No,MLB Stats API; RotoWire,,H:2026/2025 P:2026/2025,,,Direct BvP not yet weighted; 2026/2025 Statcast baseline active,7,4,26,1,"Last 7 games: 4/26, 1 HR","same-side matchup; pitcher baseline 8.8% barrel, 16.4 HR allowed",neutral batted-ball profile; pitcher fly-ball pressure modest,7.17,44.51,90.19,101.4734,0.4224,0.1646,0.3301,73.2,34.97,36.25,24.01,12.8,0.1278,8.8,39.83,89.23,0.4185,0.1617,23.37,L To R,Open-Meteo forecast; MLB fallback,https://forecast.weather.gov/MapClick.php?lat=32.7073&lon=-117.1573,67,1,79,Petco Park,,,,,,,,,,,
109,665489,Vladimir Guerrero Jr.,TOR,BOS,2026-08-11T23:07:00Z,Warmup,3,Patrick Sandoval,663776,L,47.8,Longshot,Watch List,"Premium Lineup Spot, Platoon Edge",39.4,19.1,65.9,96.6,78.0,31.4,12.1,48.0,Yes,Yes,3,Yes,No,MLB Stats API; RotoWire,,H:2026/2025 P:2026,,,Direct BvP not yet weighted; 2026/2025 Statcast baseline active,7,6,29,1,"Last 7 games: 6/29, 1 HR","platoon edge; pitcher baseline 4.1% barrel, 3.0 HR allowed",neutral batted-ball profile; pitcher fly-ball pressure modest,8.35,45.52,90.67,103.0782,0.4304,0.1444,0.349,76.42,63.96,36.44,18.89,11.8,0.1197,4.1,35.6,86.4,0.395,0.126,24.7,Out To LF,Open-Meteo forecast; MLB fallback,https://forecast.weather.gov/MapClick.php?lat=43.6414&lon=-79.3894,72,2,77,Rogers Centre,,0,0,0,0,0,0,22,3.16,4,EV note only
110,663616,Trevor Larnach,MIN,BAL,2026-08-11T23:40:00Z,Pre-Game,1,Brandon Young,687064,R,47.6,Longshot,Watch List,"Premium Lineup Spot, Platoon Edge",30.3,41.7,41.1,93.2,80.0,45.9,21.7,54.0,Yes,Yes,1,Yes,No,MLB Stats API; RotoWire,,H:2026/2025 P:2026/2025,,,Direct BvP not yet weighted; 2026/2025 Statcast baseline active,7,4,22,2,Hot streak: 2 HR in last 7 games,"platoon edge; pitcher baseline 7.5% barrel, 12.0 HR allowed",neutral batted-ball profile; pitcher fly-ball pressure modest,7.55,38.77,88.38,99.5508,0.4016,0.1474,0.3278,72.03,21.85,42.2,24.54,12.1,0.1624,7.54,41.29,89.4,0.4152,0.163,27.57,In From LF,Open-Meteo forecast; MLB fallback,https://forecast.weather.gov/MapClick.php?lat=44.9817&lon=-93.2776,47,0,84,Target Field,,10.0,0.286,79,2,21,50,-4,2.56,1,PA% and ISO but EV/pitcher split concern
111,691458,Blaze Jordan,STL,PHI,2026-08-11T23:45:00Z,Pre-Game,7,Cristopher Sánchez,650911,L,47.5,Longshot,Watch List,Platoon Edge,35.4,33.3,64.6,64.3,78.0,42.0,50.0,,Yes,Yes,7,Yes,No,MLB Stats API; RotoWire,,H:2026 P:2026/2025,,,Direct BvP not yet weighted; 2026/2025 Statcast baseline active,7,8,20,0,Contact streak: 8/20 over last 7 games,"platoon edge; pitcher baseline 7.2% barrel, 12.7 HR allowed",neutral batted-ball profile; pitcher fly-ball pressure modest,8.3,46.3,89.6,100.3774,0.41,0.142,0.312,72.6,26.6,38.8,19.8,1.0,0.117,7.17,41.83,89.28,0.3569,0.1242,16.97,Out To LF,Open-Meteo forecast; MLB fallback,https://forecast.weather.gov/MapClick.php?lat=38.6226&lon=-90.1928,67,5,91,Busch Stadium,,,,,,,,,,,
112,805999,A.J. Ewing,NYM,ATL,2026-08-11T23:15:00Z,Warmup,1,Martín Pérez,527048,L,47.3,Longshot,Watch List,Premium Lineup Spot,32.6,39.5,53.9,93.2,50.0,19.5,50.0,,Yes,Yes,1,Yes,No,MLB Stats API; RotoWire,,H:2026 P:2026/2025,,,Direct BvP not yet weighted; 2026/2025 Statcast baseline active,7,7,28,0,"Last 7 games: 7/28, 0 HR","same-side matchup; pitcher baseline 8.6% barrel, 9.5 HR allowed",neutral batted-ball profile; pitcher fly-ball pressure modest,7.6,43.3,89.6,100.4563,0.402,0.144,0.323,70.2,10.9,32.4,24.8,7.0,0.136,8.63,37.65,88.06,0.4185,0.1674,24.48,R To L,Open-Meteo forecast; MLB fallback,https://forecast.weather.gov/MapClick.php?lat=33.8907&lon=-84.4677,68,7,85,Truist Park,,,,,,,,,,,
113,673237,Yainer Diaz,HOU,SF,2026-08-12T01:45:00Z,Pre-Game,9,Carson Whisenhunt,687931,L,47.1,Longshot,Watch List,Platoon Edge,28.4,62.9,56.3,44.8,78.0,19.5,50.0,,Yes,Yes,9,Yes,No,MLB Stats API; RotoWire,,H:2026/2025 P:2026/2025,,,Direct BvP not yet weighted; 2026/2025 Statcast baseline active,7,5,20,0,"Last 7 games: 5/20, 0 HR","platoon edge; pitcher baseline 10.8% barrel, 4.6 HR allowed",neutral batted-ball profile; pitcher allows elevated contact,6.59,36.88,88.29,99.4558,0.4216,0.1543,0.3106,72.41,21.39,36.35,19.31,11.6,0.1519,10.75,48.6,90.72,0.5044,0.2242,30.32,Out To CF,Open-Meteo forecast; MLB fallback,https://forecast.weather.gov/MapClick.php?lat=37.7786&lon=-122.3893,78,0,66,Oracle Park,,,,,,,,,,,
114,694497,Evan Carter,TEX,LAA,2026-08-12T01:38:00Z,Pre-Game,6,Ryan Johnson,696270,R,47.0,Longshot,Watch List,"Good Environment, Platoon Edge",21.4,46.8,71.7,76.2,80.0,0.0,50.0,,Yes,Yes,6,Yes,No,MLB Stats API; RotoWire,,H:2026/2025 P:2026/2025,,,Direct BvP not yet weighted; 2026/2025 Statcast baseline active,7,0,19,0,"Last 7 games: 0/19, 0 HR","platoon edge; pitcher baseline 10.0% barrel, 10.3 HR allowed",neutral batted-ball profile; pitcher allows elevated contact,5.76,35.86,87.19,98.6756,0.3362,0.1232,0.2961,71.02,17.86,39.33,27.84,7.1,0.1359,9.97,36.07,87.26,0.4535,0.191,32.55,Out To CF,Open-Meteo forecast; MLB fallback,https://forecast.weather.gov/MapClick.php?lat=33.8003&lon=-117.8827,45,0,87,Angel Stadium,,,,,,,,,,,
115,545121,Ildemaro Vargas,AZ,COL,2026-08-12T01:40:00Z,Pre-Game,8,Tomoyuki Sugano,608372,R,47.0,Longshot,Watch List,"Pitcher Vulnerable, Platoon Edge",17.6,72.6,61.2,52.4,75.0,8.5,50.0,,Yes,,,No,Yes,MLB Stats API; RotoWire,not found on RotoWire,H:2026/2025 P:2026/2025,,,Direct BvP not yet weighted; 2026/2025 Statcast baseline active,7,3,17,0,"Last 7 games: 3/17, 0 HR","switch hitter; pitcher baseline 13.2% barrel, 25.3 HR allowed",neutral batted-ball profile; pitcher allows elevated contact,3.48,36.04,88.15,98.6603,0.3837,0.1056,0.3066,70.64,14.4,40.85,19.58,5.8,0.1298,13.2,42.67,90.56,0.5555,0.2497,30.21,None,Open-Meteo forecast; MLB fallback,https://forecast.weather.gov/MapClick.php?lat=33.4455&lon=-112.0667,24,1,106,Chase Field,,,,,,,,,,,
116,543760,Marcus Semien,NYM,ATL,2026-08-11T23:15:00Z,Warmup,6,Martín Pérez,527048,L,46.9,Longshot,Watch List,Platoon Edge,26.3,39.5,53.9,76.2,78.0,53.3,50.0,,Yes,Yes,6,Yes,No,MLB Stats API; RotoWire,,H:2026/2025 P:2026/2025,,,Direct BvP not yet weighted; 2026/2025 Statcast baseline active,7,6,26,2,Hot streak: 2 HR in last 7 games,"platoon edge; pitcher baseline 8.6% barrel, 9.5 HR allowed",neutral batted-ball profile; pitcher fly-ball pressure modest,7.15,35.49,87.11,97.6793,0.3957,0.1516,0.3096,68.57,3.13,46.49,31.72,14.3,0.1431,8.63,37.65,88.06,0.4185,0.1674,24.48,R To L,Open-Meteo forecast; MLB fallback,https://forecast.weather.gov/MapClick.php?lat=33.8907&lon=-84.4677,68,7,85,Truist Park,,,,,,,,,,,
117,689414,Liam Hicks,TB,ATH,2026-08-12T01:40:00Z,Pre-Game,5,Mason Barnett,686930,R,46.9,Longshot,Watch List,"Projected Lineup, Good Environment, Platoon Edge",8.5,47.1,78.4,81.9,80.0,41.2,50.0,,No,No,5,Yes,Yes,RotoWire projected lineup; MLB probable pitchers,lineup projected / unconfirmed,H:2026/2025 P:2026/2025,,,Direct BvP not yet weighted; 2026/2025 Statcast baseline active,7,6,22,1,"Last 7 games: 6/22, 1 HR","platoon edge; pitcher baseline 10.1% barrel, 6.5 HR allowed",neutral batted-ball profile; pitcher allows elevated contact,3.74,28.12,84.88,96.256,0.3479,0.1004,0.3122,68.03,3.72,42.31,24.5,12.3,0.1389,10.1,39.56,89.2,0.4004,0.1726,33.23,Out To CF,Open-Meteo forecast; MLB fallback,https://forecast.weather.gov/MapClick.php?lat=38.5804&lon=-121.5139,24,0,93,Sutter Health Park,,,,,,,,,,,
118,643446,Jeff McNeil,ATH,TB,2026-08-12T01:40:00Z,Pre-Game,1,Nick Martinez,607259,R,46.8,Longshot,Watch List,"Good Environment, Premium Lineup Spot, Platoon Edge",11.9,36.3,78.4,93.2,80.0,36.5,50.0,,Yes,Yes,1,Yes,No,MLB Stats API; RotoWire,,H:2026/2025 P:2026/2025,,,Direct BvP not yet weighted; 2026/2025 Statcast baseline active,7,8,22,0,Contact streak: 8/22 over last 7 games,"platoon edge; pitcher baseline 7.2% barrel, 17.1 HR allowed",neutral batted-ball profile; pitcher fly-ball pressure modest,2.3,31.71,86.57,96.5742,0.3677,0.0978,0.3111,69.09,5.16,43.07,23.75,6.4,0.1043,7.21,33.38,87.39,0.4338,0.1614,28.82,Out To CF,Open-Meteo forecast; MLB fallback,https://forecast.weather.gov/MapClick.php?lat=38.5804&lon=-121.5139,24,0,93,Sutter Health Park,,,,,,,,,,,
119,668939,Adley Rutschman,BOS,TOR,2026-08-11T23:07:00Z,Warmup,3,Dylan Cease,656302,R,46.7,Longshot,Watch List,"Premium Lineup Spot, Platoon Edge",33.7,18.4,65.9,96.6,75.0,14.6,50.0,,Yes,Yes,3,Yes,No,MLB Stats API; RotoWire,,H:2026/2025 P:2026/2025,,,Direct BvP not yet weighted; 2026/2025 Statcast baseline active,7,5,23,0,"Last 7 games: 5/23, 0 HR","switch hitter; pitcher baseline 5.7% barrel, 11.2 HR allowed",neutral batted-ball profile; pitcher fly-ball pressure modest,7.22,40.98,89.4,99.5655,0.4254,0.1613,0.3411,70.56,12.84,38.96,28.59,8.3,0.1712,5.73,34.42,86.94,0.3037,0.1086,24.35,Out To LF,Open-Meteo forecast; MLB fallback,https://forecast.weather.gov/MapClick.php?lat=43.6414&lon=-79.3894,72,2,77,Rogers Centre,,,,,,,,,,,
120,605141,Mookie Betts,LAD,KC,2026-08-12T02:10:00Z,Pre-Game,5,Michael Wacha,608379,R,46.7,Longshot,Watch List,Projected Lineup,32.2,37.1,67.1,81.9,50.0,16.6,50.0,,No,No,5,Yes,Yes,RotoWire projected lineup; MLB probable pitchers,lineup projected / unconfirmed,H:2026/2025 P:2026/2025,,,Direct BvP not yet weighted; 2026/2025 Statcast baseline active,7,6,26,0,"Last 7 games: 6/26, 0 HR","same-side matchup; pitcher baseline 6.8% barrel, 16.4 HR allowed",neutral batted-ball profile; pitcher fly-ball pressure modest,6.69,37.62,90.01,98.4437,0.4227,0.1525,0.3265,69.53,8.6,39.75,34.71,15.1,0.1564,6.84,36.28,88.2,0.4158,0.164,28.46,Out To RF,NOAA link only,https://forecast.weather.gov/MapClick.php?lat=34.0739&lon=-118.2400,,,79,UNIQLO Field at Dodger Stadium,,,,,,,,,,,
121,543807,George Springer,TOR,BOS,2026-08-11T23:07:00Z,Warmup,4,Patrick Sandoval,663776,L,46.6,Longshot,Watch List,"Premium Lineup Spot, Platoon Edge",40.6,19.1,65.9,94.9,78.0,5.7,12.1,48.0,Yes,Yes,4,Yes,No,MLB Stats API; RotoWire,,H:2026/2025 P:2026,,,Direct BvP not yet weighted; 2026/2025 Statcast baseline active,7,3,19,0,"Last 7 games: 3/19, 0 HR","platoon edge; pitcher baseline 4.1% barrel, 3.0 HR allowed",neutral batted-ball profile; pitcher fly-ball pressure modest,9.83,41.37,88.95,100.2035,0.4352,0.1869,0.3354,73.24,34.81,41.65,27.28,18.0,0.188,4.1,35.6,86.4,0.395,0.126,24.7,Out To LF,Open-Meteo forecast; MLB fallback,https://forecast.weather.gov/MapClick.php?lat=43.6414&lon=-79.3894,72,2,77,Rogers Centre,,0,0,0,0,0,0,22,3.16,4,EV note only
122,677592,Everson Pereira,STL,PHI,2026-08-11T23:45:00Z,Pre-Game,8,Cristopher Sánchez,650911,L,46.6,Longshot,Watch List,"Strong Barrel, Platoon Edge",42.4,33.3,64.6,52.4,78.0,27.6,35.4,77.0,Yes,Yes,8,Yes,No,MLB Stats API; RotoWire,,H:2026/2025 P:2026/2025,,,Direct BvP not yet weighted; 2026/2025 Statcast baseline active,7,2,11,1,"Last 7 games: 2/11, 1 HR","platoon edge; pitcher baseline 7.2% barrel, 12.7 HR allowed",neutral batted-ball profile; pitcher fly-ball pressure modest,11.61,42.46,89.03,100.3452,0.3747,0.1801,0.2833,74.41,44.57,43.5,27.96,3.4,0.1773,7.17,41.83,89.28,0.3569,0.1242,16.97,Out To LF,Open-Meteo forecast; MLB fallback,https://forecast.weather.gov/MapClick.php?lat=38.6226&lon=-90.1928,67,5,91,Busch Stadium,,14.3,0.333,87,3,36,0,6,7.62,6,ISO/barrel support but EV concern
123,642715,Willy Adames,SF,HOU,2026-08-12T01:45:00Z,Pre-Game,2,Hunter Brown,686613,R,46.6,Longshot,Watch List,Premium Lineup Spot,37.4,23.1,56.3,100.0,50.0,25.3,50.0,,Yes,Yes,2,Yes,No,MLB Stats API; RotoWire,,H:2026/2025 P:2026/2025,,,Direct BvP not yet weighted; 2026/2025 Statcast baseline active,7,4,24,1,"Last 7 games: 4/24, 1 HR","same-side matchup; pitcher baseline 6.5% barrel, 10.0 HR allowed",neutral batted-ball profile; pitcher fly-ball pressure modest,9.73,39.72,87.85,99.063,0.3958,0.1767,0.3011,72.21,24.04,48.12,34.83,22.3,0.1911,6.53,35.84,86.24,0.3313,0.1283,22.25,Out To CF,Open-Meteo forecast; MLB fallback,https://forecast.weather.gov/MapClick.php?lat=37.7786&lon=-122.3893,78,0,66,Oracle Park,,,,,,,,,,,
124,521692,Salvador Perez,KC,LAD,2026-08-12T02:10:00Z,Pre-Game,4,Blake Snell,605483,L,46.4,Longshot,Watch List,"Strong Barrel, Premium Lineup Spot, Platoon Edge",45.6,1.0,67.1,94.9,78.0,12.0,50.0,,Yes,Yes,4,Yes,No,MLB Stats API; RotoWire,,H:2026/2025 P:2026/2025,,,Direct BvP not yet weighted; 2026/2025 Statcast baseline active,7,5,25,0,"Last 7 games: 5/25, 0 HR","platoon edge; pitcher baseline 1.7% barrel, 0.9 HR allowed",neutral batted-ball profile; pitcher fly-ball pressure modest,11.16,43.48,89.23,100.6579,0.4465,0.2058,0.315,71.99,22.14,41.84,30.85,20.2,0.1722,1.74,22.94,82.21,0.3164,0.0616,11.74,Out To RF,NOAA link only,https://forecast.weather.gov/MapClick.php?lat=34.0739&lon=-118.2400,,,79,UNIQLO Field at Dodger Stadium,,,,,,,,,,,
125,656775,Cedric Mullins,TB,ATH,2026-08-12T01:40:00Z,Pre-Game,7,Mason Barnett,686930,R,46.3,Longshot,Watch List,"Projected Lineup, Good Environment, Platoon Edge",19.3,47.1,78.4,59.8,80.0,23.7,50.0,,No,No,7,Yes,Yes,RotoWire projected lineup; MLB probable pitchers,lineup projected / unconfirmed,H:2026/2025 P:2026/2025,,,Direct BvP not yet weighted; 2026/2025 Statcast baseline active,7,5,18,0,"Last 7 games: 5/18, 0 HR","platoon edge; pitcher baseline 10.1% barrel, 6.5 HR allowed",neutral batted-ball profile; pitcher allows elevated contact,4.52,32.68,88.24,97.8138,0.3087,0.1222,0.2617,70.89,8.66,45.32,31.59,14.2,0.1582,10.1,39.56,89.2,0.4004,0.1726,33.23,Out To CF,Open-Meteo forecast; MLB fallback,https://forecast.weather.gov/MapClick.php?lat=38.5804&lon=-121.5139,24,0,93,Sutter Health Park,,,,,,,,,,,
126,694384,Nolan Schanuel,LAA,TEX,2026-08-12T01:38:00Z,Pre-Game,3,Cody Bradford,674003,L,46.2,Longshot,Watch List,"Good Environment, Premium Lineup Spot",13.5,44.2,71.7,96.6,50.0,36.3,50.0,,Yes,Yes,3,Yes,No,MLB Stats API; RotoWire,,H:2026/2025 P:2026,,,Direct BvP not yet weighted; 2026/2025 Statcast baseline active,7,6,25,1,"Last 7 games: 6/25, 1 HR","same-side matchup; pitcher baseline 7.7% barrel, 0.0 HR allowed",neutral batted-ball profile; pitcher allows elevated contact,3.1,31.66,87.5,97.0483,0.3845,0.1106,0.3291,67.89,5.83,41.01,21.99,8.5,0.118,7.7,46.2,92.1,0.332,0.126,46.2,Out To CF,Open-Meteo forecast; MLB fallback,https://forecast.weather.gov/MapClick.php?lat=33.8003&lon=-117.8827,45,0,87,Angel Stadium,,,,,,,,,,,
127,650489,Willi Castro,COL,AZ,2026-08-12T01:40:00Z,Pre-Game,6,Mitch Bratt,683352,L,46.2,Longshot,Watch List,"Projected Lineup, Platoon Edge",31.7,31.0,61.2,71.7,75.0,43.2,50.0,,No,No,6,Yes,Yes,RotoWire projected lineup; MLB probable pitchers,lineup projected / unconfirmed,H:2026/2025 P:2026,,,Direct BvP not yet weighted; 2026/2025 Statcast baseline active,7,8,28,1,"Last 7 games: 8/28, 1 HR","switch hitter; pitcher baseline 7.3% barrel, 4.0 HR allowed",neutral batted-ball profile; pitcher allows elevated contact,8.11,38.77,87.33,100.0369,0.3897,0.1561,0.3081,72.51,26.18,42.81,31.18,12.4,0.1547,7.3,36.6,87.7,0.356,0.143,32.9,None,Open-Meteo forecast; MLB fallback,https://forecast.weather.gov/MapClick.php?lat=33.4455&lon=-112.0667,24,1,106,Chase Field,,,,,,,,,,,
128,641680,Jonah Heim,ATH,TB,2026-08-12T01:40:00Z,Pre-Game,6,Nick Martinez,607259,R,46.2,Longshot,Watch List,"Good Environment, Platoon Edge",25.5,34.5,78.4,76.2,75.0,4.2,50.0,,Yes,Yes,6,Yes,No,MLB Stats API; RotoWire,,H:2026/2025 P:2026/2025,,,Direct BvP not yet weighted; 2026/2025 Statcast baseline active,7,4,27,0,"Last 7 games: 4/27, 0 HR","switch hitter; pitcher baseline 7.2% barrel, 17.1 HR allowed",neutral batted-ball profile; pitcher fly-ball pressure modest,7.22,33.52,87.75,98.0739,0.3789,0.1459,0.2928,69.84,9.38,40.63,28.04,11.0,0.1687,7.21,33.38,87.39,0.4338,0.1614,28.82,Out To CF,Open-Meteo forecast; MLB fallback,https://forecast.weather.gov/MapClick.php?lat=38.5804&lon=-121.5139,24,0,93,Sutter Health Park,,,,,,,,,,,
129,663586,Austin Riley,ATL,NYM,2026-08-11T23:15:00Z,Warmup,8,Nolan McLean,690997,R,46.1,Longshot,Watch List,Strong Barrel,51.2,30.2,53.9,52.4,50.0,64.3,23.0,50.0,Yes,Yes,8,Yes,No,MLB Stats API; RotoWire,,H:2026/2025 P:2026/2025,,,Direct BvP not yet weighted; 2026/2025 Statcast baseline active,7,7,23,2,Hot streak: 2 HR in last 7 games,"same-side matchup; pitcher baseline 7.3% barrel, 11.0 HR allowed",neutral batted-ball profile; pitcher fly-ball pressure modest,12.54,46.07,91.32,102.7844,0.409,0.1893,0.3062,75.83,59.15,39.52,30.59,14.6,0.1512,7.3,38.22,88.24,0.3514,0.1285,21.14,R To L,Open-Meteo forecast; MLB fallback,https://forecast.weather.gov/MapClick.php?lat=33.8907&lon=-84.4677,68,7,85,Truist Park,,11.8,0.107,91,4,131,0,3,4.17,1,Volume but weak ISO
130,607208,Trea Turner,PHI,STL,2026-08-11T23:45:00Z,Pre-Game,2,Andre Pallante,669467,R,46.1,Longshot,Watch List,Premium Lineup Spot,28.1,27.0,64.6,100.0,50.0,33.1,50.0,,Yes,Yes,2,Yes,No,MLB Stats API; RotoWire,,H:2026/2025 P:2026/2025,,,Direct BvP not yet weighted; 2026/2025 Statcast baseline active,7,7,32,1,"Last 7 games: 7/32, 1 HR","same-side matchup; pitcher baseline 5.8% barrel, 13.3 HR allowed",neutral batted-ball profile; pitcher fly-ball pressure modest,6.29,40.91,88.74,99.4736,0.3876,0.1316,0.3056,71.52,19.21,35.17,25.06,16.4,0.1523,5.83,35.84,88.08,0.3796,0.1321,17.82,Out To LF,Open-Meteo forecast; MLB fallback,https://forecast.weather.gov/MapClick.php?lat=38.6226&lon=-90.1928,67,5,91,Busch Stadium,,,,,,,,,,,
131,691720,Kyle Karros,COL,AZ,2026-08-12T01:40:00Z,Pre-Game,2,Mitch Bratt,683352,L,46.1,Longshot,Watch List,"Projected Lineup, Premium Lineup Spot, Platoon Edge",24.2,31.4,61.2,95.5,78.0,13.3,50.0,,No,No,2,Yes,Yes,RotoWire projected lineup; MLB probable pitchers,lineup projected / unconfirmed,H:2026/2025 P:2026,,,Direct BvP not yet weighted; 2026/2025 Statcast baseline active,7,5,24,0,"Last 7 games: 5/24, 0 HR","platoon edge; pitcher baseline 7.3% barrel, 4.0 HR allowed",neutral batted-ball profile; pitcher allows elevated contact,5.76,39.3,89.23,99.6185,0.3593,0.118,0.314,69.87,5.37,39.36,23.78,6.6,0.121,7.3,36.6,87.7,0.356,0.143,32.9,None,Open-Meteo forecast; MLB fallback,https://forecast.weather.gov/MapClick.php?lat=33.4455&lon=-112.0667,24,1,106,Chase Field,,,,,,,,,,,
132,807727,Charles McAdoo,TOR,BOS,2026-08-11T23:07:00Z,Warmup,1,Patrick Sandoval,663776,L,46.0,Longshot,Watch List,"Premium Lineup Spot, Platoon Edge",30.4,19.1,65.9,93.2,78.0,24.0,50.0,,Yes,Yes,1,Yes,No,MLB Stats API; RotoWire,,H:2026 P:2026,,,Direct BvP not yet weighted; 2026/2025 Statcast baseline active,7,3,19,1,"Last 7 games: 3/19, 1 HR","platoon edge; pitcher baseline 4.1% barrel, 3.0 HR allowed",neutral batted-ball profile; pitcher fly-ball pressure modest,9.5,28.6,88.5,96.1283,0.373,0.154,0.271,73.7,39.6,9.5,28.6,2.0,0.222,4.1,35.6,86.4,0.395,0.126,24.7,Out To LF,Open-Meteo forecast; MLB fallback,https://forecast.weather.gov/MapClick.php?lat=43.6414&lon=-79.3894,72,2,77,Rogers Centre,,,,,,,,,,,
133,802415,Chandler Simpson,TB,ATH,2026-08-12T01:40:00Z,Pre-Game,3,Mason Barnett,686930,R,45.9,Longshot,Watch List,"Projected Lineup, Good Environment, Premium Lineup Spot, Platoon Edge",0.3,47.1,78.4,92.1,80.0,44.9,50.0,,No,No,3,Yes,Yes,RotoWire projected lineup; MLB probable pitchers,lineup projected / unconfirmed,H:2026/2025 P:2026/2025,,,Direct BvP not yet weighted; 2026/2025 Statcast baseline active,7,13,31,0,Contact streak: 13/31 over last 7 games,"platoon edge; pitcher baseline 10.1% barrel, 6.5 HR allowed",neutral batted-ball profile; pitcher allows elevated contact,0.0,14.85,84.02,92.9965,0.308,0.0389,0.2739,64.73,0.58,27.78,12.58,0.0,0.0556,10.1,39.56,89.2,0.4004,0.1726,33.23,Out To CF,Open-Meteo forecast; MLB fallback,https://forecast.weather.gov/MapClick.php?lat=38.5804&lon=-121.5139,24,0,93,Sutter Health Park,,,,,,,,,,,
134,695600,Carter Jensen,KC,LAD,2026-08-12T02:10:00Z,Pre-Game,5,Blake Snell,605483,L,45.9,Longshot,Watch List,Strong Barrel,53.9,1.0,67.1,86.4,50.0,18.3,50.0,,Yes,Yes,5,Yes,No,MLB Stats API; RotoWire,,H:2026/2025 P:2026/2025,,,Direct BvP not yet weighted; 2026/2025 Statcast baseline active,7,2,24,1,"Last 7 games: 2/24, 1 HR","same-side matchup; pitcher baseline 1.7% barrel, 0.9 HR allowed",EV profile; pitcher fly-ball pressure modest,13.1,47.87,92.04,102.7063,0.4384,0.1976,0.3315,74.1,39.36,40.51,29.58,12.1,0.2073,1.74,22.94,82.21,0.3164,0.0616,11.74,Out To RF,NOAA link only,https://forecast.weather.gov/MapClick.php?lat=34.0739&lon=-118.2400,,,79,UNIQLO Field at Dodger Stadium,,,,,,,,,,,
135,669016,Brandon Marsh,PHI,STL,2026-08-11T23:45:00Z,Pre-Game,7,Andre Pallante,669467,R,45.8,Longshot,Watch List,Platoon Edge,38.6,27.0,64.6,64.3,80.0,13.0,50.0,,Yes,Yes,7,Yes,No,MLB Stats API; RotoWire,,H:2026/2025 P:2026/2025,,,Direct BvP not yet weighted; 2026/2025 Statcast baseline active,7,6,29,0,"Last 7 games: 6/29, 0 HR","platoon edge; pitcher baseline 5.8% barrel, 13.3 HR allowed",neutral batted-ball profile; pitcher fly-ball pressure modest,8.4,45.77,90.19,100.3423,0.4236,0.1613,0.3174,71.54,15.93,37.98,26.38,14.5,0.163,5.83,35.84,88.08,0.3796,0.1321,17.82,Out To LF,Open-Meteo forecast; MLB fallback,https://forecast.weather.gov/MapClick.php?lat=38.6226&lon=-90.1928,67,5,91,Busch Stadium,,,,,,,,,,,
136,680776,Jarren Duran,BOS,TOR,2026-08-11T23:07:00Z,Warmup,7,Dylan Cease,656302,R,45.7,Longshot,Watch List,Platoon Edge,38.7,19.6,65.9,64.3,80.0,52.0,39.9,61.0,Yes,Yes,7,Yes,No,MLB Stats API; RotoWire,,H:2026/2025 P:2026/2025,,,Direct BvP not yet weighted; 2026/2025 Statcast baseline active,7,6,27,2,Hot streak: 2 HR in last 7 games,"platoon edge; pitcher baseline 5.7% barrel, 11.2 HR allowed",neutral batted-ball profile; pitcher fly-ball pressure modest,9.91,41.41,90.26,102.0517,0.3911,0.1536,0.305,74.98,50.03,39.39,22.58,16.0,0.1643,5.73,34.42,86.94,0.3037,0.1086,24.35,Out To LF,Open-Meteo forecast; MLB fallback,https://forecast.weather.gov/MapClick.php?lat=43.6414&lon=-79.3894,72,2,77,Rogers Centre,,10.2,0.191,89,11,178,0,22,11.39,14,Taillon LHH split target; volume support but modest EV/barrel
137,686668,Brenton Doyle,CWS,CIN,2026-08-11T23:40:00Z,Pre-Game,1,Nick Lodolo,666157,L,45.6,Longshot,Watch List,"Premium Lineup Spot, Platoon Edge",24.4,44.4,33.5,93.2,78.0,26.1,50.0,,Yes,Yes,1,Yes,No,MLB Stats API; RotoWire,,H:2026/2025 P:2026/2025,,,Direct BvP not yet weighted; 2026/2025 Statcast baseline active,7,5,17,0,"Last 7 games: 5/17, 0 HR","platoon edge; pitcher baseline 8.1% barrel, 12.9 HR allowed",neutral batted-ball profile; pitcher fly-ball pressure modest,6.63,39.14,89.27,99.7701,0.3191,0.107,0.2636,71.68,13.41,39.37,23.03,5.2,0.0912,8.13,38.96,89.92,0.4426,0.1708,25.91,In From CF,Open-Meteo forecast; MLB fallback,https://forecast.weather.gov/MapClick.php?lat=41.8300&lon=-87.6338,90,39,76,Rate Field,,,,,,,,,,,
138,681082,Bryson Stott,PHI,STL,2026-08-11T23:45:00Z,Pre-Game,6,Andre Pallante,669467,R,45.6,Longshot,Watch List,Platoon Edge,27.5,27.0,64.6,76.2,80.0,45.0,50.0,,Yes,Yes,6,Yes,No,MLB Stats API; RotoWire,,H:2026/2025 P:2026/2025,,,Direct BvP not yet weighted; 2026/2025 Statcast baseline active,7,11,23,0,Contact streak: 11/23 over last 7 games,"platoon edge; pitcher baseline 5.8% barrel, 13.3 HR allowed",neutral batted-ball profile; pitcher fly-ball pressure modest,6.08,37.34,89.07,98.743,0.407,0.1411,0.3284,69.79,6.75,35.36,28.01,9.5,0.148,5.83,35.84,88.08,0.3796,0.1321,17.82,Out To LF,Open-Meteo forecast; MLB fallback,https://forecast.weather.gov/MapClick.php?lat=38.6226&lon=-90.1928,67,5,91,Busch Stadium,,,,,,,,,,,
139,669720,Austin Hays,SD,MIL,2026-08-12T01:40:00Z,Pre-Game,6,Kyle Harrison,690986,L,45.6,Longshot,Watch List,Platoon Edge,30.7,32.3,47.6,76.2,78.0,52.8,50.0,,Yes,Yes,6,Yes,No,MLB Stats API; RotoWire,,H:2026/2025 P:2026/2025,,,Direct BvP not yet weighted; 2026/2025 Statcast baseline active,7,7,20,1,Contact streak: 7/20 over last 7 games,"platoon edge; pitcher baseline 6.5% barrel, 8.2 HR allowed",neutral batted-ball profile; pitcher fly-ball pressure modest,7.7,47.64,87.82,99.8445,0.3932,0.1207,0.2958,72.32,22.6,52.46,17.52,5.9,0.1674,6.45,38.15,89.72,0.3586,0.1329,28.44,L To R,Open-Meteo forecast; MLB fallback,https://forecast.weather.gov/MapClick.php?lat=32.7073&lon=-117.1573,67,1,79,Petco Park,,,,,,,,,,,
140,807799,Masataka Yoshida,BOS,TOR,2026-08-11T23:07:00Z,Warmup,1,Dylan Cease,656302,R,45.5,Longshot,Watch List,"Premium Lineup Spot, Platoon Edge",23.7,19.6,65.9,93.2,80.0,50.3,50.0,,Yes,Yes,1,Yes,No,MLB Stats API; RotoWire,,H:2026/2025 P:2026/2025,,,Direct BvP not yet weighted; 2026/2025 Statcast baseline active,7,8,24,1,Contact streak: 8/24 over last 7 games,"platoon edge; pitcher baseline 5.7% barrel, 11.2 HR allowed",neutral batted-ball profile; pitcher fly-ball pressure modest,4.57,40.5,89.01,99.4595,0.3833,0.1143,0.3238,71.69,19.3,44.27,21.39,4.7,0.1262,5.73,34.42,86.94,0.3037,0.1086,24.35,Out To LF,Open-Meteo forecast; MLB fallback,https://forecast.weather.gov/MapClick.php?lat=43.6414&lon=-79.3894,72,2,77,Rogers Centre,,,,,,,,,,,
141,573262,Mike Yastrzemski,ATL,NYM,2026-08-11T23:15:00Z,Warmup,7,Nolan McLean,690997,R,45.4,Longshot,Watch List,Platoon Edge,36.6,30.2,53.9,64.3,80.0,32.5,50.0,,Yes,Yes,7,Yes,No,MLB Stats API; RotoWire,,H:2026/2025 P:2026/2025,,,Direct BvP not yet weighted; 2026/2025 Statcast baseline active,7,3,14,1,"Last 7 games: 3/14, 1 HR","platoon edge; pitcher baseline 7.3% barrel, 11.0 HR allowed",neutral batted-ball profile; pitcher fly-ball pressure modest,7.94,43.65,90.59,99.7714,0.3854,0.1519,0.3143,71.24,8.09,44.92,31.96,10.7,0.1588,7.3,38.22,88.24,0.3514,0.1285,21.14,R To L,Open-Meteo forecast; MLB fallback,https://forecast.weather.gov/MapClick.php?lat=33.8907&lon=-84.4677,68,7,85,Truist Park,,,,,,,,,,,
142,678545,Osleivis Basabe,SF,HOU,2026-08-12T01:45:00Z,Pre-Game,7,Hunter Brown,686613,R,45.4,Longshot,Watch List,Strong Barrel,48.1,23.1,56.3,64.3,50.0,34.9,50.0,,Yes,Yes,7,Yes,No,MLB Stats API; RotoWire,,H:2026 P:2026/2025,,,Direct BvP not yet weighted; 2026/2025 Statcast baseline active,7,6,26,1,"Last 7 games: 6/26, 1 HR","same-side matchup; pitcher baseline 6.5% barrel, 10.0 HR allowed",fly-ball profile; pitcher fly-ball pressure modest,13.8,36.7,88.7,99.6649,0.444,0.192,0.301,73.5,28.8,40.0,43.3,3.0,0.286,6.53,35.84,86.24,0.3313,0.1283,22.25,Out To CF,Open-Meteo forecast; MLB fallback,https://forecast.weather.gov/MapClick.php?lat=37.7786&lon=-122.3893,78,0,66,Oracle Park,,,,,,,,,,,
143,606192,Teoscar Hernandez,LAD,KC,2026-08-12T02:10:00Z,Pre-Game,8,Michael Wacha,608379,R,45.0,Longshot,Watch List,Projected Lineup,41.3,37.1,67.1,47.9,50.0,21.8,50.0,,No,No,8,Yes,Yes,RotoWire projected lineup; MLB probable pitchers,lineup projected / unconfirmed,H:2026/2025 P:2026/2025,,,Direct BvP not yet weighted; 2026/2025 Statcast baseline active,7,3,21,1,"Last 7 games: 3/21, 1 HR","same-side matchup; pitcher baseline 6.8% barrel, 16.4 HR allowed",neutral batted-ball profile; pitcher fly-ball pressure modest,9.82,43.16,89.57,100.7268,0.4214,0.1787,0.316,72.41,24.71,33.8,30.29,15.2,0.1692,6.84,36.28,88.2,0.4158,0.164,28.46,Out To RF,NOAA link only,https://forecast.weather.gov/MapClick.php?lat=34.0739&lon=-118.2400,,,79,UNIQLO Field at Dodger Stadium,,,,,,,,,,,
144,694249,Cole Carrigg,COL,AZ,2026-08-12T01:40:00Z,Pre-Game,3,Mitch Bratt,683352,L,44.9,Longshot,Watch List,"Projected Lineup, Premium Lineup Spot, Platoon Edge",23.1,31.0,61.2,92.1,75.0,14.1,50.0,,No,No,3,Yes,Yes,RotoWire projected lineup; MLB probable pitchers,lineup projected / unconfirmed,H:2026 P:2026,,,Direct BvP not yet weighted; 2026/2025 Statcast baseline active,7,6,28,0,"Last 7 games: 6/28, 0 HR","switch hitter; pitcher baseline 7.3% barrel, 4.0 HR allowed",neutral batted-ball profile; pitcher allows elevated contact,5.2,32.1,86.7,98.1842,0.399,0.14,0.332,73.8,38.9,45.5,28.4,5.0,0.201,7.3,36.6,87.7,0.356,0.143,32.9,None,Open-Meteo forecast; MLB fallback,https://forecast.weather.gov/MapClick.php?lat=33.4455&lon=-112.0667,24,1,106,Chase Field,,,,,,,,,,,
145,680700,Richie Palacios,TB,ATH,2026-08-12T01:40:00Z,Pre-Game,8,Mason Barnett,686930,R,44.9,Longshot,Watch List,"Projected Lineup, Good Environment, Platoon Edge",15.4,47.1,78.4,47.9,80.0,53.9,50.0,,No,No,8,Yes,Yes,RotoWire projected lineup; MLB probable pitchers,lineup projected / unconfirmed,H:2026/2025 P:2026/2025,,,Direct BvP not yet weighted; 2026/2025 Statcast baseline active,7,5,14,1,Contact streak: 5/14 over last 7 games,"platoon edge; pitcher baseline 10.1% barrel, 6.5 HR allowed",neutral batted-ball profile; pitcher allows elevated contact,4.78,32.62,87.31,96.8946,0.3667,0.1025,0.3243,68.77,3.17,34.99,20.98,3.8,0.1176,10.1,39.56,89.2,0.4004,0.1726,33.23,Out To CF,Open-Meteo forecast; MLB fallback,https://forecast.weather.gov/MapClick.php?lat=38.5804&lon=-121.5139,24,0,93,Sutter Health Park,,,,,,,,,,,
146,672386,Alejandro Kirk,TOR,BOS,2026-08-11T23:07:00Z,Warmup,5,Patrick Sandoval,663776,L,44.8,Longshot,Watch List,Platoon Edge,24.9,19.1,65.9,86.4,78.0,52.5,50.0,,Yes,Yes,5,Yes,No,MLB Stats API; RotoWire,,H:2026/2025 P:2026,,,Direct BvP not yet weighted; 2026/2025 Statcast baseline active,7,8,23,1,Contact streak: 8/23 over last 7 games,"platoon edge; pitcher baseline 4.1% barrel, 3.0 HR allowed",neutral batted-ball profile; pitcher fly-ball pressure modest,4.64,40.86,88.51,99.894,0.3869,0.1295,0.3135,71.87,19.79,27.68,22.6,7.3,0.1166,4.1,35.6,86.4,0.395,0.126,24.7,Out To LF,Open-Meteo forecast; MLB fallback,https://forecast.weather.gov/MapClick.php?lat=43.6414&lon=-79.3894,72,2,77,Rogers Centre,,,,,,,,,,,
147,672356,Gabriel Arias,NYM,ATL,2026-08-11T23:15:00Z,Warmup,9,Martín Pérez,527048,L,44.6,Longshot,Watch List,"Strong Barrel, Platoon Edge",39.0,39.5,53.9,44.8,78.0,18.0,50.0,,Yes,Yes,9,Yes,No,MLB Stats API; RotoWire,,H:2026/2025 P:2026/2025,,,Direct BvP not yet weighted; 2026/2025 Statcast baseline active,7,6,25,0,"Last 7 games: 6/25, 0 HR","platoon edge; pitcher baseline 8.6% barrel, 9.5 HR allowed",neutral batted-ball profile; pitcher fly-ball pressure modest,10.32,43.58,90.2,102.4566,0.3703,0.1556,0.2727,74.61,46.86,37.08,19.26,6.8,0.1409,8.63,37.65,88.06,0.4185,0.1674,24.48,R To L,Open-Meteo forecast; MLB fallback,https://forecast.weather.gov/MapClick.php?lat=33.8907&lon=-84.4677,68,7,85,Truist Park,,,,,,,,,,,
148,592663,J.T. Realmuto,PHI,STL,2026-08-11T23:45:00Z,Pre-Game,5,Andre Pallante,669467,R,44.4,Longshot,Watch List,No major boost,31.5,27.0,64.6,86.4,50.0,15.3,50.0,,Yes,Yes,5,Yes,No,MLB Stats API; RotoWire,,H:2026/2025 P:2026/2025,,,Direct BvP not yet weighted; 2026/2025 Statcast baseline active,7,6,27,0,"Last 7 games: 6/27, 0 HR","same-side matchup; pitcher baseline 5.8% barrel, 13.3 HR allowed",neutral batted-ball profile; pitcher fly-ball pressure modest,6.07,41.93,89.86,100.173,0.3984,0.1405,0.3209,72.98,33.13,41.39,25.52,9.2,0.1291,5.83,35.84,88.08,0.3796,0.1321,17.82,Out To LF,Open-Meteo forecast; MLB fallback,https://forecast.weather.gov/MapClick.php?lat=38.6226&lon=-90.1928,67,5,91,Busch Stadium,,,,,,,,,,,
149,664983,Jake McCarthy,COL,AZ,2026-08-12T01:40:00Z,Pre-Game,1,Mitch Bratt,683352,L,43.7,Longshot,Watch List,"Projected Lineup, Premium Lineup Spot, Hot Hitter/Streak",15.8,31.4,61.2,88.7,50.0,81.7,50.0,,No,No,1,Yes,Yes,RotoWire projected lineup; MLB probable pitchers,lineup projected / unconfirmed,H:2026/2025 P:2026,,,Direct BvP not yet weighted; 2026/2025 Statcast baseline active,7,15,30,2,Hot streak: 2 HR in last 7 games,"same-side matchup; pitcher baseline 7.3% barrel, 4.0 HR allowed",neutral batted-ball profile; pitcher allows elevated contact,5.23,27.39,85.05,96.8269,0.402,0.1371,0.3105,70.68,11.3,38.15,21.59,10.3,0.1893,7.3,36.6,87.7,0.356,0.143,32.9,None,Open-Meteo forecast; MLB fallback,https://forecast.weather.gov/MapClick.php?lat=33.4455&lon=-112.0667,24,1,106,Chase Field,,,,,,,,,,,
150,642215,Weston Wilson,SEA,NYY,2026-08-11T23:05:00Z,Warmup,8,Ryan Weathers,677960,L,43.4,Longshot,Watch List,"Good Environment, Platoon Edge",20.4,47.3,71.7,52.4,78.0,1.6,50.0,,Yes,Yes,8,Yes,No,MLB Stats API; RotoWire,,H:2026/2025 P:2026/2025,,,Direct BvP not yet weighted; 2026/2025 Statcast baseline active,7,3,23,0,"Last 7 games: 3/23, 0 HR","platoon edge; pitcher baseline 9.0% barrel, 14.0 HR allowed",neutral batted-ball profile; pitcher fly-ball pressure modest,6.59,32.95,86.46,98.101,0.315,0.1186,0.2691,72.71,27.17,47.13,27.6,3.6,0.1409,8.97,42.2,89.74,0.4243,0.175,25.2,Out To LF,Open-Meteo forecast; MLB fallback,https://forecast.weather.gov/MapClick.php?lat=40.8296&lon=-73.9262,76,17,77,Yankee Stadium,,,,,,,,,,,
151,695731,Braden Montgomery,CWS,CIN,2026-08-11T23:40:00Z,Pre-Game,5,Nick Lodolo,666157,L,43.4,Longshot,Watch List,Platoon Edge,21.0,43.0,33.5,86.4,75.0,32.9,50.0,,Yes,Yes,5,Yes,No,MLB Stats API; RotoWire,,H:2026 P:2026/2025,,,Direct BvP not yet weighted; 2026/2025 Statcast baseline active,7,5,23,1,"Last 7 games: 5/23, 1 HR","switch hitter; pitcher baseline 8.1% barrel, 12.9 HR allowed",neutral batted-ball profile; pitcher fly-ball pressure modest,3.7,40.7,89.2,100.0251,0.361,0.121,0.311,69.5,8.9,34.1,20.0,4.0,0.145,8.13,38.96,89.92,0.4426,0.1708,25.91,In From CF,Open-Meteo forecast; MLB fallback,https://forecast.weather.gov/MapClick.php?lat=41.8300&lon=-87.6338,90,39,76,Rate Field,,,,,,,,,,,
152,669242,Tommy Edman,LAD,KC,2026-08-12T02:10:00Z,Pre-Game,7,Michael Wacha,608379,R,43.3,Longshot,Watch List,"Projected Lineup, Platoon Edge",24.3,35.3,67.1,59.8,75.0,27.1,50.0,,No,No,7,Yes,Yes,RotoWire projected lineup; MLB probable pitchers,lineup projected / unconfirmed,H:2026/2025 P:2026/2025,,,Direct BvP not yet weighted; 2026/2025 Statcast baseline active,7,5,28,1,"Last 7 games: 5/28, 1 HR","switch hitter; pitcher baseline 6.8% barrel, 16.4 HR allowed",neutral batted-ball profile; pitcher fly-ball pressure modest,5.69,38.01,88.51,99.6586,0.3949,0.1181,0.3252,70.52,12.04,43.72,25.31,6.0,0.1395,6.84,36.28,88.2,0.4158,0.164,28.46,Out To RF,NOAA link only,https://forecast.weather.gov/MapClick.php?lat=34.0739&lon=-118.2400,,,79,UNIQLO Field at Dodger Stadium,,,,,,,,,,,
153,680977,Brendan Donovan,SEA,NYY,2026-08-11T23:05:00Z,Warmup,7,Ryan Weathers,677960,L,43.2,Longshot,Watch List,Good Environment,18.3,47.3,71.7,64.3,50.0,21.1,50.0,,Yes,Yes,7,Yes,No,MLB Stats API; RotoWire,,H:2026/2025 P:2026/2025,,,Direct BvP not yet weighted; 2026/2025 Statcast baseline active,7,6,23,0,"Last 7 games: 6/23, 0 HR","same-side matchup; pitcher baseline 9.0% barrel, 14.0 HR allowed",neutral batted-ball profile; pitcher fly-ball pressure modest,5.3,33.27,86.48,97.2495,0.3846,0.127,0.3313,68.74,1.86,39.35,24.19,5.1,0.1483,8.97,42.2,89.74,0.4243,0.175,25.2,Out To LF,Open-Meteo forecast; MLB fallback,https://forecast.weather.gov/MapClick.php?lat=40.8296&lon=-73.9262,76,17,77,Yankee Stadium,,,,,,,,,,,
154,676439,Hunter Feduccia,LAD,KC,2026-08-12T02:10:00Z,Pre-Game,9,Michael Wacha,608379,R,42.9,Longshot,Watch List,"Projected Lineup, Platoon Edge",29.7,37.1,67.1,40.2,80.0,24.9,50.0,,No,No,9,Yes,Yes,RotoWire projected lineup; MLB probable pitchers,lineup projected / unconfirmed,H:2026/2025 P:2026/2025,,,Direct BvP not yet weighted; 2026/2025 Statcast baseline active,7,4,14,0,"Last 7 games: 4/14, 0 HR","platoon edge; pitcher baseline 6.8% barrel, 16.4 HR allowed",neutral batted-ball profile; pitcher fly-ball pressure modest,8.69,37.56,89.56,98.9371,0.3517,0.1269,0.2988,70.78,13.19,32.31,26.68,1.4,0.0906,6.84,36.28,88.2,0.4158,0.164,28.46,Out To RF,NOAA link only,https://forecast.weather.gov/MapClick.php?lat=34.0739&lon=-118.2400,,,79,UNIQLO Field at Dodger Stadium,,,,,,,,,,,
155,808982,Jung Hoo Lee,SF,HOU,2026-08-12T01:45:00Z,Pre-Game,1,Hunter Brown,686613,R,42.6,Longshot,Watch List,"Premium Lineup Spot, Platoon Edge, Hot Hitter/Streak",11.4,23.1,56.3,93.2,80.0,78.4,50.0,,Yes,Yes,1,Yes,No,MLB Stats API; RotoWire,,H:2026/2025 P:2026/2025,,,Direct BvP not yet weighted; 2026/2025 Statcast baseline active,7,8,29,3,Hot streak: 3 HR in last 7 games,"platoon edge; pitcher baseline 6.5% barrel, 10.0 HR allowed",neutral batted-ball profile; pitcher fly-ball pressure modest,3.0,30.04,86.96,96.6577,0.3843,0.0982,0.3168,68.3,3.26,38.46,22.1,8.7,0.1452,6.53,35.84,86.24,0.3313,0.1283,22.25,Out To CF,Open-Meteo forecast; MLB fallback,https://forecast.weather.gov/MapClick.php?lat=37.7786&lon=-122.3893,78,0,66,Oracle Park,,,,,,,,,,,
156,650859,Luis Rengifo,SD,MIL,2026-08-12T01:40:00Z,Pre-Game,2,Kyle Harrison,690986,L,42.4,Longshot,Watch List,"Premium Lineup Spot, Platoon Edge",16.3,31.4,47.6,100.0,75.0,18.0,50.0,,Yes,Yes,2,Yes,No,MLB Stats API; RotoWire,,H:2026/2025 P:2026/2025,,,Direct BvP not yet weighted; 2026/2025 Statcast baseline active,7,6,25,0,"Last 7 games: 6/25, 0 HR","switch hitter; pitcher baseline 6.5% barrel, 8.2 HR allowed",neutral batted-ball profile; pitcher fly-ball pressure modest,4.3,34.38,87.73,97.9375,0.3575,0.0982,0.3083,70.83,15.07,37.46,17.24,4.1,0.0746,6.45,38.15,89.72,0.3586,0.1329,28.44,L To R,Open-Meteo forecast; MLB fallback,https://forecast.weather.gov/MapClick.php?lat=32.7073&lon=-117.1573,67,1,79,Petco Park,,,,,,,,,,,
157,678882,Ceddanne Rafaela,BOS,TOR,2026-08-11T23:07:00Z,Warmup,2,Dylan Cease,656302,R,42.3,Longshot,Watch List,Premium Lineup Spot,22.8,19.6,65.9,100.0,50.0,20.7,50.0,,Yes,Yes,2,Yes,No,MLB Stats API; RotoWire,,H:2026/2025 P:2026/2025,,,Direct BvP not yet weighted; 2026/2025 Statcast baseline active,7,8,31,0,"Last 7 games: 8/31, 0 HR","same-side matchup; pitcher baseline 5.7% barrel, 11.2 HR allowed",neutral batted-ball profile; pitcher fly-ball pressure modest,6.54,34.57,87.11,97.8711,0.3789,0.132,0.2924,70.02,8.97,35.43,25.79,15.3,0.1734,5.73,34.42,86.94,0.3037,0.1086,24.35,Out To LF,Open-Meteo forecast; MLB fallback,https://forecast.weather.gov/MapClick.php?lat=43.6414&lon=-79.3894,72,2,77,Rogers Centre,,,,,,,,,,,
158,665877,José Fermín,STL,PHI,2026-08-11T23:45:00Z,Pre-Game,5,Cristopher Sánchez,650911,L,42.0,Longshot,Watch List,Platoon Edge,11.4,33.3,64.6,86.4,78.0,19.5,50.0,,Yes,Yes,5,Yes,No,MLB Stats API; RotoWire,,H:2026/2025 P:2026/2025,,,Direct BvP not yet weighted; 2026/2025 Statcast baseline active,7,5,20,0,"Last 7 games: 5/20, 0 HR","platoon edge; pitcher baseline 7.2% barrel, 12.7 HR allowed",neutral batted-ball profile; pitcher fly-ball pressure modest,1.47,31.78,86.96,96.8119,0.3544,0.0948,0.311,68.07,3.02,48.53,24.8,3.8,0.1235,7.17,41.83,89.28,0.3569,0.1242,16.97,Out To LF,Open-Meteo forecast; MLB fallback,https://forecast.weather.gov/MapClick.php?lat=38.6226&lon=-90.1928,67,5,91,Busch Stadium,,,,,,,,,,,
159,691026,Masyn Winn,STL,PHI,2026-08-11T23:45:00Z,Pre-Game,6,Cristopher Sánchez,650911,L,41.8,Longshot,Watch List,Platoon Edge,15.3,33.3,64.6,76.2,78.0,19.5,50.0,,Yes,Yes,6,Yes,No,MLB Stats API; RotoWire,,H:2026/2025 P:2026/2025,,,Direct BvP not yet weighted; 2026/2025 Statcast baseline active,7,6,24,0,"Last 7 games: 6/24, 0 HR","platoon edge; pitcher baseline 7.2% barrel, 12.7 HR allowed",neutral batted-ball profile; pitcher fly-ball pressure modest,3.68,34.88,88.23,98.6581,0.3372,0.0881,0.2986,71.17,15.77,32.39,20.9,5.5,0.0911,7.17,41.83,89.28,0.3569,0.1242,16.97,Out To LF,Open-Meteo forecast; MLB fallback,https://forecast.weather.gov/MapClick.php?lat=38.6226&lon=-90.1928,67,5,91,Busch Stadium,,,,,,,,,,,
160,680574,Matt McLain,CIN,CWS,2026-08-11T23:40:00Z,Pre-Game,8,Sean Burke,680732,R,41.7,Longshot,Watch List,No major boost,33.5,43.5,33.5,52.4,50.0,56.2,50.0,,Yes,Yes,8,Yes,No,MLB Stats API; RotoWire,,H:2026/2025 P:2026/2025,,,Direct BvP not yet weighted; 2026/2025 Statcast baseline active,7,5,20,2,Hot streak: 2 HR in last 7 games,"same-side matchup; pitcher baseline 8.6% barrel, 16.7 HR allowed",neutral batted-ball profile; pitcher allows elevated contact,9.2,37.55,88.24,98.9234,0.3827,0.1581,0.3103,71.0,9.96,33.26,33.36,11.5,0.1426,8.61,38.43,89.25,0.394,0.1613,30.42,In From CF,Open-Meteo forecast; MLB fallback,https://forecast.weather.gov/MapClick.php?lat=41.8300&lon=-87.6338,90,39,76,Rate Field,,,,,,,,,,,
161,669236,Jeremiah Jackson,BAL,MIN,2026-08-11T23:40:00Z,Pre-Game,8,Bailey Ober,641927,R,41.6,Longshot,Watch List,No major boost,33.5,50.6,41.1,52.4,50.0,0.0,50.0,,Yes,Yes,8,Yes,No,MLB Stats API; RotoWire,,H:2026/2025 P:2026/2025,,,Direct BvP not yet weighted; 2026/2025 Statcast baseline active,7,0,10,0,"Last 7 games: 0/10, 0 HR","same-side matchup; pitcher baseline 10.1% barrel, 18.8 HR allowed",neutral batted-ball profile; pitcher allows elevated contact,7.64,40.96,89.69,100.5542,0.3937,0.1524,0.2924,72.6,26.19,40.35,24.77,6.4,0.1479,10.06,34.9,88.62,0.4501,0.2,31.06,In From LF,Open-Meteo forecast; MLB fallback,https://forecast.weather.gov/MapClick.php?lat=44.9817&lon=-93.2776,47,0,84,Target Field,,,,,,,,,,,
162,642851,Austin Wynns,TEX,LAA,2026-08-12T01:38:00Z,Pre-Game,8,Ryan Johnson,696270,R,41.5,Longshot,Watch List,Good Environment,19.0,46.8,71.7,52.4,50.0,19.5,50.0,,Yes,Yes,8,Yes,No,MLB Stats API; RotoWire,,H:2026/2025 P:2026/2025,,,Direct BvP not yet weighted; 2026/2025 Statcast baseline active,7,3,12,0,"Last 7 games: 3/12, 0 HR","same-side matchup; pitcher baseline 10.0% barrel, 10.3 HR allowed",neutral batted-ball profile; pitcher allows elevated contact,5.54,33.79,86.22,98.0533,0.3367,0.1261,0.2565,70.76,14.94,36.94,27.93,2.5,0.1046,9.97,36.07,87.26,0.4535,0.191,32.55,Out To CF,Open-Meteo forecast; MLB fallback,https://forecast.weather.gov/MapClick.php?lat=33.8003&lon=-117.8827,45,0,87,Angel Stadium,,,,,,,,,,,
163,650333,Luis Arraez,PHI,STL,2026-08-11T23:45:00Z,Pre-Game,4,Andre Pallante,669467,R,41.4,Longshot,Watch List,"Premium Lineup Spot, Platoon Edge",7.4,27.0,64.6,94.9,80.0,33.1,50.0,,Yes,Yes,4,Yes,No,MLB Stats API; RotoWire,,H:2026/2025 P:2026/2025,,,Direct BvP not yet weighted; 2026/2025 Statcast baseline active,7,7,32,1,"Last 7 games: 7/32, 1 HR","platoon edge; pitcher baseline 5.8% barrel, 13.3 HR allowed",neutral batted-ball profile; pitcher fly-ball pressure modest,0.96,18.87,86.73,93.9832,0.3686,0.0844,0.3023,62.99,0.12,30.38,28.45,5.9,0.114,5.83,35.84,88.08,0.3796,0.1321,17.82,Out To LF,Open-Meteo forecast; MLB fallback,https://forecast.weather.gov/MapClick.php?lat=38.6226&lon=-90.1928,67,5,91,Busch Stadium,,,,,,,,,,,
164,678662,Ezequiel Tovar,COL,AZ,2026-08-12T01:40:00Z,Pre-Game,9,Mitch Bratt,683352,L,41.4,Longshot,Watch List,"Projected Lineup, Platoon Edge",28.3,31.4,61.2,40.2,78.0,50.3,50.0,,No,No,9,Yes,Yes,RotoWire projected lineup; MLB probable pitchers,lineup projected / unconfirmed,H:2026/2025 P:2026,,,Direct BvP not yet weighted; 2026/2025 Statcast baseline active,7,8,24,1,Contact streak: 8/24 over last 7 games,"platoon edge; pitcher baseline 7.3% barrel, 4.0 HR allowed",neutral batted-ball profile; pitcher allows elevated contact,7.13,35.19,88.0,98.9141,0.3808,0.1506,0.2854,72.02,20.96,37.47,29.43,9.0,0.1316,7.3,36.6,87.7,0.356,0.143,32.9,None,Open-Meteo forecast; MLB fallback,https://forecast.weather.gov/MapClick.php?lat=33.4455&lon=-112.0667,24,1,106,Chase Field,,,,,,,,,,,
165,686797,Brooks Lee,MIN,BAL,2026-08-11T23:40:00Z,Pre-Game,6,Brandon Young,687064,R,41.3,Longshot,Watch List,Platoon Edge,18.4,40.4,41.1,76.2,75.0,28.1,50.0,,Yes,Yes,6,Yes,No,MLB Stats API; RotoWire,,H:2026/2025 P:2026/2025,,,Direct BvP not yet weighted; 2026/2025 Statcast baseline active,7,5,27,1,"Last 7 games: 5/27, 1 HR","switch hitter; pitcher baseline 7.5% barrel, 12.0 HR allowed",neutral batted-ball profile; pitcher fly-ball pressure modest,4.33,33.88,87.97,97.4654,0.3404,0.1162,0.2757,69.92,8.42,42.2,28.23,16.7,0.1648,7.54,41.29,89.4,0.4152,0.163,27.57,In From LF,Open-Meteo forecast; MLB fallback,https://forecast.weather.gov/MapClick.php?lat=44.9817&lon=-93.2776,47,0,84,Target Field,,,,,,,,,,,
166,645277,Ozzie Albies,ATL,NYM,2026-08-11T23:15:00Z,Warmup,5,Nolan McLean,690997,R,41.1,Longshot,Watch List,Platoon Edge,16.7,29.0,53.9,86.4,75.0,21.8,50.0,,Yes,Yes,5,Yes,No,MLB Stats API; RotoWire,,H:2026/2025 P:2026/2025,,,Direct BvP not yet weighted; 2026/2025 Statcast baseline active,7,3,21,1,"Last 7 games: 3/21, 1 HR","switch hitter; pitcher baseline 7.3% barrel, 11.0 HR allowed",neutral batted-ball profile; pitcher fly-ball pressure modest,4.48,29.02,87.01,96.7695,0.3604,0.1251,0.2899,68.86,5.88,46.49,31.83,18.1,0.1579,7.3,38.22,88.24,0.3514,0.1285,21.14,R To L,Open-Meteo forecast; MLB fallback,https://forecast.weather.gov/MapClick.php?lat=33.8907&lon=-84.4677,68,7,85,Truist Park,,,,,,,,,,,
167,805779,Jacob Wilson,ATH,TB,2026-08-12T01:40:00Z,Pre-Game,3,Nick Martinez,607259,R,40.9,Longshot,Watch List,"Good Environment, Premium Lineup Spot",3.1,36.3,78.4,96.6,50.0,12.0,50.0,,Yes,Yes,3,Yes,No,MLB Stats API; RotoWire,,H:2026/2025 P:2026/2025,,,Direct BvP not yet weighted; 2026/2025 Statcast baseline active,7,6,30,0,"Last 7 games: 6/30, 0 HR","same-side matchup; pitcher baseline 7.2% barrel, 17.1 HR allowed",neutral batted-ball profile; pitcher fly-ball pressure modest,2.41,26.87,84.32,95.5364,0.3535,0.0849,0.29,64.43,0.51,35.19,20.04,8.8,0.1274,7.21,33.38,87.39,0.4338,0.1614,28.82,Out To CF,Open-Meteo forecast; MLB fallback,https://forecast.weather.gov/MapClick.php?lat=38.5804&lon=-121.5139,24,0,93,Sutter Health Park,,,,,,,,,,,
168,687597,Jordan Beck,COL,AZ,2026-08-12T01:40:00Z,Pre-Game,7,Mitch Bratt,683352,L,40.7,Longshot,Watch List,"Projected Lineup, Platoon Edge",20.8,31.4,61.2,59.8,78.0,27.0,50.0,,No,No,7,Yes,Yes,RotoWire projected lineup; MLB probable pitchers,lineup projected / unconfirmed,H:2026/2025 P:2026,,,Direct BvP not yet weighted; 2026/2025 Statcast baseline active,7,6,20,0,"Last 7 games: 6/20, 0 HR","platoon edge; pitcher baseline 7.3% barrel, 4.0 HR allowed",neutral batted-ball profile; pitcher allows elevated contact,6.8,31.01,86.49,98.1913,0.3369,0.1164,0.2681,73.55,35.85,38.96,27.41,5.5,0.1412,7.3,36.6,87.7,0.356,0.143,32.9,None,Open-Meteo forecast; MLB fallback,https://forecast.weather.gov/MapClick.php?lat=33.4455&lon=-112.0667,24,1,106,Chase Field,,,,,,,,,,,
169,681393,Connor Norby,COL,AZ,2026-08-12T01:40:00Z,Pre-Game,8,Mitch Bratt,683352,L,40.5,Longshot,Watch List,"Projected Lineup, Platoon Edge",29.1,31.4,61.2,47.9,78.0,5.7,50.0,,No,No,8,Yes,Yes,RotoWire projected lineup; MLB probable pitchers,lineup projected / unconfirmed,H:2026/2025 P:2026,,,Direct BvP not yet weighted; 2026/2025 Statcast baseline active,7,3,19,0,"Last 7 games: 3/19, 0 HR","platoon edge; pitcher baseline 7.3% barrel, 4.0 HR allowed",fly-ball profile; pitcher allows elevated contact,8.14,36.75,87.39,97.8006,0.3519,0.1522,0.2895,70.14,7.01,41.05,35.42,5.2,0.1254,7.3,36.6,87.7,0.356,0.143,32.9,None,Open-Meteo forecast; MLB fallback,https://forecast.weather.gov/MapClick.php?lat=33.4455&lon=-112.0667,24,1,106,Chase Field,,,,,,,,,,,
170,806068,Colt Emerson,SEA,NYY,2026-08-11T23:05:00Z,Warmup,9,Ryan Weathers,677960,L,40.2,Longshot,Watch List,Good Environment,15.8,47.3,71.7,44.8,50.0,32.9,50.0,,Yes,Yes,9,Yes,No,MLB Stats API; RotoWire,,H:2026 P:2026/2025,,,Direct BvP not yet weighted; 2026/2025 Statcast baseline active,7,5,23,1,"Last 7 games: 5/23, 1 HR","same-side matchup; pitcher baseline 9.0% barrel, 14.0 HR allowed",neutral batted-ball profile; pitcher fly-ball pressure modest,5.0,31.4,86.8,97.1849,0.309,0.107,0.255,72.6,26.4,40.7,22.9,8.0,0.15,8.97,42.2,89.74,0.4243,0.175,25.2,Out To LF,Open-Meteo forecast; MLB fallback,https://forecast.weather.gov/MapClick.php?lat=40.8296&lon=-73.9262,76,17,77,Yankee Stadium,,,,,,,,,,,
171,669134,Luis Campusano,SD,MIL,2026-08-12T01:40:00Z,Pre-Game,7,Kyle Harrison,690986,L,40.1,Longshot,Watch List,Platoon Edge,21.7,32.3,47.6,64.3,78.0,32.0,50.0,,Yes,Yes,7,Yes,No,MLB Stats API; RotoWire,,H:2026/2025 P:2026/2025,,,Direct BvP not yet weighted; 2026/2025 Statcast baseline active,7,8,24,0,Contact streak: 8/24 over last 7 games,"platoon edge; pitcher baseline 6.5% barrel, 8.2 HR allowed",neutral batted-ball profile; pitcher fly-ball pressure modest,5.74,40.29,88.15,99.068,0.3025,0.1057,0.2976,72.75,27.47,46.84,20.29,2.8,0.1274,6.45,38.15,89.72,0.3586,0.1329,28.44,L To R,Open-Meteo forecast; MLB fallback,https://forecast.weather.gov/MapClick.php?lat=32.7073&lon=-117.1573,67,1,79,Petco Park,,,,,,,,,,,
172,800325,Luis Lara,MIL,SD,2026-08-12T01:40:00Z,Pre-Game,7,Walker Buehler,621111,R,40.0,Longshot,Watch List,Platoon Edge,17.5,42.1,47.6,64.3,75.0,15.3,50.0,,Yes,Yes,7,Yes,No,MLB Stats API; RotoWire,,H:2026 P:2026/2025,,,Direct BvP not yet weighted; 2026/2025 Statcast baseline active,7,4,18,0,"Last 7 games: 4/18, 0 HR","switch hitter; pitcher baseline 8.8% barrel, 16.4 HR allowed",neutral batted-ball profile; pitcher fly-ball pressure modest,3.7,38.9,89.1,98.2998,0.342,0.08,0.32,71.0,16.4,29.6,20.4,0.0,0.103,8.8,39.83,89.23,0.4185,0.1617,23.37,L To R,Open-Meteo forecast; MLB fallback,https://forecast.weather.gov/MapClick.php?lat=32.7073&lon=-117.1573,67,1,79,Petco Park,,,,,,,,,,,
173,622268,Donovan Walton,ATH,TB,2026-08-12T01:40:00Z,Pre-Game,8,Nick Martinez,607259,R,39.9,Longshot,Watch List,"Good Environment, Platoon Edge",13.8,36.3,78.4,52.4,80.0,0.0,50.0,,Yes,Yes,8,Yes,No,MLB Stats API; RotoWire,,H:2026/2025 P:2026/2025,,,Direct BvP not yet weighted; 2026/2025 Statcast baseline active,7,1,11,0,"Last 7 games: 1/11, 0 HR","platoon edge; pitcher baseline 7.2% barrel, 17.1 HR allowed",neutral batted-ball profile; pitcher fly-ball pressure modest,2.73,34.56,88.68,97.7237,0.3576,0.097,0.3034,67.64,0.0,36.72,20.2,2.1,0.1176,7.21,33.38,87.39,0.4338,0.1614,28.82,Out To CF,Open-Meteo forecast; MLB fallback,https://forecast.weather.gov/MapClick.php?lat=38.5804&lon=-121.5139,24,0,93,Sutter Health Park,,,,,,,,,,,
174,593871,Jorge Polanco,NYM,ATL,2026-08-11T23:15:00Z,Warmup,8,Martín Pérez,527048,L,39.6,Longshot,Watch List,Platoon Edge,20.6,38.5,53.9,52.4,75.0,19.1,50.0,,Yes,Yes,8,Yes,No,MLB Stats API; RotoWire,,H:2026/2025 P:2026/2025,,,Direct BvP not yet weighted; 2026/2025 Statcast baseline active,7,3,24,1,"Last 7 games: 3/24, 1 HR","switch hitter; pitcher baseline 8.6% barrel, 9.5 HR allowed",neutral batted-ball profile; pitcher fly-ball pressure modest,6.17,34.74,87.16,98.1589,0.3352,0.1287,0.2653,69.94,6.7,45.6,24.92,9.2,0.1327,8.63,37.65,88.06,0.4185,0.1674,24.48,R To L,Open-Meteo forecast; MLB fallback,https://forecast.weather.gov/MapClick.php?lat=33.8907&lon=-84.4677,68,7,85,Truist Park,,,,,,,,,,,
175,701785,Kaelen Culpepper,MIN,BAL,2026-08-11T23:40:00Z,Pre-Game,9,Brandon Young,687064,R,39.5,Longshot,Watch List,Strong Barrel,33.8,41.7,41.1,44.8,50.0,18.3,50.0,,Yes,Yes,9,Yes,No,MLB Stats API; RotoWire,,H:2026 P:2026/2025,,,Direct BvP not yet weighted; 2026/2025 Statcast baseline active,3,1,9,1,"Last 3 games: 1/9, 1 HR","same-side matchup; pitcher baseline 7.5% barrel, 12.0 HR allowed",neutral batted-ball profile; pitcher fly-ball pressure modest,20.0,20.0,84.1,89.4778,0.268,0.144,0.291,72.8,31.6,60.0,20.0,1.0,0.333,7.54,41.29,89.4,0.4152,0.163,27.57,In From LF,Open-Meteo forecast; MLB fallback,https://forecast.weather.gov/MapClick.php?lat=44.9817&lon=-93.2776,47,0,84,Target Field,,,,,,,,,,,
176,685133,Wade Meckler,LAA,TEX,2026-08-12T01:38:00Z,Pre-Game,8,Cody Bradford,674003,L,39.3,Longshot,Watch List,Good Environment,11.3,44.2,71.7,52.4,50.0,36.0,50.0,,Yes,Yes,8,Yes,No,MLB Stats API; RotoWire,,H:2026 P:2026,,,Direct BvP not yet weighted; 2026/2025 Statcast baseline active,7,9,25,0,Contact streak: 9/25 over last 7 games,"same-side matchup; pitcher baseline 7.7% barrel, 0.0 HR allowed",neutral batted-ball profile; pitcher allows elevated contact,3.8,30.1,85.9,96.1855,0.366,0.108,0.31,68.8,1.8,34.6,18.8,3.0,0.109,7.7,46.2,92.1,0.332,0.126,46.2,Out To CF,Open-Meteo forecast; MLB fallback,https://forecast.weather.gov/MapClick.php?lat=33.8003&lon=-117.8827,45,0,87,Angel Stadium,,,,,,,,,,,
177,593428,Xander Bogaerts,SD,MIL,2026-08-12T01:40:00Z,Pre-Game,8,Kyle Harrison,690986,L,39.2,Longshot,Watch List,Platoon Edge,26.6,32.3,47.6,52.4,78.0,16.1,50.0,,Yes,Yes,8,Yes,No,MLB Stats API; RotoWire,,H:2026/2025 P:2026/2025,,,Direct BvP not yet weighted; 2026/2025 Statcast baseline active,7,5,22,0,"Last 7 games: 5/22, 0 HR","platoon edge; pitcher baseline 6.5% barrel, 8.2 HR allowed",neutral batted-ball profile; pitcher fly-ball pressure modest,5.92,39.83,88.58,99.855,0.3822,0.1292,0.3207,72.31,27.73,43.94,23.13,9.6,0.1063,6.45,38.15,89.72,0.3586,0.1329,28.44,L To R,Open-Meteo forecast; MLB fallback,https://forecast.weather.gov/MapClick.php?lat=32.7073&lon=-117.1573,67,1,79,Petco Park,,,,,,,,,,,
178,667472,Dane Myers,CIN,CWS,2026-08-11T23:40:00Z,Pre-Game,7,Sean Burke,680732,R,39.1,Longshot,Watch List,No major boost,27.6,43.5,33.5,64.3,50.0,6.0,50.0,,Yes,Yes,7,Yes,No,MLB Stats API; RotoWire,,H:2026/2025 P:2026/2025,,,Direct BvP not yet weighted; 2026/2025 Statcast baseline active,7,4,25,0,"Last 7 games: 4/25, 0 HR","same-side matchup; pitcher baseline 8.6% barrel, 16.7 HR allowed",neutral batted-ball profile; pitcher allows elevated contact,5.84,38.01,90.0,99.4338,0.3734,0.1358,0.3131,71.25,19.31,26.25,25.59,3.9,0.0945,8.61,38.43,89.25,0.394,0.1613,30.42,In From CF,Open-Meteo forecast; MLB fallback,https://forecast.weather.gov/MapClick.php?lat=41.8300&lon=-87.6338,90,39,76,Rate Field,,,,,,,,,,,
179,664761,Alec Bohm,PHI,STL,2026-08-11T23:45:00Z,Pre-Game,8,Andre Pallante,669467,R,39.1,Longshot,Watch List,No major boost,29.2,27.0,64.6,52.4,50.0,19.5,50.0,,Yes,Yes,8,Yes,No,MLB Stats API; RotoWire,,H:2026/2025 P:2026/2025,,,Direct BvP not yet weighted; 2026/2025 Statcast baseline active,7,5,20,0,"Last 7 games: 5/20, 0 HR","same-side matchup; pitcher baseline 5.8% barrel, 13.3 HR allowed",neutral batted-ball profile; pitcher fly-ball pressure modest,5.36,43.11,90.59,100.1407,0.3899,0.1327,0.3114,71.07,13.02,29.05,21.95,12.4,0.129,5.83,35.84,88.08,0.3796,0.1321,17.82,Out To LF,Open-Meteo forecast; MLB fallback,https://forecast.weather.gov/MapClick.php?lat=38.6226&lon=-90.1928,67,5,91,Busch Stadium,,,,,,,,,,,
180,686780,Pedro Pagés,STL,PHI,2026-08-11T23:45:00Z,Pre-Game,9,Cristopher Sánchez,650911,L,39.0,Longshot,Watch List,Platoon Edge,22.9,33.3,64.6,44.8,78.0,3.4,50.0,,Yes,Yes,9,Yes,No,MLB Stats API; RotoWire,,H:2026/2025 P:2026/2025,,,Direct BvP not yet weighted; 2026/2025 Statcast baseline active,7,1,7,0,"Last 7 games: 1/7, 0 HR","platoon edge; pitcher baseline 7.2% barrel, 12.7 HR allowed",neutral batted-ball profile; pitcher fly-ball pressure modest,5.86,37.76,87.02,99.3442,0.3379,0.1257,0.2639,72.53,23.1,36.97,26.43,6.1,0.1218,7.17,41.83,89.28,0.3569,0.1242,16.97,Out To LF,Open-Meteo forecast; MLB fallback,https://forecast.weather.gov/MapClick.php?lat=38.6226&lon=-90.1928,67,5,91,Busch Stadium,,,,,,,,,,,
181,700337,Edgar Quero,CWS,CIN,2026-08-11T23:40:00Z,Pre-Game,7,Nick Lodolo,666157,L,38.9,Longshot,Watch List,Platoon Edge,18.2,43.0,33.5,64.3,75.0,22.9,50.0,,Yes,Yes,7,Yes,No,MLB Stats API; RotoWire,,H:2026/2025 P:2026/2025,,,Direct BvP not yet weighted; 2026/2025 Statcast baseline active,7,6,22,0,"Last 7 games: 6/22, 0 HR","switch hitter; pitcher baseline 8.1% barrel, 12.9 HR allowed",neutral batted-ball profile; pitcher fly-ball pressure modest,2.65,39.72,90.47,99.2092,0.3187,0.0939,0.2781,68.41,2.73,30.64,24.52,2.9,0.0544,8.13,38.96,89.92,0.4426,0.1708,25.91,In From CF,Open-Meteo forecast; MLB fallback,https://forecast.weather.gov/MapClick.php?lat=41.8300&lon=-87.6338,90,39,76,Rate Field,,,,,,,,,,,
182,687551,Drew Gilbert,SF,HOU,2026-08-12T01:45:00Z,Pre-Game,6,Hunter Brown,686613,R,38.9,Longshot,Watch List,Platoon Edge,14.8,23.1,56.3,76.2,80.0,31.9,50.0,,Yes,Yes,6,Yes,No,MLB Stats API; RotoWire,,H:2026/2025 P:2026/2025,,,Direct BvP not yet weighted; 2026/2025 Statcast baseline active,7,4,19,1,"Last 7 games: 4/19, 1 HR","platoon edge; pitcher baseline 6.5% barrel, 10.0 HR allowed",neutral batted-ball profile; pitcher fly-ball pressure modest,3.92,34.75,86.32,97.8349,0.3528,0.1097,0.2994,70.59,10.27,40.28,19.62,4.4,0.1362,6.53,35.84,86.24,0.3313,0.1283,22.25,Out To CF,Open-Meteo forecast; MLB fallback,https://forecast.weather.gov/MapClick.php?lat=37.7786&lon=-122.3893,78,0,66,Oracle Park,,,,,,,,,,,
183,681198,TJ Rumfield,COL,AZ,2026-08-12T01:40:00Z,Pre-Game,5,Mitch Bratt,683352,L,38.6,Longshot,Watch List,Projected Lineup,12.1,31.4,61.2,81.9,50.0,22.4,50.0,,No,No,5,Yes,Yes,RotoWire projected lineup; MLB probable pitchers,lineup projected / unconfirmed,H:2026 P:2026,,,Direct BvP not yet weighted; 2026/2025 Statcast baseline active,7,7,26,0,"Last 7 games: 7/26, 0 HR","same-side matchup; pitcher baseline 7.3% barrel, 4.0 HR allowed",neutral batted-ball profile; pitcher allows elevated contact,4.6,27.5,83.9,96.1413,0.379,0.123,0.32,68.7,8.0,42.4,28.4,13.0,0.162,7.3,36.6,87.7,0.356,0.143,32.9,None,Open-Meteo forecast; MLB fallback,https://forecast.weather.gov/MapClick.php?lat=33.4455&lon=-112.0667,24,1,106,Chase Field,,,,,,,,,,,
184,670764,Taylor Walls,TB,ATH,2026-08-12T01:40:00Z,Pre-Game,9,Mason Barnett,686930,R,38.2,Longshot,Watch List,"Projected Lineup, Good Environment, Platoon Edge",5.4,46.4,78.4,40.2,75.0,14.6,50.0,,No,No,9,Yes,Yes,RotoWire projected lineup; MLB probable pitchers,lineup projected / unconfirmed,H:2026/2025 P:2026/2025,,,Direct BvP not yet weighted; 2026/2025 Statcast baseline active,7,5,23,0,"Last 7 games: 5/23, 0 HR","switch hitter; pitcher baseline 10.1% barrel, 6.5 HR allowed",neutral batted-ball profile; pitcher allows elevated contact,2.64,22.97,85.81,95.3851,0.2663,0.0745,0.2505,68.35,2.27,36.72,28.91,1.2,0.0745,10.1,39.56,89.2,0.4004,0.1726,33.23,Out To CF,Open-Meteo forecast; MLB fallback,https://forecast.weather.gov/MapClick.php?lat=38.5804&lon=-121.5139,24,0,93,Sutter Health Park,,,,,,,,,,,
185,655316,Andruw Monasterio,BOS,TOR,2026-08-11T23:07:00Z,Warmup,8,Dylan Cease,656302,R,38.0,Longshot,Watch List,No major boost,28.5,19.6,65.9,52.4,50.0,32.0,50.0,,Yes,Yes,8,Yes,No,MLB Stats API; RotoWire,,H:2026/2025 P:2026/2025,,,Direct BvP not yet weighted; 2026/2025 Statcast baseline active,7,8,24,0,Contact streak: 8/24 over last 7 games,"same-side matchup; pitcher baseline 5.7% barrel, 11.2 HR allowed",neutral batted-ball profile; pitcher fly-ball pressure modest,7.61,36.15,88.33,98.0452,0.3882,0.1453,0.3045,69.17,3.01,42.37,31.97,5.4,0.1775,5.73,34.42,86.94,0.3037,0.1086,24.35,Out To LF,Open-Meteo forecast; MLB fallback,https://forecast.weather.gov/MapClick.php?lat=43.6414&lon=-79.3894,72,2,77,Rogers Centre,,,,,,,,,,,
186,702176,Alan Roden,MIN,BAL,2026-08-11T23:40:00Z,Pre-Game,8,Brandon Young,687064,R,38.0,Longshot,Watch List,Platoon Edge,16.9,41.7,41.1,52.4,80.0,22.9,50.0,,Yes,Yes,8,Yes,No,MLB Stats API; RotoWire,,H:2026/2025 P:2026/2025,,,Direct BvP not yet weighted; 2026/2025 Statcast baseline active,7,3,11,0,"Last 7 games: 3/11, 0 HR","platoon edge; pitcher baseline 7.5% barrel, 12.0 HR allowed",neutral batted-ball profile; pitcher fly-ball pressure modest,3.96,39.15,87.38,98.6864,0.3337,0.094,0.3005,70.38,12.65,35.07,23.62,0.6,0.0456,7.54,41.29,89.4,0.4152,0.163,27.57,In From LF,Open-Meteo forecast; MLB fallback,https://forecast.weather.gov/MapClick.php?lat=44.9817&lon=-93.2776,47,0,84,Target Field,,,,,,,,,,,
187,678225,Jihwan Bae,MIL,SD,2026-08-12T01:40:00Z,Pre-Game,9,Walker Buehler,621111,R,37.8,Longshot,Watch List,Platoon Edge,11.7,43.8,47.6,44.8,80.0,45.0,50.0,,Yes,,,No,Yes,MLB Stats API; RotoWire,not found on RotoWire,H:2026/2025 P:2026/2025,,,Direct BvP not yet weighted; 2026/2025 Statcast baseline active,1,1,1,0,Contact streak: 1/1 over last 1 games,"platoon edge; pitcher baseline 8.8% barrel, 16.4 HR allowed",neutral batted-ball profile; pitcher fly-ball pressure modest,5.46,10.92,88.3,97.6596,0.3564,0.0524,0.3282,67.9,2.5,37.73,10.92,0.0,0.0,8.8,39.83,89.23,0.4185,0.1617,23.37,L To R,Open-Meteo forecast; MLB fallback,https://forecast.weather.gov/MapClick.php?lat=32.7073&lon=-117.1573,67,1,79,Petco Park,,,,,,,,,,,
188,670231,John Rave,KC,LAD,2026-08-12T02:10:00Z,Pre-Game,8,Blake Snell,605483,L,37.8,Longshot,Watch List,Strong Barrel,45.6,1.0,67.1,52.4,50.0,3.4,50.0,,Yes,Yes,8,Yes,No,MLB Stats API; RotoWire,,H:2026/2025 P:2026/2025,,,Direct BvP not yet weighted; 2026/2025 Statcast baseline active,7,2,14,0,"Last 7 games: 2/14, 0 HR","same-side matchup; pitcher baseline 1.7% barrel, 0.9 HR allowed",neutral batted-ball profile; pitcher fly-ball pressure modest,13.97,36.71,87.04,100.0869,0.4666,0.2039,0.3538,74.95,51.2,47.81,27.93,2.6,0.2335,1.74,22.94,82.21,0.3164,0.0616,11.74,Out To RF,NOAA link only,https://forecast.weather.gov/MapClick.php?lat=34.0739&lon=-118.2400,,,79,UNIQLO Field at Dodger Stadium,,,,,,,,,,,
189,663647,Ke'Bryan Hayes,CIN,CWS,2026-08-11T23:40:00Z,Pre-Game,9,Sean Burke,680732,R,37.6,Longshot,Watch List,No major boost,29.6,43.5,33.5,44.8,50.0,19.1,50.0,,Yes,Yes,9,Yes,No,MLB Stats API; RotoWire,,H:2026/2025 P:2026/2025,,,Direct BvP not yet weighted; 2026/2025 Statcast baseline active,7,2,16,1,"Last 7 games: 2/16, 1 HR","same-side matchup; pitcher baseline 8.6% barrel, 16.7 HR allowed",neutral batted-ball profile; pitcher allows elevated contact,6.91,39.7,90.0,99.7788,0.3756,0.1327,0.2939,70.82,8.34,29.76,25.96,4.3,0.0892,8.61,38.43,89.25,0.394,0.1613,30.42,In From CF,Open-Meteo forecast; MLB fallback,https://forecast.weather.gov/MapClick.php?lat=41.8300&lon=-87.6338,90,39,76,Rate Field,,,,,,,,,,,
190,670032,Nicky Lopez,TEX,LAA,2026-08-12T01:38:00Z,Pre-Game,9,Ryan Johnson,696270,R,37.4,Longshot,Watch List,"Good Environment, Platoon Edge",2.2,46.8,71.7,44.8,80.0,15.3,50.0,,Yes,Yes,9,Yes,No,MLB Stats API; RotoWire,,H:2026/2025 P:2026/2025,,,Direct BvP not yet weighted; 2026/2025 Statcast baseline active,7,4,18,0,"Last 7 games: 4/18, 0 HR","platoon edge; pitcher baseline 10.0% barrel, 10.3 HR allowed",neutral batted-ball profile; pitcher allows elevated contact,0.0,27.54,84.59,95.2567,0.2641,0.0405,0.254,66.58,0.75,33.45,11.23,0.7,0.0308,9.97,36.07,87.26,0.4535,0.191,32.55,Out To CF,Open-Meteo forecast; MLB fallback,https://forecast.weather.gov/MapClick.php?lat=33.8003&lon=-117.8827,45,0,87,Angel Stadium,,,,,,,,,,,
191,699302,Héctor Rodríguez,CIN,CWS,2026-08-11T23:40:00Z,Pre-Game,6,Sean Burke,680732,R,37.3,Longshot,Watch List,Platoon Edge,8.8,43.5,33.5,76.2,80.0,5.1,50.0,,Yes,Yes,6,Yes,No,MLB Stats API; RotoWire,,H:2026 P:2026/2025,,,Direct BvP not yet weighted; 2026/2025 Statcast baseline active,5,2,13,0,"Last 5 games: 2/13, 0 HR","platoon edge; pitcher baseline 8.6% barrel, 16.7 HR allowed",neutral batted-ball profile; pitcher allows elevated contact,0.0,27.3,85.1,94.3346,0.239,0.029,0.265,77.3,66.7,36.4,18.2,0.0,0.077,8.61,38.43,89.25,0.394,0.1613,30.42,In From CF,Open-Meteo forecast; MLB fallback,https://forecast.weather.gov/MapClick.php?lat=41.8300&lon=-87.6338,90,39,76,Rate Field,,,,,,,,,,,
192,686681,Michael Massey,KC,LAD,2026-08-12T02:10:00Z,Pre-Game,6,Blake Snell,605483,L,37.3,Longshot,Watch List,No major boost,27.7,1.0,67.1,76.2,50.0,39.2,50.0,,Yes,Yes,6,Yes,No,MLB Stats API; RotoWire,,H:2026/2025 P:2026/2025,,,Direct BvP not yet weighted; 2026/2025 Statcast baseline active,7,7,27,1,"Last 7 games: 7/27, 1 HR","same-side matchup; pitcher baseline 1.7% barrel, 0.9 HR allowed",neutral batted-ball profile; pitcher fly-ball pressure modest,5.33,38.32,89.04,98.6422,0.3782,0.1388,0.2846,71.5,12.33,48.24,32.48,7.2,0.1334,1.74,22.94,82.21,0.3164,0.0616,11.74,Out To RF,NOAA link only,https://forecast.weather.gov/MapClick.php?lat=34.0739&lon=-118.2400,,,79,UNIQLO Field at Dodger Stadium,,,,,,,,,,,
193,643289,Mauricio Dubón,ATL,NYM,2026-08-11T23:15:00Z,Warmup,6,Nolan McLean,690997,R,37.1,Longshot,Watch List,No major boost,11.3,30.2,53.9,76.2,50.0,39.7,50.0,,Yes,Yes,6,Yes,No,MLB Stats API; RotoWire,,H:2026/2025 P:2026/2025,,,Direct BvP not yet weighted; 2026/2025 Statcast baseline active,7,10,26,0,Contact streak: 10/26 over last 7 games,"same-side matchup; pitcher baseline 7.3% barrel, 11.0 HR allowed",neutral batted-ball profile; pitcher fly-ball pressure modest,3.23,29.38,86.18,96.4411,0.3674,0.105,0.3004,68.8,3.54,31.96,24.74,9.1,0.1273,7.3,38.22,88.24,0.3514,0.1285,21.14,R To L,Open-Meteo forecast; MLB fallback,https://forecast.weather.gov/MapClick.php?lat=33.8907&lon=-84.4677,68,7,85,Truist Park,,,,,,,,,,,
194,679845,Nick Loftin,KC,LAD,2026-08-12T02:10:00Z,Pre-Game,1,Blake Snell,605483,L,37.1,Longshot,Watch List,"Premium Lineup Spot, Platoon Edge",16.3,1.0,67.1,93.2,78.0,13.6,50.0,,Yes,Yes,1,Yes,No,MLB Stats API; RotoWire,,H:2026/2025 P:2026/2025,,,Direct BvP not yet weighted; 2026/2025 Statcast baseline active,7,4,19,0,"Last 7 games: 4/19, 0 HR","platoon edge; pitcher baseline 1.7% barrel, 0.9 HR allowed",neutral batted-ball profile; pitcher fly-ball pressure modest,4.83,30.36,87.08,96.8812,0.3541,0.1165,0.3024,69.05,4.75,45.2,27.17,4.7,0.1504,1.74,22.94,82.21,0.3164,0.0616,11.74,Out To RF,NOAA link only,https://forecast.weather.gov/MapClick.php?lat=34.0739&lon=-118.2400,,,79,UNIQLO Field at Dodger Stadium,,,,,,,,,,,
195,666152,David Hamilton,MIL,SD,2026-08-12T01:40:00Z,Pre-Game,8,Walker Buehler,621111,R,37.0,Longshot,Watch List,Platoon Edge,11.2,43.8,47.6,52.4,80.0,12.0,50.0,,Yes,Yes,8,Yes,No,MLB Stats API; RotoWire,,H:2026/2025 P:2026/2025,,,Direct BvP not yet weighted; 2026/2025 Statcast baseline active,7,4,20,0,"Last 7 games: 4/20, 0 HR","platoon edge; pitcher baseline 8.8% barrel, 16.4 HR allowed",neutral batted-ball profile; pitcher fly-ball pressure modest,4.39,27.59,86.74,96.8082,0.3008,0.0953,0.2635,69.8,7.15,34.06,26.3,3.9,0.1035,8.8,39.83,89.23,0.4185,0.1617,23.37,L To R,Open-Meteo forecast; MLB fallback,https://forecast.weather.gov/MapClick.php?lat=32.7073&lon=-117.1573,67,1,79,Petco Park,,,,,,,,,,,
196,676391,Ernie Clement,TOR,BOS,2026-08-11T23:07:00Z,Warmup,6,Patrick Sandoval,663776,L,36.6,Longshot,Watch List,Platoon Edge,6.0,19.1,65.9,76.2,78.0,33.7,50.0,,Yes,Yes,6,Yes,No,MLB Stats API; RotoWire,,H:2026/2025 P:2026,,,Direct BvP not yet weighted; 2026/2025 Statcast baseline active,7,6,27,1,"Last 7 games: 6/27, 1 HR","platoon edge; pitcher baseline 4.1% barrel, 3.0 HR allowed",neutral batted-ball profile; pitcher fly-ball pressure modest,2.47,22.57,85.34,94.8425,0.3408,0.0888,0.2736,67.46,2.61,42.55,28.46,9.0,0.1245,4.1,35.6,86.4,0.395,0.126,24.7,Out To LF,Open-Meteo forecast; MLB fallback,https://forecast.weather.gov/MapClick.php?lat=43.6414&lon=-79.3894,72,2,77,Rogers Centre,,,,,,,,,,,
197,681047,Christian Franklin,BAL,MIN,2026-08-11T23:40:00Z,Pre-Game,7,Bailey Ober,641927,R,36.5,Longshot,Watch List,No major boost,11.7,50.6,41.1,64.3,50.0,0.8,50.0,,Yes,Yes,7,Yes,No,MLB Stats API; RotoWire,,H:2026 P:2026/2025,,,Direct BvP not yet weighted; 2026/2025 Statcast baseline active,6,1,8,0,"Last 6 games: 1/8, 0 HR","same-side matchup; pitcher baseline 10.1% barrel, 18.8 HR allowed",neutral batted-ball profile; pitcher allows elevated contact,0.0,20.0,89.3,93.4042,0.161,0.033,0.242,74.8,66.7,0.0,20.0,0.0,0.125,10.06,34.9,88.62,0.4501,0.2,31.06,In From LF,Open-Meteo forecast; MLB fallback,https://forecast.weather.gov/MapClick.php?lat=44.9817&lon=-93.2776,47,0,84,Target Field,,,,,,,,,,,
198,803011,Sam Antonacci,CWS,CIN,2026-08-11T23:40:00Z,Pre-Game,8,Nick Lodolo,666157,L,36.5,Longshot,Watch List,No major boost,23.5,44.4,33.5,52.4,50.0,10.6,50.0,,Yes,Yes,8,Yes,No,MLB Stats API; RotoWire,,H:2026 P:2026/2025,,,Direct BvP not yet weighted; 2026/2025 Statcast baseline active,7,4,21,0,"Last 7 games: 4/21, 0 HR","same-side matchup; pitcher baseline 8.1% barrel, 12.9 HR allowed",neutral batted-ball profile; pitcher fly-ball pressure modest,6.1,36.0,87.6,98.1305,0.414,0.131,0.352,70.0,8.4,34.1,21.9,8.0,0.129,8.13,38.96,89.92,0.4426,0.1708,25.91,In From CF,Open-Meteo forecast; MLB fallback,https://forecast.weather.gov/MapClick.php?lat=41.8300&lon=-87.6338,90,39,76,Rate Field,,,,,,,,,,,
199,807712,Luke Keaschall,MIN,BAL,2026-08-11T23:40:00Z,Pre-Game,7,Brandon Young,687064,R,36.4,Longshot,Watch List,No major boost,10.8,41.7,41.1,64.3,50.0,44.8,50.0,,Yes,Yes,7,Yes,No,MLB Stats API; RotoWire,,H:2026/2025 P:2026/2025,,,Direct BvP not yet weighted; 2026/2025 Statcast baseline active,7,8,27,1,"Last 7 games: 8/27, 1 HR","same-side matchup; pitcher baseline 7.5% barrel, 12.0 HR allowed",neutral batted-ball profile; pitcher fly-ball pressure modest,3.8,29.17,85.01,96.557,0.3542,0.109,0.3121,68.64,7.87,38.75,26.9,5.4,0.1101,7.54,41.29,89.4,0.4152,0.163,27.57,In From LF,Open-Meteo forecast; MLB fallback,https://forecast.weather.gov/MapClick.php?lat=44.9817&lon=-93.2776,47,0,84,Target Field,,,,,,,,,,,
200,695720,Tommy White,ATH,TB,2026-08-12T01:40:00Z,Pre-Game,9,Nick Martinez,607259,R,36.0,Longshot,Watch List,Good Environment,11.8,36.3,78.4,44.8,50.0,4.2,50.0,,Yes,Yes,9,Yes,No,MLB Stats API; RotoWire,,H:2026 P:2026/2025,,,Direct BvP not yet weighted; 2026/2025 Statcast baseline active,7,4,27,0,"Last 7 games: 4/27, 0 HR","same-side matchup; pitcher baseline 7.2% barrel, 17.1 HR allowed",neutral batted-ball profile; pitcher fly-ball pressure modest,4.4,33.8,85.6,97.3267,0.355,0.082,0.282,70.0,14.0,29.4,19.1,0.0,0.024,7.21,33.38,87.39,0.4338,0.1614,28.82,Out To CF,Open-Meteo forecast; MLB fallback,https://forecast.weather.gov/MapClick.php?lat=38.5804&lon=-121.5139,24,0,93,Sutter Health Park,,,,,,,,,,,
201,703520,Brett Bateman,TOR,BOS,2026-08-11T23:07:00Z,Warmup,2,Patrick Sandoval,663776,L,35.6,Longshot,Watch List,Premium Lineup Spot,2.2,19.1,65.9,100.0,50.0,15.3,50.0,,Yes,Yes,2,Yes,No,MLB Stats API; RotoWire,,H:2026 P:2026,,,Direct BvP not yet weighted; 2026/2025 Statcast baseline active,4,4,18,0,"Last 4 games: 4/18, 0 HR","same-side matchup; pitcher baseline 4.1% barrel, 3.0 HR allowed",neutral batted-ball profile; pitcher fly-ball pressure modest,0.0,23.1,84.1,95.1639,0.307,0.087,0.275,68.4,0.0,7.7,15.4,0.0,0.056,4.1,35.6,86.4,0.395,0.126,24.7,Out To LF,Open-Meteo forecast; MLB fallback,https://forecast.weather.gov/MapClick.php?lat=43.6414&lon=-79.3894,72,2,77,Rogers Centre,,,,,,,,,,,
202,623168,Tyler Heineman,LAA,TEX,2026-08-12T01:38:00Z,Pre-Game,9,Cody Bradford,674003,L,35.6,Longshot,Watch List,"Good Environment, Platoon Edge",0.4,44.2,71.7,44.8,75.0,9.3,50.0,,Yes,Yes,9,Yes,No,MLB Stats API; RotoWire,,H:2026/2025 P:2026,,,Direct BvP not yet weighted; 2026/2025 Statcast baseline active,7,2,11,0,"Last 7 games: 2/11, 0 HR","switch hitter; pitcher baseline 7.7% barrel, 0.0 HR allowed",neutral batted-ball profile; pitcher allows elevated contact,1.59,15.19,82.09,92.516,0.279,0.0566,0.2555,65.75,0.21,44.97,22.1,1.6,0.078,7.7,46.2,92.1,0.332,0.126,46.2,Out To CF,Open-Meteo forecast; MLB fallback,https://forecast.weather.gov/MapClick.php?lat=33.8003&lon=-117.8827,45,0,87,Angel Stadium,,,,,,,,,,,
203,702222,Justin Crawford,PHI,STL,2026-08-11T23:45:00Z,Pre-Game,9,Andre Pallante,669467,R,35.3,Longshot,Watch List,Platoon Edge,10.2,27.0,64.6,44.8,80.0,34.5,50.0,,Yes,Yes,9,Yes,No,MLB Stats API; RotoWire,,H:2026 P:2026/2025,,,Direct BvP not yet weighted; 2026/2025 Statcast baseline active,7,7,20,0,Contact streak: 7/20 over last 7 games,"platoon edge; pitcher baseline 5.8% barrel, 13.3 HR allowed",neutral batted-ball profile; pitcher fly-ball pressure modest,1.5,34.4,87.1,98.0375,0.319,0.062,0.282,69.0,5.3,27.1,17.2,2.0,0.09,5.83,35.84,88.08,0.3796,0.1321,17.82,Out To LF,Open-Meteo forecast; MLB fallback,https://forecast.weather.gov/MapClick.php?lat=38.6226&lon=-90.1928,67,5,91,Busch Stadium,,,,,,,,,,,
204,702332,Caleb Durbin,BOS,TOR,2026-08-11T23:07:00Z,Warmup,6,Dylan Cease,656302,R,35.0,Longshot,Watch List,No major boost,5.4,19.6,65.9,76.2,50.0,48.3,50.0,,Yes,Yes,6,Yes,No,MLB Stats API; RotoWire,,H:2026/2025 P:2026/2025,,,Direct BvP not yet weighted; 2026/2025 Statcast baseline active,7,8,25,1,Contact streak: 8/25 over last 7 games,"same-side matchup; pitcher baseline 5.7% barrel, 11.2 HR allowed",neutral batted-ball profile; pitcher fly-ball pressure modest,3.16,27.25,84.43,96.0047,0.3347,0.0937,0.2952,68.88,5.44,41.58,19.05,11.0,0.1471,5.73,34.42,86.94,0.3037,0.1086,24.35,Out To LF,Open-Meteo forecast; MLB fallback,https://forecast.weather.gov/MapClick.php?lat=43.6414&lon=-79.3894,72,2,77,Rogers Centre,,,,,,,,,,,
205,682668,Luisangel Acuña,CWS,CIN,2026-08-11T23:40:00Z,Pre-Game,9,Nick Lodolo,666157,L,35.0,Longshot,Watch List,Platoon Edge,14.1,44.4,33.5,44.8,78.0,14.1,50.0,,Yes,Yes,9,Yes,No,MLB Stats API; RotoWire,,H:2026/2025 P:2026/2025,,,Direct BvP not yet weighted; 2026/2025 Statcast baseline active,7,3,14,0,"Last 7 games: 3/14, 0 HR","platoon edge; pitcher baseline 8.1% barrel, 12.9 HR allowed",neutral batted-ball profile; pitcher fly-ball pressure modest,2.8,36.69,88.32,99.4657,0.3158,0.0693,0.2696,71.61,24.28,32.01,16.44,0.7,0.0358,8.13,38.96,89.92,0.4426,0.1708,25.91,In From CF,Open-Meteo forecast; MLB fallback,https://forecast.weather.gov/MapClick.php?lat=41.8300&lon=-87.6338,90,39,76,Rate Field,,,,,,,,,,,
206,805347,Jim Jarvis,ATL,NYM,2026-08-11T23:15:00Z,Warmup,9,Nolan McLean,690997,R,34.5,Longshot,Watch List,Platoon Edge,15.6,30.2,53.9,44.8,80.0,0.0,50.0,,Yes,Yes,9,Yes,No,MLB Stats API; RotoWire,,H:2026 P:2026/2025,,,Direct BvP not yet weighted; 2026/2025 Statcast baseline active,7,1,19,0,"Last 7 games: 1/19, 0 HR","platoon edge; pitcher baseline 7.3% barrel, 11.0 HR allowed",neutral batted-ball profile; pitcher fly-ball pressure modest,3.8,37.5,88.7,98.5467,0.312,0.074,0.27,70.9,12.0,28.7,20.0,1.0,0.104,7.3,38.22,88.24,0.3514,0.1285,21.14,R To L,Open-Meteo forecast; MLB fallback,https://forecast.weather.gov/MapClick.php?lat=33.8907&lon=-84.4677,68,7,85,Truist Park,,,,,,,,,,,
207,650968,Yohel Pozo,BAL,MIN,2026-08-11T23:40:00Z,Pre-Game,9,Bailey Ober,641927,R,34.3,Longshot,Watch List,No major boost,7.9,50.6,41.1,44.8,50.0,34.9,50.0,,Yes,Yes,9,Yes,No,MLB Stats API; RotoWire,,H:2026/2025 P:2026/2025,,,Direct BvP not yet weighted; 2026/2025 Statcast baseline active,7,3,13,1,"Last 7 games: 3/13, 1 HR","same-side matchup; pitcher baseline 10.1% barrel, 18.8 HR allowed",neutral batted-ball profile; pitcher allows elevated contact,2.55,27.6,87.49,96.3689,0.3136,0.0781,0.2417,69.57,8.77,31.2,16.74,2.2,0.1097,10.06,34.9,88.62,0.4501,0.2,31.06,In From LF,Open-Meteo forecast; MLB fallback,https://forecast.weather.gov/MapClick.php?lat=44.9817&lon=-93.2776,47,0,84,Target Field,,,,,,,,,,,
208,665926,Andrés Giménez,TOR,BOS,2026-08-11T23:07:00Z,Warmup,7,Patrick Sandoval,663776,L,33.9,Longshot,Watch List,No major boost,7.1,19.1,65.9,64.3,50.0,50.3,50.0,,Yes,Yes,7,Yes,No,MLB Stats API; RotoWire,,H:2026/2025 P:2026,,,Direct BvP not yet weighted; 2026/2025 Statcast baseline active,7,9,27,1,Contact streak: 9/27 over last 7 games,"same-side matchup; pitcher baseline 4.1% barrel, 3.0 HR allowed",neutral batted-ball profile; pitcher fly-ball pressure modest,3.35,24.83,85.95,95.8862,0.3337,0.0964,0.2793,68.46,5.21,38.52,22.95,7.7,0.117,4.1,35.6,86.4,0.395,0.126,24.7,Out To LF,Open-Meteo forecast; MLB fallback,https://forecast.weather.gov/MapClick.php?lat=43.6414&lon=-79.3894,72,2,77,Rogers Centre,,,,,,,,,,,
209,630105,Jake Cronenworth,SD,MIL,2026-08-12T01:40:00Z,Pre-Game,9,Kyle Harrison,690986,L,33.4,Longshot,Watch List,No major boost,17.4,32.3,47.6,44.8,50.0,22.4,50.0,,Yes,Yes,9,Yes,No,MLB Stats API; RotoWire,,H:2026/2025 P:2026/2025,,,Direct BvP not yet weighted; 2026/2025 Statcast baseline active,7,7,26,0,"Last 7 games: 7/26, 0 HR","same-side matchup; pitcher baseline 6.5% barrel, 8.2 HR allowed",neutral batted-ball profile; pitcher fly-ball pressure modest,4.73,33.96,87.8,98.1791,0.3306,0.1042,0.2987,71.39,17.74,32.1,22.37,5.4,0.0855,6.45,38.15,89.72,0.3586,0.1329,28.44,L To R,Open-Meteo forecast; MLB fallback,https://forecast.weather.gov/MapClick.php?lat=32.7073&lon=-117.1573,67,1,79,Petco Park,,,,,,,,,,,
210,664702,Myles Straw,TOR,BOS,2026-08-11T23:07:00Z,Warmup,8,Patrick Sandoval,663776,L,33.1,Longshot,Watch List,Platoon Edge,9.9,19.1,65.9,52.4,78.0,7.0,50.0,,Yes,Yes,8,Yes,No,MLB Stats API; RotoWire,,H:2026/2025 P:2026,,,Direct BvP not yet weighted; 2026/2025 Statcast baseline active,7,4,24,0,"Last 7 games: 4/24, 0 HR","platoon edge; pitcher baseline 4.1% barrel, 3.0 HR allowed",neutral batted-ball profile; pitcher fly-ball pressure modest,3.55,25.84,86.08,95.8165,0.358,0.1025,0.2936,68.26,5.8,36.01,27.53,3.3,0.1071,4.1,35.6,86.4,0.395,0.126,24.7,Out To LF,Open-Meteo forecast; MLB fallback,https://forecast.weather.gov/MapClick.php?lat=43.6414&lon=-79.3894,72,2,77,Rogers Centre,,,,,,,,,,,
211,701852,Drew Cavanaugh,SF,HOU,2026-08-12T01:45:00Z,Pre-Game,8,Hunter Brown,686613,R,31.8,Longshot,Watch List,Platoon Edge,6.3,23.1,56.3,52.4,80.0,8.5,50.0,,Yes,Yes,8,Yes,No,MLB Stats API; RotoWire,,H:2026 P:2026/2025,,,Direct BvP not yet weighted; 2026/2025 Statcast baseline active,7,3,17,0,"Last 7 games: 3/17, 0 HR","platoon edge; pitcher baseline 6.5% barrel, 10.0 HR allowed",neutral batted-ball profile; pitcher fly-ball pressure modest,4.7,22.2,84.9,97.3176,0.306,0.088,0.3,69.4,4.5,20.0,17.8,0.0,0.016,6.53,35.84,86.24,0.3313,0.1283,22.25,Out To CF,Open-Meteo forecast; MLB fallback,https://forecast.weather.gov/MapClick.php?lat=37.7786&lon=-122.3893,78,0,66,Oracle Park,,,,,,,,,,,
212,686475,Tyler Tolbert,KC,LAD,2026-08-12T02:10:00Z,Pre-Game,7,Blake Snell,605483,L,31.3,Longshot,Watch List,Platoon Edge,10.3,1.0,67.1,64.3,78.0,14.1,50.0,,Yes,Yes,7,Yes,No,MLB Stats API; RotoWire,,H:2026/2025 P:2026/2025,,,Direct BvP not yet weighted; 2026/2025 Statcast baseline active,7,3,14,0,"Last 7 games: 3/14, 0 HR","platoon edge; pitcher baseline 1.7% barrel, 0.9 HR allowed",neutral batted-ball profile; pitcher fly-ball pressure modest,3.52,31.94,86.2,97.2008,0.3458,0.0823,0.3095,69.39,3.65,35.41,21.86,2.4,0.1357,1.74,22.94,82.21,0.3164,0.0616,11.74,Out To RF,NOAA link only,https://forecast.weather.gov/MapClick.php?lat=34.0739&lon=-118.2400,,,79,UNIQLO Field at Dodger Stadium,,,,,,,,,,,
213,664770,Nathan Lukes,TOR,BOS,2026-08-11T23:07:00Z,Warmup,9,Patrick Sandoval,663776,L,30.9,Longshot,Watch List,No major boost,9.2,19.1,65.9,44.8,50.0,34.2,50.0,,Yes,Yes,9,Yes,No,MLB Stats API; RotoWire,,H:2026/2025 P:2026,,,Direct BvP not yet weighted; 2026/2025 Statcast baseline active,7,7,31,1,"Last 7 games: 7/31, 1 HR","same-side matchup; pitcher baseline 4.1% barrel, 3.0 HR allowed",neutral batted-ball profile; pitcher fly-ball pressure modest,2.35,30.49,86.99,96.7634,0.3451,0.0917,0.2919,67.3,4.11,34.22,20.81,7.8,0.1191,4.1,35.6,86.4,0.395,0.126,24.7,Out To LF,Open-Meteo forecast; MLB fallback,https://forecast.weather.gov/MapClick.php?lat=43.6414&lon=-79.3894,72,2,77,Rogers Centre,,,,,,,,,,,
214,686765,Nick Sogard,BOS,TOR,2026-08-11T23:07:00Z,Warmup,9,Dylan Cease,656302,R,30.5,Longshot,Watch List,Platoon Edge,3.7,18.4,65.9,44.8,75.0,23.4,50.0,,Yes,Yes,9,Yes,No,MLB Stats API; RotoWire,,H:2026/2025 P:2026/2025,,,Direct BvP not yet weighted; 2026/2025 Statcast baseline active,7,8,29,0,"Last 7 games: 8/29, 0 HR","switch hitter; pitcher baseline 5.7% barrel, 11.2 HR allowed",neutral batted-ball profile; pitcher fly-ball pressure modest,2.8,25.74,84.39,95.2747,0.3288,0.0778,0.309,68.92,4.24,45.03,21.92,0.0,0.0875,5.73,34.42,86.94,0.3037,0.1086,24.35,Out To LF,Open-Meteo forecast; MLB fallback,https://forecast.weather.gov/MapClick.php?lat=43.6414&lon=-79.3894,72,2,77,Rogers Centre,,,,,,,,,,,
215,664728,Kyle Isbel,KC,LAD,2026-08-12T02:10:00Z,Pre-Game,9,Blake Snell,605483,L,27.7,Longshot,Watch List,No major boost,13.3,1.0,67.1,44.8,50.0,22.8,50.0,,Yes,Yes,9,Yes,No,MLB Stats API; RotoWire,,H:2026/2025 P:2026/2025,,,Direct BvP not yet weighted; 2026/2025 Statcast baseline active,7,3,20,1,"Last 7 games: 3/20, 1 HR","same-side matchup; pitcher baseline 1.7% barrel, 0.9 HR allowed",neutral batted-ball profile; pitcher fly-ball pressure modest,2.37,35.4,88.43,99.0783,0.3089,0.0791,0.2643,71.31,14.88,32.6,17.54,4.0,0.1092,1.74,22.94,82.21,0.3164,0.0616,11.74,Out To RF,NOAA link only,https://forecast.weather.gov/MapClick.php?lat=34.0739&lon=-118.2400,,,79,UNIQLO Field at Dodger Stadium,,,,,,,,,,,
216,683766,Christian Koss,SF,HOU,2026-08-12T01:45:00Z,Pre-Game,9,Hunter Brown,686613,R,27.6,Longshot,Watch List,No major boost,4.6,23.1,56.3,44.8,50.0,3.4,50.0,,Yes,Yes,9,Yes,No,MLB Stats API; RotoWire,,H:2026/2025 P:2026/2025,,,Direct BvP not yet weighted; 2026/2025 Statcast baseline active,7,3,21,0,"Last 7 games: 3/21, 0 HR","same-side matchup; pitcher baseline 6.5% barrel, 10.0 HR allowed",neutral batted-ball profile; pitcher fly-ball pressure modest,3.27,26.11,84.73,96.6445,0.283,0.0711,0.2389,69.72,5.93,38.37,23.53,0.9,0.0424,6.53,35.84,86.24,0.3313,0.1283,22.25,Out To CF,Open-Meteo forecast; MLB fallback,https://forecast.weather.gov/MapClick.php?lat=37.7786&lon=-122.3893,78,0,66,Oracle Park,,,,,,,,,,,
