rank,hitter_id,player,team,opponent,game_start_time,game_status,batting_order,pitcher,pitcher_id,pitcher_hand,hr_score,tier,play_type,reason_tags,power_score,pitcher_score,environment_score,lineup_score,platoon_score,recent_form_score,sheet_score,sheet_carry_score,confirmed_lineup,rotowire_confirmed_lineup,rotowire_batting_order,rotowire_player_found,lineup_disagreement,lineup_sources_used,source_warnings,stat_years_used,bvp_pa,bvp_hr,bvp_note,recent_games,recent_hits,recent_abs,recent_hr,recent_form_note,split_matchup_note,pitch_mix_note,barrel_pct,hard_hit_pct,avg_exit_velocity,ev50,xslg,xiso,xwoba,bat_speed,fast_swing_pct,pull_pct,fb_pct,hr_total,iso,pitcher_barrel_pct_allowed,pitcher_hard_hit_pct_allowed,pitcher_avg_exit_velocity_allowed,pitcher_xslg_allowed,pitcher_xiso_allowed,pitcher_fb_pct_allowed,wind_direction,weather_source,weather_url,weather_humidity,weather_precip_pct,weather_temp,ballpark,odds,sheet_barrel_pct,sheet_iso,sheet_ev,sheet_pm_hr,sheet_pm_pa,sheet_pa_pct,sheet_hr_env,sheet_pitcher_split_barrel,sheet_pitcher_split_hr,sheet_note
1,624413,Pete Alonso,BAL,NYY,2026-09-25T20:05:00Z,Pre-Game,2,Brendan Beck,694341,R,76.2,Tier 2,Best Overall,"Projected Lineup, Strong Barrel, Pitcher Vulnerable, Premium Lineup Spot",74.4,94.6,58.2,95.5,50.0,67.0,50.0,,No,No,2,Yes,Yes,RotoWire projected lineup; MLB probable pitchers,lineup projected / unconfirmed,H:2026/2025 P:2026,,,Direct BvP not yet weighted; 2026/2025 Statcast baseline active,7,5,25,5,Hot streak: 5 HR in last 7 games,"same-side matchup; pitcher baseline 25.0% barrel, 4.0 HR allowed",EV profile; pitcher allows elevated contact,16.17,55.73,93.78,104.3121,0.5615,0.2815,0.3951,74.78,48.86,37.06,30.88,40.1,0.2492,25.0,62.5,95.2,0.641,0.349,50.0,L To R,Open-Meteo forecast; MLB fallback,https://forecast.weather.gov/MapClick.php?lat=40.8296&lon=-73.9262,44,0,63,Yankee Stadium,,,,,,,,,,,
2,687952,Christian Encarnacion-Strand,BAL,NYY,2026-09-25T20:05:00Z,Pre-Game,5,Brendan Beck,694341,R,66.7,Tier 3,Watch List,"Projected Lineup, Strong Barrel, Pitcher Vulnerable",49.8,94.6,58.2,81.9,50.0,68.7,50.0,,No,No,5,Yes,Yes,RotoWire projected lineup; MLB probable pitchers,lineup projected / unconfirmed,H:2026/2025 P:2026,,,Direct BvP not yet weighted; 2026/2025 Statcast baseline active,7,7,21,2,Hot streak: 2 HR in last 7 games,"same-side matchup; pitcher baseline 25.0% barrel, 4.0 HR allowed",neutral batted-ball profile; pitcher allows elevated contact,12.78,39.87,89.3,100.8903,0.4659,0.229,0.3175,73.53,35.01,45.81,31.68,9.5,0.2166,25.0,62.5,95.2,0.641,0.349,50.0,L To R,Open-Meteo forecast; MLB fallback,https://forecast.weather.gov/MapClick.php?lat=40.8296&lon=-73.9262,44,0,63,Yankee Stadium,,,,,,,,,,,
3,691723,Coby Mayo,BAL,NYY,2026-09-25T20:05:00Z,Pre-Game,4,Brendan Beck,694341,R,66.1,Tier 3,Watch List,"Projected Lineup, Strong Barrel, Pitcher Vulnerable, Premium Lineup Spot",52.9,94.6,58.2,90.4,50.0,13.3,50.0,,No,No,4,Yes,Yes,RotoWire projected lineup; MLB probable pitchers,lineup projected / unconfirmed,H:2026/2025 P:2026,,,Direct BvP not yet weighted; 2026/2025 Statcast baseline active,7,5,24,0,"Last 7 games: 5/24, 0 HR","same-side matchup; pitcher baseline 25.0% barrel, 4.0 HR allowed",neutral batted-ball profile; pitcher allows elevated contact,12.62,44.12,90.1,102.4299,0.447,0.2216,0.3227,75.4,55.51,49.34,34.32,20.1,0.2179,25.0,62.5,95.2,0.641,0.349,50.0,L To R,Open-Meteo forecast; MLB fallback,https://forecast.weather.gov/MapClick.php?lat=40.8296&lon=-73.9262,44,0,63,Yankee Stadium,,,,,,,,,,,
4,683002,Gunnar Henderson,BAL,NYY,2026-09-25T20:05:00Z,Pre-Game,3,Brendan Beck,694341,R,65.4,Tier 3,Watch List,"Projected Lineup, Pitcher Vulnerable, Premium Lineup Spot, Platoon Edge",37.6,94.6,58.2,92.1,80.0,42.3,50.0,,No,No,3,Yes,Yes,RotoWire projected lineup; MLB probable pitchers,lineup projected / unconfirmed,H:2026/2025 P:2026,,,Direct BvP not yet weighted; 2026/2025 Statcast baseline active,7,7,25,1,"Last 7 games: 7/25, 1 HR","platoon edge; pitcher baseline 25.0% barrel, 4.0 HR allowed",neutral batted-ball profile; pitcher allows elevated contact,7.97,44.93,90.07,101.2189,0.4082,0.1532,0.3277,74.46,45.21,40.87,23.87,21.9,0.1752,25.0,62.5,95.2,0.641,0.349,50.0,L To R,Open-Meteo forecast; MLB fallback,https://forecast.weather.gov/MapClick.php?lat=40.8296&lon=-73.9262,44,0,63,Yankee Stadium,,,,,,,,,,,
5,660271,Shohei Ohtani,LAD,SF,2026-09-26T02:15:00Z,Scheduled,1,Yunior Marte,805074,R,64.9,Tier 3,Watch List,"Projected Lineup, Elite Power, Strong Barrel, Premium Lineup Spot, Platoon Edge",80.1,49.5,49.3,88.7,80.0,9.8,50.0,,No,No,1,Yes,Yes,RotoWire projected lineup; MLB probable pitchers,lineup projected / unconfirmed,H:2026/2025 P:2026,,,Direct BvP not yet weighted; 2026/2025 Statcast baseline active,7,5,27,0,"Last 7 games: 5/27, 0 HR","platoon edge; pitcher baseline 11.1% barrel, 3.0 HR allowed",lift-pull EV profile; pitcher fly-ball pressure modest,18.67,54.22,93.85,104.5037,0.5867,0.3022,0.4089,75.03,53.08,46.35,32.13,37.5,0.2721,11.1,41.3,88.4,0.435,0.184,28.6,283 deg,Open-Meteo forecast; MLB fallback,https://forecast.weather.gov/MapClick.php?lat=37.7786&lon=-122.3893,47,0,71,Oracle Park,,,,,,,,,,,
6,624413,Pete Alonso,BAL,NYY,2026-09-25T20:10:00Z,Scheduled,2,,,,64.7,Tier 3,Watch List,"Projected Lineup, Strong Barrel, Premium Lineup Spot",74.4,41.2,58.2,95.5,60.0,67.0,50.0,,No,No,2,Yes,Yes,RotoWire projected lineup; MLB probable pitchers,lineup projected / unconfirmed,H:2026/2025 P:,,,Direct BvP not yet weighted; 2026/2025 Statcast baseline active,7,5,25,5,Hot streak: 5 HR in last 7 games,"handedness incomplete; pitcher baseline 0.0% barrel, 0.0 HR allowed",EV profile; pitcher fly-ball pressure modest,16.17,55.73,93.78,104.3121,0.5615,0.2815,0.3951,74.78,48.86,37.06,30.88,40.1,0.2492,,,,,,,12 deg,Open-Meteo forecast; MLB fallback,https://forecast.weather.gov/MapClick.php?lat=40.8296&lon=-73.9262,44,0,63,Yankee Stadium,,,,,,,,,,,
7,621566,Matt Olson,ATL,NYM,2026-09-25T23:10:00Z,Scheduled,3,Eury Pérez,691587,R,64.2,Tier 3,Watch List,"Projected Lineup, Strong Barrel, Premium Lineup Spot, Platoon Edge, Sheet Consensus",65.5,48.9,43.0,92.1,80.0,65.2,80.6,100.0,No,No,3,Yes,Yes,RotoWire projected lineup; MLB probable pitchers,lineup projected / unconfirmed,H:2026/2025 P:2026/2025,,,Direct BvP not yet weighted; 2026/2025 Statcast baseline active,7,9,29,2,Hot streak: 2 HR in last 7 games,"platoon edge; pitcher baseline 10.1% barrel, 17.6 HR allowed",EV profile; pitcher allows elevated contact,14.4,52.46,92.74,103.7282,0.5018,0.2531,0.3551,74.53,47.33,37.72,32.92,37.4,0.2414,10.05,41.6,89.1,0.3842,0.17,30.94,61 deg,Open-Meteo forecast; MLB fallback,https://forecast.weather.gov/MapClick.php?lat=25.7781&lon=-80.2197,80,11,82,loanDepot park,,22.7,0.398,96,11,103,37.5,3,3.3,6,Elite LHH power; weather only mild and possible delay
8,700250,Ben Rice,NYY,BAL,2026-09-25T20:10:00Z,Scheduled,2,Brandon Young,687064,R,63.8,Tier 3,Watch List,"Projected Lineup, Strong Barrel, Premium Lineup Spot, Platoon Edge, Hot Hitter/Streak",63.4,43.0,58.2,95.5,80.0,76.1,50.0,,No,No,4,Yes,Yes,RotoWire projected lineup; MLB probable pitchers,lineup projected / unconfirmed; order MLB 2 vs RotoWire 4,H:2026/2025 P:2026/2025,,,Direct BvP not yet weighted; 2026/2025 Statcast baseline active,7,6,23,3,Hot streak: 3 HR in last 7 games,"platoon edge; pitcher baseline 7.8% barrel, 19.0 HR allowed",lift-pull EV profile; pitcher fly-ball pressure modest,14.49,50.43,92.25,102.4471,0.5236,0.2527,0.3819,72.84,27.38,44.75,31.09,36.5,0.2643,7.82,40.24,89.26,0.4117,0.1637,26.66,12 deg,Open-Meteo forecast; MLB fallback,https://forecast.weather.gov/MapClick.php?lat=40.8296&lon=-73.9262,44,0,63,Yankee Stadium,,,,,,,,,,,
9,670541,Yordan Alvarez,HOU,ATH,2026-09-26T01:40:00Z,Scheduled,2,Jacob Lopez,682052,L,63.5,Tier 3,Watch List,"Projected Lineup, Elite Power, Strong Barrel, Premium Lineup Spot, Hot Hitter/Streak",78.0,28.6,62.4,95.5,50.0,81.7,50.0,,No,No,2,Yes,Yes,RotoWire projected lineup; MLB probable pitchers,lineup projected / unconfirmed,H:2026/2025 P:2026/2025,,,Direct BvP not yet weighted; 2026/2025 Statcast baseline active,7,11,26,2,Hot streak: 2 HR in last 7 games,"same-side matchup; pitcher baseline 6.6% barrel, 19.9 HR allowed",lift-pull EV profile; pitcher allows elevated contact,15.41,53.53,94.42,104.8074,0.6127,0.3042,0.428,76.1,61.66,40.95,35.89,30.5,0.2466,6.6,32.36,85.22,0.3599,0.145,34.72,232 deg,Open-Meteo forecast; MLB fallback,https://forecast.weather.gov/MapClick.php?lat=38.5804&lon=-121.5139,24,0,92,Sutter Health Park,,,,,,,,,,,
10,665833,Oneil Cruz,PIT,DET,2026-09-25T22:40:00Z,Scheduled,4,Jackson Jobe,695549,R,61.8,Tier 3,Watch List,"Projected Lineup, Strong Barrel, Premium Lineup Spot, Platoon Edge, Hot Hitter/Streak",67.7,42.9,39.1,90.4,80.0,77.6,50.0,,No,No,4,Yes,Yes,RotoWire projected lineup; MLB probable pitchers,lineup projected / unconfirmed,H:2026/2025 P:2026/2025,,,Direct BvP not yet weighted; 2026/2025 Statcast baseline active,7,11,28,2,Hot streak: 2 HR in last 7 games,"platoon edge; pitcher baseline 9.6% barrel, 7.0 HR allowed",EV profile; pitcher fly-ball pressure modest,16.32,54.29,94.61,106.382,0.46,0.2182,0.3443,78.03,74.14,38.9,23.31,20.0,0.1997,9.61,37.56,88.54,0.4065,0.1722,28.56,61 deg,Open-Meteo forecast; MLB fallback,https://forecast.weather.gov/MapClick.php?lat=42.3390&lon=-83.0485,57,0,58,Comerica Park,,,,,,,,,,,
11,681297,Colton Cowser,BAL,MIN,2026-09-25T20:05:00Z,Pre-Game,6,Brendan Beck,694341,R,61.3,Tier 3,Watch List,"Projected Lineup, Strong Barrel, Pitcher Vulnerable, Platoon Edge",42.6,94.6,58.2,71.7,80.0,24.9,10.4,47.0,No,No,6,Yes,Yes,RotoWire projected lineup; MLB probable pitchers,lineup projected / unconfirmed,H:2026/2025 P:2026,,,Direct BvP not yet weighted; 2026/2025 Statcast baseline active,7,6,21,0,"Last 7 games: 6/21, 0 HR","platoon edge; pitcher baseline 25.0% barrel, 4.0 HR allowed",neutral batted-ball profile; pitcher allows elevated contact,10.88,42.15,88.73,100.7314,0.3984,0.1869,0.3063,74.3,43.38,38.45,31.59,13.9,0.1561,25.0,62.5,95.2,0.641,0.349,50.0,L To R,Open-Meteo forecast; MLB fallback,https://forecast.weather.gov/MapClick.php?lat=40.8296&lon=-73.9262,44,0,63,Yankee Stadium,,11.7,0.101,85,2,89,0,-4,5.43,7,EV/ISO weak despite recent HR note
12,687637,Dylan Beavers,BAL,NYY,2026-09-25T20:05:00Z,Pre-Game,1,Brendan Beck,694341,R,61.0,Tier 3,Watch List,"Projected Lineup, Pitcher Vulnerable, Premium Lineup Spot, Platoon Edge",31.6,94.6,58.2,88.7,80.0,0.0,50.0,,No,No,1,Yes,Yes,RotoWire projected lineup; MLB probable pitchers,lineup projected / unconfirmed,H:2026/2025 P:2026,,,Direct BvP not yet weighted; 2026/2025 Statcast baseline active,7,2,25,0,"Last 7 games: 2/25, 0 HR","platoon edge; pitcher baseline 25.0% barrel, 4.0 HR allowed",neutral batted-ball profile; pitcher allows elevated contact,8.18,35.21,88.1,99.1757,0.3779,0.1593,0.3083,72.41,21.75,40.46,33.42,6.1,0.1429,25.0,62.5,95.2,0.641,0.349,50.0,L To R,Open-Meteo forecast; MLB fallback,https://forecast.weather.gov/MapClick.php?lat=40.8296&lon=-73.9262,44,0,63,Yankee Stadium,,,,,,,,,,,
13,695600,Carter Jensen,KC,CLE,2026-09-25T23:40:00Z,Scheduled,1,Gavin Williams,668909,R,61.0,Tier 3,Watch List,"Projected Lineup, Strong Barrel, Premium Lineup Spot, Platoon Edge",59.5,54.4,47.2,88.7,80.0,43.2,50.0,,No,No,1,Yes,Yes,RotoWire projected lineup; MLB probable pitchers,lineup projected / unconfirmed,H:2026/2025 P:2026/2025,,,Direct BvP not yet weighted; 2026/2025 Statcast baseline active,7,8,28,1,"Last 7 games: 8/28, 1 HR","platoon edge; pitcher baseline 10.7% barrel, 25.8 HR allowed",lift-pull EV profile; pitcher fly-ball pressure modest,14.29,48.57,92.53,102.9961,0.4699,0.2207,0.3497,74.1,38.94,41.63,31.19,18.4,0.2262,10.68,45.84,90.19,0.3973,0.1747,25.79,75 deg,Open-Meteo forecast; MLB fallback,https://forecast.weather.gov/MapClick.php?lat=39.0517&lon=-94.4803,63,1,71,Kauffman Stadium,,,,,,,,,,,
14,608369,Corey Seager,TEX,MIN,2026-09-26T00:10:00Z,Scheduled,2,Joe Ryan,657746,R,60.5,Tier 3,Watch List,"Projected Lineup, Strong Barrel, Premium Lineup Spot, Platoon Edge",61.3,52.0,44.6,95.5,80.0,21.0,50.0,,No,No,2,Yes,Yes,RotoWire projected lineup; MLB probable pitchers,lineup projected / unconfirmed,H:2026/2025 P:2026/2025,,,Direct BvP not yet weighted; 2026/2025 Statcast baseline active,7,4,29,1,"Last 7 games: 4/29, 1 HR","platoon edge; pitcher baseline 10.5% barrel, 22.5 HR allowed",lift-pull EV profile; pitcher allows elevated contact,14.6,49.68,92.06,102.5153,0.506,0.2455,0.3643,71.8,15.09,41.27,30.85,19.6,0.2027,10.52,40.99,89.64,0.3977,0.174,30.45,138 deg,Open-Meteo forecast; MLB fallback,https://forecast.weather.gov/MapClick.php?lat=44.9817&lon=-93.2776,86,34,62,Target Field,,,,,,,,,,,
15,545341,Randal Grichuk,CWS,COL,2026-09-25T23:40:00Z,Scheduled,2,Tomoyuki Sugano,608372,R,60.4,Tier 3,Watch List,"Projected Lineup, Strong Barrel, Premium Lineup Spot",53.3,68.7,41.0,95.5,50.0,48.1,50.0,,No,No,2,Yes,Yes,RotoWire projected lineup; MLB probable pitchers,lineup projected / unconfirmed,H:2026/2025 P:2026/2025,,,Direct BvP not yet weighted; 2026/2025 Statcast baseline active,7,7,22,1,"Last 7 games: 7/22, 1 HR","same-side matchup; pitcher baseline 11.8% barrel, 31.6 HR allowed",neutral batted-ball profile; pitcher allows elevated contact,11.35,50.2,91.91,103.1295,0.4724,0.1991,0.3337,74.32,44.99,43.7,29.34,12.5,0.2472,11.8,42.53,90.77,0.5359,0.2357,30.07,76 deg,Open-Meteo forecast; MLB fallback,https://forecast.weather.gov/MapClick.php?lat=41.8300&lon=-87.6338,85,0,62,Rate Field,,,,,,,,,,,
16,700250,Ben Rice,NYY,BAL,2026-09-25T20:05:00Z,Pre-Game,2,Trevor Rogers,669432,L,60.2,Tier 3,Watch List,"Strong Barrel, Premium Lineup Spot, Hot Hitter/Streak",63.4,35.1,58.2,100.0,50.0,76.1,50.0,,Yes,No,4,Yes,Yes,MLB Stats API; RotoWire,RotoWire not confirmed; order MLB 2 vs RotoWire 4,H:2026/2025 P:2026/2025,,,Direct BvP not yet weighted; 2026/2025 Statcast baseline active,7,6,23,3,Hot streak: 3 HR in last 7 games,"same-side matchup; pitcher baseline 6.9% barrel, 15.1 HR allowed",lift-pull EV profile; pitcher fly-ball pressure modest,14.49,50.43,92.25,102.4471,0.5236,0.2527,0.3819,72.84,27.38,44.75,31.09,36.5,0.2643,6.9,39.79,88.58,0.3795,0.1461,24.74,L To R,Open-Meteo forecast; MLB fallback,https://forecast.weather.gov/MapClick.php?lat=40.8296&lon=-73.9262,44,0,63,Yankee Stadium,,,,,,,,,,,
17,695506,Jac Caglianone,KC,CLE,2026-09-25T23:40:00Z,Scheduled,3,Gavin Williams,668909,R,60.2,Tier 3,Watch List,"Projected Lineup, Strong Barrel, Premium Lineup Spot, Platoon Edge",57.5,54.4,47.2,92.1,80.0,29.7,50.0,,No,No,3,Yes,Yes,RotoWire projected lineup; MLB probable pitchers,lineup projected / unconfirmed,H:2026/2025 P:2026/2025,,,Direct BvP not yet weighted; 2026/2025 Statcast baseline active,7,7,22,0,"Last 7 games: 7/22, 0 HR","platoon edge; pitcher baseline 10.7% barrel, 25.8 HR allowed",neutral batted-ball profile; pitcher fly-ball pressure modest,12.98,50.73,91.99,104.6877,0.4793,0.2122,0.3455,77.19,73.43,44.35,22.26,18.2,0.1828,10.68,45.84,90.19,0.3973,0.1747,25.79,75 deg,Open-Meteo forecast; MLB fallback,https://forecast.weather.gov/MapClick.php?lat=39.0517&lon=-94.4803,63,1,71,Kauffman Stadium,,,,,,,,,,,
18,682987,Spencer Jones,NYY,BAL,2026-09-25T20:10:00Z,Scheduled,6,Brandon Young,687064,R,59.9,Longshot,Watch List,"Projected Lineup, Strong Barrel, Platoon Edge",67.8,43.0,58.2,71.7,80.0,38.7,50.0,,No,No,6,Yes,Yes,RotoWire projected lineup; MLB probable pitchers,lineup projected / unconfirmed,H:2026 P:2026/2025,,,Direct BvP not yet weighted; 2026/2025 Statcast baseline active,7,4,30,2,Hot streak: 2 HR in last 7 games,"platoon edge; pitcher baseline 7.8% barrel, 19.0 HR allowed",EV profile; pitcher fly-ball pressure modest,15.1,55.6,94.2,104.2117,0.446,0.211,0.324,77.1,72.1,35.5,39.5,11.0,0.19,7.82,40.24,89.26,0.4117,0.1637,26.66,12 deg,Open-Meteo forecast; MLB fallback,https://forecast.weather.gov/MapClick.php?lat=40.8296&lon=-73.9262,44,0,63,Yankee Stadium,,,,,,,,,,,
19,678246,Miguel Vargas,CWS,COL,2026-09-25T23:40:00Z,Scheduled,3,Tomoyuki Sugano,608372,R,59.9,Longshot,Watch List,"Projected Lineup, Strong Barrel, Premium Lineup Spot",50.4,68.7,41.0,92.1,50.0,66.7,50.0,,No,No,3,Yes,Yes,RotoWire projected lineup; MLB probable pitchers,lineup projected / unconfirmed,H:2026/2025 P:2026/2025,,,Direct BvP not yet weighted; 2026/2025 Statcast baseline active,7,8,25,2,Hot streak: 2 HR in last 7 games,"same-side matchup; pitcher baseline 11.8% barrel, 31.6 HR allowed",neutral batted-ball profile; pitcher allows elevated contact,12.06,43.02,89.98,100.149,0.4721,0.2158,0.3617,72.91,33.16,45.05,34.96,27.9,0.209,11.8,42.53,90.77,0.5359,0.2357,30.07,76 deg,Open-Meteo forecast; MLB fallback,https://forecast.weather.gov/MapClick.php?lat=41.8300&lon=-87.6338,85,0,62,Rate Field,,,,,,,,,,,
20,695578,James Wood,WSH,NYM,2026-09-25T22:45:00Z,Scheduled,1,,,,59.4,Longshot,Watch List,"Projected Lineup, Elite Power, Strong Barrel, Premium Lineup Spot",77.5,41.2,40.7,88.7,60.0,8.8,50.0,,No,No,1,Yes,Yes,RotoWire projected lineup; MLB probable pitchers,lineup projected / unconfirmed,H:2026/2025 P:,,,Direct BvP not yet weighted; 2026/2025 Statcast baseline active,7,5,28,0,"Last 7 games: 5/28, 0 HR","handedness incomplete; pitcher baseline 0.0% barrel, 0.0 HR allowed",EV profile; pitcher fly-ball pressure modest,18.22,57.91,94.93,106.3255,0.5343,0.2673,0.3911,76.56,66.36,32.99,23.96,30.3,0.2358,,,,,,,79 deg,Open-Meteo forecast; MLB fallback,https://forecast.weather.gov/MapClick.php?lat=38.8730&lon=-77.0074,66,0,60,Nationals Park,,,,,,,,,,,
21,660670,Ronald Acuna,ATL,NYM,2026-09-25T23:10:00Z,Scheduled,2,Eury Pérez,691587,R,58.9,Longshot,Watch List,"Projected Lineup, Strong Barrel, Premium Lineup Spot, Hot Hitter/Streak",59.8,48.9,43.0,95.5,50.0,88.9,25.7,50.0,No,No,2,Yes,Yes,RotoWire projected lineup; MLB probable pitchers,lineup projected / unconfirmed,H:2026/2025 P:2026/2025,,,Direct BvP not yet weighted; 2026/2025 Statcast baseline active,7,9,26,3,Hot streak: 3 HR in last 7 games,"same-side matchup; pitcher baseline 10.1% barrel, 17.6 HR allowed",neutral batted-ball profile; pitcher allows elevated contact,14.02,46.9,90.6,103.0876,0.5119,0.2489,0.3781,75.91,61.55,36.02,28.65,20.3,0.2084,10.05,41.6,89.1,0.3842,0.17,30.94,61 deg,Open-Meteo forecast; MLB fallback,https://forecast.weather.gov/MapClick.php?lat=25.7781&lon=-80.2197,80,11,82,loanDepot park,,12.0,0.041,94,1,74,0,3,4.17,1,EV helps but ISO not HR-friendly today
22,656941,Kyle Schwarber,PHI,STL,2026-09-25T22:40:00Z,Scheduled,1,Freddy Peralta,642547,R,58.7,Longshot,Watch List,"Projected Lineup, Strong Barrel, Premium Lineup Spot, Platoon Edge",73.8,33.9,47.8,88.7,80.0,2.5,47.5,68.0,No,No,1,Yes,Yes,RotoWire projected lineup; MLB probable pitchers,lineup projected / unconfirmed,H:2026/2025 P:2026/2025,,,Direct BvP not yet weighted; 2026/2025 Statcast baseline active,7,3,22,0,"Last 7 games: 3/22, 0 HR","platoon edge; pitcher baseline 6.9% barrel, 22.4 HR allowed",lift-pull EV profile; pitcher fly-ball pressure modest,17.23,52.46,92.97,104.0619,0.5166,0.2777,0.3751,77.16,75.42,53.93,33.18,48.3,0.2887,6.92,36.6,87.65,0.3694,0.1438,28.62,18 deg,Open-Meteo forecast; MLB fallback,https://forecast.weather.gov/MapClick.php?lat=39.9061&lon=-75.1665,52,0,62,Citizens Bank Park,,14.1,0.216,94,9,139,25,6,4.88,2,Power volume; less clean pitcher split than Harper
23,682829,Elly De La Cruz,CIN,TOR,2026-09-25T23:07:00Z,Scheduled,2,,,,58.7,Longshot,Watch List,"Projected Lineup, Strong Barrel, Premium Lineup Spot, Platoon Edge",61.4,40.2,40.4,95.5,75.0,57.8,50.0,,No,No,2,Yes,Yes,RotoWire projected lineup; MLB probable pitchers,lineup projected / unconfirmed,H:2026/2025 P:,,,Direct BvP not yet weighted; 2026/2025 Statcast baseline active,7,6,23,2,Hot streak: 2 HR in last 7 games,"switch hitter; pitcher baseline 0.0% barrel, 0.0 HR allowed",EV profile; pitcher fly-ball pressure modest,14.57,50.92,93.59,104.5063,0.4814,0.2094,0.3598,75.66,56.15,34.96,24.89,27.6,0.218,,,,,,,43 deg,Open-Meteo forecast; MLB fallback,https://forecast.weather.gov/MapClick.php?lat=43.6414&lon=-79.3894,68,0,57,Rogers Centre,,,,,,,,,,,
24,677951,Bobby Witt,KC,CLE,2026-09-25T23:40:00Z,Scheduled,2,Gavin Williams,668909,R,58.2,Longshot,Watch List,"Projected Lineup, Strong Barrel, Premium Lineup Spot",56.2,54.4,47.2,95.5,50.0,35.6,50.0,,No,No,2,Yes,Yes,RotoWire projected lineup; MLB probable pitchers,lineup projected / unconfirmed,H:2026/2025 P:2026/2025,,,Direct BvP not yet weighted; 2026/2025 Statcast baseline active,7,10,28,0,Contact streak: 10/28 over last 7 games,"same-side matchup; pitcher baseline 10.7% barrel, 25.8 HR allowed",EV profile; pitcher fly-ball pressure modest,11.87,50.18,92.67,103.4874,0.5073,0.2101,0.3748,74.02,42.86,31.5,26.99,19.5,0.1745,10.68,45.84,90.19,0.3973,0.1747,25.79,75 deg,Open-Meteo forecast; MLB fallback,https://forecast.weather.gov/MapClick.php?lat=39.0517&lon=-94.4803,63,1,71,Kauffman Stadium,,,,,,,,,,,
25,664040,Brandon Lowe,PIT,DET,2026-09-25T22:40:00Z,Scheduled,2,Jackson Jobe,695549,R,58.1,Longshot,Watch List,"Projected Lineup, Strong Barrel, Premium Lineup Spot, Platoon Edge, Hot Hitter/Streak",52.8,42.9,39.1,95.5,80.0,83.2,50.0,,No,No,2,Yes,Yes,RotoWire projected lineup; MLB probable pitchers,lineup projected / unconfirmed,H:2026/2025 P:2026/2025,,,Direct BvP not yet weighted; 2026/2025 Statcast baseline active,7,8,26,3,Hot streak: 3 HR in last 7 games,"platoon edge; pitcher baseline 9.6% barrel, 7.0 HR allowed",neutral batted-ball profile; pitcher fly-ball pressure modest,12.58,45.97,91.03,101.5258,0.4549,0.2103,0.3329,73.59,39.39,46.02,32.57,33.1,0.228,9.61,37.56,88.54,0.4065,0.1722,28.56,61 deg,Open-Meteo forecast; MLB fallback,https://forecast.weather.gov/MapClick.php?lat=42.3390&lon=-83.0485,57,0,58,Comerica Park,,,,,,,,,,,
26,669065,Kyle Stowers,MIA,ATL,2026-09-25T23:10:00Z,Scheduled,1,,,,57.7,Longshot,Watch List,"Projected Lineup, Strong Barrel, Premium Lineup Spot",63.7,41.2,43.0,88.7,60.0,54.7,50.0,,No,No,1,Yes,Yes,RotoWire projected lineup; MLB probable pitchers,lineup projected / unconfirmed,H:2026/2025 P:,,,Direct BvP not yet weighted; 2026/2025 Statcast baseline active,7,6,25,2,Hot streak: 2 HR in last 7 games,"handedness incomplete; pitcher baseline 0.0% barrel, 0.0 HR allowed",lift-pull EV profile; pitcher fly-ball pressure modest,14.69,55.08,92.08,103.3168,0.467,0.2286,0.3428,75.28,54.18,45.43,32.27,22.2,0.2308,,,,,,,61 deg,Open-Meteo forecast; MLB fallback,https://forecast.weather.gov/MapClick.php?lat=25.7781&lon=-80.2197,80,11,82,loanDepot park,,,,,,,,,,,
27,669257,Will Smith,LAD,SF,2026-09-26T02:15:00Z,Scheduled,4,Yunior Marte,805074,R,57.7,Longshot,Watch List,"Projected Lineup, Strong Barrel, Premium Lineup Spot, Hot Hitter/Streak",51.2,49.5,49.3,90.4,50.0,87.0,50.0,,No,No,4,Yes,Yes,RotoWire projected lineup; MLB probable pitchers,lineup projected / unconfirmed,H:2026/2025 P:2026,,,Direct BvP not yet weighted; 2026/2025 Statcast baseline active,7,8,24,3,Hot streak: 3 HR in last 7 games,"same-side matchup; pitcher baseline 11.1% barrel, 3.0 HR allowed",fly-ball profile; pitcher fly-ball pressure modest,12.55,42.27,89.62,100.1576,0.5002,0.227,0.3857,69.84,6.38,31.3,39.5,12.1,0.18,11.1,41.3,88.4,0.435,0.184,28.6,283 deg,Open-Meteo forecast; MLB fallback,https://forecast.weather.gov/MapClick.php?lat=37.7786&lon=-122.3893,47,0,71,Oracle Park,,,,,,,,,,,
28,691718,Pete Crow-Armstrong,CHC,BOS,2026-09-25T21:35:00Z,Scheduled,1,Brayan Bello,678394,R,57.6,Longshot,Watch List,"Projected Lineup, Strong Barrel, Premium Lineup Spot, Platoon Edge, Hot Hitter/Streak",57.8,39.0,37.7,88.7,80.0,83.6,50.0,,No,No,1,Yes,Yes,RotoWire projected lineup; MLB probable pitchers,lineup projected / unconfirmed,H:2026/2025 P:2026/2025,,,Direct BvP not yet weighted; 2026/2025 Statcast baseline active,7,9,29,3,Hot streak: 3 HR in last 7 games,"platoon edge; pitcher baseline 7.5% barrel, 13.2 HR allowed",neutral batted-ball profile; pitcher fly-ball pressure modest,13.38,46.43,90.27,101.8376,0.5009,0.2428,0.3595,74.38,46.07,50.37,34.38,40.8,0.2767,7.45,39.72,88.87,0.4321,0.1559,22.11,349 deg,Open-Meteo forecast; MLB fallback,https://forecast.weather.gov/MapClick.php?lat=42.3467&lon=-71.0972,59,0,53,Fenway Park,,,,,,,,,,,
29,641343,Jake Bauers,MIL,STL,2026-09-25T23:40:00Z,Scheduled,5,Michael McGreevy,700241,R,57.3,Longshot,Watch List,"Projected Lineup, Strong Barrel, Platoon Edge",60.1,52.2,38.1,81.9,80.0,19.5,50.0,,No,No,5,Yes,Yes,RotoWire projected lineup; MLB probable pitchers,lineup projected / unconfirmed,H:2026/2025 P:2026/2025,,,Direct BvP not yet weighted; 2026/2025 Statcast baseline active,7,6,24,0,"Last 7 games: 6/24, 0 HR","platoon edge; pitcher baseline 9.2% barrel, 18.3 HR allowed",lift-pull EV profile; pitcher fly-ball pressure modest,13.91,50.36,92.05,102.9833,0.4668,0.2188,0.368,76.5,69.44,40.2,30.33,20.3,0.2053,9.15,40.73,90.01,0.4689,0.19,26.76,23 deg,Open-Meteo forecast; MLB fallback,https://forecast.weather.gov/MapClick.php?lat=43.0280&lon=-87.9712,82,0,60,American Family Field,,,,,,,,,,,
30,686948,Drake Baldwin,ATL,NYM,2026-09-25T23:10:00Z,Scheduled,1,Eury Pérez,691587,R,57.2,Longshot,Watch List,"Projected Lineup, Strong Barrel, Premium Lineup Spot, Platoon Edge",56.5,48.9,43.0,88.7,80.0,33.7,37.9,68.0,No,No,1,Yes,Yes,RotoWire projected lineup; MLB probable pitchers,lineup projected / unconfirmed,H:2026/2025 P:2026/2025,,,Direct BvP not yet weighted; 2026/2025 Statcast baseline active,7,10,29,0,Contact streak: 10/29 over last 7 games,"platoon edge; pitcher baseline 10.1% barrel, 17.6 HR allowed",neutral batted-ball profile; pitcher allows elevated contact,12.33,50.16,91.49,102.1803,0.4975,0.2213,0.3656,75.3,56.51,32.22,26.02,22.5,0.1796,10.05,41.6,89.1,0.3842,0.17,30.94,61 deg,Open-Meteo forecast; MLB fallback,https://forecast.weather.gov/MapClick.php?lat=25.7781&lon=-80.2197,80,11,82,loanDepot park,,16.4,0.177,93,4,79,0,3,3.3,6,Strong barrel/EV but ISO lower
31,665487,Fernando Tatis,SD,AZ,2026-09-26T01:40:00Z,Scheduled,1,Brandon Pfaadt,694297,R,56.7,Longshot,Watch List,"Projected Lineup, Strong Barrel, Premium Lineup Spot, Hot Hitter/Streak",58.1,43.0,44.6,88.7,50.0,72.2,50.0,,No,No,1,Yes,Yes,RotoWire projected lineup; MLB probable pitchers,lineup projected / unconfirmed,H:2026/2025 P:2026/2025,,,Direct BvP not yet weighted; 2026/2025 Statcast baseline active,7,10,28,2,Hot streak: 2 HR in last 7 games,"same-side matchup; pitcher baseline 8.4% barrel, 17.6 HR allowed",EV profile; pitcher fly-ball pressure modest,12.19,53.2,93.09,104.4658,0.4978,0.2079,0.377,75.65,57.98,34.31,22.43,25.0,0.1801,8.45,38.24,89.26,0.4233,0.1645,23.48,304 deg,Open-Meteo forecast; MLB fallback,https://forecast.weather.gov/MapClick.php?lat=32.7073&lon=-117.1573,75,0,75,Petco Park,,,,,,,,,,,
32,671218,Heliot Ramos,NYY,BAL,2026-09-25T20:05:00Z,Pre-Game,3,Trevor Rogers,669432,L,56.6,Longshot,Watch List,"Strong Barrel, Premium Lineup Spot, Platoon Edge",50.1,35.1,58.2,96.6,78.0,52.0,50.0,,Yes,No,3,Yes,Yes,MLB Stats API; RotoWire,RotoWire not confirmed,H:2026/2025 P:2026/2025,,,Direct BvP not yet weighted; 2026/2025 Statcast baseline active,7,6,27,2,Hot streak: 2 HR in last 7 games,"platoon edge; pitcher baseline 6.9% barrel, 15.1 HR allowed",EV profile; pitcher fly-ball pressure modest,12.3,48.31,92.08,103.0318,0.4324,0.1827,0.3235,73.13,33.73,33.52,24.21,15.4,0.158,6.9,39.79,88.58,0.3795,0.1461,24.74,L To R,Open-Meteo forecast; MLB fallback,https://forecast.weather.gov/MapClick.php?lat=40.8296&lon=-73.9262,44,0,63,Yankee Stadium,,,,,,,,,,,
33,682985,Riley Greene,DET,PIT,2026-09-25T22:40:00Z,Scheduled,4,Bubba Chandler,696149,R,56.5,Longshot,Watch List,"Projected Lineup, Strong Barrel, Premium Lineup Spot, Platoon Edge",61.3,37.5,39.1,90.4,80.0,36.3,50.0,,No,No,4,Yes,Yes,RotoWire projected lineup; MLB probable pitchers,lineup projected / unconfirmed,H:2026/2025 P:2026/2025,,,Direct BvP not yet weighted; 2026/2025 Statcast baseline active,7,6,25,1,"Last 7 games: 6/25, 1 HR","platoon edge; pitcher baseline 7.2% barrel, 11.1 HR allowed",neutral batted-ball profile; pitcher fly-ball pressure modest,15.7,46.06,89.97,102.471,0.5001,0.2445,0.3607,75.67,58.43,39.26,33.38,25.5,0.2077,7.16,39.44,89.36,0.3898,0.1567,26.44,61 deg,Open-Meteo forecast; MLB fallback,https://forecast.weather.gov/MapClick.php?lat=42.3390&lon=-83.0485,57,0,58,Comerica Park,,,,,,,,,,,
34,682987,Spencer Jones,NYY,BAL,2026-09-25T20:05:00Z,Pre-Game,6,Trevor Rogers,669432,L,56.3,Longshot,Watch List,Strong Barrel,67.8,35.1,58.2,76.2,50.0,38.7,50.0,,Yes,No,6,Yes,Yes,MLB Stats API; RotoWire,RotoWire not confirmed,H:2026 P:2026/2025,,,Direct BvP not yet weighted; 2026/2025 Statcast baseline active,7,4,30,2,Hot streak: 2 HR in last 7 games,"same-side matchup; pitcher baseline 6.9% barrel, 15.1 HR allowed",EV profile; pitcher fly-ball pressure modest,15.1,55.6,94.2,104.2117,0.446,0.211,0.324,77.1,72.1,35.5,39.5,11.0,0.19,6.9,39.79,88.58,0.3795,0.1461,24.74,L To R,Open-Meteo forecast; MLB fallback,https://forecast.weather.gov/MapClick.php?lat=40.8296&lon=-73.9262,44,0,63,Yankee Stadium,,,,,,,,,,,
35,545361,Mike Trout,LAA,SEA,2026-09-26T02:10:00Z,Scheduled,2,Bryce Miller,682243,R,56.3,Longshot,Watch List,"Projected Lineup, Strong Barrel, Premium Lineup Spot",60.1,43.2,37.9,95.5,50.0,50.3,50.0,,No,No,2,Yes,Yes,RotoWire projected lineup; MLB probable pitchers,lineup projected / unconfirmed,H:2026/2025 P:2026/2025,,,Direct BvP not yet weighted; 2026/2025 Statcast baseline active,7,8,24,1,Contact streak: 8/24 over last 7 games,"same-side matchup; pitcher baseline 8.3% barrel, 19.1 HR allowed",neutral batted-ball profile; pitcher allows elevated contact,15.94,47.06,90.27,102.9518,0.4838,0.2348,0.3741,74.49,46.23,36.3,31.0,23.2,0.1895,8.28,36.98,88.83,0.4066,0.1673,31.3,360 deg,Open-Meteo forecast; MLB fallback,https://forecast.weather.gov/MapClick.php?lat=47.5914&lon=-122.3325,82,7,58,T-Mobile Park,,,,,,,,,,,
36,695657,Colson Montgomery,CWS,COL,2026-09-25T23:40:00Z,Scheduled,6,Tomoyuki Sugano,608372,R,56.1,Longshot,Watch List,"Projected Lineup, Strong Barrel, Platoon Edge",50.4,68.7,41.0,71.7,80.0,0.8,50.0,,No,No,6,Yes,Yes,RotoWire projected lineup; MLB probable pitchers,lineup projected / unconfirmed,H:2026/2025 P:2026/2025,,,Direct BvP not yet weighted; 2026/2025 Statcast baseline active,7,3,24,0,"Last 7 games: 3/24, 0 HR","platoon edge; pitcher baseline 11.8% barrel, 31.6 HR allowed",neutral batted-ball profile; pitcher allows elevated contact,12.89,42.19,88.84,101.8005,0.4254,0.2157,0.3102,76.72,70.79,48.95,33.37,28.0,0.234,11.8,42.53,90.77,0.5359,0.2357,30.07,76 deg,Open-Meteo forecast; MLB fallback,https://forecast.weather.gov/MapClick.php?lat=41.8300&lon=-87.6338,85,0,62,Rate Field,,,,,,,,,,,
37,669236,Jeremiah Jackson,BAL,NYY,2026-09-25T20:05:00Z,Pre-Game,7,Brendan Beck,694341,R,56.0,Longshot,Watch List,"Projected Lineup, Pitcher Vulnerable",33.2,94.6,58.2,59.8,50.0,19.1,50.0,,No,No,7,Yes,Yes,RotoWire projected lineup; MLB probable pitchers,lineup projected / unconfirmed,H:2026/2025 P:2026,,,Direct BvP not yet weighted; 2026/2025 Statcast baseline active,7,3,24,1,"Last 7 games: 3/24, 1 HR","same-side matchup; pitcher baseline 25.0% barrel, 4.0 HR allowed",neutral batted-ball profile; pitcher allows elevated contact,7.64,40.47,89.55,100.3681,0.3881,0.1552,0.2847,72.74,27.59,39.23,24.35,7.8,0.1507,25.0,62.5,95.2,0.641,0.349,50.0,L To R,Open-Meteo forecast; MLB fallback,https://forecast.weather.gov/MapClick.php?lat=40.8296&lon=-73.9262,44,0,63,Yankee Stadium,,,,,,,,,,,
38,502054,Tommy Pham,CWS,COL,2026-09-25T23:40:00Z,Scheduled,4,Tomoyuki Sugano,608372,R,55.8,Longshot,Watch List,"Projected Lineup, Premium Lineup Spot",43.2,68.7,41.0,90.4,50.0,34.9,50.0,,No,No,4,Yes,Yes,RotoWire projected lineup; MLB probable pitchers,lineup projected / unconfirmed,H:2026/2025 P:2026/2025,,,Direct BvP not yet weighted; 2026/2025 Statcast baseline active,7,3,13,1,"Last 7 games: 3/13, 1 HR","same-side matchup; pitcher baseline 11.8% barrel, 31.6 HR allowed",EV profile; pitcher allows elevated contact,6.95,54.13,94.75,103.8036,0.3708,0.1427,0.3229,72.25,24.35,56.29,25.96,3.7,0.125,11.8,42.53,90.77,0.5359,0.2357,30.07,76 deg,Open-Meteo forecast; MLB fallback,https://forecast.weather.gov/MapClick.php?lat=41.8300&lon=-87.6338,85,0,62,Rate Field,,,,,,,,,,,
39,671218,Heliot Ramos,NYY,BAL,2026-09-25T20:10:00Z,Scheduled,3,Brandon Young,687064,R,55.6,Longshot,Watch List,"Projected Lineup, Strong Barrel, Premium Lineup Spot",50.1,43.0,58.2,92.1,50.0,52.0,50.0,,No,No,3,Yes,Yes,RotoWire projected lineup; MLB probable pitchers,lineup projected / unconfirmed,H:2026/2025 P:2026/2025,,,Direct BvP not yet weighted; 2026/2025 Statcast baseline active,7,6,27,2,Hot streak: 2 HR in last 7 games,"same-side matchup; pitcher baseline 7.8% barrel, 19.0 HR allowed",EV profile; pitcher fly-ball pressure modest,12.3,48.31,92.08,103.0318,0.4324,0.1827,0.3235,73.13,33.73,33.52,24.21,15.4,0.158,7.82,40.24,89.26,0.4117,0.1637,26.66,12 deg,Open-Meteo forecast; MLB fallback,https://forecast.weather.gov/MapClick.php?lat=40.8296&lon=-73.9262,44,0,63,Yankee Stadium,,,,,,,,,,,
40,686469,Vinnie Pasquantino,KC,CLE,2026-09-25T23:40:00Z,Scheduled,6,Gavin Williams,668909,R,55.5,Longshot,Watch List,"Projected Lineup, Platoon Edge, Hot Hitter/Streak",42.0,54.4,47.2,71.7,80.0,88.9,50.0,,No,No,6,Yes,Yes,RotoWire projected lineup; MLB probable pitchers,lineup projected / unconfirmed,H:2026/2025 P:2026/2025,,,Direct BvP not yet weighted; 2026/2025 Statcast baseline active,7,9,26,3,Hot streak: 3 HR in last 7 games,"platoon edge; pitcher baseline 10.7% barrel, 25.8 HR allowed",neutral batted-ball profile; pitcher fly-ball pressure modest,9.61,42.6,90.34,100.278,0.4399,0.1847,0.334,71.17,15.31,44.54,30.33,20.1,0.1816,10.68,45.84,90.19,0.3973,0.1747,25.79,75 deg,Open-Meteo forecast; MLB fallback,https://forecast.weather.gov/MapClick.php?lat=39.0517&lon=-94.4803,63,1,71,Kauffman Stadium,,,,,,,,,,,
41,687952,Christian Encarnacion-Strand,BAL,NYY,2026-09-25T20:10:00Z,Scheduled,5,,,,55.3,Longshot,Watch List,"Projected Lineup, Strong Barrel",49.8,41.2,58.2,81.9,60.0,68.7,50.0,,No,No,5,Yes,Yes,RotoWire projected lineup; MLB probable pitchers,lineup projected / unconfirmed,H:2026/2025 P:,,,Direct BvP not yet weighted; 2026/2025 Statcast baseline active,7,7,21,2,Hot streak: 2 HR in last 7 games,"handedness incomplete; pitcher baseline 0.0% barrel, 0.0 HR allowed",neutral batted-ball profile; pitcher fly-ball pressure modest,12.78,39.87,89.3,100.8903,0.4659,0.229,0.3175,73.53,35.01,45.81,31.68,9.5,0.2166,,,,,,,12 deg,Open-Meteo forecast; MLB fallback,https://forecast.weather.gov/MapClick.php?lat=40.8296&lon=-73.9262,44,0,63,Yankee Stadium,,,,,,,,,,,
42,701398,Sal Stewart,CIN,TOR,2026-09-25T23:07:00Z,Scheduled,3,,,,55.3,Longshot,Watch List,"Projected Lineup, Strong Barrel, Premium Lineup Spot",59.6,41.2,40.4,92.1,60.0,29.2,50.0,,No,No,3,Yes,Yes,RotoWire projected lineup; MLB probable pitchers,lineup projected / unconfirmed,H:2026/2025 P:,,,Direct BvP not yet weighted; 2026/2025 Statcast baseline active,7,5,26,1,"Last 7 games: 5/26, 1 HR","handedness incomplete; pitcher baseline 0.0% barrel, 0.0 HR allowed",neutral batted-ball profile; pitcher fly-ball pressure modest,14.12,44.94,91.97,101.6571,0.5194,0.2505,0.3625,72.1,26.44,38.22,31.74,23.9,0.2263,,,,,,,43 deg,Open-Meteo forecast; MLB fallback,https://forecast.weather.gov/MapClick.php?lat=43.6414&lon=-79.3894,68,0,57,Rogers Centre,,,,,,,,,,,
43,694192,Jackson Chourio,MIL,STL,2026-09-25T23:40:00Z,Scheduled,2,Michael McGreevy,700241,R,55.3,Longshot,Watch List,"Projected Lineup, Strong Barrel, Premium Lineup Spot",50.3,52.2,38.1,95.5,50.0,49.9,50.0,,No,No,2,Yes,Yes,RotoWire projected lineup; MLB probable pitchers,lineup projected / unconfirmed,H:2026/2025 P:2026/2025,,,Direct BvP not yet weighted; 2026/2025 Statcast baseline active,7,5,24,2,Hot streak: 2 HR in last 7 games,"same-side matchup; pitcher baseline 9.2% barrel, 18.3 HR allowed",neutral batted-ball profile; pitcher fly-ball pressure modest,11.59,45.66,90.98,101.9365,0.4582,0.2014,0.3308,74.25,44.52,31.57,29.41,23.8,0.1965,9.15,40.73,90.01,0.4689,0.19,26.76,23 deg,Open-Meteo forecast; MLB fallback,https://forecast.weather.gov/MapClick.php?lat=43.0280&lon=-87.9712,82,0,60,American Family Field,,,,,,,,,,,
44,665742,Juan Soto,NYM,WSH,2026-09-25T22:45:00Z,Scheduled,2,Andrew Alvarez,674841,L,55.2,Longshot,Watch List,"Projected Lineup, Strong Barrel, Premium Lineup Spot",69.8,20.8,40.7,95.5,50.0,64.8,50.0,,No,No,2,Yes,Yes,RotoWire projected lineup; MLB probable pitchers,lineup projected / unconfirmed,H:2026/2025 P:2026/2025,,,Direct BvP not yet weighted; 2026/2025 Statcast baseline active,7,8,26,2,Hot streak: 2 HR in last 7 games,"same-side matchup; pitcher baseline 4.8% barrel, 3.8 HR allowed",lift-pull EV profile; pitcher fly-ball pressure modest,15.19,50.19,92.96,103.0982,0.5828,0.2916,0.4157,72.83,32.33,39.67,31.07,31.8,0.2522,4.75,38.98,88.83,0.3388,0.106,18.32,79 deg,Open-Meteo forecast; MLB fallback,https://forecast.weather.gov/MapClick.php?lat=38.8730&lon=-77.0074,66,0,60,Nationals Park,,,,,,,,,,,
45,696100,Hunter Goodman,COL,CWS,2026-09-25T23:40:00Z,Scheduled,3,Sean Burke,680732,R,55.0,Longshot,Watch List,"Projected Lineup, Strong Barrel, Premium Lineup Spot",54.6,46.7,41.0,92.1,50.0,44.8,50.0,,No,No,3,Yes,Yes,RotoWire projected lineup; MLB probable pitchers,lineup projected / unconfirmed,H:2026/2025 P:2026/2025,,,Direct BvP not yet weighted; 2026/2025 Statcast baseline active,7,8,27,1,"Last 7 games: 8/27, 1 HR","same-side matchup; pitcher baseline 8.8% barrel, 19.5 HR allowed",neutral batted-ball profile; pitcher allows elevated contact,13.88,45.15,89.96,102.3325,0.4546,0.2224,0.3206,74.79,47.27,47.93,32.62,36.6,0.2665,8.82,40.11,89.6,0.3996,0.1641,30.98,76 deg,Open-Meteo forecast; MLB fallback,https://forecast.weather.gov/MapClick.php?lat=41.8300&lon=-87.6338,85,0,62,Rate Field,,,,,,,,,,,
46,663728,Cal Raleigh,SEA,LAA,2026-09-26T02:10:00Z,Scheduled,4,Reid Detmers,672282,L,54.9,Longshot,Watch List,"Projected Lineup, Strong Barrel, Premium Lineup Spot, Platoon Edge",60.2,36.9,37.9,90.4,75.0,26.4,50.0,,No,No,4,Yes,Yes,RotoWire projected lineup; MLB probable pitchers,lineup projected / unconfirmed,H:2026/2025 P:2026/2025,,,Direct BvP not yet weighted; 2026/2025 Statcast baseline active,7,4,23,1,"Last 7 games: 4/23, 1 HR","switch hitter; pitcher baseline 7.8% barrel, 15.1 HR allowed",fly-ball profile; pitcher fly-ball pressure modest,15.93,42.6,90.46,101.2827,0.4413,0.2397,0.3297,75.06,52.46,53.31,42.85,34.1,0.2356,7.78,39.37,89.89,0.3609,0.139,27.78,360 deg,Open-Meteo forecast; MLB fallback,https://forecast.weather.gov/MapClick.php?lat=47.5914&lon=-122.3325,82,7,58,T-Mobile Park,,,,,,,,,,,
47,671739,Michael Harris,ATL,NYM,2026-09-25T23:10:00Z,Scheduled,4,Eury Pérez,691587,R,54.8,Longshot,Watch List,"Projected Lineup, Premium Lineup Spot, Platoon Edge",45.0,48.9,43.0,90.4,80.0,48.5,41.5,68.0,No,No,4,Yes,Yes,RotoWire projected lineup; MLB probable pitchers,lineup projected / unconfirmed,H:2026/2025 P:2026/2025,,,Direct BvP not yet weighted; 2026/2025 Statcast baseline active,7,9,28,1,Contact streak: 9/28 over last 7 games,"platoon edge; pitcher baseline 10.1% barrel, 17.6 HR allowed",neutral batted-ball profile; pitcher allows elevated contact,9.87,46.34,90.41,103.062,0.4653,0.1816,0.3339,74.72,47.05,35.87,22.56,24.2,0.1845,10.05,41.6,89.1,0.3842,0.17,30.94,61 deg,Open-Meteo forecast; MLB fallback,https://forecast.weather.gov/MapClick.php?lat=25.7781&lon=-80.2197,80,11,82,loanDepot park,,14.3,0.294,91,5,68,0,3,3.3,6,Good LHH sheet line; mild park
48,701538,Jackson Merrill,SD,AZ,2026-09-26T01:40:00Z,Scheduled,5,Brandon Pfaadt,694297,R,54.8,Longshot,Watch List,"Projected Lineup, Strong Barrel, Platoon Edge",54.6,43.0,44.6,81.9,80.0,27.1,50.0,,No,No,5,Yes,Yes,RotoWire projected lineup; MLB probable pitchers,lineup projected / unconfirmed,H:2026/2025 P:2026/2025,,,Direct BvP not yet weighted; 2026/2025 Statcast baseline active,7,5,28,1,"Last 7 games: 5/28, 1 HR","platoon edge; pitcher baseline 8.4% barrel, 17.6 HR allowed",neutral batted-ball profile; pitcher fly-ball pressure modest,12.65,47.1,91.03,101.2413,0.4914,0.2242,0.347,72.95,28.17,37.84,30.06,23.0,0.1895,8.45,38.24,89.26,0.4233,0.1645,23.48,304 deg,Open-Meteo forecast; MLB fallback,https://forecast.weather.gov/MapClick.php?lat=32.7073&lon=-117.1573,75,0,75,Petco Park,,,,,,,,,,,
49,521692,Salvador Perez,KC,CLE,2026-09-25T23:40:00Z,Scheduled,4,Gavin Williams,668909,R,54.7,Longshot,Watch List,"Projected Lineup, Strong Barrel, Premium Lineup Spot",47.4,54.4,47.2,90.4,50.0,34.4,50.0,,No,No,4,Yes,Yes,RotoWire projected lineup; MLB probable pitchers,lineup projected / unconfirmed,H:2026/2025 P:2026/2025,,,Direct BvP not yet weighted; 2026/2025 Statcast baseline active,7,5,22,1,"Last 7 games: 5/22, 1 HR","same-side matchup; pitcher baseline 10.7% barrel, 25.8 HR allowed",neutral batted-ball profile; pitcher fly-ball pressure modest,11.65,44.04,89.37,100.8909,0.4633,0.2086,0.3262,71.99,22.35,41.63,30.78,23.0,0.168,10.68,45.84,90.19,0.3973,0.1747,25.79,75 deg,Open-Meteo forecast; MLB fallback,https://forecast.weather.gov/MapClick.php?lat=39.0517&lon=-94.4803,63,1,71,Kauffman Stadium,,,,,,,,,,,
50,691723,Coby Mayo,BAL,NYY,2026-09-25T20:10:00Z,Scheduled,4,,,,54.6,Longshot,Watch List,"Projected Lineup, Strong Barrel, Premium Lineup Spot",52.9,41.2,58.2,90.4,60.0,13.3,50.0,,No,No,4,Yes,Yes,RotoWire projected lineup; MLB probable pitchers,lineup projected / unconfirmed,H:2026/2025 P:,,,Direct BvP not yet weighted; 2026/2025 Statcast baseline active,7,5,24,0,"Last 7 games: 5/24, 0 HR","handedness incomplete; pitcher baseline 0.0% barrel, 0.0 HR allowed",neutral batted-ball profile; pitcher fly-ball pressure modest,12.62,44.12,90.1,102.4299,0.447,0.2216,0.3227,75.4,55.51,49.34,34.32,20.1,0.2179,,,,,,,12 deg,Open-Meteo forecast; MLB fallback,https://forecast.weather.gov/MapClick.php?lat=40.8296&lon=-73.9262,44,0,63,Yankee Stadium,,,,,,,,,,,
51,607043,Brandon Nimmo,TEX,MIN,2026-09-26T00:10:00Z,Scheduled,4,Joe Ryan,657746,R,54.4,Longshot,Watch List,"Projected Lineup, Premium Lineup Spot, Platoon Edge",45.3,52.0,44.6,90.4,80.0,12.0,50.0,,No,No,4,Yes,Yes,RotoWire projected lineup; MLB probable pitchers,lineup projected / unconfirmed,H:2026/2025 P:2026/2025,,,Direct BvP not yet weighted; 2026/2025 Statcast baseline active,7,5,25,0,"Last 7 games: 5/25, 0 HR","platoon edge; pitcher baseline 10.5% barrel, 22.5 HR allowed",neutral batted-ball profile; pitcher allows elevated contact,9.01,50.27,91.97,102.0213,0.4379,0.174,0.3357,72.34,27.67,33.66,25.77,17.3,0.1537,10.52,40.99,89.64,0.3977,0.174,30.45,138 deg,Open-Meteo forecast; MLB fallback,https://forecast.weather.gov/MapClick.php?lat=44.9817&lon=-93.2776,86,34,62,Target Field,,,,,,,,,,,
52,691181,Emmanuel Rodriguez,MIN,TEX,2026-09-26T00:10:00Z,Scheduled,8,Jacob deGrom,594798,R,54.4,Longshot,Watch List,"Projected Lineup, Strong Barrel, Platoon Edge",67.7,46.0,44.6,47.9,80.0,20.8,50.0,,No,No,8,Yes,Yes,RotoWire projected lineup; MLB probable pitchers,lineup projected / unconfirmed,H:2026 P:2026/2025,,,Direct BvP not yet weighted; 2026/2025 Statcast baseline active,7,3,22,1,"Last 7 games: 3/22, 1 HR","platoon edge; pitcher baseline 8.3% barrel, 21.8 HR allowed",neutral batted-ball profile; pitcher fly-ball pressure modest,18.5,44.4,90.1,101.6712,0.531,0.28,0.355,75.8,66.7,44.4,29.6,2.0,0.244,8.32,44.0,90.31,0.3763,0.1518,28.83,138 deg,Open-Meteo forecast; MLB fallback,https://forecast.weather.gov/MapClick.php?lat=44.9817&lon=-93.2776,86,34,62,Target Field,,,,,,,,,,,
53,665052,Griffin Conine,MIA,ATL,2026-09-25T23:10:00Z,Scheduled,4,,,,54.2,Longshot,Watch List,"Projected Lineup, Strong Barrel, Premium Lineup Spot",55.6,41.2,43.0,90.4,60.0,30.3,50.0,,No,No,4,Yes,Yes,RotoWire projected lineup; MLB probable pitchers,lineup projected / unconfirmed,H:2026/2025 P:,,,Direct BvP not yet weighted; 2026/2025 Statcast baseline active,7,5,25,1,"Last 7 games: 5/25, 1 HR","handedness incomplete; pitcher baseline 0.0% barrel, 0.0 HR allowed",neutral batted-ball profile; pitcher fly-ball pressure modest,14.94,48.24,90.9,102.9617,0.4537,0.2089,0.3391,74.19,43.13,40.64,24.39,12.5,0.2014,,,,,,,61 deg,Open-Meteo forecast; MLB fallback,https://forecast.weather.gov/MapClick.php?lat=25.7781&lon=-80.2197,80,11,82,loanDepot park,,,,,,,,,,,
54,666176,Jo Adell,CLE,KC,2026-09-25T23:40:00Z,Scheduled,4,Noah Cameron,702070,L,54.1,Longshot,Watch List,"Projected Lineup, Strong Barrel, Premium Lineup Spot, Platoon Edge",52.2,39.7,47.2,90.4,78.0,15.3,50.0,,No,No,4,Yes,Yes,RotoWire projected lineup; MLB probable pitchers,lineup projected / unconfirmed,H:2026/2025 P:2026/2025,,,Direct BvP not yet weighted; 2026/2025 Statcast baseline active,7,6,27,0,"Last 7 games: 6/27, 0 HR","platoon edge; pitcher baseline 7.6% barrel, 18.7 HR allowed",neutral batted-ball profile; pitcher fly-ball pressure modest,11.28,45.94,90.65,102.9198,0.4692,0.2134,0.3356,77.46,72.39,39.89,27.21,26.5,0.1846,7.63,37.61,88.53,0.4054,0.1604,27.36,75 deg,Open-Meteo forecast; MLB fallback,https://forecast.weather.gov/MapClick.php?lat=39.0517&lon=-94.4803,63,1,71,Kauffman Stadium,,,,,,,,,,,
55,691406,Junior Caminero,TB,ATH,2026-09-25T22:40:00Z,Scheduled,3,Cristopher Sánchez,650911,L,53.9,Longshot,Watch List,"Projected Lineup, Strong Barrel, Premium Lineup Spot, Platoon Edge",61.0,33.2,47.8,92.1,78.0,16.6,14.4,48.0,No,No,3,Yes,Yes,RotoWire projected lineup; MLB probable pitchers,lineup projected / unconfirmed,H:2026/2025 P:2026/2025,,,Direct BvP not yet weighted; 2026/2025 Statcast baseline active,7,6,26,0,"Last 7 games: 6/26, 0 HR","platoon edge; pitcher baseline 6.8% barrel, 16.2 HR allowed",EV profile; pitcher fly-ball pressure modest,13.16,50.07,92.54,104.9125,0.494,0.2278,0.3565,79.2,83.78,44.96,23.21,42.2,0.2542,6.82,41.2,89.28,0.359,0.1256,16.83,18 deg,Open-Meteo forecast; MLB fallback,https://forecast.weather.gov/MapClick.php?lat=39.9061&lon=-75.1665,52,0,62,Citizens Bank Park,,0,0,0,0,0,0,37,0,0,Ballpark Pal top hitter 27.9%; best park/weather on slate
56,804668,Rafael Flores,PIT,DET,2026-09-25T22:40:00Z,Scheduled,7,Jackson Jobe,695549,R,53.8,Longshot,Watch List,"Projected Lineup, Strong Barrel, Hot Hitter/Streak",63.9,42.9,39.1,59.8,50.0,74.9,50.0,,No,No,7,Yes,Yes,RotoWire projected lineup; MLB probable pitchers,lineup projected / unconfirmed,H:2026/2025 P:2026/2025,,,Direct BvP not yet weighted; 2026/2025 Statcast baseline active,7,9,24,2,Hot streak: 2 HR in last 7 games,"same-side matchup; pitcher baseline 9.6% barrel, 7.0 HR allowed",lift-pull EV profile; pitcher fly-ball pressure modest,13.83,51.93,92.14,102.3807,0.5028,0.25,0.3561,73.75,38.48,40.68,37.22,7.0,0.2205,9.61,37.56,88.54,0.4065,0.1722,28.56,61 deg,Open-Meteo forecast; MLB fallback,https://forecast.weather.gov/MapClick.php?lat=42.3390&lon=-83.0485,57,0,58,Comerica Park,,,,,,,,,,,
57,682674,Victor Bericoto,SF,LAD,2026-09-26T02:15:00Z,Scheduled,3,Tarik Skubal,669373,L,53.8,Longshot,Watch List,"Projected Lineup, Strong Barrel, Premium Lineup Spot, Platoon Edge",56.6,27.7,49.3,92.1,78.0,26.4,50.0,,No,No,3,Yes,Yes,RotoWire projected lineup; MLB probable pitchers,lineup projected / unconfirmed,H:2026 P:2026/2025,,,Direct BvP not yet weighted; 2026/2025 Statcast baseline active,7,4,23,1,"Last 7 games: 4/23, 1 HR","platoon edge; pitcher baseline 7.3% barrel, 15.2 HR allowed",neutral batted-ball profile; pitcher fly-ball pressure modest,13.5,51.4,90.9,100.9708,0.455,0.225,0.3,74.6,49.8,32.4,25.7,5.0,0.184,7.26,34.75,86.87,0.3447,0.1212,25.27,283 deg,Open-Meteo forecast; MLB fallback,https://forecast.weather.gov/MapClick.php?lat=37.7786&lon=-122.3893,47,0,71,Oracle Park,,,,,,,,,,,
58,669003,Garrett Mitchell,MIL,STL,2026-09-25T23:40:00Z,Scheduled,1,Michael McGreevy,700241,R,53.5,Longshot,Watch List,"Projected Lineup, Strong Barrel, Premium Lineup Spot, Platoon Edge",46.8,52.2,38.1,88.7,80.0,6.0,50.0,,No,No,1,Yes,Yes,RotoWire projected lineup; MLB probable pitchers,lineup projected / unconfirmed,H:2026/2025 P:2026/2025,,,Direct BvP not yet weighted; 2026/2025 Statcast baseline active,7,4,25,0,"Last 7 games: 4/25, 0 HR","platoon edge; pitcher baseline 9.2% barrel, 18.3 HR allowed",EV profile; pitcher fly-ball pressure modest,10.2,49.34,92.29,103.8265,0.4131,0.1589,0.3321,77.15,77.44,33.16,16.85,7.7,0.1356,9.15,40.73,90.01,0.4689,0.19,26.76,23 deg,Open-Meteo forecast; MLB fallback,https://forecast.weather.gov/MapClick.php?lat=43.0280&lon=-87.9712,82,0,60,American Family Field,,,,,,,,,,,
59,518692,Freddie Freeman,LAD,SF,2026-09-26T02:15:00Z,Scheduled,3,Yunior Marte,805074,R,53.5,Longshot,Watch List,"Projected Lineup, Premium Lineup Spot, Platoon Edge",39.4,49.5,49.3,92.1,80.0,23.4,50.0,,No,No,3,Yes,Yes,RotoWire projected lineup; MLB probable pitchers,lineup projected / unconfirmed,H:2026/2025 P:2026,,,Direct BvP not yet weighted; 2026/2025 Statcast baseline active,7,8,29,0,"Last 7 games: 8/29, 0 HR","platoon edge; pitcher baseline 11.1% barrel, 3.0 HR allowed",neutral batted-ball profile; pitcher fly-ball pressure modest,8.86,42.62,89.85,100.1503,0.4663,0.1818,0.3605,70.01,7.77,36.33,26.79,18.4,0.1622,11.1,41.3,88.4,0.435,0.184,28.6,283 deg,Open-Meteo forecast; MLB fallback,https://forecast.weather.gov/MapClick.php?lat=37.7786&lon=-122.3893,47,0,71,Oracle Park,,,,,,,,,,,
60,673962,Josh Jung,TEX,MIN,2026-09-26T00:10:00Z,Scheduled,3,Joe Ryan,657746,R,53.4,Longshot,Watch List,"Projected Lineup, Premium Lineup Spot, Hot Hitter/Streak",37.5,52.0,44.6,92.1,50.0,83.2,50.0,,No,No,3,Yes,Yes,RotoWire projected lineup; MLB probable pitchers,lineup projected / unconfirmed,H:2026/2025 P:2026/2025,,,Direct BvP not yet weighted; 2026/2025 Statcast baseline active,7,8,26,3,Hot streak: 3 HR in last 7 games,"same-side matchup; pitcher baseline 10.5% barrel, 22.5 HR allowed",neutral batted-ball profile; pitcher allows elevated contact,7.53,48.45,90.28,100.3728,0.4322,0.1599,0.3341,70.41,7.41,38.04,23.64,12.6,0.1558,10.52,40.99,89.64,0.3977,0.174,30.45,138 deg,Open-Meteo forecast; MLB fallback,https://forecast.weather.gov/MapClick.php?lat=44.9817&lon=-93.2776,86,34,62,Target Field,,,,,,,,,,,
61,681715,Heriberto Hernandez,MIA,ATL,2026-09-25T23:10:00Z,Scheduled,2,,,,53.3,Longshot,Watch List,"Projected Lineup, Strong Barrel, Premium Lineup Spot",52.2,41.2,43.0,95.5,60.0,19.5,50.0,,No,No,2,Yes,Yes,RotoWire projected lineup; MLB probable pitchers,lineup projected / unconfirmed,H:2026/2025 P:,,,Direct BvP not yet weighted; 2026/2025 Statcast baseline active,7,7,28,0,"Last 7 games: 7/28, 0 HR","handedness incomplete; pitcher baseline 0.0% barrel, 0.0 HR allowed",neutral batted-ball profile; pitcher fly-ball pressure modest,12.05,46.66,90.9,101.6342,0.4541,0.2138,0.3401,74.0,43.85,46.26,30.62,19.8,0.1958,,,,,,,61 deg,Open-Meteo forecast; MLB fallback,https://forecast.weather.gov/MapClick.php?lat=25.7781&lon=-80.2197,80,11,82,loanDepot park,,,,,,,,,,,
62,676369,Nelson Velazquez,HOU,ATH,2026-09-26T01:40:00Z,Scheduled,9,Jacob Lopez,682052,L,53.3,Longshot,Watch List,"Projected Lineup, Strong Barrel, Platoon Edge",71.8,28.6,62.4,40.2,78.0,27.6,50.0,,No,No,9,Yes,Yes,RotoWire projected lineup; MLB probable pitchers,lineup projected / unconfirmed,H:2026 P:2026/2025,,,Direct BvP not yet weighted; 2026/2025 Statcast baseline active,7,2,11,1,"Last 7 games: 2/11, 1 HR","platoon edge; pitcher baseline 6.6% barrel, 19.9 HR allowed",lift-pull EV profile; pitcher allows elevated contact,14.1,62.5,94.9,103.292,0.489,0.255,0.338,74.7,52.8,43.8,37.5,6.0,0.22,6.6,32.36,85.22,0.3599,0.145,34.72,232 deg,Open-Meteo forecast; MLB fallback,https://forecast.weather.gov/MapClick.php?lat=38.5804&lon=-121.5139,24,0,92,Sutter Health Park,,,,,,,,,,,
63,547180,Bryce Harper,PHI,STL,2026-09-25T22:40:00Z,Scheduled,3,Freddy Peralta,642547,R,53.2,Longshot,Watch List,"Projected Lineup, Strong Barrel, Premium Lineup Spot, Platoon Edge",49.2,33.9,47.8,92.1,80.0,20.9,62.9,83.0,No,No,3,Yes,Yes,RotoWire projected lineup; MLB probable pitchers,lineup projected / unconfirmed,H:2026/2025 P:2026/2025,,,Direct BvP not yet weighted; 2026/2025 Statcast baseline active,7,7,27,0,"Last 7 games: 7/27, 0 HR","platoon edge; pitcher baseline 6.9% barrel, 22.4 HR allowed",neutral batted-ball profile; pitcher fly-ball pressure modest,10.9,44.49,90.39,101.6626,0.4843,0.2149,0.3764,74.1,45.15,38.4,26.89,27.7,0.219,6.92,36.6,87.65,0.3694,0.1438,28.62,18 deg,Open-Meteo forecast; MLB fallback,https://forecast.weather.gov/MapClick.php?lat=39.9061&lon=-75.1665,52,0,62,Citizens Bank Park,,16.5,0.424,93,13,118,0,6,4.88,2,Elite hitter/sheet power; pitcher split less targetable
64,605137,Josh Bell,MIN,TEX,2026-09-26T00:10:00Z,Scheduled,4,Jacob deGrom,594798,R,52.6,Longshot,Watch List,"Projected Lineup, Strong Barrel, Premium Lineup Spot, Platoon Edge",44.4,44.1,44.6,90.4,75.0,25.5,50.0,,No,No,4,Yes,Yes,RotoWire projected lineup; MLB probable pitchers,lineup projected / unconfirmed,H:2026/2025 P:2026/2025,,,Direct BvP not yet weighted; 2026/2025 Statcast baseline active,7,9,31,0,"Last 7 games: 9/31, 0 HR","switch hitter; pitcher baseline 8.3% barrel, 21.8 HR allowed",neutral batted-ball profile; pitcher fly-ball pressure modest,10.28,43.57,89.98,101.0051,0.4556,0.1996,0.3408,72.26,28.36,40.8,26.92,20.6,0.1667,8.32,44.0,90.31,0.3763,0.1518,28.83,138 deg,Open-Meteo forecast; MLB fallback,https://forecast.weather.gov/MapClick.php?lat=44.9817&lon=-93.2776,86,34,62,Target Field,,,,,,,,,,,
65,672960,Kazuma Okamoto,TOR,BOS,2026-09-25T23:07:00Z,Scheduled,5,Nick Lodolo,666157,L,52.4,Longshot,Watch List,"Projected Lineup, Strong Barrel, Platoon Edge",52.7,50.8,40.4,81.9,78.0,5.1,15.2,52.0,No,No,5,Yes,Yes,RotoWire projected lineup; MLB probable pitchers,lineup projected / unconfirmed,H:2026 P:2026/2025,,,Direct BvP not yet weighted; 2026/2025 Statcast baseline active,7,4,26,0,"Last 7 games: 4/26, 0 HR","platoon edge; pitcher baseline 9.1% barrel, 20.6 HR allowed",neutral batted-ball profile; pitcher fly-ball pressure modest,13.1,44.1,90.6,101.2527,0.444,0.221,0.326,73.0,33.4,50.9,34.2,33.0,0.22,9.11,40.78,89.64,0.4569,0.1837,26.33,43 deg,Open-Meteo forecast; MLB fallback,https://forecast.weather.gov/MapClick.php?lat=43.6414&lon=-79.3894,68,0,57,Rogers Centre,,0,0,0,0,0,36.4,22,3.16,4,PA note only; park helps but no full sheet line
66,605141,Mookie Betts,LAD,SF,2026-09-26T02:15:00Z,Scheduled,2,Yunior Marte,805074,R,52.4,Longshot,Watch List,"Projected Lineup, Premium Lineup Spot, Hot Hitter/Streak",32.9,49.5,49.3,95.5,50.0,81.7,50.0,,No,No,2,Yes,Yes,RotoWire projected lineup; MLB probable pitchers,lineup projected / unconfirmed,H:2026/2025 P:2026,,,Direct BvP not yet weighted; 2026/2025 Statcast baseline active,7,14,28,2,Hot streak: 2 HR in last 7 games,"same-side matchup; pitcher baseline 11.1% barrel, 3.0 HR allowed",neutral batted-ball profile; pitcher fly-ball pressure modest,7.04,37.62,90.01,98.5724,0.4325,0.156,0.3377,69.46,8.74,40.94,33.03,21.4,0.1802,11.1,41.3,88.4,0.435,0.184,28.6,283 deg,Open-Meteo forecast; MLB fallback,https://forecast.weather.gov/MapClick.php?lat=37.7786&lon=-122.3893,47,0,71,Oracle Park,,,,,,,,,,,
67,668930,Brice Turang,MIL,STL,2026-09-25T23:40:00Z,Scheduled,3,Michael McGreevy,700241,R,52.3,Longshot,Watch List,"Projected Lineup, Premium Lineup Spot, Platoon Edge",36.0,52.2,38.1,92.1,80.0,40.7,50.0,,No,No,3,Yes,Yes,RotoWire projected lineup; MLB probable pitchers,lineup projected / unconfirmed,H:2026/2025 P:2026/2025,,,Direct BvP not yet weighted; 2026/2025 Statcast baseline active,7,7,26,1,"Last 7 games: 7/26, 1 HR","platoon edge; pitcher baseline 9.2% barrel, 18.3 HR allowed",neutral batted-ball profile; pitcher fly-ball pressure modest,7.72,43.2,90.4,100.3775,0.4255,0.1691,0.3406,70.25,13.41,28.0,23.43,19.4,0.168,9.15,40.73,90.01,0.4689,0.19,26.76,23 deg,Open-Meteo forecast; MLB fallback,https://forecast.weather.gov/MapClick.php?lat=43.0280&lon=-87.9712,82,0,60,American Family Field,,,,,,,,,,,
68,673548,Seiya Suzuki,CHC,BOS,2026-09-25T21:35:00Z,Scheduled,2,Brayan Bello,678394,R,52.2,Longshot,Watch List,"Projected Lineup, Strong Barrel, Premium Lineup Spot",48.0,39.0,37.7,95.5,50.0,63.7,50.0,,No,No,2,Yes,Yes,RotoWire projected lineup; MLB probable pitchers,lineup projected / unconfirmed,H:2026/2025 P:2026/2025,,,Direct BvP not yet weighted; 2026/2025 Statcast baseline active,7,9,30,2,Hot streak: 2 HR in last 7 games,"same-side matchup; pitcher baseline 7.5% barrel, 13.2 HR allowed",neutral batted-ball profile; pitcher fly-ball pressure modest,12.54,41.98,89.41,101.0422,0.4492,0.2022,0.3436,73.3,36.69,40.99,32.18,27.8,0.2141,7.45,39.72,88.87,0.4321,0.1559,22.11,349 deg,Open-Meteo forecast; MLB fallback,https://forecast.weather.gov/MapClick.php?lat=42.3467&lon=-71.0972,59,0,53,Fenway Park,,,,,,,,,,,
69,665966,Carlos Narvaez,BAL,NYY,2026-09-25T20:05:00Z,Pre-Game,9,Brendan Beck,694341,R,52.2,Longshot,Watch List,"Projected Lineup, Pitcher Vulnerable",30.0,94.6,58.2,40.2,50.0,16.6,50.0,,No,No,9,Yes,Yes,RotoWire projected lineup; MLB probable pitchers,lineup projected / unconfirmed,H:2026/2025 P:2026,,,Direct BvP not yet weighted; 2026/2025 Statcast baseline active,7,3,13,0,"Last 7 games: 3/13, 0 HR","same-side matchup; pitcher baseline 25.0% barrel, 4.0 HR allowed",neutral batted-ball profile; pitcher allows elevated contact,7.0,39.0,90.89,99.9614,0.3243,0.1256,0.2685,72.09,19.95,32.93,29.75,6.6,0.0996,25.0,62.5,95.2,0.641,0.349,50.0,L To R,Open-Meteo forecast; MLB fallback,https://forecast.weather.gov/MapClick.php?lat=40.8296&lon=-73.9262,44,0,63,Yankee Stadium,,,,,,,,,,,
70,668804,Bryan Reynolds,PIT,DET,2026-09-25T22:40:00Z,Scheduled,3,Jackson Jobe,695549,R,52.1,Longshot,Watch List,"Projected Lineup, Strong Barrel, Premium Lineup Spot, Platoon Edge",47.4,42.2,39.1,92.1,75.0,16.1,50.0,,No,No,3,Yes,Yes,RotoWire projected lineup; MLB probable pitchers,lineup projected / unconfirmed,H:2026/2025 P:2026/2025,,,Direct BvP not yet weighted; 2026/2025 Statcast baseline active,7,5,22,0,"Last 7 games: 5/22, 0 HR","switch hitter; pitcher baseline 9.6% barrel, 7.0 HR allowed",neutral batted-ball profile; pitcher fly-ball pressure modest,11.01,47.4,90.92,101.8638,0.4456,0.1904,0.3492,72.62,27.88,39.17,26.02,16.7,0.1598,9.61,37.56,88.54,0.4065,0.1722,28.56,61 deg,Open-Meteo forecast; MLB fallback,https://forecast.weather.gov/MapClick.php?lat=42.3390&lon=-83.0485,57,0,58,Comerica Park,,,,,,,,,,,
71,686527,Dominic Canzone,SEA,LAA,2026-09-26T02:10:00Z,Scheduled,3,Reid Detmers,672282,L,52.1,Longshot,Watch List,"Projected Lineup, Strong Barrel, Premium Lineup Spot",54.8,38.5,37.9,92.1,50.0,30.0,50.0,,No,No,3,Yes,Yes,RotoWire projected lineup; MLB probable pitchers,lineup projected / unconfirmed,H:2026/2025 P:2026/2025,,,Direct BvP not yet weighted; 2026/2025 Statcast baseline active,7,8,25,0,Contact streak: 8/25 over last 7 games,"same-side matchup; pitcher baseline 7.8% barrel, 15.1 HR allowed",neutral batted-ball profile; pitcher fly-ball pressure modest,12.75,46.13,91.46,102.4859,0.498,0.2234,0.3599,73.94,41.5,39.06,26.37,18.7,0.2062,7.78,39.37,89.89,0.3609,0.139,27.78,360 deg,Open-Meteo forecast; MLB fallback,https://forecast.weather.gov/MapClick.php?lat=47.5914&lon=-122.3325,82,7,58,T-Mobile Park,,,,,,,,,,,
72,663586,Austin Riley,ATL,NYM,2026-09-25T23:10:00Z,Scheduled,6,Eury Pérez,691587,R,51.9,Longshot,Watch List,"Projected Lineup, Strong Barrel",53.7,48.9,43.0,71.7,50.0,54.7,23.0,50.0,No,No,6,Yes,Yes,RotoWire projected lineup; MLB probable pitchers,lineup projected / unconfirmed,H:2026/2025 P:2026/2025,,,Direct BvP not yet weighted; 2026/2025 Statcast baseline active,7,6,25,2,Hot streak: 2 HR in last 7 games,"same-side matchup; pitcher baseline 10.1% barrel, 17.6 HR allowed",neutral batted-ball profile; pitcher allows elevated contact,13.38,45.93,91.6,102.7057,0.423,0.1977,0.3104,75.83,59.5,40.22,30.8,18.1,0.154,10.05,41.6,89.1,0.3842,0.17,30.94,61 deg,Open-Meteo forecast; MLB fallback,https://forecast.weather.gov/MapClick.php?lat=25.7781&lon=-80.2197,80,11,82,loanDepot park,,11.8,0.107,91,4,131,0,3,4.17,1,Volume but weak ISO
73,691023,Jordan Walker,STL,PHI,2026-09-25T23:40:00Z,Scheduled,3,Robert Gasser,688107,L,51.9,Longshot,Watch List,"Projected Lineup, Strong Barrel, Premium Lineup Spot, Platoon Edge",54.9,38.3,38.1,92.1,78.0,0.0,32.9,55.0,No,No,3,Yes,Yes,RotoWire projected lineup; MLB probable pitchers,lineup projected / unconfirmed,H:2026/2025 P:2026/2025,,,Direct BvP not yet weighted; 2026/2025 Statcast baseline active,7,2,25,0,"Last 7 games: 2/25, 0 HR","platoon edge; pitcher baseline 8.6% barrel, 10.1 HR allowed",EV profile; pitcher fly-ball pressure modest,12.51,49.79,92.51,104.6808,0.4316,0.1851,0.3214,78.87,83.05,37.89,23.56,21.4,0.1645,8.58,36.7,88.27,0.3988,0.1614,25.7,23 deg,Open-Meteo forecast; MLB fallback,https://forecast.weather.gov/MapClick.php?lat=43.0280&lon=-87.9712,82,0,60,American Family Field,,10.9,0.144,91,9,264,0,6,7.62,6,Volume support but ISO modest
74,699024,Leo Bernal,STL,MIL,2026-09-25T23:40:00Z,Scheduled,6,Robert Gasser,688107,L,51.8,Longshot,Watch List,"Projected Lineup, Platoon Edge",56.4,37.3,38.1,71.7,75.0,36.5,50.0,,No,No,6,Yes,Yes,RotoWire projected lineup; MLB probable pitchers,lineup projected / unconfirmed,H:2026 P:2026/2025,,,Direct BvP not yet weighted; 2026/2025 Statcast baseline active,7,7,29,1,"Last 7 games: 7/29, 1 HR","switch hitter; pitcher baseline 8.6% barrel, 10.1 HR allowed",lift-pull EV profile; pitcher fly-ball pressure modest,9.5,57.1,92.7,102.0161,0.478,0.208,0.339,73.6,29.9,42.9,36.5,4.0,0.177,8.58,36.7,88.27,0.3988,0.1614,25.7,23 deg,Open-Meteo forecast; MLB fallback,https://forecast.weather.gov/MapClick.php?lat=43.0280&lon=-87.9712,82,0,60,American Family Field,,,,,,,,,,,
75,677594,Julio Rodriguez,SEA,LAA,2026-09-26T02:10:00Z,Scheduled,5,Reid Detmers,672282,L,51.7,Longshot,Watch List,"Projected Lineup, Platoon Edge",45.7,38.5,37.9,81.9,78.0,63.3,50.0,,No,No,5,Yes,Yes,RotoWire projected lineup; MLB probable pitchers,lineup projected / unconfirmed,H:2026/2025 P:2026/2025,,,Direct BvP not yet weighted; 2026/2025 Statcast baseline active,7,12,27,1,Contact streak: 12/27 over last 7 games,"platoon edge; pitcher baseline 7.8% barrel, 15.1 HR allowed",neutral batted-ball profile; pitcher fly-ball pressure modest,9.17,45.41,90.75,102.8196,0.4545,0.1873,0.3391,76.54,66.29,38.21,25.49,25.0,0.172,7.78,39.37,89.89,0.3609,0.139,27.78,360 deg,Open-Meteo forecast; MLB fallback,https://forecast.weather.gov/MapClick.php?lat=47.5914&lon=-122.3325,82,7,58,T-Mobile Park,,,,,,,,,,,
76,683002,Gunnar Henderson,BAL,NYY,2026-09-25T20:10:00Z,Scheduled,3,,,,51.6,Longshot,Watch List,"Projected Lineup, Premium Lineup Spot",37.6,41.2,58.2,92.1,60.0,42.3,50.0,,No,No,3,Yes,Yes,RotoWire projected lineup; MLB probable pitchers,lineup projected / unconfirmed,H:2026/2025 P:,,,Direct BvP not yet weighted; 2026/2025 Statcast baseline active,7,7,25,1,"Last 7 games: 7/25, 1 HR","handedness incomplete; pitcher baseline 0.0% barrel, 0.0 HR allowed",neutral batted-ball profile; pitcher fly-ball pressure modest,7.97,44.93,90.07,101.2189,0.4082,0.1532,0.3277,74.46,45.21,40.87,23.87,21.9,0.1752,,,,,,,12 deg,Open-Meteo forecast; MLB fallback,https://forecast.weather.gov/MapClick.php?lat=40.8296&lon=-73.9262,44,0,63,Yankee Stadium,,,,,,,,,,,
77,668227,Randy Arozarena,SEA,LAA,2026-09-26T02:10:00Z,Scheduled,2,Reid Detmers,672282,L,51.3,Longshot,Watch List,"Projected Lineup, Premium Lineup Spot, Platoon Edge",40.6,38.5,37.9,95.5,78.0,48.1,50.0,,No,No,2,Yes,Yes,RotoWire projected lineup; MLB probable pitchers,lineup projected / unconfirmed,H:2026/2025 P:2026/2025,,,Direct BvP not yet weighted; 2026/2025 Statcast baseline active,7,7,22,1,"Last 7 games: 7/22, 1 HR","platoon edge; pitcher baseline 7.8% barrel, 15.1 HR allowed",neutral batted-ball profile; pitcher fly-ball pressure modest,9.05,45.49,90.95,101.1368,0.4198,0.1711,0.3431,71.32,24.59,34.82,24.94,26.3,0.1964,7.78,39.37,89.89,0.3609,0.139,27.78,360 deg,Open-Meteo forecast; MLB fallback,https://forecast.weather.gov/MapClick.php?lat=47.5914&lon=-122.3325,82,7,58,T-Mobile Park,,,,,,,,,,,
78,592518,Manny Machado,SD,AZ,2026-09-26T01:40:00Z,Scheduled,3,Brandon Pfaadt,694297,R,51.2,Longshot,Watch List,"Projected Lineup, Strong Barrel, Premium Lineup Spot",47.7,43.0,44.6,92.1,50.0,18.3,50.0,,No,No,3,Yes,Yes,RotoWire projected lineup; MLB probable pitchers,lineup projected / unconfirmed,H:2026/2025 P:2026/2025,,,Direct BvP not yet weighted; 2026/2025 Statcast baseline active,7,3,27,1,"Last 7 games: 3/27, 1 HR","same-side matchup; pitcher baseline 8.4% barrel, 17.6 HR allowed",neutral batted-ball profile; pitcher fly-ball pressure modest,10.59,45.76,90.94,101.7913,0.4425,0.1918,0.3365,74.64,44.93,38.68,28.57,28.4,0.1878,8.45,38.24,89.26,0.4233,0.1645,23.48,304 deg,Open-Meteo forecast; MLB fallback,https://forecast.weather.gov/MapClick.php?lat=32.7073&lon=-117.1573,75,0,75,Petco Park,,,,,,,,,,,
79,665750,Leody Taveras,BAL,NYY,2026-09-25T20:05:00Z,Pre-Game,8,Brendan Beck,694341,R,51.1,Longshot,Watch List,"Projected Lineup, Pitcher Vulnerable, Platoon Edge",18.2,94.1,58.2,47.9,75.0,9.3,50.0,,No,No,8,Yes,Yes,RotoWire projected lineup; MLB probable pitchers,lineup projected / unconfirmed,H:2026/2025 P:2026,,,Direct BvP not yet weighted; 2026/2025 Statcast baseline active,7,4,22,0,"Last 7 games: 4/22, 0 HR","switch hitter; pitcher baseline 25.0% barrel, 4.0 HR allowed",neutral batted-ball profile; pitcher allows elevated contact,4.65,33.31,88.15,98.986,0.3138,0.1061,0.2578,72.46,25.51,34.56,25.22,6.5,0.1158,25.0,62.5,95.2,0.641,0.349,50.0,L To R,Open-Meteo forecast; MLB fallback,https://forecast.weather.gov/MapClick.php?lat=40.8296&lon=-73.9262,44,0,63,Yankee Stadium,,,,,,,,,,,
80,665019,Kody Clemens,MIN,BAL,2026-09-26T00:10:00Z,Scheduled,5,Jacob deGrom,594798,R,51.1,Longshot,Watch List,"Projected Lineup, Strong Barrel, Platoon Edge",51.0,46.0,44.6,81.9,80.0,0.0,12.8,42.0,No,No,5,Yes,Yes,RotoWire projected lineup; MLB probable pitchers,lineup projected / unconfirmed,H:2026/2025 P:2026/2025,,,Direct BvP not yet weighted; 2026/2025 Statcast baseline active,7,2,21,0,"Last 7 games: 2/21, 0 HR","platoon edge; pitcher baseline 8.3% barrel, 21.8 HR allowed",neutral batted-ball profile; pitcher fly-ball pressure modest,11.37,46.48,91.78,101.3961,0.4531,0.2055,0.3303,72.06,14.21,46.22,33.32,23.9,0.2203,8.32,44.0,90.31,0.3763,0.1518,28.83,138 deg,Open-Meteo forecast; MLB fallback,https://forecast.weather.gov/MapClick.php?lat=44.9817&lon=-93.2776,86,34,62,Target Field,,9.8,0.161,89,2,62,0,-4,2.56,1,Weak pitcher split; not core
81,642708,Amed Rosario,NYY,BAL,2026-09-25T20:05:00Z,Pre-Game,4,Trevor Rogers,669432,L,51.0,Longshot,Watch List,"Premium Lineup Spot, Platoon Edge",39.6,35.1,58.2,94.9,78.0,9.3,50.0,,Yes,No,5,Yes,Yes,MLB Stats API; RotoWire,RotoWire not confirmed; order MLB 4 vs RotoWire 5,H:2026/2025 P:2026/2025,,,Direct BvP not yet weighted; 2026/2025 Statcast baseline active,7,4,22,0,"Last 7 games: 4/22, 0 HR","platoon edge; pitcher baseline 6.9% barrel, 15.1 HR allowed",neutral batted-ball profile; pitcher fly-ball pressure modest,9.22,41.08,90.43,101.3784,0.4285,0.1692,0.3149,73.8,38.04,38.45,24.07,8.8,0.1677,6.9,39.79,88.58,0.3795,0.1461,24.74,L To R,Open-Meteo forecast; MLB fallback,https://forecast.weather.gov/MapClick.php?lat=40.8296&lon=-73.9262,44,0,63,Yankee Stadium,,,,,,,,,,,
82,676475,Alec Burleson,STL,PHI,2026-09-25T23:40:00Z,Scheduled,4,Robert Gasser,688107,L,51.0,Longshot,Watch List,"Projected Lineup, Strong Barrel, Premium Lineup Spot",51.9,38.3,38.1,90.4,50.0,22.6,58.7,89.0,No,No,4,Yes,Yes,RotoWire projected lineup; MLB probable pitchers,lineup projected / unconfirmed,H:2026/2025 P:2026/2025,,,Direct BvP not yet weighted; 2026/2025 Statcast baseline active,7,4,27,1,"Last 7 games: 4/27, 1 HR","same-side matchup; pitcher baseline 8.6% barrel, 10.1 HR allowed",neutral batted-ball profile; pitcher fly-ball pressure modest,10.55,47.76,91.63,101.9941,0.5011,0.2179,0.3632,73.28,35.05,43.75,26.98,22.2,0.1802,8.58,36.7,88.27,0.3988,0.1614,25.7,23 deg,Open-Meteo forecast; MLB fallback,https://forecast.weather.gov/MapClick.php?lat=43.0280&lon=-87.9712,82,0,60,American Family Field,,18.3,0.244,94,8,123,27.3,6,6.35,9,"Strong LHH sheet, Busch heat/wind, Painter LHH split"
83,502671,Paul Goldschmidt,NYY,BAL,2026-09-25T20:05:00Z,Pre-Game,1,Trevor Rogers,669432,L,50.9,Longshot,Watch List,"Premium Lineup Spot, Platoon Edge",36.3,35.1,58.2,93.2,78.0,32.0,50.0,,Yes,No,1,Yes,Yes,MLB Stats API; RotoWire,RotoWire not confirmed,H:2026/2025 P:2026/2025,,,Direct BvP not yet weighted; 2026/2025 Statcast baseline active,7,5,15,0,Contact streak: 5/15 over last 7 games,"platoon edge; pitcher baseline 6.9% barrel, 15.1 HR allowed",neutral batted-ball profile; pitcher fly-ball pressure modest,9.47,38.45,87.88,99.2838,0.4269,0.1798,0.3178,71.69,16.48,33.74,29.35,15.6,0.1801,6.9,39.79,88.58,0.3795,0.1461,24.74,L To R,Open-Meteo forecast; MLB fallback,https://forecast.weather.gov/MapClick.php?lat=40.8296&lon=-73.9262,44,0,63,Yankee Stadium,,,,,,,,,,,
84,666018,Jonathan Aranda,TB,PHI,2026-09-25T22:40:00Z,Scheduled,2,Cristopher Sánchez,650911,L,50.9,Longshot,Watch List,"Projected Lineup, Strong Barrel, Premium Lineup Spot",49.0,33.2,47.8,95.5,50.0,30.3,50.0,,No,No,2,Yes,Yes,RotoWire projected lineup; MLB probable pitchers,lineup projected / unconfirmed,H:2026/2025 P:2026/2025,,,Direct BvP not yet weighted; 2026/2025 Statcast baseline active,7,5,25,1,"Last 7 games: 5/25, 1 HR","same-side matchup; pitcher baseline 6.8% barrel, 16.2 HR allowed",neutral batted-ball profile; pitcher fly-ball pressure modest,10.87,48.55,91.6,101.213,0.4639,0.1974,0.3554,70.36,13.11,32.99,29.99,19.6,0.1646,6.82,41.2,89.28,0.359,0.1256,16.83,18 deg,Open-Meteo forecast; MLB fallback,https://forecast.weather.gov/MapClick.php?lat=39.9061&lon=-75.1665,52,0,62,Citizens Bank Park,,,,,,,,,,,
85,682928,CJ Abrams,WSH,NYM,2026-09-25T22:45:00Z,Scheduled,4,,,,50.9,Longshot,Watch List,"Projected Lineup, Premium Lineup Spot, Hot Hitter/Streak",39.2,41.2,40.7,90.4,60.0,71.6,50.0,,No,No,4,Yes,Yes,RotoWire projected lineup; MLB probable pitchers,lineup projected / unconfirmed,H:2026/2025 P:,,,Direct BvP not yet weighted; 2026/2025 Statcast baseline active,7,6,26,3,Hot streak: 3 HR in last 7 games,"handedness incomplete; pitcher baseline 0.0% barrel, 0.0 HR allowed",neutral batted-ball profile; pitcher fly-ball pressure modest,9.49,40.18,89.33,99.8526,0.4255,0.1784,0.3251,72.82,26.98,44.57,28.45,28.8,0.2194,,,,,,,79 deg,Open-Meteo forecast; MLB fallback,https://forecast.weather.gov/MapClick.php?lat=38.8730&lon=-77.0074,66,0,60,Nationals Park,,,,,,,,,,,
86,669127,Shea Langeliers,ATH,HOU,2026-09-26T01:40:00Z,Scheduled,3,Hunter Brown,686613,R,50.9,Longshot,Watch List,"Projected Lineup, Strong Barrel, Premium Lineup Spot",54.5,20.9,62.4,92.1,50.0,20.7,50.0,,No,No,3,Yes,Yes,RotoWire projected lineup; MLB probable pitchers,lineup projected / unconfirmed,H:2026/2025 P:2026/2025,,,Direct BvP not yet weighted; 2026/2025 Statcast baseline active,7,8,31,0,"Last 7 games: 8/31, 0 HR","same-side matchup; pitcher baseline 6.0% barrel, 12.8 HR allowed",neutral batted-ball profile; pitcher fly-ball pressure modest,12.84,43.85,91.18,102.255,0.4885,0.2242,0.3486,74.71,48.05,40.23,29.63,25.4,0.2299,5.97,35.77,86.17,0.3194,0.1164,22.53,232 deg,Open-Meteo forecast; MLB fallback,https://forecast.weather.gov/MapClick.php?lat=38.5804&lon=-121.5139,24,0,92,Sutter Health Park,,,,,,,,,,,
87,663656,Kyle Tucker,LAD,KC,2026-09-26T02:15:00Z,Scheduled,6,Yunior Marte,805074,R,50.8,Longshot,Watch List,"Projected Lineup, Platoon Edge, Hot Hitter/Streak",34.2,49.5,49.3,71.7,80.0,81.2,27.1,57.0,No,No,6,Yes,Yes,RotoWire projected lineup; MLB probable pitchers,lineup projected / unconfirmed,H:2026/2025 P:2026,,,Direct BvP not yet weighted; 2026/2025 Statcast baseline active,7,10,24,2,Hot streak: 2 HR in last 7 games,"platoon edge; pitcher baseline 11.1% barrel, 3.0 HR allowed",neutral batted-ball profile; pitcher fly-ball pressure modest,7.79,37.6,89.05,98.7701,0.42,0.1612,0.3433,71.58,20.66,42.96,34.17,18.5,0.1679,11.1,41.3,88.4,0.435,0.184,28.6,283 deg,Open-Meteo forecast; MLB fallback,https://forecast.weather.gov/MapClick.php?lat=37.7786&lon=-122.3893,47,0,71,Oracle Park,,11.1,0.152,90,1,66,30.8,19,8.85,4,Park/split help but hitter sheet not loud
88,664034,Ty France,SD,AZ,2026-09-26T01:40:00Z,Scheduled,4,Brandon Pfaadt,694297,R,50.6,Longshot,Watch List,"Projected Lineup, Premium Lineup Spot",41.6,43.0,44.6,90.4,50.0,48.5,50.0,,No,No,4,Yes,Yes,RotoWire projected lineup; MLB probable pitchers,lineup projected / unconfirmed,H:2026/2025 P:2026/2025,,,Direct BvP not yet weighted; 2026/2025 Statcast baseline active,7,9,28,1,Contact streak: 9/28 over last 7 games,"same-side matchup; pitcher baseline 8.4% barrel, 17.6 HR allowed",neutral batted-ball profile; pitcher fly-ball pressure modest,8.82,46.86,91.04,100.9511,0.4285,0.1737,0.3294,71.77,19.95,36.57,24.9,16.8,0.1793,8.45,38.24,89.26,0.4233,0.1645,23.48,304 deg,Open-Meteo forecast; MLB fallback,https://forecast.weather.gov/MapClick.php?lat=32.7073&lon=-117.1573,75,0,75,Petco Park,,,,,,,,,,,
89,665489,Vladimir Guerrero,TOR,BOS,2026-09-25T23:07:00Z,Scheduled,3,Nick Lodolo,666157,L,50.5,Longshot,Watch List,"Projected Lineup, Premium Lineup Spot, Platoon Edge",40.8,50.8,40.4,92.1,78.0,14.6,12.1,48.0,No,No,3,Yes,Yes,RotoWire projected lineup; MLB probable pitchers,lineup projected / unconfirmed,H:2026/2025 P:2026/2025,,,Direct BvP not yet weighted; 2026/2025 Statcast baseline active,7,5,23,0,"Last 7 games: 5/23, 0 HR","platoon edge; pitcher baseline 9.1% barrel, 20.6 HR allowed",neutral batted-ball profile; pitcher fly-ball pressure modest,8.49,46.5,90.95,103.3743,0.4353,0.1472,0.349,76.42,64.03,35.25,19.31,13.2,0.1204,9.11,40.78,89.64,0.4569,0.1837,26.33,43 deg,Open-Meteo forecast; MLB fallback,https://forecast.weather.gov/MapClick.php?lat=43.6414&lon=-79.3894,68,0,57,Rogers Centre,,0,0,0,0,0,0,22,3.16,4,EV note only
90,661388,William Contreras,MIL,STL,2026-09-25T23:40:00Z,Scheduled,4,Michael McGreevy,700241,R,50.5,Longshot,Watch List,"Projected Lineup, Premium Lineup Spot",39.2,52.2,38.1,90.4,50.0,36.3,50.0,,No,No,4,Yes,Yes,RotoWire projected lineup; MLB probable pitchers,lineup projected / unconfirmed,H:2026/2025 P:2026/2025,,,Direct BvP not yet weighted; 2026/2025 Statcast baseline active,7,6,25,1,"Last 7 games: 6/25, 1 HR","same-side matchup; pitcher baseline 9.2% barrel, 18.3 HR allowed",neutral batted-ball profile; pitcher fly-ball pressure modest,7.8,45.28,90.47,101.6474,0.4259,0.1702,0.3322,73.41,36.37,35.97,24.22,17.7,0.1453,9.15,40.73,90.01,0.4689,0.19,26.76,23 deg,Open-Meteo forecast; MLB fallback,https://forecast.weather.gov/MapClick.php?lat=43.0280&lon=-87.9712,82,0,60,American Family Field,,,,,,,,,,,
91,543807,George Springer,TOR,BOS,2026-09-25T23:07:00Z,Scheduled,2,Nick Lodolo,666157,L,50.4,Longshot,Watch List,"Projected Lineup, Premium Lineup Spot, Platoon Edge",39.2,50.8,40.4,95.5,78.0,13.3,12.1,48.0,No,No,2,Yes,Yes,RotoWire projected lineup; MLB probable pitchers,lineup projected / unconfirmed,H:2026/2025 P:2026/2025,,,Direct BvP not yet weighted; 2026/2025 Statcast baseline active,7,5,24,0,"Last 7 games: 5/24, 0 HR","platoon edge; pitcher baseline 9.1% barrel, 20.6 HR allowed",neutral batted-ball profile; pitcher fly-ball pressure modest,9.27,41.02,88.95,100.359,0.4352,0.1827,0.334,73.31,36.7,41.58,26.58,20.1,0.1845,9.11,40.78,89.64,0.4569,0.1837,26.33,43 deg,Open-Meteo forecast; MLB fallback,https://forecast.weather.gov/MapClick.php?lat=43.6414&lon=-79.3894,68,0,57,Rogers Centre,,0,0,0,0,0,0,22,3.16,4,EV note only
92,686668,Brenton Doyle,CWS,COL,2026-09-25T23:40:00Z,Scheduled,5,Tomoyuki Sugano,608372,R,50.4,Longshot,Watch List,Projected Lineup,27.6,68.7,41.0,81.9,50.0,46.5,50.0,,No,No,5,Yes,Yes,RotoWire projected lineup; MLB probable pitchers,lineup projected / unconfirmed,H:2026/2025 P:2026/2025,,,Direct BvP not yet weighted; 2026/2025 Statcast baseline active,7,8,26,1,"Last 7 games: 8/26, 1 HR","same-side matchup; pitcher baseline 11.8% barrel, 31.6 HR allowed",neutral batted-ball profile; pitcher allows elevated contact,8.1,37.6,89.2,99.8547,0.3345,0.1203,0.2608,71.96,15.09,37.27,24.08,7.3,0.115,11.8,42.53,90.77,0.5359,0.2357,30.07,76 deg,Open-Meteo forecast; MLB fallback,https://forecast.weather.gov/MapClick.php?lat=41.8300&lon=-87.6338,85,0,62,Rate Field,,,,,,,,,,,
93,701350,Roman Anthony,BOS,CHC,2026-09-25T21:35:00Z,Scheduled,1,David Peterson,656849,L,50.3,Longshot,Watch List,"Projected Lineup, Strong Barrel, Premium Lineup Spot",53.5,34.7,37.7,88.7,50.0,31.4,50.0,,No,No,1,Yes,Yes,RotoWire projected lineup; MLB probable pitchers,lineup projected / unconfirmed,H:2026/2025 P:2026/2025,,,Direct BvP not yet weighted; 2026/2025 Statcast baseline active,7,6,29,1,"Last 7 games: 6/29, 1 HR","same-side matchup; pitcher baseline 6.3% barrel, 13.8 HR allowed",EV profile; pitcher fly-ball pressure modest,12.59,50.64,92.61,102.7569,0.4406,0.1826,0.3482,75.49,54.84,40.42,23.14,5.9,0.1479,6.33,41.87,89.34,0.4042,0.1356,18.45,349 deg,Open-Meteo forecast; MLB fallback,https://forecast.weather.gov/MapClick.php?lat=42.3467&lon=-71.0972,59,0,53,Fenway Park,,,,,,,,,,,
94,671056,Ivan Herrera,STL,MIL,2026-09-25T23:40:00Z,Scheduled,2,Robert Gasser,688107,L,50.3,Longshot,Watch List,"Projected Lineup, Premium Lineup Spot, Platoon Edge",35.1,38.3,38.1,95.5,78.0,62.4,50.0,,No,No,2,Yes,Yes,RotoWire projected lineup; MLB probable pitchers,lineup projected / unconfirmed,H:2026/2025 P:2026/2025,,,Direct BvP not yet weighted; 2026/2025 Statcast baseline active,7,7,24,2,Hot streak: 2 HR in last 7 games,"platoon edge; pitcher baseline 8.6% barrel, 10.1 HR allowed",neutral batted-ball profile; pitcher fly-ball pressure modest,7.39,42.59,89.94,101.3167,0.4168,0.16,0.3458,73.81,42.37,37.17,19.59,18.3,0.1506,8.58,36.7,88.27,0.3988,0.1614,25.7,23 deg,Open-Meteo forecast; MLB fallback,https://forecast.weather.gov/MapClick.php?lat=43.0280&lon=-87.9712,82,0,60,American Family Field,,,,,,,,,,,
95,680869,Zack Gelof,ATH,HOU,2026-09-26T01:40:00Z,Scheduled,5,Hunter Brown,686613,R,50.3,Longshot,Watch List,"Projected Lineup, Strong Barrel, Hot Hitter/Streak",44.3,20.9,62.4,81.9,50.0,100.0,50.0,,No,No,5,Yes,Yes,RotoWire projected lineup; MLB probable pitchers,lineup projected / unconfirmed,H:2026/2025 P:2026/2025,,,Direct BvP not yet weighted; 2026/2025 Statcast baseline active,7,11,26,4,Hot streak: 4 HR in last 7 games,"same-side matchup; pitcher baseline 6.0% barrel, 12.8 HR allowed",neutral batted-ball profile; pitcher fly-ball pressure modest,11.45,44.33,89.22,99.9416,0.4005,0.1907,0.2939,73.29,27.01,40.23,29.27,16.0,0.1869,5.97,35.77,86.17,0.3194,0.1164,22.53,232 deg,Open-Meteo forecast; MLB fallback,https://forecast.weather.gov/MapClick.php?lat=38.5804&lon=-121.5139,24,0,92,Sutter Health Park,,,,,,,,,,,
96,701350,Roman Anthony,BOS,CHC,2026-09-25T17:05:00Z,Warmup,1,Clay Holmes,605280,R,50.2,Longshot,Watch List,"Strong Barrel, Premium Lineup Spot, Platoon Edge",53.5,27.1,27.2,93.2,80.0,31.4,50.0,,Yes,No,1,Yes,Yes,MLB Stats API; RotoWire,RotoWire not confirmed,H:2026/2025 P:2026/2025,,,Direct BvP not yet weighted; 2026/2025 Statcast baseline active,7,6,29,1,"Last 7 games: 6/29, 1 HR","platoon edge; pitcher baseline 5.0% barrel, 8.4 HR allowed",EV profile; pitcher fly-ball pressure modest,12.59,50.64,92.61,102.7569,0.4406,0.1826,0.3482,75.49,54.84,40.42,23.14,5.9,0.1479,5.05,41.46,89.56,0.3639,0.1185,18.62,In From RF,Open-Meteo forecast; MLB fallback,https://forecast.weather.gov/MapClick.php?lat=42.3467&lon=-71.0972,59,0,53,Fenway Park,,,,,,,,,,,
97,806146,George Lombard Jr.,NYY,BAL,2026-09-25T20:05:00Z,Pre-Game,5,Trevor Rogers,669432,L,50.2,Longshot,Watch List,"Platoon Edge, Hot Hitter/Streak",28.6,35.1,58.2,86.4,78.0,85.2,50.0,,Yes,No,7,Yes,Yes,MLB Stats API; RotoWire,RotoWire not confirmed; order MLB 5 vs RotoWire 7,H:2026 P:2026/2025,,,Direct BvP not yet weighted; 2026/2025 Statcast baseline active,7,9,28,4,Hot streak: 4 HR in last 7 games,"platoon edge; pitcher baseline 6.9% barrel, 15.1 HR allowed",neutral batted-ball profile; pitcher fly-ball pressure modest,8.3,35.8,87.0,99.2425,0.394,0.151,0.302,72.5,26.4,36.7,23.9,7.0,0.183,6.9,39.79,88.58,0.3795,0.1461,24.74,L To R,Open-Meteo forecast; MLB fallback,https://forecast.weather.gov/MapClick.php?lat=40.8296&lon=-73.9262,44,0,63,Yankee Stadium,,,,,,,,,,,
98,669394,Jake Burger,TEX,MIN,2026-09-26T00:10:00Z,Scheduled,7,Joe Ryan,657746,R,50.1,Longshot,Watch List,"Projected Lineup, Strong Barrel",51.7,52.0,44.6,59.8,50.0,19.9,50.0,,No,No,7,Yes,Yes,RotoWire projected lineup; MLB probable pitchers,lineup projected / unconfirmed,H:2026/2025 P:2026/2025,,,Direct BvP not yet weighted; 2026/2025 Statcast baseline active,7,3,23,1,"Last 7 games: 3/23, 1 HR","same-side matchup; pitcher baseline 10.5% barrel, 22.5 HR allowed",neutral batted-ball profile; pitcher allows elevated contact,12.78,46.54,90.19,102.6863,0.4381,0.2047,0.3184,75.44,58.42,41.46,28.74,23.7,0.1886,10.52,40.99,89.64,0.3977,0.174,30.45,138 deg,Open-Meteo forecast; MLB fallback,https://forecast.weather.gov/MapClick.php?lat=44.9817&lon=-93.2776,86,34,62,Target Field,,,,,,,,,,,
99,671732,Lawrence Butler,ATH,HOU,2026-09-26T01:40:00Z,Scheduled,4,Hunter Brown,686613,R,50.1,Longshot,Watch List,"Projected Lineup, Premium Lineup Spot, Platoon Edge",38.4,20.9,62.4,90.4,80.0,61.4,50.0,,No,No,4,Yes,Yes,RotoWire projected lineup; MLB probable pitchers,lineup projected / unconfirmed,H:2026/2025 P:2026/2025,,,Direct BvP not yet weighted; 2026/2025 Statcast baseline active,7,11,27,1,Contact streak: 11/27 over last 7 games,"platoon edge; pitcher baseline 6.0% barrel, 12.8 HR allowed",neutral batted-ball profile; pitcher fly-ball pressure modest,8.99,45.1,90.08,101.9898,0.3996,0.1584,0.3211,73.63,37.88,35.8,22.0,18.2,0.163,5.97,35.77,86.17,0.3194,0.1164,22.53,232 deg,Open-Meteo forecast; MLB fallback,https://forecast.weather.gov/MapClick.php?lat=38.5804&lon=-121.5139,24,0,92,Sutter Health Park,,,,,,,,,,,
100,642708,Amed Rosario,NYY,BAL,2026-09-25T20:10:00Z,Scheduled,4,Brandon Young,687064,R,49.9,Longshot,Watch List,"Projected Lineup, Premium Lineup Spot",39.6,43.0,58.2,90.4,50.0,9.3,50.0,,No,No,5,Yes,Yes,RotoWire projected lineup; MLB probable pitchers,lineup projected / unconfirmed; order MLB 4 vs RotoWire 5,H:2026/2025 P:2026/2025,,,Direct BvP not yet weighted; 2026/2025 Statcast baseline active,7,4,22,0,"Last 7 games: 4/22, 0 HR","same-side matchup; pitcher baseline 7.8% barrel, 19.0 HR allowed",neutral batted-ball profile; pitcher fly-ball pressure modest,9.22,41.08,90.43,101.3784,0.4285,0.1692,0.3149,73.8,38.04,38.45,24.07,8.8,0.1677,7.82,40.24,89.26,0.4117,0.1637,26.66,12 deg,Open-Meteo forecast; MLB fallback,https://forecast.weather.gov/MapClick.php?lat=40.8296&lon=-73.9262,44,0,63,Yankee Stadium,,,,,,,,,,,
101,666160,Mickey Moniak,COL,CWS,2026-09-25T23:40:00Z,Scheduled,7,Sean Burke,680732,R,49.9,Longshot,Watch List,"Projected Lineup, Strong Barrel, Platoon Edge",46.6,46.7,41.0,59.8,80.0,34.4,50.0,,No,No,7,Yes,Yes,RotoWire projected lineup; MLB probable pitchers,lineup projected / unconfirmed,H:2026/2025 P:2026/2025,,,Direct BvP not yet weighted; 2026/2025 Statcast baseline active,7,5,22,1,"Last 7 games: 5/22, 1 HR","platoon edge; pitcher baseline 8.8% barrel, 19.5 HR allowed",fly-ball profile; pitcher allows elevated contact,11.0,42.64,89.7,100.3161,0.4226,0.1962,0.2958,74.12,43.04,46.87,36.84,23.3,0.2459,8.82,40.11,89.6,0.3996,0.1641,30.98,76 deg,Open-Meteo forecast; MLB fallback,https://forecast.weather.gov/MapClick.php?lat=41.8300&lon=-87.6338,85,0,62,Rate Field,,,,,,,,,,,
102,502671,Paul Goldschmidt,NYY,BAL,2026-09-25T20:10:00Z,Scheduled,1,Brandon Young,687064,R,49.8,Longshot,Watch List,"Projected Lineup, Premium Lineup Spot",36.3,43.0,58.2,88.7,50.0,32.0,50.0,,No,No,1,Yes,Yes,RotoWire projected lineup; MLB probable pitchers,lineup projected / unconfirmed,H:2026/2025 P:2026/2025,,,Direct BvP not yet weighted; 2026/2025 Statcast baseline active,7,5,15,0,Contact streak: 5/15 over last 7 games,"same-side matchup; pitcher baseline 7.8% barrel, 19.0 HR allowed",neutral batted-ball profile; pitcher fly-ball pressure modest,9.47,38.45,87.88,99.2838,0.4269,0.1798,0.3178,71.69,16.48,33.74,29.35,15.6,0.1801,7.82,40.24,89.26,0.4117,0.1637,26.66,12 deg,Open-Meteo forecast; MLB fallback,https://forecast.weather.gov/MapClick.php?lat=40.8296&lon=-73.9262,44,0,63,Yankee Stadium,,,,,,,,,,,
103,691718,Pete Crow-Armstrong,CHC,BOS,2026-09-25T17:05:00Z,Warmup,1,Alec Gamboa,687941,L,49.6,Longshot,Watch List,"Strong Barrel, Premium Lineup Spot, Hot Hitter/Streak",57.8,18.2,27.2,93.2,50.0,83.6,50.0,,Yes,No,1,Yes,Yes,MLB Stats API; RotoWire,RotoWire not confirmed,H:2026/2025 P:2026,,,Direct BvP not yet weighted; 2026/2025 Statcast baseline active,7,9,29,3,Hot streak: 3 HR in last 7 games,"same-side matchup; pitcher baseline 2.3% barrel, 1.0 HR allowed",neutral batted-ball profile; pitcher fly-ball pressure modest,13.38,46.43,90.27,101.8376,0.5009,0.2428,0.3595,74.38,46.07,50.37,34.38,40.8,0.2767,2.3,40.9,90.5,0.28,0.083,17.0,In From RF,Open-Meteo forecast; MLB fallback,https://forecast.weather.gov/MapClick.php?lat=42.3467&lon=-71.0972,59,0,53,Fenway Park,,,,,,,,,,,
104,668723,Ryan Vilade,TB,PHI,2026-09-25T22:40:00Z,Scheduled,4,Cristopher Sánchez,650911,L,49.6,Longshot,Watch List,"Projected Lineup, Premium Lineup Spot, Platoon Edge",44.9,33.2,47.8,90.4,78.0,0.0,50.0,,No,No,4,Yes,Yes,RotoWire projected lineup; MLB probable pitchers,lineup projected / unconfirmed,H:2026/2025 P:2026/2025,,,Direct BvP not yet weighted; 2026/2025 Statcast baseline active,7,2,22,0,"Last 7 games: 2/22, 0 HR","platoon edge; pitcher baseline 6.8% barrel, 16.2 HR allowed",neutral batted-ball profile; pitcher fly-ball pressure modest,8.93,51.13,91.7,102.7338,0.4012,0.1597,0.3216,75.84,58.7,24.15,24.68,7.7,0.133,6.82,41.2,89.28,0.359,0.1256,16.83,18 deg,Open-Meteo forecast; MLB fallback,https://forecast.weather.gov/MapClick.php?lat=39.9061&lon=-75.1665,52,0,62,Citizens Bank Park,,,,,,,,,,,
105,694671,Wyatt Langford,TEX,MIN,2026-09-26T00:10:00Z,Scheduled,5,Joe Ryan,657746,R,49.6,Longshot,Watch List,Projected Lineup,39.8,52.0,44.6,81.9,50.0,21.5,50.0,,No,No,5,Yes,Yes,RotoWire projected lineup; MLB probable pitchers,lineup projected / unconfirmed,H:2026/2025 P:2026/2025,,,Direct BvP not yet weighted; 2026/2025 Statcast baseline active,7,5,19,0,"Last 7 games: 5/19, 0 HR","same-side matchup; pitcher baseline 10.5% barrel, 22.5 HR allowed",neutral batted-ball profile; pitcher allows elevated contact,9.87,40.28,89.51,100.4097,0.4081,0.175,0.3285,72.82,27.43,43.66,30.95,18.5,0.1886,10.52,40.99,89.64,0.3977,0.174,30.45,138 deg,Open-Meteo forecast; MLB fallback,https://forecast.weather.gov/MapClick.php?lat=44.9817&lon=-93.2776,86,34,62,Target Field,,,,,,,,,,,
106,663886,Tyler Stephenson,CIN,TOR,2026-09-25T23:07:00Z,Scheduled,5,,,,49.5,Longshot,Watch List,"Projected Lineup, Strong Barrel",48.7,41.2,40.4,81.9,60.0,9.3,50.0,,No,No,5,Yes,Yes,RotoWire projected lineup; MLB probable pitchers,lineup projected / unconfirmed,H:2026/2025 P:,,,Direct BvP not yet weighted; 2026/2025 Statcast baseline active,7,4,22,0,"Last 7 games: 4/22, 0 HR","handedness incomplete; pitcher baseline 0.0% barrel, 0.0 HR allowed",neutral batted-ball profile; pitcher fly-ball pressure modest,12.82,45.63,90.85,100.3641,0.4207,0.1914,0.3208,70.45,6.93,37.36,33.01,14.4,0.1725,,,,,,,43 deg,Open-Meteo forecast; MLB fallback,https://forecast.weather.gov/MapClick.php?lat=43.6414&lon=-79.3894,68,0,57,Rogers Centre,,,,,,,,,,,
107,572233,Christian Walker,HOU,ATH,2026-09-26T01:40:00Z,Scheduled,6,Jacob Lopez,682052,L,49.5,Longshot,Watch List,"Projected Lineup, Strong Barrel, Platoon Edge",41.6,28.6,62.4,71.7,78.0,50.8,50.0,,No,No,6,Yes,Yes,RotoWire projected lineup; MLB probable pitchers,lineup projected / unconfirmed,H:2026/2025 P:2026/2025,,,Direct BvP not yet weighted; 2026/2025 Statcast baseline active,7,6,28,2,Hot streak: 2 HR in last 7 games,"platoon edge; pitcher baseline 6.6% barrel, 19.9 HR allowed",neutral batted-ball profile; pitcher allows elevated contact,10.45,42.39,89.57,101.4823,0.4014,0.1743,0.3042,74.31,43.13,41.71,28.14,27.0,0.1893,6.6,32.36,85.22,0.3599,0.145,34.72,232 deg,Open-Meteo forecast; MLB fallback,https://forecast.weather.gov/MapClick.php?lat=38.5804&lon=-121.5139,24,0,92,Sutter Health Park,,,,,,,,,,,
108,592885,Christian Yelich,MIL,STL,2026-09-25T23:40:00Z,Scheduled,6,Michael McGreevy,700241,R,49.4,Longshot,Watch List,"Projected Lineup, Platoon Edge",38.4,52.2,38.1,71.7,80.0,23.4,50.0,,No,No,6,Yes,Yes,RotoWire projected lineup; MLB probable pitchers,lineup projected / unconfirmed,H:2026/2025 P:2026/2025,,,Direct BvP not yet weighted; 2026/2025 Statcast baseline active,7,4,26,1,"Last 7 games: 4/26, 1 HR","platoon edge; pitcher baseline 9.2% barrel, 18.3 HR allowed",neutral batted-ball profile; pitcher fly-ball pressure modest,9.74,44.23,89.43,101.0309,0.4019,0.1667,0.3146,73.23,32.39,34.66,19.09,17.1,0.1579,9.15,40.73,90.01,0.4689,0.19,26.76,23 deg,Open-Meteo forecast; MLB fallback,https://forecast.weather.gov/MapClick.php?lat=43.0280&lon=-87.9712,82,0,60,American Family Field,,,,,,,,,,,
109,691777,Max Muncy,LAD,KC,2026-09-26T02:15:00Z,Scheduled,5,Yunior Marte,805074,R,49.3,Longshot,Watch List,"Projected Lineup, Strong Barrel",35.1,49.5,49.3,81.9,50.0,26.1,66.5,100.0,No,No,5,Yes,Yes,RotoWire projected lineup; MLB probable pitchers,lineup projected / unconfirmed,H:2026/2025 P:2026,,,Direct BvP not yet weighted; 2026/2025 Statcast baseline active,7,5,17,0,"Last 7 games: 5/17, 0 HR","same-side matchup; pitcher baseline 11.1% barrel, 3.0 HR allowed",neutral batted-ball profile; pitcher fly-ball pressure modest,10.52,40.17,88.5,100.9708,0.3621,0.1493,0.2817,73.8,42.11,43.52,22.51,9.0,0.1594,11.1,41.3,88.4,0.435,0.184,28.6,283 deg,Open-Meteo forecast; MLB fallback,https://forecast.weather.gov/MapClick.php?lat=37.7786&lon=-122.3893,47,0,71,Oracle Park,,19.2,0.333,92,4,39,57.1,19,8.85,4,Dodger +19; elite sheet line vs Cameron LHH split
110,672386,Alejandro Kirk,TOR,CIN,2026-09-25T23:07:00Z,Scheduled,4,Nick Lodolo,666157,L,49.2,Longshot,Watch List,"Projected Lineup, Premium Lineup Spot, Platoon Edge",28.5,50.8,40.4,90.4,78.0,32.0,50.0,,No,No,4,Yes,Yes,RotoWire projected lineup; MLB probable pitchers,lineup projected / unconfirmed,H:2026/2025 P:2026/2025,,,Direct BvP not yet weighted; 2026/2025 Statcast baseline active,7,8,24,0,Contact streak: 8/24 over last 7 games,"platoon edge; pitcher baseline 9.1% barrel, 20.6 HR allowed",neutral batted-ball profile; pitcher fly-ball pressure modest,5.69,42.96,89.0,100.3913,0.403,0.1351,0.3226,71.94,19.72,25.72,20.99,11.5,0.1383,9.11,40.78,89.64,0.4569,0.1837,26.33,43 deg,Open-Meteo forecast; MLB fallback,https://forecast.weather.gov/MapClick.php?lat=43.6414&lon=-79.3894,68,0,57,Rogers Centre,,,,,,,,,,,
111,806146,George Lombard,NYY,BAL,2026-09-25T20:10:00Z,Scheduled,5,Brandon Young,687064,R,49.1,Longshot,Watch List,"Projected Lineup, Hot Hitter/Streak",28.6,43.0,58.2,81.9,50.0,85.2,50.0,,No,No,7,Yes,Yes,RotoWire projected lineup; MLB probable pitchers,lineup projected / unconfirmed; order MLB 5 vs RotoWire 7,H:2026 P:2026/2025,,,Direct BvP not yet weighted; 2026/2025 Statcast baseline active,7,9,28,4,Hot streak: 4 HR in last 7 games,"same-side matchup; pitcher baseline 7.8% barrel, 19.0 HR allowed",neutral batted-ball profile; pitcher fly-ball pressure modest,8.3,35.8,87.0,99.2425,0.394,0.151,0.302,72.5,26.4,36.7,23.9,7.0,0.183,7.82,40.24,89.26,0.4117,0.1637,26.66,12 deg,Open-Meteo forecast; MLB fallback,https://forecast.weather.gov/MapClick.php?lat=40.8296&lon=-73.9262,44,0,63,Yankee Stadium,,,,,,,,,,,
112,687263,Zach Neto,LAA,SEA,2026-09-26T02:10:00Z,Scheduled,1,Bryce Miller,682243,R,49.1,Longshot,Watch List,"Projected Lineup, Strong Barrel, Premium Lineup Spot",48.0,43.2,37.9,88.7,50.0,1.6,50.0,,No,No,1,Yes,Yes,RotoWire projected lineup; MLB probable pitchers,lineup projected / unconfirmed,H:2026/2025 P:2026/2025,,,Direct BvP not yet weighted; 2026/2025 Statcast baseline active,7,3,23,0,"Last 7 games: 3/23, 0 HR","same-side matchup; pitcher baseline 8.3% barrel, 19.1 HR allowed",neutral batted-ball profile; pitcher allows elevated contact,12.11,42.89,90.16,100.3862,0.432,0.2076,0.3223,71.47,15.72,47.69,34.47,26.0,0.2002,8.28,36.98,88.83,0.4066,0.1673,31.3,360 deg,Open-Meteo forecast; MLB fallback,https://forecast.weather.gov/MapClick.php?lat=47.5914&lon=-122.3325,82,7,58,T-Mobile Park,,,,,,,,,,,
113,673237,Yainer Diaz,HOU,ATH,2026-09-26T01:40:00Z,Scheduled,5,Jacob Lopez,682052,L,48.9,Longshot,Watch List,"Projected Lineup, Platoon Edge",33.1,28.6,62.4,81.9,78.0,63.1,50.0,,No,No,5,Yes,Yes,RotoWire projected lineup; MLB probable pitchers,lineup projected / unconfirmed,H:2026/2025 P:2026/2025,,,Direct BvP not yet weighted; 2026/2025 Statcast baseline active,7,8,27,2,Hot streak: 2 HR in last 7 games,"platoon edge; pitcher baseline 6.6% barrel, 19.9 HR allowed",neutral batted-ball profile; pitcher allows elevated contact,7.71,39.68,89.34,100.0535,0.4279,0.1585,0.3148,72.48,22.58,36.56,19.1,15.8,0.1715,6.6,32.36,85.22,0.3599,0.145,34.72,232 deg,Open-Meteo forecast; MLB fallback,https://forecast.weather.gov/MapClick.php?lat=38.5804&lon=-121.5139,24,0,92,Sutter Health Park,,,,,,,,,,,
114,673548,Seiya Suzuki,CHC,BOS,2026-09-25T17:05:00Z,Warmup,2,Alec Gamboa,687941,L,48.8,Longshot,Watch List,"Strong Barrel, Premium Lineup Spot, Platoon Edge",48.0,18.2,27.2,100.0,78.0,63.7,50.0,,Yes,No,2,Yes,Yes,MLB Stats API; RotoWire,RotoWire not confirmed,H:2026/2025 P:2026,,,Direct BvP not yet weighted; 2026/2025 Statcast baseline active,7,9,30,2,Hot streak: 2 HR in last 7 games,"platoon edge; pitcher baseline 2.3% barrel, 1.0 HR allowed",neutral batted-ball profile; pitcher fly-ball pressure modest,12.54,41.98,89.41,101.0422,0.4492,0.2022,0.3436,73.3,36.69,40.99,32.18,27.8,0.2141,2.3,40.9,90.5,0.28,0.083,17.0,In From RF,Open-Meteo forecast; MLB fallback,https://forecast.weather.gov/MapClick.php?lat=42.3467&lon=-71.0972,59,0,53,Fenway Park,,,,,,,,,,,
115,677800,Wilyer Abreu,BOS,TOR,2026-09-25T21:35:00Z,Scheduled,4,David Peterson,656849,L,48.7,Longshot,Watch List,"Projected Lineup, Strong Barrel, Premium Lineup Spot",53.0,34.7,37.7,90.4,50.0,5.1,42.2,61.0,No,No,4,Yes,Yes,RotoWire projected lineup; MLB probable pitchers,lineup projected / unconfirmed,H:2026/2025 P:2026/2025,,,Direct BvP not yet weighted; 2026/2025 Statcast baseline active,7,4,26,0,"Last 7 games: 4/26, 0 HR","same-side matchup; pitcher baseline 6.3% barrel, 13.8 HR allowed",fly-ball profile; pitcher fly-ball pressure modest,12.44,43.99,90.1,101.3233,0.4729,0.2215,0.3441,73.89,37.89,38.25,37.17,23.4,0.2066,6.33,41.87,89.34,0.4042,0.1356,18.45,349 deg,Open-Meteo forecast; MLB fallback,https://forecast.weather.gov/MapClick.php?lat=42.3467&lon=-71.0972,59,0,53,Fenway Park,,12.8,0.18,90,8,183,0,22,11.39,14,Taillon LHH split target + Rogers boost
116,606192,Teoscar Hernandez,LAD,SF,2026-09-26T02:15:00Z,Scheduled,7,Yunior Marte,805074,R,48.7,Longshot,Watch List,"Projected Lineup, Strong Barrel",44.8,49.5,49.3,59.8,50.0,33.7,50.0,,No,No,7,Yes,Yes,RotoWire projected lineup; MLB probable pitchers,lineup projected / unconfirmed,H:2026/2025 P:2026,,,Direct BvP not yet weighted; 2026/2025 Statcast baseline active,7,10,29,0,Contact streak: 10/29 over last 7 games,"same-side matchup; pitcher baseline 11.1% barrel, 3.0 HR allowed",neutral batted-ball profile; pitcher fly-ball pressure modest,10.66,45.47,90.2,101.5945,0.4378,0.1836,0.3282,72.62,27.02,35.06,28.19,18.0,0.1685,11.1,41.3,88.4,0.435,0.184,28.6,283 deg,Open-Meteo forecast; MLB fallback,https://forecast.weather.gov/MapClick.php?lat=37.7786&lon=-122.3893,47,0,71,Oracle Park,,,,,,,,,,,
117,695734,Daylen Lile,WSH,NYM,2026-09-25T22:45:00Z,Scheduled,2,,,,48.6,Longshot,Watch List,"Projected Lineup, Premium Lineup Spot",36.4,41.2,40.7,95.5,60.0,29.2,50.0,,No,No,2,Yes,Yes,RotoWire projected lineup; MLB probable pitchers,lineup projected / unconfirmed,H:2026/2025 P:,,,Direct BvP not yet weighted; 2026/2025 Statcast baseline active,7,5,26,1,"Last 7 games: 5/26, 1 HR","handedness incomplete; pitcher baseline 0.0% barrel, 0.0 HR allowed",neutral batted-ball profile; pitcher fly-ball pressure modest,8.42,38.42,88.69,99.037,0.4469,0.1761,0.3326,70.71,9.78,40.24,33.81,18.1,0.1899,,,,,,,79 deg,Open-Meteo forecast; MLB fallback,https://forecast.weather.gov/MapClick.php?lat=38.8730&lon=-77.0074,66,0,60,Nationals Park,,,,,,,,,,,
118,677800,Wilyer Abreu,BOS,TOR,2026-09-25T17:05:00Z,Warmup,4,Clay Holmes,605280,R,48.5,Longshot,Watch List,"Strong Barrel, Premium Lineup Spot, Platoon Edge",53.0,27.1,27.2,94.9,80.0,5.1,42.2,61.0,Yes,No,4,Yes,Yes,MLB Stats API; RotoWire,RotoWire not confirmed,H:2026/2025 P:2026/2025,,,Direct BvP not yet weighted; 2026/2025 Statcast baseline active,7,4,26,0,"Last 7 games: 4/26, 0 HR","platoon edge; pitcher baseline 5.0% barrel, 8.4 HR allowed",fly-ball profile; pitcher fly-ball pressure modest,12.44,43.99,90.1,101.3233,0.4729,0.2215,0.3441,73.89,37.89,38.25,37.17,23.4,0.2066,5.05,41.46,89.56,0.3639,0.1185,18.62,In From RF,Open-Meteo forecast; MLB fallback,https://forecast.weather.gov/MapClick.php?lat=42.3467&lon=-71.0972,59,0,53,Fenway Park,,12.8,0.18,90,8,183,0,22,11.39,14,Taillon LHH split target + Rogers boost
119,650490,Yandy Diaz,TB,PHI,2026-09-25T22:40:00Z,Scheduled,1,Cristopher Sánchez,650911,L,48.4,Longshot,Watch List,"Projected Lineup, Premium Lineup Spot, Platoon Edge",41.1,33.2,47.8,88.7,78.0,3.4,50.0,,No,No,1,Yes,Yes,RotoWire projected lineup; MLB probable pitchers,lineup projected / unconfirmed,H:2026/2025 P:2026/2025,,,Direct BvP not yet weighted; 2026/2025 Statcast baseline active,7,4,28,0,"Last 7 games: 4/28, 0 HR","platoon edge; pitcher baseline 6.8% barrel, 16.2 HR allowed",neutral batted-ball profile; pitcher fly-ball pressure modest,7.53,49.28,91.53,103.1723,0.446,0.1635,0.3491,73.5,37.3,23.74,19.72,22.9,0.1624,6.82,41.2,89.28,0.359,0.1256,16.83,18 deg,Open-Meteo forecast; MLB fallback,https://forecast.weather.gov/MapClick.php?lat=39.9061&lon=-75.1665,52,0,62,Citizens Bank Park,,,,,,,,,,,
120,668709,JJ Bleday,CIN,TOR,2026-09-25T23:07:00Z,Scheduled,4,,,,48.3,Longshot,Watch List,"Projected Lineup, Premium Lineup Spot",36.2,41.2,40.4,90.4,60.0,39.5,50.0,,No,No,4,Yes,Yes,RotoWire projected lineup; MLB probable pitchers,lineup projected / unconfirmed,H:2026/2025 P:,,,Direct BvP not yet weighted; 2026/2025 Statcast baseline active,7,6,23,1,"Last 7 games: 6/23, 1 HR","handedness incomplete; pitcher baseline 0.0% barrel, 0.0 HR allowed",neutral batted-ball profile; pitcher fly-ball pressure modest,8.92,39.33,88.42,99.7023,0.3954,0.169,0.3201,73.0,27.02,47.07,32.64,20.3,0.1948,,,,,,,43 deg,Open-Meteo forecast; MLB fallback,https://forecast.weather.gov/MapClick.php?lat=43.6414&lon=-79.3894,68,0,57,Rogers Centre,,,,,,,,,,,
121,573262,Mike Yastrzemski,ATL,MIA,2026-09-25T23:10:00Z,Scheduled,7,Eury Pérez,691587,R,48.3,Longshot,Watch List,"Projected Lineup, Platoon Edge",34.6,48.9,43.0,59.8,80.0,60.3,50.0,,No,No,7,Yes,Yes,RotoWire projected lineup; MLB probable pitchers,lineup projected / unconfirmed,H:2026/2025 P:2026/2025,,,Direct BvP not yet weighted; 2026/2025 Statcast baseline active,7,5,18,2,Hot streak: 2 HR in last 7 games,"platoon edge; pitcher baseline 10.1% barrel, 17.6 HR allowed",neutral batted-ball profile; pitcher allows elevated contact,7.17,42.88,90.52,99.7425,0.3854,0.1477,0.3164,71.31,8.79,43.59,30.7,13.5,0.1623,10.05,41.6,89.1,0.3842,0.17,30.94,61 deg,Open-Meteo forecast; MLB fallback,https://forecast.weather.gov/MapClick.php?lat=25.7781&lon=-80.2197,80,11,82,loanDepot park,,,,,,,,,,,
122,686611,Dylan Crews,WSH,NYM,2026-09-25T22:45:00Z,Scheduled,5,,,,48.2,Longshot,Watch List,Projected Lineup,39.8,41.2,40.7,81.9,60.0,37.8,50.0,,No,No,5,Yes,Yes,RotoWire projected lineup; MLB probable pitchers,lineup projected / unconfirmed,H:2026/2025 P:,,,Direct BvP not yet weighted; 2026/2025 Statcast baseline active,7,7,28,1,"Last 7 games: 7/28, 1 HR","handedness incomplete; pitcher baseline 0.0% barrel, 0.0 HR allowed",neutral batted-ball profile; pitcher fly-ball pressure modest,9.45,41.57,90.05,101.0162,0.4105,0.1706,0.3133,73.83,37.23,34.01,26.65,11.4,0.1447,,,,,,,79 deg,Open-Meteo forecast; MLB fallback,https://forecast.weather.gov/MapClick.php?lat=38.8730&lon=-77.0074,66,0,60,Nationals Park,,,,,,,,,,,
123,805367,Chase Meidroth,CWS,COL,2026-09-25T23:40:00Z,Scheduled,1,Tomoyuki Sugano,608372,R,48.2,Longshot,Watch List,"Projected Lineup, Premium Lineup Spot, Hot Hitter/Streak",13.4,68.7,41.0,88.7,50.0,72.7,50.0,,No,No,1,Yes,Yes,RotoWire projected lineup; MLB probable pitchers,lineup projected / unconfirmed,H:2026/2025 P:2026/2025,,,Direct BvP not yet weighted; 2026/2025 Statcast baseline active,7,9,25,2,Hot streak: 2 HR in last 7 games,"same-side matchup; pitcher baseline 11.8% barrel, 31.6 HR allowed",neutral batted-ball profile; pitcher allows elevated contact,3.77,35.05,87.57,97.4679,0.3435,0.1003,0.3,67.05,1.18,38.75,20.75,12.7,0.1167,11.8,42.53,90.77,0.5359,0.2357,30.07,76 deg,Open-Meteo forecast; MLB fallback,https://forecast.weather.gov/MapClick.php?lat=41.8300&lon=-87.6338,85,0,62,Rate Field,,,,,,,,,,,
124,665161,Jeremy Pena,HOU,ATH,2026-09-26T01:40:00Z,Scheduled,1,Jacob Lopez,682052,L,48.2,Longshot,Watch List,"Projected Lineup, Premium Lineup Spot, Platoon Edge",32.5,28.6,62.4,88.7,78.0,33.7,50.0,,No,No,1,Yes,Yes,RotoWire projected lineup; MLB probable pitchers,lineup projected / unconfirmed,H:2026/2025 P:2026/2025,,,Direct BvP not yet weighted; 2026/2025 Statcast baseline active,7,6,27,1,"Last 7 games: 6/27, 1 HR","platoon edge; pitcher baseline 6.6% barrel, 19.9 HR allowed",neutral batted-ball profile; pitcher allows elevated contact,7.29,40.1,88.62,99.9048,0.4257,0.1578,0.327,72.3,15.39,46.41,24.99,19.1,0.1863,6.6,32.36,85.22,0.3599,0.145,34.72,232 deg,Open-Meteo forecast; MLB fallback,https://forecast.weather.gov/MapClick.php?lat=38.5804&lon=-121.5139,24,0,92,Sutter Health Park,,,,,,,,,,,
125,680777,Ryan Jeffers,MIN,TEX,2026-09-26T00:10:00Z,Scheduled,3,Jacob deGrom,594798,R,48.1,Longshot,Watch List,"Projected Lineup, Premium Lineup Spot",38.5,46.0,44.6,92.1,50.0,0.0,50.0,,No,No,3,Yes,Yes,RotoWire projected lineup; MLB probable pitchers,lineup projected / unconfirmed,H:2026/2025 P:2026/2025,,,Direct BvP not yet weighted; 2026/2025 Statcast baseline active,7,2,24,0,"Last 7 games: 2/24, 0 HR","same-side matchup; pitcher baseline 8.3% barrel, 21.8 HR allowed",neutral batted-ball profile; pitcher fly-ball pressure modest,9.24,41.4,88.88,100.8028,0.4196,0.1766,0.3356,73.14,37.03,37.53,27.61,12.5,0.1835,8.32,44.0,90.31,0.3763,0.1518,28.83,138 deg,Open-Meteo forecast; MLB fallback,https://forecast.weather.gov/MapClick.php?lat=44.9817&lon=-93.2776,86,34,62,Target Field,,,,,,,,,,,
126,608070,Jose Ramirez,CLE,KC,2026-09-25T23:40:00Z,Scheduled,2,Noah Cameron,702070,L,48.0,Longshot,Watch List,"Projected Lineup, Premium Lineup Spot, Platoon Edge",25.9,37.7,47.2,95.5,75.0,57.2,50.0,,No,No,2,Yes,Yes,RotoWire projected lineup; MLB probable pitchers,lineup projected / unconfirmed,H:2026/2025 P:2026/2025,,,Direct BvP not yet weighted; 2026/2025 Statcast baseline active,7,11,29,1,Contact streak: 11/29 over last 7 games,"switch hitter; pitcher baseline 7.6% barrel, 18.7 HR allowed",neutral batted-ball profile; pitcher fly-ball pressure modest,5.04,38.05,88.62,99.2337,0.4082,0.1375,0.3301,70.41,12.77,50.76,28.15,17.4,0.1612,7.63,37.61,88.53,0.4054,0.1604,27.36,75 deg,Open-Meteo forecast; MLB fallback,https://forecast.weather.gov/MapClick.php?lat=39.0517&lon=-94.4803,63,1,71,Kauffman Stadium,,,,,,,,,,,
127,805808,Kevin McGonigle,DET,PIT,2026-09-25T22:40:00Z,Scheduled,1,Bubba Chandler,696149,R,47.9,Longshot,Watch List,"Projected Lineup, Premium Lineup Spot, Platoon Edge",34.1,37.5,39.1,88.7,80.0,38.3,50.0,,No,No,1,Yes,Yes,RotoWire projected lineup; MLB probable pitchers,lineup projected / unconfirmed,H:2026 P:2026/2025,,,Direct BvP not yet weighted; 2026/2025 Statcast baseline active,7,12,32,0,Contact streak: 12/32 over last 7 games,"platoon edge; pitcher baseline 7.2% barrel, 11.1 HR allowed",fly-ball profile; pitcher fly-ball pressure modest,7.2,37.4,87.9,98.4401,0.447,0.181,0.357,71.2,15.8,37.3,35.3,17.0,0.15,7.16,39.44,89.36,0.3898,0.1567,26.44,61 deg,Open-Meteo forecast; MLB fallback,https://forecast.weather.gov/MapClick.php?lat=42.3390&lon=-83.0485,57,0,58,Comerica Park,,,,,,,,,,,
128,800050,Chase DeLauter,CLE,KC,2026-09-25T23:40:00Z,Scheduled,3,Noah Cameron,702070,L,47.6,Longshot,Watch List,"Projected Lineup, Premium Lineup Spot",34.6,39.7,47.2,92.1,50.0,34.9,50.0,,No,No,3,Yes,Yes,RotoWire projected lineup; MLB probable pitchers,lineup projected / unconfirmed,H:2026 P:2026/2025,,,Direct BvP not yet weighted; 2026/2025 Statcast baseline active,7,6,26,1,"Last 7 games: 6/26, 1 HR","same-side matchup; pitcher baseline 7.6% barrel, 18.7 HR allowed",neutral batted-ball profile; pitcher fly-ball pressure modest,6.1,46.3,91.3,101.2935,0.425,0.148,0.344,71.5,18.7,37.7,19.6,15.0,0.165,7.63,37.61,88.53,0.4054,0.1604,27.36,75 deg,Open-Meteo forecast; MLB fallback,https://forecast.weather.gov/MapClick.php?lat=39.0517&lon=-94.4803,63,1,71,Kauffman Stadium,,,,,,,,,,,
129,681393,Connor Norby,COL,CWS,2026-09-25T23:40:00Z,Scheduled,2,Sean Burke,680732,R,47.6,Longshot,Watch List,"Projected Lineup, Premium Lineup Spot",30.5,46.7,41.0,95.5,50.0,36.5,50.0,,No,No,2,Yes,Yes,RotoWire projected lineup; MLB probable pitchers,lineup projected / unconfirmed,H:2026/2025 P:2026/2025,,,Direct BvP not yet weighted; 2026/2025 Statcast baseline active,7,8,22,0,Contact streak: 8/22 over last 7 games,"same-side matchup; pitcher baseline 8.8% barrel, 19.5 HR allowed",fly-ball profile; pitcher allows elevated contact,8.28,36.4,87.6,98.1765,0.3799,0.1557,0.307,70.28,8.76,41.68,35.14,7.3,0.1366,8.82,40.11,89.6,0.3996,0.1641,30.98,76 deg,Open-Meteo forecast; MLB fallback,https://forecast.weather.gov/MapClick.php?lat=41.8300&lon=-87.6338,85,0,62,Rate Field,,,,,,,,,,,
130,694249,Cole Carrigg,COL,CWS,2026-09-25T23:40:00Z,Scheduled,5,Sean Burke,680732,R,47.6,Longshot,Watch List,"Projected Lineup, Platoon Edge",28.3,44.6,41.0,81.9,75.0,57.2,50.0,,No,No,5,Yes,Yes,RotoWire projected lineup; MLB probable pitchers,lineup projected / unconfirmed,H:2026 P:2026/2025,,,Direct BvP not yet weighted; 2026/2025 Statcast baseline active,7,11,29,1,Contact streak: 11/29 over last 7 games,"switch hitter; pitcher baseline 8.8% barrel, 19.5 HR allowed",neutral batted-ball profile; pitcher allows elevated contact,5.8,37.0,87.9,99.0201,0.402,0.153,0.315,73.1,34.5,47.7,28.8,11.0,0.193,8.82,40.11,89.6,0.3996,0.1641,30.98,76 deg,Open-Meteo forecast; MLB fallback,https://forecast.weather.gov/MapClick.php?lat=41.8300&lon=-87.6338,85,0,62,Rate Field,,,,,,,,,,,
131,682657,Angel Martinez,CLE,KC,2026-09-25T23:40:00Z,Scheduled,5,Noah Cameron,702070,L,47.5,Longshot,Watch List,"Projected Lineup, Platoon Edge, Hot Hitter/Streak",23.9,37.7,47.2,81.9,75.0,97.0,50.0,,No,No,5,Yes,Yes,RotoWire projected lineup; MLB probable pitchers,lineup projected / unconfirmed,H:2026/2025 P:2026/2025,,,Direct BvP not yet weighted; 2026/2025 Statcast baseline active,7,10,25,3,Hot streak: 3 HR in last 7 games,"switch hitter; pitcher baseline 7.6% barrel, 18.7 HR allowed",neutral batted-ball profile; pitcher fly-ball pressure modest,6.3,34.13,87.45,98.4931,0.3802,0.1375,0.2893,71.08,15.67,44.74,27.01,15.9,0.191,7.63,37.61,88.53,0.4054,0.1604,27.36,75 deg,Open-Meteo forecast; MLB fallback,https://forecast.weather.gov/MapClick.php?lat=39.0517&lon=-94.4803,63,1,71,Kauffman Stadium,,,,,,,,,,,
132,681297,Colton Cowser,BAL,MIN,2026-09-25T20:10:00Z,Scheduled,6,,,,47.4,Longshot,Watch List,"Projected Lineup, Strong Barrel",42.6,41.2,58.2,71.7,60.0,24.9,10.4,47.0,No,No,6,Yes,Yes,RotoWire projected lineup; MLB probable pitchers,lineup projected / unconfirmed,H:2026/2025 P:,,,Direct BvP not yet weighted; 2026/2025 Statcast baseline active,7,6,21,0,"Last 7 games: 6/21, 0 HR","handedness incomplete; pitcher baseline 0.0% barrel, 0.0 HR allowed",neutral batted-ball profile; pitcher fly-ball pressure modest,10.88,42.15,88.73,100.7314,0.3984,0.1869,0.3063,74.3,43.38,38.45,31.59,13.9,0.1561,,,,,,,12 deg,Open-Meteo forecast; MLB fallback,https://forecast.weather.gov/MapClick.php?lat=40.8296&lon=-73.9262,44,0,63,Yankee Stadium,,11.7,0.101,85,2,89,0,-4,5.43,7,EV/ISO weak despite recent HR note
133,683737,Michael Busch,CHC,BOS,2026-09-25T21:35:00Z,Scheduled,7,Brayan Bello,678394,R,47.3,Longshot,Watch List,"Projected Lineup, Strong Barrel, Platoon Edge",45.2,39.0,37.7,59.8,80.0,36.3,50.0,,No,No,3,Yes,Yes,RotoWire projected lineup; MLB probable pitchers,lineup projected / unconfirmed; order MLB 7 vs RotoWire 3,H:2026/2025 P:2026/2025,,,Direct BvP not yet weighted; 2026/2025 Statcast baseline active,7,6,25,1,"Last 7 games: 6/25, 1 HR","platoon edge; pitcher baseline 7.5% barrel, 13.2 HR allowed",fly-ball profile; pitcher fly-ball pressure modest,11.64,42.05,89.54,99.7296,0.4472,0.2055,0.3458,68.9,5.92,40.84,35.39,24.2,0.1864,7.45,39.72,88.87,0.4321,0.1559,22.11,349 deg,Open-Meteo forecast; MLB fallback,https://forecast.weather.gov/MapClick.php?lat=42.3467&lon=-71.0972,59,0,53,Fenway Park,,,,,,,,,,,
134,701678,Hao-Yu Lee,DET,PIT,2026-09-25T22:40:00Z,Scheduled,3,Bubba Chandler,696149,R,47.3,Longshot,Watch List,"Projected Lineup, Premium Lineup Spot",36.0,37.5,39.1,92.1,50.0,53.6,50.0,,No,No,3,Yes,Yes,RotoWire projected lineup; MLB probable pitchers,lineup projected / unconfirmed,H:2026 P:2026/2025,,,Direct BvP not yet weighted; 2026/2025 Statcast baseline active,7,11,31,1,Contact streak: 11/31 over last 7 games,"same-side matchup; pitcher baseline 7.2% barrel, 11.1 HR allowed",neutral batted-ball profile; pitcher fly-ball pressure modest,8.9,41.4,89.6,100.3159,0.397,0.163,0.303,71.4,21.4,27.4,26.6,10.0,0.164,7.16,39.44,89.36,0.3898,0.1567,26.44,61 deg,Open-Meteo forecast; MLB fallback,https://forecast.weather.gov/MapClick.php?lat=42.3390&lon=-83.0485,57,0,58,Comerica Park,,,,,,,,,,,
135,694673,Abimelec Ortiz,WSH,NYM,2026-09-25T22:45:00Z,Scheduled,3,,,,47.2,Longshot,Watch List,"Projected Lineup, Premium Lineup Spot",37.9,41.2,40.7,92.1,60.0,0.8,50.0,,No,No,3,Yes,Yes,RotoWire projected lineup; MLB probable pitchers,lineup projected / unconfirmed,H:2026 P:,,,Direct BvP not yet weighted; 2026/2025 Statcast baseline active,7,2,16,0,"Last 7 games: 2/16, 0 HR","handedness incomplete; pitcher baseline 0.0% barrel, 0.0 HR allowed",neutral batted-ball profile; pitcher fly-ball pressure modest,7.8,38.9,89.7,100.0989,0.393,0.177,0.279,75.6,60.5,44.4,32.2,5.0,0.161,,,,,,,79 deg,Open-Meteo forecast; MLB fallback,https://forecast.weather.gov/MapClick.php?lat=38.8730&lon=-77.0074,66,0,60,Nationals Park,,,,,,,,,,,
136,553993,Eugenio Suarez,CIN,TOR,2026-09-25T23:07:00Z,Scheduled,6,,,,47.2,Longshot,Watch List,"Projected Lineup, Strong Barrel",44.3,41.2,40.4,71.7,60.0,19.9,50.0,,No,No,6,Yes,Yes,RotoWire projected lineup; MLB probable pitchers,lineup projected / unconfirmed,H:2026/2025 P:,,,Direct BvP not yet weighted; 2026/2025 Statcast baseline active,7,3,23,1,"Last 7 games: 3/23, 1 HR","handedness incomplete; pitcher baseline 0.0% barrel, 0.0 HR allowed",neutral batted-ball profile; pitcher fly-ball pressure modest,12.69,39.2,88.94,99.907,0.3965,0.1939,0.3053,72.3,24.05,46.84,34.81,32.2,0.2406,,,,,,,43 deg,Open-Meteo forecast; MLB fallback,https://forecast.weather.gov/MapClick.php?lat=43.6414&lon=-79.3894,68,0,57,Rogers Centre,,,,,,,,,,,
137,670623,Isaac Paredes,HOU,ATH,2026-09-26T01:40:00Z,Scheduled,3,Jacob Lopez,682052,L,47.2,Longshot,Watch List,"Projected Lineup, Premium Lineup Spot, Platoon Edge, Hot Hitter/Streak",18.2,28.6,62.4,92.1,78.0,91.0,50.0,,No,No,3,Yes,Yes,RotoWire projected lineup; MLB probable pitchers,lineup projected / unconfirmed,H:2026/2025 P:2026/2025,,,Direct BvP not yet weighted; 2026/2025 Statcast baseline active,7,9,25,3,Hot streak: 3 HR in last 7 games,"platoon edge; pitcher baseline 6.6% barrel, 19.9 HR allowed",neutral batted-ball profile; pitcher allows elevated contact,5.32,30.66,86.49,97.0103,0.3744,0.1327,0.3221,67.74,7.57,51.65,31.29,22.8,0.19,6.6,32.36,85.22,0.3599,0.145,34.72,232 deg,Open-Meteo forecast; MLB fallback,https://forecast.weather.gov/MapClick.php?lat=38.5804&lon=-121.5139,24,0,92,Sutter Health Park,,,,,,,,,,,
138,687637,Dylan Beavers,BAL,NYY,2026-09-25T20:10:00Z,Scheduled,1,,,,47.1,Longshot,Watch List,"Projected Lineup, Premium Lineup Spot",31.6,41.2,58.2,88.7,60.0,0.0,50.0,,No,No,1,Yes,Yes,RotoWire projected lineup; MLB probable pitchers,lineup projected / unconfirmed,H:2026/2025 P:,,,Direct BvP not yet weighted; 2026/2025 Statcast baseline active,7,2,25,0,"Last 7 games: 2/25, 0 HR","handedness incomplete; pitcher baseline 0.0% barrel, 0.0 HR allowed",neutral batted-ball profile; pitcher fly-ball pressure modest,8.18,35.21,88.1,99.1757,0.3779,0.1593,0.3083,72.41,21.75,40.46,33.42,6.1,0.1429,,,,,,,12 deg,Open-Meteo forecast; MLB fallback,https://forecast.weather.gov/MapClick.php?lat=40.8296&lon=-73.9262,44,0,63,Yankee Stadium,,,,,,,,,,,
139,672640,Otto Lopez,MIA,ATL,2026-09-25T23:10:00Z,Scheduled,3,,,,47.1,Longshot,Watch List,"Projected Lineup, Premium Lineup Spot",29.9,41.2,43.0,92.1,60.0,41.7,50.0,,No,No,3,Yes,Yes,RotoWire projected lineup; MLB probable pitchers,lineup projected / unconfirmed,H:2026/2025 P:,,,Direct BvP not yet weighted; 2026/2025 Statcast baseline active,7,8,29,1,"Last 7 games: 8/29, 1 HR","handedness incomplete; pitcher baseline 0.0% barrel, 0.0 HR allowed",neutral batted-ball profile; pitcher fly-ball pressure modest,6.4,40.19,88.92,100.1658,0.4235,0.1454,0.3286,71.84,22.95,34.12,22.78,12.2,0.1304,,,,,,,61 deg,Open-Meteo forecast; MLB fallback,https://forecast.weather.gov/MapClick.php?lat=25.7781&lon=-80.2197,80,11,82,loanDepot park,,,,,,,,,,,
140,802139,JJ Wetherholt,STL,MIL,2026-09-25T23:40:00Z,Scheduled,1,Robert Gasser,688107,L,46.8,Longshot,Watch List,"Projected Lineup, Premium Lineup Spot",39.2,38.3,38.1,88.7,50.0,32.0,50.0,,No,No,1,Yes,Yes,RotoWire projected lineup; MLB probable pitchers,lineup projected / unconfirmed,H:2026 P:2026/2025,,,Direct BvP not yet weighted; 2026/2025 Statcast baseline active,7,8,24,0,Contact streak: 8/24 over last 7 games,"same-side matchup; pitcher baseline 8.6% barrel, 10.1 HR allowed",neutral batted-ball profile; pitcher fly-ball pressure modest,7.5,45.1,89.8,99.4147,0.438,0.182,0.349,71.9,19.3,36.4,29.4,17.0,0.125,8.58,36.7,88.27,0.3988,0.1614,25.7,23 deg,Open-Meteo forecast; MLB fallback,https://forecast.weather.gov/MapClick.php?lat=43.0280&lon=-87.9712,82,0,60,American Family Field,,,,,,,,,,,
141,828599,Lucas Spence,HOU,ATH,2026-09-26T01:40:00Z,Scheduled,8,Jacob Lopez,682052,L,46.8,Longshot,Watch List,"Projected Lineup, Strong Barrel, Hot Hitter/Streak",45.0,28.6,62.4,47.9,50.0,87.0,50.0,,No,No,8,Yes,Yes,RotoWire projected lineup; MLB probable pitchers,lineup projected / unconfirmed,H:2026 P:2026/2025,,,Direct BvP not yet weighted; 2026/2025 Statcast baseline active,7,4,12,3,Hot streak: 3 HR in last 7 games,"same-side matchup; pitcher baseline 6.6% barrel, 19.9 HR allowed",EV profile; pitcher allows elevated contact,11.1,48.1,92.3,101.5869,0.365,0.17,0.285,72.8,29.6,51.9,22.2,3.0,0.227,6.6,32.36,85.22,0.3599,0.145,34.72,232 deg,Open-Meteo forecast; MLB fallback,https://forecast.weather.gov/MapClick.php?lat=38.5804&lon=-121.5139,24,0,92,Sutter Health Park,,,,,,,,,,,
142,682626,Francisco Alvarez,NYM,ATL,2026-09-25T22:45:00Z,Scheduled,7,Andrew Alvarez,674841,L,46.7,Longshot,Watch List,"Projected Lineup, Strong Barrel, Platoon Edge",55.7,20.8,40.7,59.8,78.0,46.9,38.9,73.0,No,No,7,Yes,Yes,RotoWire projected lineup; MLB probable pitchers,lineup projected / unconfirmed,H:2026/2025 P:2026/2025,,,Direct BvP not yet weighted; 2026/2025 Statcast baseline active,7,9,29,1,"Last 7 games: 9/29, 1 HR","platoon edge; pitcher baseline 4.8% barrel, 3.8 HR allowed",neutral batted-ball profile; pitcher fly-ball pressure modest,14.62,49.54,91.42,103.1,0.4363,0.2059,0.3246,74.11,42.39,37.33,25.03,14.5,0.1756,4.75,38.98,88.83,0.3388,0.106,18.32,79 deg,Open-Meteo forecast; MLB fallback,https://forecast.weather.gov/MapClick.php?lat=38.8730&lon=-77.0074,66,0,60,Nationals Park,,14.3,0.262,89,6,84,0,3,5.98,8,Good catcher power vs Elder RHH split
143,693307,Dillon Dingler,DET,PIT,2026-09-25T22:40:00Z,Scheduled,5,Bubba Chandler,696149,R,46.1,Longshot,Watch List,Projected Lineup,42.5,37.5,39.1,81.9,50.0,18.0,50.0,,No,No,5,Yes,Yes,RotoWire projected lineup; MLB probable pitchers,lineup projected / unconfirmed,H:2026/2025 P:2026/2025,,,Direct BvP not yet weighted; 2026/2025 Statcast baseline active,7,6,25,0,"Last 7 games: 6/25, 0 HR","same-side matchup; pitcher baseline 7.2% barrel, 11.1 HR allowed",neutral batted-ball profile; pitcher fly-ball pressure modest,9.76,43.74,89.09,100.5369,0.465,0.1948,0.3434,71.77,16.04,41.29,28.22,22.8,0.1883,7.16,39.44,89.36,0.3898,0.1567,26.44,61 deg,Open-Meteo forecast; MLB fallback,https://forecast.weather.gov/MapClick.php?lat=42.3390&lon=-83.0485,57,0,58,Comerica Park,,,,,,,,,,,
144,668904,Royce Lewis,MIN,TEX,2026-09-26T00:10:00Z,Scheduled,6,Jacob deGrom,594798,R,45.9,Longshot,Watch List,"Projected Lineup, Strong Barrel",39.5,46.0,44.6,71.7,50.0,7.0,50.0,,No,No,6,Yes,Yes,RotoWire projected lineup; MLB probable pitchers,lineup projected / unconfirmed,H:2026/2025 P:2026/2025,,,Direct BvP not yet weighted; 2026/2025 Statcast baseline active,7,5,30,0,"Last 7 games: 5/30, 0 HR","same-side matchup; pitcher baseline 8.3% barrel, 21.8 HR allowed",neutral batted-ball profile; pitcher fly-ball pressure modest,10.03,40.02,89.73,100.472,0.3951,0.1572,0.3026,74.72,50.24,46.44,30.5,13.7,0.151,8.32,44.0,90.31,0.3763,0.1518,28.83,138 deg,Open-Meteo forecast; MLB fallback,https://forecast.weather.gov/MapClick.php?lat=44.9817&lon=-93.2776,86,34,62,Target Field,,,,,,,,,,,
145,694208,Moises Ballesteros,LAA,SEA,2026-09-26T02:10:00Z,Scheduled,5,Bryce Miller,682243,R,45.9,Longshot,Watch List,"Projected Lineup, Platoon Edge",33.2,43.2,37.9,81.9,80.0,0.0,50.0,,No,No,5,Yes,Yes,RotoWire projected lineup; MLB probable pitchers,lineup projected / unconfirmed,H:2026/2025 P:2026/2025,,,Direct BvP not yet weighted; 2026/2025 Statcast baseline active,7,3,25,0,"Last 7 games: 3/25, 0 HR","platoon edge; pitcher baseline 8.3% barrel, 19.1 HR allowed",neutral batted-ball profile; pitcher allows elevated contact,8.03,42.33,90.01,100.6341,0.3797,0.1415,0.3053,72.29,29.3,33.8,22.26,6.9,0.1368,8.28,36.98,88.83,0.4066,0.1673,31.3,360 deg,Open-Meteo forecast; MLB fallback,https://forecast.weather.gov/MapClick.php?lat=47.5914&lon=-122.3325,82,7,58,T-Mobile Park,,,,,,,,,,,
146,679529,Spencer Torkelson,DET,PIT,2026-09-25T22:40:00Z,Scheduled,7,Bubba Chandler,696149,R,45.8,Longshot,Watch List,"Projected Lineup, Strong Barrel",47.7,37.5,39.1,59.8,50.0,39.8,50.0,,No,No,7,Yes,Yes,RotoWire projected lineup; MLB probable pitchers,lineup projected / unconfirmed,H:2026/2025 P:2026/2025,,,Direct BvP not yet weighted; 2026/2025 Statcast baseline active,7,5,19,1,"Last 7 games: 5/19, 1 HR","same-side matchup; pitcher baseline 7.2% barrel, 11.1 HR allowed",fly-ball profile; pitcher fly-ball pressure modest,12.52,42.86,89.71,100.2128,0.4105,0.195,0.3193,73.07,25.95,48.26,36.04,26.8,0.2027,7.16,39.44,89.36,0.3898,0.1567,26.44,61 deg,Open-Meteo forecast; MLB fallback,https://forecast.weather.gov/MapClick.php?lat=42.3390&lon=-83.0485,57,0,58,Comerica Park,,,,,,,,,,,
147,596019,Francisco Lindor,NYM,WSH,2026-09-25T22:45:00Z,Scheduled,1,Andrew Alvarez,674841,L,45.8,Longshot,Watch List,"Projected Lineup, Premium Lineup Spot, Platoon Edge",45.7,20.4,40.7,88.7,75.0,7.0,50.0,,No,No,1,Yes,Yes,RotoWire projected lineup; MLB probable pitchers,lineup projected / unconfirmed,H:2026/2025 P:2026/2025,,,Direct BvP not yet weighted; 2026/2025 Statcast baseline active,7,5,30,0,"Last 7 games: 5/30, 0 HR","switch hitter; pitcher baseline 4.8% barrel, 3.8 HR allowed",neutral batted-ball profile; pitcher fly-ball pressure modest,8.9,47.62,91.13,100.5377,0.4386,0.1933,0.3345,72.23,24.7,44.27,32.33,23.3,0.1976,4.75,38.98,88.83,0.3388,0.106,18.32,79 deg,Open-Meteo forecast; MLB fallback,https://forecast.weather.gov/MapClick.php?lat=38.8730&lon=-77.0074,66,0,60,Nationals Park,,,,,,,,,,,
148,656811,Ryan O'Hearn,PIT,DET,2026-09-25T22:40:00Z,Scheduled,6,Jackson Jobe,695549,R,45.6,Longshot,Watch List,"Projected Lineup, Platoon Edge",33.2,42.9,39.1,71.7,80.0,19.5,50.0,,No,No,6,Yes,Yes,RotoWire projected lineup; MLB probable pitchers,lineup projected / unconfirmed,H:2026/2025 P:2026/2025,,,Direct BvP not yet weighted; 2026/2025 Statcast baseline active,7,6,24,0,"Last 7 games: 6/24, 0 HR","platoon edge; pitcher baseline 9.6% barrel, 7.0 HR allowed",neutral batted-ball profile; pitcher fly-ball pressure modest,7.11,42.71,89.26,99.3211,0.4085,0.1544,0.3239,71.03,11.43,38.66,27.73,17.7,0.1721,9.61,37.56,88.54,0.4065,0.1722,28.56,61 deg,Open-Meteo forecast; MLB fallback,https://forecast.weather.gov/MapClick.php?lat=42.3390&lon=-83.0485,57,0,58,Comerica Park,,,,,,,,,,,
149,681508,Mickey Gasper,BOS,CHC,2026-09-25T21:35:00Z,Scheduled,2,David Peterson,656849,L,45.5,Longshot,Watch List,"Projected Lineup, Premium Lineup Spot, Platoon Edge",31.2,33.2,37.7,95.5,75.0,20.3,50.0,,No,Yes,2,Yes,Yes,RotoWire projected lineup; MLB probable pitchers,lineup projected / unconfirmed,H:2026/2025 P:2026/2025,,,Direct BvP not yet weighted; 2026/2025 Statcast baseline active,7,2,15,1,"Last 7 games: 2/15, 1 HR","switch hitter; pitcher baseline 6.3% barrel, 13.8 HR allowed",neutral batted-ball profile; pitcher fly-ball pressure modest,7.67,35.75,88.57,98.5972,0.388,0.1615,0.3214,71.58,12.21,41.08,31.2,7.6,0.1748,6.33,41.87,89.34,0.4042,0.1356,18.45,349 deg,Open-Meteo forecast; MLB fallback,https://forecast.weather.gov/MapClick.php?lat=42.3467&lon=-71.0972,59,0,53,Fenway Park,,,,,,,,,,,
150,672580,Maikel Garcia,KC,CLE,2026-09-25T23:40:00Z,Scheduled,5,Gavin Williams,668909,R,45.5,Longshot,Watch List,Projected Lineup,25.6,54.4,47.2,81.9,50.0,10.6,50.0,,No,No,5,Yes,Yes,RotoWire projected lineup; MLB probable pitchers,lineup projected / unconfirmed,H:2026/2025 P:2026/2025,,,Direct BvP not yet weighted; 2026/2025 Statcast baseline active,7,4,21,0,"Last 7 games: 4/21, 0 HR","same-side matchup; pitcher baseline 10.7% barrel, 25.8 HR allowed",neutral batted-ball profile; pitcher fly-ball pressure modest,4.69,41.39,90.25,100.2686,0.3842,0.1117,0.321,71.69,17.8,34.39,21.25,6.9,0.1294,10.68,45.84,90.19,0.3973,0.1747,25.79,75 deg,Open-Meteo forecast; MLB fallback,https://forecast.weather.gov/MapClick.php?lat=39.0517&lon=-94.4803,63,1,71,Kauffman Stadium,,,,,,,,,,,
151,668901,Mark Vientos,NYM,WSH,2026-09-25T22:45:00Z,Scheduled,5,Andrew Alvarez,674841,L,45.4,Longshot,Watch List,"Projected Lineup, Strong Barrel, Platoon Edge",46.5,20.8,40.7,81.9,78.0,7.0,50.0,,No,No,5,Yes,Yes,RotoWire projected lineup; MLB probable pitchers,lineup projected / unconfirmed,H:2026/2025 P:2026/2025,,,Direct BvP not yet weighted; 2026/2025 Statcast baseline active,7,3,18,0,"Last 7 games: 3/18, 0 HR","platoon edge; pitcher baseline 4.8% barrel, 3.8 HR allowed",neutral batted-ball profile; pitcher fly-ball pressure modest,10.45,46.3,90.28,101.2252,0.4369,0.2003,0.3123,72.88,27.69,37.21,28.81,14.2,0.1828,4.75,38.98,88.83,0.3388,0.106,18.32,79 deg,Open-Meteo forecast; MLB fallback,https://forecast.weather.gov/MapClick.php?lat=38.8730&lon=-77.0074,66,0,60,Nationals Park,,,,,,,,,,,
152,703607,Henry Bolte,ATH,HOU,2026-09-26T01:40:00Z,Scheduled,1,Hunter Brown,686613,R,45.4,Longshot,Watch List,"Projected Lineup, Premium Lineup Spot",37.6,20.9,62.4,88.7,50.0,24.9,50.0,,No,No,1,Yes,Yes,RotoWire projected lineup; MLB probable pitchers,lineup projected / unconfirmed,H:2026 P:2026/2025,,,Direct BvP not yet weighted; 2026/2025 Statcast baseline active,7,8,28,0,"Last 7 games: 8/28, 0 HR","same-side matchup; pitcher baseline 6.0% barrel, 12.8 HR allowed",neutral batted-ball profile; pitcher fly-ball pressure modest,8.0,48.2,90.8,104.3706,0.372,0.128,0.315,76.8,70.4,32.7,14.9,11.0,0.127,5.97,35.77,86.17,0.3194,0.1164,22.53,232 deg,Open-Meteo forecast; MLB fallback,https://forecast.weather.gov/MapClick.php?lat=38.5804&lon=-121.5139,24,0,92,Sutter Health Park,,,,,,,,,,,
153,668670,Jake Rogers,CWS,COL,2026-09-25T23:40:00Z,Scheduled,7,Tomoyuki Sugano,608372,R,45.3,Longshot,Watch List,Projected Lineup,28.7,68.7,41.0,59.8,50.0,0.0,50.0,,No,No,7,Yes,Yes,RotoWire projected lineup; MLB probable pitchers,lineup projected / unconfirmed,H:2026/2025 P:2026/2025,,,Direct BvP not yet weighted; 2026/2025 Statcast baseline active,7,1,12,0,"Last 7 games: 1/12, 0 HR","same-side matchup; pitcher baseline 11.8% barrel, 31.6 HR allowed",neutral batted-ball profile; pitcher allows elevated contact,9.34,37.61,88.45,98.1269,0.3035,0.1249,0.2691,70.57,4.79,46.18,32.01,3.7,0.132,11.8,42.53,90.77,0.5359,0.2357,30.07,76 deg,Open-Meteo forecast; MLB fallback,https://forecast.weather.gov/MapClick.php?lat=41.8300&lon=-87.6338,85,0,62,Rate Field,,,,,,,,,,,
154,687093,Vaughn Grissom,LAA,SEA,2026-09-26T02:10:00Z,Scheduled,4,Bryce Miller,682243,R,45.2,Longshot,Watch List,"Projected Lineup, Premium Lineup Spot",25.1,43.2,37.9,90.4,50.0,60.7,50.0,,No,No,4,Yes,Yes,RotoWire projected lineup; MLB probable pitchers,lineup projected / unconfirmed,H:2026 P:2026/2025,,,Direct BvP not yet weighted; 2026/2025 Statcast baseline active,7,7,25,2,Hot streak: 2 HR in last 7 games,"same-side matchup; pitcher baseline 8.3% barrel, 19.1 HR allowed",neutral batted-ball profile; pitcher allows elevated contact,6.9,35.7,87.5,98.6194,0.38,0.138,0.309,70.9,16.1,39.9,24.9,13.0,0.149,8.28,36.98,88.83,0.4066,0.1673,31.3,360 deg,Open-Meteo forecast; MLB fallback,https://forecast.weather.gov/MapClick.php?lat=47.5914&lon=-122.3325,82,7,58,T-Mobile Park,,,,,,,,,,,
155,642350,Jose Siri,LAA,SEA,2026-09-26T02:10:00Z,Scheduled,8,Bryce Miller,682243,R,45.1,Longshot,Watch List,"Projected Lineup, Strong Barrel",47.1,43.2,37.9,47.9,50.0,41.2,50.0,,No,No,8,Yes,Yes,RotoWire projected lineup; MLB probable pitchers,lineup projected / unconfirmed,H:2026/2025 P:2026/2025,,,Direct BvP not yet weighted; 2026/2025 Statcast baseline active,7,6,22,1,"Last 7 games: 6/22, 1 HR","same-side matchup; pitcher baseline 8.3% barrel, 19.1 HR allowed",fly-ball profile; pitcher allows elevated contact,15.1,39.74,87.91,99.6298,0.3683,0.1847,0.2708,73.08,33.89,32.46,41.92,6.3,0.1355,8.28,36.98,88.83,0.4066,0.1673,31.3,360 deg,Open-Meteo forecast; MLB fallback,https://forecast.weather.gov/MapClick.php?lat=47.5914&lon=-122.3325,82,7,58,T-Mobile Park,,,,,,,,,,,
156,668939,Adley Rutschman,BOS,CHC,2026-09-25T21:35:00Z,Scheduled,3,David Peterson,656849,L,45.0,Longshot,Watch List,"Projected Lineup, Premium Lineup Spot, Platoon Edge",31.4,33.2,37.7,92.1,75.0,19.5,50.0,,No,No,5,Yes,Yes,RotoWire projected lineup; MLB probable pitchers,lineup projected / unconfirmed; order MLB 3 vs RotoWire 5,H:2026/2025 P:2026/2025,,,Direct BvP not yet weighted; 2026/2025 Statcast baseline active,7,7,28,0,"Last 7 games: 7/28, 0 HR","switch hitter; pitcher baseline 6.3% barrel, 13.8 HR allowed",neutral batted-ball profile; pitcher fly-ball pressure modest,7.01,38.39,88.98,99.1526,0.4086,0.1599,0.325,70.42,12.0,38.68,29.99,11.1,0.1691,6.33,41.87,89.34,0.4042,0.1356,18.45,349 deg,Open-Meteo forecast; MLB fallback,https://forecast.weather.gov/MapClick.php?lat=42.3467&lon=-71.0972,59,0,53,Fenway Park,,,,,,,,,,,
157,701358,Cam Smith,HOU,ATH,2026-09-26T01:40:00Z,Scheduled,7,Jacob Lopez,682052,L,45.0,Longshot,Watch List,"Projected Lineup, Strong Barrel, Platoon Edge",40.6,28.6,62.4,59.8,78.0,0.0,50.0,,No,No,7,Yes,Yes,RotoWire projected lineup; MLB probable pitchers,lineup projected / unconfirmed,H:2026/2025 P:2026/2025,,,Direct BvP not yet weighted; 2026/2025 Statcast baseline active,7,2,24,0,"Last 7 games: 2/24, 0 HR","platoon edge; pitcher baseline 6.6% barrel, 19.9 HR allowed",neutral batted-ball profile; pitcher allows elevated contact,10.05,42.55,88.39,101.2942,0.4089,0.1732,0.3124,76.95,68.81,37.7,25.0,16.7,0.1612,6.6,32.36,85.22,0.3599,0.145,34.72,232 deg,Open-Meteo forecast; MLB fallback,https://forecast.weather.gov/MapClick.php?lat=38.5804&lon=-121.5139,24,0,92,Sutter Health Park,,,,,,,,,,,
158,814430,Brett Callahan,DET,PIT,2026-09-25T22:40:00Z,Scheduled,8,Bubba Chandler,696149,R,44.9,Longshot,Watch List,"Projected Lineup, Strong Barrel, Platoon Edge",47.2,37.5,39.1,47.9,80.0,12.0,50.0,,No,No,8,Yes,Yes,RotoWire projected lineup; MLB probable pitchers,lineup projected / unconfirmed,H:2026 P:2026/2025,,,Direct BvP not yet weighted; 2026/2025 Statcast baseline active,7,2,10,0,"Last 7 games: 2/10, 0 HR","platoon edge; pitcher baseline 7.2% barrel, 11.1 HR allowed",neutral batted-ball profile; pitcher fly-ball pressure modest,11.9,45.2,90.3,101.0042,0.398,0.175,0.301,74.9,50.7,33.3,33.3,1.0,0.121,7.16,39.44,89.36,0.3898,0.1567,26.44,61 deg,Open-Meteo forecast; MLB fallback,https://forecast.weather.gov/MapClick.php?lat=42.3390&lon=-83.0485,57,0,58,Comerica Park,,,,,,,,,,,
159,669236,Jeremiah Jackson,BAL,NYY,2026-09-25T20:10:00Z,Scheduled,7,,,,44.5,Longshot,Watch List,Projected Lineup,33.2,41.2,58.2,59.8,60.0,19.1,50.0,,No,No,7,Yes,Yes,RotoWire projected lineup; MLB probable pitchers,lineup projected / unconfirmed,H:2026/2025 P:,,,Direct BvP not yet weighted; 2026/2025 Statcast baseline active,7,3,24,1,"Last 7 games: 3/24, 1 HR","handedness incomplete; pitcher baseline 0.0% barrel, 0.0 HR allowed",neutral batted-ball profile; pitcher fly-ball pressure modest,7.64,40.47,89.55,100.3681,0.3881,0.1552,0.2847,72.74,27.59,39.23,24.35,7.8,0.1507,,,,,,,12 deg,Open-Meteo forecast; MLB fallback,https://forecast.weather.gov/MapClick.php?lat=40.8296&lon=-73.9262,44,0,63,Yankee Stadium,,,,,,,,,,,
160,691781,Brady House,WSH,NYM,2026-09-25T22:45:00Z,Scheduled,7,,,,44.5,Longshot,Watch List,Projected Lineup,38.8,41.2,40.7,59.8,60.0,32.0,50.0,,No,No,7,Yes,Yes,RotoWire projected lineup; MLB probable pitchers,lineup projected / unconfirmed,H:2026/2025 P:,,,Direct BvP not yet weighted; 2026/2025 Statcast baseline active,7,6,18,0,Contact streak: 6/18 over last 7 games,"handedness incomplete; pitcher baseline 0.0% barrel, 0.0 HR allowed",neutral batted-ball profile; pitcher fly-ball pressure modest,8.15,47.49,90.01,101.9435,0.4176,0.1539,0.319,73.17,30.25,31.84,25.86,8.2,0.1321,,,,,,,79 deg,Open-Meteo forecast; MLB fallback,https://forecast.weather.gov/MapClick.php?lat=38.8730&lon=-77.0074,66,0,60,Nationals Park,,,,,,,,,,,
161,804606,Konnor Griffin,PIT,DET,2026-09-25T22:40:00Z,Scheduled,1,Jackson Jobe,695549,R,44.2,Longshot,Watch List,"Projected Lineup, Premium Lineup Spot",26.7,42.9,39.1,88.7,50.0,33.7,50.0,,No,No,1,Yes,Yes,RotoWire projected lineup; MLB probable pitchers,lineup projected / unconfirmed,H:2026 P:2026/2025,,,Direct BvP not yet weighted; 2026/2025 Statcast baseline active,7,10,29,0,Contact streak: 10/29 over last 7 games,"same-side matchup; pitcher baseline 9.6% barrel, 7.0 HR allowed",neutral batted-ball profile; pitcher fly-ball pressure modest,6.4,36.0,87.8,100.2793,0.393,0.137,0.309,75.4,56.3,39.6,17.6,5.0,0.123,9.61,37.56,88.54,0.4065,0.1722,28.56,61 deg,Open-Meteo forecast; MLB fallback,https://forecast.weather.gov/MapClick.php?lat=42.3390&lon=-83.0485,57,0,58,Comerica Park,,,,,,,,,,,
162,664983,Jake McCarthy,COL,CWS,2026-09-25T23:40:00Z,Scheduled,1,Sean Burke,680732,R,44.2,Longshot,Watch List,"Projected Lineup, Premium Lineup Spot, Platoon Edge",16.6,46.7,41.0,88.7,80.0,24.9,50.0,,No,No,1,Yes,Yes,RotoWire projected lineup; MLB probable pitchers,lineup projected / unconfirmed,H:2026/2025 P:2026/2025,,,Direct BvP not yet weighted; 2026/2025 Statcast baseline active,7,8,28,0,"Last 7 games: 8/28, 0 HR","platoon edge; pitcher baseline 8.8% barrel, 19.5 HR allowed",neutral batted-ball profile; pitcher allows elevated contact,5.44,28.09,85.05,96.8217,0.402,0.1378,0.3119,70.96,13.47,37.87,21.52,11.7,0.1739,8.82,40.11,89.6,0.3996,0.1641,30.98,76 deg,Open-Meteo forecast; MLB fallback,https://forecast.weather.gov/MapClick.php?lat=41.8300&lon=-87.6338,85,0,62,Rate Field,,,,,,,,,,,
163,681624,Andy Pages,LAD,SF,2026-09-26T02:15:00Z,Scheduled,8,Yunior Marte,805074,R,44.1,Longshot,Watch List,Projected Lineup,35.5,49.5,49.3,47.9,50.0,32.0,50.0,,No,No,8,Yes,Yes,RotoWire projected lineup; MLB probable pitchers,lineup projected / unconfirmed,H:2026/2025 P:2026,,,Direct BvP not yet weighted; 2026/2025 Statcast baseline active,7,8,24,0,Contact streak: 8/24 over last 7 games,"same-side matchup; pitcher baseline 11.1% barrel, 3.0 HR allowed",neutral batted-ball profile; pitcher fly-ball pressure modest,7.84,40.42,88.74,99.6529,0.4343,0.1658,0.3335,72.85,26.19,38.32,28.65,22.8,0.1862,11.1,41.3,88.4,0.435,0.184,28.6,283 deg,Open-Meteo forecast; MLB fallback,https://forecast.weather.gov/MapClick.php?lat=37.7786&lon=-122.3893,47,0,71,Oracle Park,,,,,,,,,,,
164,608324,Alex Bregman,CHC,BOS,2026-09-25T21:35:00Z,Scheduled,3,Brayan Bello,678394,R,44.0,Longshot,Watch List,"Projected Lineup, Premium Lineup Spot",28.3,39.0,37.7,92.1,50.0,31.6,50.0,,No,Yes,3,Yes,Yes,RotoWire projected lineup; MLB probable pitchers,lineup projected / unconfirmed,H:2026/2025 P:2026/2025,,,Direct BvP not yet weighted; 2026/2025 Statcast baseline active,7,5,24,1,"Last 7 games: 5/24, 1 HR","same-side matchup; pitcher baseline 7.5% barrel, 13.2 HR allowed",neutral batted-ball profile; pitcher fly-ball pressure modest,6.25,39.5,88.7,98.3811,0.3962,0.1453,0.3272,70.16,5.01,47.56,27.23,23.6,0.1897,7.45,39.72,88.87,0.4321,0.1559,22.11,349 deg,Open-Meteo forecast; MLB fallback,https://forecast.weather.gov/MapClick.php?lat=42.3467&lon=-71.0972,59,0,53,Fenway Park,,,,,,,,,,,
165,664761,Alec Bohm,PHI,TB,2026-09-25T22:40:00Z,Scheduled,5,Freddy Peralta,642547,R,44.0,Longshot,Watch List,Projected Lineup,33.0,33.9,47.8,81.9,50.0,26.4,50.0,,No,No,5,Yes,Yes,RotoWire projected lineup; MLB probable pitchers,lineup projected / unconfirmed,H:2026/2025 P:2026/2025,,,Direct BvP not yet weighted; 2026/2025 Statcast baseline active,7,8,27,0,"Last 7 games: 8/27, 0 HR","same-side matchup; pitcher baseline 6.9% barrel, 22.4 HR allowed",neutral batted-ball profile; pitcher fly-ball pressure modest,6.13,44.65,90.66,100.4845,0.4151,0.146,0.3275,71.28,15.4,28.28,22.51,13.8,0.1325,6.92,36.6,87.65,0.3694,0.1438,28.62,18 deg,Open-Meteo forecast; MLB fallback,https://forecast.weather.gov/MapClick.php?lat=39.9061&lon=-75.1665,52,0,62,Citizens Bank Park,,,,,,,,,,,
166,593428,Xander Bogaerts,SD,AZ,2026-09-26T01:40:00Z,Scheduled,6,Brandon Pfaadt,694297,R,43.8,Longshot,Watch List,Projected Lineup,28.5,43.0,44.6,71.7,50.0,46.0,50.0,,No,No,6,Yes,Yes,RotoWire projected lineup; MLB probable pitchers,lineup projected / unconfirmed,H:2026/2025 P:2026/2025,,,Direct BvP not yet weighted; 2026/2025 Statcast baseline active,7,7,23,1,"Last 7 games: 7/23, 1 HR","same-side matchup; pitcher baseline 8.4% barrel, 17.6 HR allowed",neutral batted-ball profile; pitcher fly-ball pressure modest,5.99,41.23,89.35,100.2502,0.3843,0.132,0.3235,72.24,27.59,43.38,23.2,11.7,0.114,8.45,38.24,89.26,0.4233,0.1645,23.48,304 deg,Open-Meteo forecast; MLB fallback,https://forecast.weather.gov/MapClick.php?lat=32.7073&lon=-117.1573,75,0,75,Petco Park,,,,,,,,,,,
167,514888,Jose Altuve,HOU,ATH,2026-09-26T01:40:00Z,Scheduled,4,Jacob Lopez,682052,L,43.7,Longshot,Watch List,"Projected Lineup, Premium Lineup Spot, Platoon Edge",13.5,28.6,62.4,90.4,78.0,55.3,50.0,,No,No,4,Yes,Yes,RotoWire projected lineup; MLB probable pitchers,lineup projected / unconfirmed,H:2026/2025 P:2026/2025,,,Direct BvP not yet weighted; 2026/2025 Statcast baseline active,7,11,30,1,Contact streak: 11/30 over last 7 games,"platoon edge; pitcher baseline 6.6% barrel, 19.9 HR allowed",neutral batted-ball profile; pitcher allows elevated contact,4.8,31.67,85.52,97.1125,0.3434,0.1155,0.2797,68.93,9.64,45.78,23.0,19.0,0.1567,6.6,32.36,85.22,0.3599,0.145,34.72,232 deg,Open-Meteo forecast; MLB fallback,https://forecast.weather.gov/MapClick.php?lat=38.5804&lon=-121.5139,24,0,92,Sutter Health Park,,,,,,,,,,,
168,666182,Bo Bichette,NYM,WSH,2026-09-25T22:45:00Z,Scheduled,3,Andrew Alvarez,674841,L,43.6,Longshot,Watch List,"Projected Lineup, Premium Lineup Spot, Platoon Edge",33.0,20.8,40.7,92.1,78.0,26.2,50.0,,No,No,3,Yes,Yes,RotoWire projected lineup; MLB probable pitchers,lineup projected / unconfirmed,H:2026/2025 P:2026/2025,,,Direct BvP not yet weighted; 2026/2025 Statcast baseline active,7,5,29,1,"Last 7 games: 5/29, 1 HR","platoon edge; pitcher baseline 4.8% barrel, 3.8 HR allowed",neutral batted-ball profile; pitcher fly-ball pressure modest,6.78,43.97,90.02,101.0808,0.4352,0.1517,0.3355,69.59,12.81,26.63,22.74,17.3,0.1405,4.75,38.98,88.83,0.3388,0.106,18.32,79 deg,Open-Meteo forecast; MLB fallback,https://forecast.weather.gov/MapClick.php?lat=38.8730&lon=-77.0074,66,0,60,Nationals Park,,,,,,,,,,,
169,691720,Kyle Karros,COL,CWS,2026-09-25T23:40:00Z,Scheduled,6,Sean Burke,680732,R,43.6,Longshot,Watch List,Projected Lineup,25.4,46.7,41.0,71.7,50.0,53.3,50.0,,No,No,6,Yes,Yes,RotoWire projected lineup; MLB probable pitchers,lineup projected / unconfirmed,H:2026/2025 P:2026/2025,,,Direct BvP not yet weighted; 2026/2025 Statcast baseline active,7,6,26,2,Hot streak: 2 HR in last 7 games,"same-side matchup; pitcher baseline 8.8% barrel, 19.5 HR allowed",neutral batted-ball profile; pitcher allows elevated contact,6.25,38.74,89.16,99.696,0.3656,0.1257,0.3147,69.8,5.51,39.22,24.34,9.4,0.1301,8.82,40.11,89.6,0.3996,0.1641,30.98,76 deg,Open-Meteo forecast; MLB fallback,https://forecast.weather.gov/MapClick.php?lat=41.8300&lon=-87.6338,85,0,62,Rate Field,,,,,,,,,,,
170,677649,Ezequiel Duran,TEX,MIN,2026-09-26T00:10:00Z,Scheduled,1,Joe Ryan,657746,R,43.4,Longshot,Watch List,"Projected Lineup, Premium Lineup Spot",20.3,52.0,44.6,88.7,50.0,0.0,50.0,,No,No,1,Yes,Yes,RotoWire projected lineup; MLB probable pitchers,lineup projected / unconfirmed,H:2026/2025 P:2026/2025,,,Direct BvP not yet weighted; 2026/2025 Statcast baseline active,7,1,25,0,"Last 7 games: 1/25, 0 HR","same-side matchup; pitcher baseline 10.5% barrel, 22.5 HR allowed",neutral batted-ball profile; pitcher allows elevated contact,5.05,36.08,87.82,98.9682,0.3482,0.1139,0.2848,72.27,24.38,35.59,21.58,11.9,0.1348,10.52,40.99,89.64,0.3977,0.174,30.45,138 deg,Open-Meteo forecast; MLB fallback,https://forecast.weather.gov/MapClick.php?lat=44.9817&lon=-93.2776,86,34,62,Target Field,,,,,,,,,,,
171,666139,Josh Lowe,LAA,SEA,2026-09-26T02:10:00Z,Scheduled,7,Bryce Miller,682243,R,43.4,Longshot,Watch List,"Projected Lineup, Platoon Edge",33.0,43.2,37.9,59.8,80.0,13.6,50.0,,No,No,7,Yes,Yes,RotoWire projected lineup; MLB probable pitchers,lineup projected / unconfirmed,H:2026/2025 P:2026/2025,,,Direct BvP not yet weighted; 2026/2025 Statcast baseline active,7,4,19,0,"Last 7 games: 4/19, 0 HR","platoon edge; pitcher baseline 8.3% barrel, 19.1 HR allowed",neutral batted-ball profile; pitcher allows elevated contact,8.21,37.92,88.67,99.2202,0.3737,0.1559,0.2891,73.31,33.49,35.36,30.1,11.7,0.1523,8.28,36.98,88.83,0.4066,0.1673,31.3,360 deg,Open-Meteo forecast; MLB fallback,https://forecast.weather.gov/MapClick.php?lat=47.5914&lon=-122.3325,82,7,58,T-Mobile Park,,,,,,,,,,,
172,607208,Trea Turner,PHI,TB,2026-09-25T22:40:00Z,Scheduled,2,Freddy Peralta,642547,R,43.3,Longshot,Watch List,"Projected Lineup, Premium Lineup Spot",26.3,33.9,47.8,95.5,50.0,16.6,50.0,,No,No,2,Yes,Yes,RotoWire projected lineup; MLB probable pitchers,lineup projected / unconfirmed,H:2026/2025 P:2026/2025,,,Direct BvP not yet weighted; 2026/2025 Statcast baseline active,7,6,26,0,"Last 7 games: 6/26, 0 HR","same-side matchup; pitcher baseline 6.9% barrel, 22.4 HR allowed",neutral batted-ball profile; pitcher fly-ball pressure modest,6.01,39.79,88.67,99.2431,0.3771,0.1274,0.3014,71.38,18.44,35.59,24.78,17.8,0.1425,6.92,36.6,87.65,0.3694,0.1438,28.62,18 deg,Open-Meteo forecast; MLB fallback,https://forecast.weather.gov/MapClick.php?lat=39.9061&lon=-75.1665,52,0,62,Citizens Bank Park,,,,,,,,,,,
173,669016,Brandon Marsh,PHI,TB,2026-09-25T22:40:00Z,Scheduled,8,Freddy Peralta,642547,R,43.3,Longshot,Watch List,"Projected Lineup, Platoon Edge",36.5,33.9,47.8,47.9,80.0,37.8,50.0,,No,No,8,Yes,Yes,RotoWire projected lineup; MLB probable pitchers,lineup projected / unconfirmed,H:2026/2025 P:2026/2025,,,Direct BvP not yet weighted; 2026/2025 Statcast baseline active,7,4,16,1,"Last 7 games: 4/16, 1 HR","platoon edge; pitcher baseline 6.9% barrel, 22.4 HR allowed",neutral batted-ball profile; pitcher fly-ball pressure modest,8.19,44.09,89.84,100.0784,0.4124,0.1571,0.3104,71.54,15.51,38.33,26.45,15.9,0.1546,6.92,36.6,87.65,0.3694,0.1438,28.62,18 deg,Open-Meteo forecast; MLB fallback,https://forecast.weather.gov/MapClick.php?lat=39.9061&lon=-75.1665,52,0,62,Citizens Bank Park,,,,,,,,,,,
174,686797,Brooks Lee,MIN,TEX,2026-09-26T00:10:00Z,Scheduled,7,Jacob deGrom,594798,R,43.1,Longshot,Watch List,"Projected Lineup, Platoon Edge",21.6,44.1,44.6,59.8,75.0,62.4,50.0,,No,No,7,Yes,Yes,RotoWire projected lineup; MLB probable pitchers,lineup projected / unconfirmed,H:2026/2025 P:2026/2025,,,Direct BvP not yet weighted; 2026/2025 Statcast baseline active,7,12,29,1,Contact streak: 12/29 over last 7 games,"switch hitter; pitcher baseline 8.3% barrel, 21.8 HR allowed",neutral batted-ball profile; pitcher fly-ball pressure modest,4.68,35.21,88.25,97.6719,0.36,0.1274,0.282,69.92,8.35,41.85,29.84,21.6,0.1648,8.32,44.0,90.31,0.3763,0.1518,28.83,138 deg,Open-Meteo forecast; MLB fallback,https://forecast.weather.gov/MapClick.php?lat=44.9817&lon=-93.2776,86,34,62,Target Field,,,,,,,,,,,
175,681508,Mickey Gasper,BOS,CHC,2026-09-25T17:05:00Z,Warmup,2,Clay Holmes,605280,R,43.0,Longshot,Watch List,"Premium Lineup Spot, Platoon Edge",31.2,26.2,27.2,100.0,75.0,20.3,50.0,,Yes,Yes,2,Yes,No,MLB Stats API; RotoWire,,H:2026/2025 P:2026/2025,,,Direct BvP not yet weighted; 2026/2025 Statcast baseline active,7,2,15,1,"Last 7 games: 2/15, 1 HR","switch hitter; pitcher baseline 5.0% barrel, 8.4 HR allowed",neutral batted-ball profile; pitcher fly-ball pressure modest,7.67,35.75,88.57,98.5972,0.388,0.1615,0.3214,71.58,12.21,41.08,31.2,7.6,0.1748,5.05,41.46,89.56,0.3639,0.1185,18.62,In From RF,Open-Meteo forecast; MLB fallback,https://forecast.weather.gov/MapClick.php?lat=42.3467&lon=-71.0972,59,0,53,Fenway Park,,,,,,,,,,,
176,681198,TJ Rumfield,COL,CWS,2026-09-25T23:40:00Z,Scheduled,4,Sean Burke,680732,R,42.9,Longshot,Watch List,"Projected Lineup, Premium Lineup Spot, Platoon Edge",13.1,46.7,41.0,90.4,80.0,16.6,50.0,,No,No,4,Yes,Yes,RotoWire projected lineup; MLB probable pitchers,lineup projected / unconfirmed,H:2026 P:2026/2025,,,Direct BvP not yet weighted; 2026/2025 Statcast baseline active,7,6,26,0,"Last 7 games: 6/26, 0 HR","platoon edge; pitcher baseline 8.8% barrel, 19.5 HR allowed",neutral batted-ball profile; pitcher allows elevated contact,4.8,27.7,84.3,96.1554,0.385,0.125,0.333,68.4,7.5,40.8,28.8,15.0,0.149,8.82,40.11,89.6,0.3996,0.1641,30.98,76 deg,Open-Meteo forecast; MLB fallback,https://forecast.weather.gov/MapClick.php?lat=41.8300&lon=-87.6338,85,0,62,Rate Field,,,,,,,,,,,
177,685133,Wade Meckler,LAA,SEA,2026-09-26T02:10:00Z,Scheduled,3,Bryce Miller,682243,R,42.8,Longshot,Watch List,"Projected Lineup, Premium Lineup Spot, Platoon Edge",13.0,43.2,37.9,92.1,80.0,33.7,50.0,,No,No,3,Yes,Yes,RotoWire projected lineup; MLB probable pitchers,lineup projected / unconfirmed,H:2026 P:2026/2025,,,Direct BvP not yet weighted; 2026/2025 Statcast baseline active,7,10,29,0,Contact streak: 10/29 over last 7 games,"platoon edge; pitcher baseline 8.3% barrel, 19.1 HR allowed",neutral batted-ball profile; pitcher allows elevated contact,3.1,34.1,87.3,96.8958,0.362,0.098,0.317,69.0,2.2,33.6,19.2,3.0,0.079,8.28,36.98,88.83,0.4066,0.1673,31.3,360 deg,Open-Meteo forecast; MLB fallback,https://forecast.weather.gov/MapClick.php?lat=47.5914&lon=-122.3325,82,7,58,T-Mobile Park,,,,,,,,,,,
178,681807,David Fry,CLE,KC,2026-09-25T23:40:00Z,Scheduled,6,Noah Cameron,702070,L,42.7,Longshot,Watch List,"Projected Lineup, Platoon Edge",20.6,39.7,47.2,71.7,78.0,35.6,50.0,,No,No,6,Yes,Yes,RotoWire projected lineup; MLB probable pitchers,lineup projected / unconfirmed,H:2026/2025 P:2026/2025,,,Direct BvP not yet weighted; 2026/2025 Statcast baseline active,7,4,17,1,"Last 7 games: 4/17, 1 HR","platoon edge; pitcher baseline 7.6% barrel, 18.7 HR allowed",neutral batted-ball profile; pitcher fly-ball pressure modest,6.93,35.67,86.95,98.1227,0.27,0.108,0.2454,70.96,11.75,52.38,28.12,7.3,0.1654,7.63,37.61,88.53,0.4054,0.1604,27.36,75 deg,Open-Meteo forecast; MLB fallback,https://forecast.weather.gov/MapClick.php?lat=39.0517&lon=-94.4803,63,1,71,Kauffman Stadium,,,,,,,,,,,
179,668939,Adley Rutschman,BOS,CHC,2026-09-25T17:05:00Z,Warmup,3,Clay Holmes,605280,R,42.6,Longshot,Watch List,"Premium Lineup Spot, Platoon Edge",31.4,26.2,27.2,96.6,75.0,19.5,50.0,,Yes,No,5,Yes,Yes,MLB Stats API; RotoWire,RotoWire not confirmed; order MLB 3 vs RotoWire 5,H:2026/2025 P:2026/2025,,,Direct BvP not yet weighted; 2026/2025 Statcast baseline active,7,7,28,0,"Last 7 games: 7/28, 0 HR","switch hitter; pitcher baseline 5.0% barrel, 8.4 HR allowed",neutral batted-ball profile; pitcher fly-ball pressure modest,7.01,38.39,88.98,99.1526,0.4086,0.1599,0.325,70.42,12.0,38.68,29.99,11.1,0.1691,5.05,41.46,89.56,0.3639,0.1185,18.62,In From RF,Open-Meteo forecast; MLB fallback,https://forecast.weather.gov/MapClick.php?lat=42.3467&lon=-71.0972,59,0,53,Fenway Park,,,,,,,,,,,
180,695336,Thomas Saggese,STL,MIL,2026-09-25T23:40:00Z,Scheduled,7,Robert Gasser,688107,L,42.6,Longshot,Watch List,"Projected Lineup, Platoon Edge",36.5,38.3,38.1,59.8,78.0,0.0,50.0,,No,No,7,Yes,Yes,RotoWire projected lineup; MLB probable pitchers,lineup projected / unconfirmed,H:2026/2025 P:2026/2025,,,Direct BvP not yet weighted; 2026/2025 Statcast baseline active,7,2,24,0,"Last 7 games: 2/24, 0 HR","platoon edge; pitcher baseline 8.6% barrel, 10.1 HR allowed",neutral batted-ball profile; pitcher fly-ball pressure modest,8.75,42.77,90.41,100.5055,0.3902,0.1495,0.3048,71.48,17.76,29.34,27.74,3.4,0.1134,8.58,36.7,88.27,0.3988,0.1614,25.7,23 deg,Open-Meteo forecast; MLB fallback,https://forecast.weather.gov/MapClick.php?lat=43.0280&lon=-87.9712,82,0,60,American Family Field,,,,,,,,,,,
181,681082,Bryson Stott,PHI,TB,2026-09-25T22:40:00Z,Scheduled,6,Freddy Peralta,642547,R,42.5,Longshot,Watch List,"Projected Lineup, Platoon Edge",25.0,33.9,47.8,71.7,80.0,25.8,50.0,,No,No,6,Yes,Yes,RotoWire projected lineup; MLB probable pitchers,lineup projected / unconfirmed,H:2026/2025 P:2026/2025,,,Direct BvP not yet weighted; 2026/2025 Statcast baseline active,7,7,24,0,"Last 7 games: 7/24, 0 HR","platoon edge; pitcher baseline 6.9% barrel, 22.4 HR allowed",neutral batted-ball profile; pitcher fly-ball pressure modest,5.73,34.89,88.79,98.3527,0.3979,0.1383,0.3242,69.72,6.68,34.31,27.66,10.9,0.1389,6.92,36.6,87.65,0.3694,0.1438,28.62,18 deg,Open-Meteo forecast; MLB fallback,https://forecast.weather.gov/MapClick.php?lat=39.9061&lon=-75.1665,52,0,62,Citizens Bank Park,,,,,,,,,,,
182,683011,Anthony Volpe,NYY,BAL,2026-09-25T20:05:00Z,Pre-Game,7,Trevor Rogers,669432,L,42.4,Longshot,Watch List,Platoon Edge,24.9,35.1,58.2,64.3,78.0,15.3,50.0,,Yes,Yes,7,Yes,No,MLB Stats API; RotoWire,,H:2026/2025 P:2026/2025,,,Direct BvP not yet weighted; 2026/2025 Statcast baseline active,7,6,27,0,"Last 7 games: 6/27, 0 HR","platoon edge; pitcher baseline 6.9% barrel, 15.1 HR allowed",neutral batted-ball profile; pitcher fly-ball pressure modest,6.23,38.4,88.39,98.8116,0.3539,0.1246,0.2947,71.48,18.63,32.59,24.69,7.1,0.116,6.9,39.79,88.58,0.3795,0.1461,24.74,L To R,Open-Meteo forecast; MLB fallback,https://forecast.weather.gov/MapClick.php?lat=40.8296&lon=-73.9262,44,0,63,Yankee Stadium,,,,,,,,,,,
183,701807,Carson Benge,NYM,WSH,2026-09-25T22:45:00Z,Scheduled,4,Andrew Alvarez,674841,L,42.4,Longshot,Watch List,"Projected Lineup, Premium Lineup Spot",32.4,20.8,40.7,90.4,50.0,53.9,50.0,,No,No,4,Yes,Yes,RotoWire projected lineup; MLB probable pitchers,lineup projected / unconfirmed,H:2026 P:2026/2025,,,Direct BvP not yet weighted; 2026/2025 Statcast baseline active,7,10,28,1,Contact streak: 10/28 over last 7 games,"same-side matchup; pitcher baseline 4.8% barrel, 3.8 HR allowed",neutral batted-ball profile; pitcher fly-ball pressure modest,7.3,39.0,88.8,99.5722,0.435,0.158,0.339,71.0,17.1,33.1,27.9,19.0,0.145,4.75,38.98,88.83,0.3388,0.106,18.32,79 deg,Open-Meteo forecast; MLB fallback,https://forecast.weather.gov/MapClick.php?lat=38.8730&lon=-77.0074,66,0,60,Nationals Park,,,,,,,,,,,
184,686555,Isaac Collins,KC,CLE,2026-09-25T23:40:00Z,Scheduled,7,Gavin Williams,668909,R,42.1,Longshot,Watch List,"Projected Lineup, Platoon Edge",20.8,53.1,47.2,59.8,75.0,0.0,50.0,,No,No,7,Yes,Yes,RotoWire projected lineup; MLB probable pitchers,lineup projected / unconfirmed,H:2026/2025 P:2026/2025,,,Direct BvP not yet weighted; 2026/2025 Statcast baseline active,7,1,17,0,"Last 7 games: 1/17, 0 HR","switch hitter; pitcher baseline 10.7% barrel, 25.8 HR allowed",neutral batted-ball profile; pitcher fly-ball pressure modest,4.97,38.97,88.24,99.7066,0.3191,0.0927,0.301,73.26,29.92,39.63,25.04,6.9,0.1214,10.68,45.84,90.19,0.3973,0.1747,25.79,75 deg,Open-Meteo forecast; MLB fallback,https://forecast.weather.gov/MapClick.php?lat=39.0517&lon=-94.4803,63,1,71,Kauffman Stadium,,,,,,,,,,,
185,621438,Tyrone Taylor,CHC,BOS,2026-09-25T21:35:00Z,Scheduled,4,Brayan Bello,678394,R,41.9,Longshot,Watch List,"Projected Lineup, Premium Lineup Spot",26.9,39.0,37.7,90.4,50.0,2.0,50.0,,No,Yes,4,Yes,Yes,RotoWire projected lineup; MLB probable pitchers,lineup projected / unconfirmed,H:2026/2025 P:2026/2025,,,Direct BvP not yet weighted; 2026/2025 Statcast baseline active,7,2,15,0,"Last 7 games: 2/15, 0 HR","same-side matchup; pitcher baseline 7.5% barrel, 13.2 HR allowed",neutral batted-ball profile; pitcher fly-ball pressure modest,7.44,34.12,86.64,98.085,0.3983,0.1518,0.305,71.21,13.4,50.82,30.49,8.3,0.187,7.45,39.72,88.87,0.4321,0.1559,22.11,349 deg,Open-Meteo forecast; MLB fallback,https://forecast.weather.gov/MapClick.php?lat=42.3467&lon=-71.0972,59,0,53,Fenway Park,,,,,,,,,,,
186,807712,Luke Keaschall,MIN,TEX,2026-09-26T00:10:00Z,Scheduled,1,Jacob deGrom,594798,R,41.9,Longshot,Watch List,"Projected Lineup, Premium Lineup Spot",13.1,46.0,44.6,88.7,50.0,41.7,50.0,,No,No,1,Yes,Yes,RotoWire projected lineup; MLB probable pitchers,lineup projected / unconfirmed,H:2026/2025 P:2026/2025,,,Direct BvP not yet weighted; 2026/2025 Statcast baseline active,7,8,29,1,"Last 7 games: 8/29, 1 HR","same-side matchup; pitcher baseline 8.3% barrel, 21.8 HR allowed",neutral batted-ball profile; pitcher fly-ball pressure modest,4.08,29.59,85.64,96.6951,0.3661,0.1153,0.3184,68.57,7.24,38.75,27.46,8.2,0.1241,8.32,44.0,90.31,0.3763,0.1518,28.83,138 deg,Open-Meteo forecast; MLB fallback,https://forecast.weather.gov/MapClick.php?lat=44.9817&lon=-93.2776,86,34,62,Target Field,,,,,,,,,,,
187,805300,Jakob Marsee,MIA,ATL,2026-09-25T23:10:00Z,Scheduled,6,,,,41.8,Longshot,Watch List,Projected Lineup,20.3,41.2,43.0,71.7,60.0,52.5,50.0,,No,No,6,Yes,Yes,RotoWire projected lineup; MLB probable pitchers,lineup projected / unconfirmed,H:2026/2025 P:,,,Direct BvP not yet weighted; 2026/2025 Statcast baseline active,7,8,23,1,Contact streak: 8/23 over last 7 games,"handedness incomplete; pitcher baseline 0.0% barrel, 0.0 HR allowed",neutral batted-ball profile; pitcher fly-ball pressure modest,4.95,36.5,87.78,98.5396,0.3629,0.119,0.3225,70.29,5.3,40.81,23.19,9.2,0.144,,,,,,,61 deg,Open-Meteo forecast; MLB fallback,https://forecast.weather.gov/MapClick.php?lat=25.7781&lon=-80.2197,80,11,82,loanDepot park,,,,,,,,,,,
188,813841,Jonah Cox,SF,LAD,2026-09-26T02:15:00Z,Scheduled,1,Tarik Skubal,669373,L,41.7,Longshot,Watch List,"Projected Lineup, Premium Lineup Spot, Platoon Edge",21.3,27.7,49.3,88.7,78.0,13.3,50.0,,No,No,1,Yes,Yes,RotoWire projected lineup; MLB probable pitchers,lineup projected / unconfirmed,H:2026 P:2026/2025,,,Direct BvP not yet weighted; 2026/2025 Statcast baseline active,7,5,24,0,"Last 7 games: 5/24, 0 HR","platoon edge; pitcher baseline 7.3% barrel, 15.2 HR allowed",neutral batted-ball profile; pitcher fly-ball pressure modest,5.8,37.2,88.7,99.299,0.332,0.118,0.265,68.9,6.0,20.9,23.3,4.0,0.137,7.26,34.75,86.87,0.3447,0.1212,25.27,283 deg,Open-Meteo forecast; MLB fallback,https://forecast.weather.gov/MapClick.php?lat=37.7786&lon=-122.3893,47,0,71,Oracle Park,,,,,,,,,,,
189,650402,Gleyber Torres,DET,PIT,2026-09-25T22:40:00Z,Scheduled,2,Bubba Chandler,696149,R,41.6,Longshot,Watch List,"Projected Lineup, Premium Lineup Spot",23.6,37.5,39.1,95.5,50.0,6.0,50.0,,No,No,2,Yes,Yes,RotoWire projected lineup; MLB probable pitchers,lineup projected / unconfirmed,H:2026/2025 P:2026/2025,,,Direct BvP not yet weighted; 2026/2025 Statcast baseline active,7,4,25,0,"Last 7 games: 4/25, 0 HR","same-side matchup; pitcher baseline 7.2% barrel, 11.1 HR allowed",neutral batted-ball profile; pitcher fly-ball pressure modest,6.73,34.31,87.34,97.6798,0.3962,0.1384,0.3364,68.7,5.89,28.37,26.47,10.4,0.1114,7.16,39.44,89.36,0.3898,0.1567,26.44,61 deg,Open-Meteo forecast; MLB fallback,https://forecast.weather.gov/MapClick.php?lat=42.3390&lon=-83.0485,57,0,58,Comerica Park,,,,,,,,,,,
190,815589,Bo Davidson,SF,LAD,2026-09-26T02:15:00Z,Scheduled,4,Tarik Skubal,669373,L,41.6,Longshot,Watch List,"Projected Lineup, Premium Lineup Spot",25.1,27.7,49.3,90.4,50.0,27.0,50.0,,No,No,4,Yes,Yes,RotoWire projected lineup; MLB probable pitchers,lineup projected / unconfirmed,H:2026 P:2026/2025,,,Direct BvP not yet weighted; 2026/2025 Statcast baseline active,3,3,10,0,"Last 3 games: 3/10, 0 HR","same-side matchup; pitcher baseline 7.3% barrel, 15.2 HR allowed",neutral batted-ball profile; pitcher fly-ball pressure modest,0.0,50.0,88.3,103.2926,0.461,0.092,0.392,72.2,21.1,12.5,0.0,0.0,0.0,7.26,34.75,86.87,0.3447,0.1212,25.27,283 deg,Open-Meteo forecast; MLB fallback,https://forecast.weather.gov/MapClick.php?lat=37.7786&lon=-122.3893,47,0,71,Oracle Park,,,,,,,,,,,
191,683011,Anthony Volpe,NYY,BAL,2026-09-25T20:10:00Z,Scheduled,7,Brandon Young,687064,R,41.4,Longshot,Watch List,Projected Lineup,24.9,43.0,58.2,59.8,50.0,15.3,50.0,,No,Yes,7,Yes,Yes,RotoWire projected lineup; MLB probable pitchers,lineup projected / unconfirmed,H:2026/2025 P:2026/2025,,,Direct BvP not yet weighted; 2026/2025 Statcast baseline active,7,6,27,0,"Last 7 games: 6/27, 0 HR","same-side matchup; pitcher baseline 7.8% barrel, 19.0 HR allowed",neutral batted-ball profile; pitcher fly-ball pressure modest,6.23,38.4,88.39,98.8116,0.3539,0.1246,0.2947,71.48,18.63,32.59,24.69,7.1,0.116,7.82,40.24,89.26,0.4117,0.1637,26.66,12 deg,Open-Meteo forecast; MLB fallback,https://forecast.weather.gov/MapClick.php?lat=40.8296&lon=-73.9262,44,0,63,Yankee Stadium,,,,,,,,,,,
192,680776,Jarren Duran,BOS,TOR,2026-09-25T21:35:00Z,Scheduled,7,David Peterson,656849,L,41.3,Longshot,Watch List,Projected Lineup,38.9,34.7,37.7,59.8,50.0,32.0,39.9,61.0,No,Yes,7,Yes,Yes,RotoWire projected lineup; MLB probable pitchers,lineup projected / unconfirmed,H:2026/2025 P:2026/2025,,,Direct BvP not yet weighted; 2026/2025 Statcast baseline active,7,5,15,0,Contact streak: 5/15 over last 7 games,"same-side matchup; pitcher baseline 6.3% barrel, 13.8 HR allowed",neutral batted-ball profile; pitcher fly-ball pressure modest,9.42,42.04,90.33,101.9558,0.3967,0.1557,0.3085,74.91,50.03,37.92,23.7,18.8,0.165,6.33,41.87,89.34,0.4042,0.1356,18.45,349 deg,Open-Meteo forecast; MLB fallback,https://forecast.weather.gov/MapClick.php?lat=42.3467&lon=-71.0972,59,0,53,Fenway Park,,10.2,0.191,89,11,178,0,22,11.39,14,Taillon LHH split target; volume support but modest EV/barrel
193,621020,Dansby Swanson,CHC,BOS,2026-09-25T21:35:00Z,Scheduled,8,Brayan Bello,678394,R,41.2,Longshot,Watch List,Projected Lineup,38.4,39.0,37.7,47.9,50.0,36.0,50.0,,No,No,9,Yes,Yes,RotoWire projected lineup; MLB probable pitchers,lineup projected / unconfirmed; order MLB 8 vs RotoWire 9,H:2026/2025 P:2026/2025,,,Direct BvP not yet weighted; 2026/2025 Statcast baseline active,7,5,21,1,"Last 7 games: 5/21, 1 HR","same-side matchup; pitcher baseline 7.5% barrel, 13.2 HR allowed",neutral batted-ball profile; pitcher fly-ball pressure modest,8.62,43.11,89.73,99.94,0.4119,0.1764,0.3156,71.32,8.54,47.69,29.12,20.5,0.1835,7.45,39.72,88.87,0.4321,0.1559,22.11,349 deg,Open-Meteo forecast; MLB fallback,https://forecast.weather.gov/MapClick.php?lat=42.3467&lon=-71.0972,59,0,53,Fenway Park,,,,,,,,,,,
194,643446,Jeff McNeil,ATH,HOU,2026-09-26T01:40:00Z,Scheduled,2,Hunter Brown,686613,R,41.2,Longshot,Watch List,"Projected Lineup, Premium Lineup Spot, Platoon Edge",11.9,20.9,62.4,95.5,80.0,32.9,50.0,,No,No,2,Yes,Yes,RotoWire projected lineup; MLB probable pitchers,lineup projected / unconfirmed,H:2026/2025 P:2026/2025,,,Direct BvP not yet weighted; 2026/2025 Statcast baseline active,7,5,23,1,"Last 7 games: 5/23, 1 HR","platoon edge; pitcher baseline 6.0% barrel, 12.8 HR allowed",neutral batted-ball profile; pitcher fly-ball pressure modest,2.72,30.94,86.57,96.594,0.3705,0.1006,0.309,69.3,5.72,43.56,23.82,9.9,0.1253,5.97,35.77,86.17,0.3194,0.1164,22.53,232 deg,Open-Meteo forecast; MLB fallback,https://forecast.weather.gov/MapClick.php?lat=38.5804&lon=-121.5139,24,0,92,Sutter Health Park,,,,,,,,,,,
195,680776,Jarren Duran,BOS,TOR,2026-09-25T17:05:00Z,Warmup,7,Clay Holmes,605280,R,41.1,Longshot,Watch List,Platoon Edge,38.9,27.1,27.2,64.3,80.0,32.0,39.9,61.0,Yes,Yes,7,Yes,No,MLB Stats API; RotoWire,,H:2026/2025 P:2026/2025,,,Direct BvP not yet weighted; 2026/2025 Statcast baseline active,7,5,15,0,Contact streak: 5/15 over last 7 games,"platoon edge; pitcher baseline 5.0% barrel, 8.4 HR allowed",neutral batted-ball profile; pitcher fly-ball pressure modest,9.42,42.04,90.33,101.9558,0.3967,0.1557,0.3085,74.91,50.03,37.92,23.7,18.8,0.165,5.05,41.46,89.56,0.3639,0.1185,18.62,In From RF,Open-Meteo forecast; MLB fallback,https://forecast.weather.gov/MapClick.php?lat=42.3467&lon=-71.0972,59,0,53,Fenway Park,,10.2,0.191,89,11,178,0,22,11.39,14,Taillon LHH split target; volume support but modest EV/barrel
196,666126,Carlos Cortes,ATH,HOU,2026-09-26T01:40:00Z,Scheduled,7,Hunter Brown,686613,R,41.0,Longshot,Watch List,"Projected Lineup, Platoon Edge",28.4,20.9,62.4,59.8,80.0,26.8,50.0,,No,No,7,Yes,Yes,RotoWire projected lineup; MLB probable pitchers,lineup projected / unconfirmed,H:2026/2025 P:2026/2025,,,Direct BvP not yet weighted; 2026/2025 Statcast baseline active,7,3,17,1,"Last 7 games: 3/17, 1 HR","platoon edge; pitcher baseline 6.0% barrel, 12.8 HR allowed",neutral batted-ball profile; pitcher fly-ball pressure modest,7.1,38.54,88.82,99.3327,0.3926,0.1427,0.3056,70.69,14.13,30.69,23.08,8.2,0.1745,5.97,35.77,86.17,0.3194,0.1164,22.53,232 deg,Open-Meteo forecast; MLB fallback,https://forecast.weather.gov/MapClick.php?lat=38.5804&lon=-121.5139,24,0,92,Sutter Health Park,,,,,,,,,,,
197,622268,Donovan Walton,ATH,HOU,2026-09-26T01:40:00Z,Scheduled,6,Hunter Brown,686613,R,40.9,Longshot,Watch List,"Projected Lineup, Platoon Edge, Hot Hitter/Streak",15.6,20.9,62.4,71.7,80.0,71.6,50.0,,No,No,6,Yes,Yes,RotoWire projected lineup; MLB probable pitchers,lineup projected / unconfirmed,H:2026/2025 P:2026/2025,,,Direct BvP not yet weighted; 2026/2025 Statcast baseline active,7,6,17,2,Hot streak: 2 HR in last 7 games,"platoon edge; pitcher baseline 6.0% barrel, 12.8 HR allowed",neutral batted-ball profile; pitcher fly-ball pressure modest,3.5,33.65,88.61,97.2607,0.366,0.1047,0.3104,67.92,0.49,38.19,22.72,6.3,0.1358,5.97,35.77,86.17,0.3194,0.1164,22.53,232 deg,Open-Meteo forecast; MLB fallback,https://forecast.weather.gov/MapClick.php?lat=38.5804&lon=-121.5139,24,0,92,Sutter Health Park,,,,,,,,,,,
198,694197,Angel Genao,CLE,KC,2026-09-25T23:40:00Z,Scheduled,7,Noah Cameron,702070,L,40.8,Longshot,Watch List,"Projected Lineup, Platoon Edge",28.0,37.7,47.2,59.8,75.0,0.0,50.0,,No,No,7,Yes,Yes,RotoWire projected lineup; MLB probable pitchers,lineup projected / unconfirmed,H:2026 P:2026/2025,,,Direct BvP not yet weighted; 2026/2025 Statcast baseline active,7,0,13,0,"Last 7 games: 0/13, 0 HR","switch hitter; pitcher baseline 7.6% barrel, 18.7 HR allowed",neutral batted-ball profile; pitcher fly-ball pressure modest,4.9,51.0,90.6,100.4383,0.335,0.096,0.285,72.4,24.5,37.3,12.7,2.0,0.082,7.63,37.61,88.53,0.4054,0.1604,27.36,75 deg,Open-Meteo forecast; MLB fallback,https://forecast.weather.gov/MapClick.php?lat=39.0517&lon=-94.4803,63,1,71,Kauffman Stadium,,,,,,,,,,,
199,665966,Carlos Narvaez,BAL,NYY,2026-09-25T20:10:00Z,Scheduled,9,,,,40.7,Longshot,Watch List,Projected Lineup,30.0,41.2,58.2,40.2,60.0,16.6,50.0,,No,No,9,Yes,Yes,RotoWire projected lineup; MLB probable pitchers,lineup projected / unconfirmed,H:2026/2025 P:,,,Direct BvP not yet weighted; 2026/2025 Statcast baseline active,7,3,13,0,"Last 7 games: 3/13, 0 HR","handedness incomplete; pitcher baseline 0.0% barrel, 0.0 HR allowed",neutral batted-ball profile; pitcher fly-ball pressure modest,7.0,39.0,90.89,99.9614,0.3243,0.1256,0.2685,72.09,19.95,32.93,29.75,6.6,0.0996,,,,,,,12 deg,Open-Meteo forecast; MLB fallback,https://forecast.weather.gov/MapClick.php?lat=40.8296&lon=-73.9262,44,0,63,Yankee Stadium,,,,,,,,,,,
200,608324,Alex Bregman,CHC,BOS,2026-09-25T17:05:00Z,Warmup,3,Alec Gamboa,687941,L,40.6,Longshot,Watch List,"Premium Lineup Spot, Platoon Edge",28.3,18.2,27.2,96.6,78.0,31.6,50.0,,Yes,Yes,3,Yes,No,MLB Stats API; RotoWire,,H:2026/2025 P:2026,,,Direct BvP not yet weighted; 2026/2025 Statcast baseline active,7,5,24,1,"Last 7 games: 5/24, 1 HR","platoon edge; pitcher baseline 2.3% barrel, 1.0 HR allowed",neutral batted-ball profile; pitcher fly-ball pressure modest,6.25,39.5,88.7,98.3811,0.3962,0.1453,0.3272,70.16,5.01,47.56,27.23,23.6,0.1897,2.3,40.9,90.5,0.28,0.083,17.0,In From RF,Open-Meteo forecast; MLB fallback,https://forecast.weather.gov/MapClick.php?lat=42.3467&lon=-71.0972,59,0,53,Fenway Park,,,,,,,,,,,
201,699302,Hector Rodriguez,CIN,TOR,2026-09-25T23:07:00Z,Scheduled,7,,,,40.6,Longshot,Watch List,Projected Lineup,28.1,41.2,40.4,59.8,60.0,20.8,50.0,,No,No,7,Yes,Yes,RotoWire projected lineup; MLB probable pitchers,lineup projected / unconfirmed,H:2026 P:,,,Direct BvP not yet weighted; 2026/2025 Statcast baseline active,7,3,22,1,"Last 7 games: 3/22, 1 HR","handedness incomplete; pitcher baseline 0.0% barrel, 0.0 HR allowed",neutral batted-ball profile; pitcher fly-ball pressure modest,7.4,34.0,88.2,98.969,0.338,0.138,0.258,74.7,49.8,41.5,30.9,6.0,0.182,,,,,,,43 deg,Open-Meteo forecast; MLB fallback,https://forecast.weather.gov/MapClick.php?lat=43.6414&lon=-79.3894,68,0,57,Rogers Centre,,,,,,,,,,,
202,682663,Agustin Ramirez,MIA,ATL,2026-09-25T23:10:00Z,Scheduled,9,,,,40.6,Longshot,Watch List,Projected Lineup,31.0,41.2,43.0,40.2,60.0,50.3,50.0,,No,No,9,Yes,Yes,RotoWire projected lineup; MLB probable pitchers,lineup projected / unconfirmed,H:2026/2025 P:,,,Direct BvP not yet weighted; 2026/2025 Statcast baseline active,7,8,24,1,Contact streak: 8/24 over last 7 games,"handedness incomplete; pitcher baseline 0.0% barrel, 0.0 HR allowed",neutral batted-ball profile; pitcher fly-ball pressure modest,6.45,42.66,90.17,102.5772,0.3597,0.1259,0.2977,75.62,57.09,42.22,18.28,9.8,0.1428,,,,,,,61 deg,Open-Meteo forecast; MLB fallback,https://forecast.weather.gov/MapClick.php?lat=25.7781&lon=-80.2197,80,11,82,loanDepot park,,,,,,,,,,,
203,671976,Tristan Peters,CWS,COL,2026-09-25T23:40:00Z,Scheduled,9,Tomoyuki Sugano,608372,R,40.6,Longshot,Watch List,"Projected Lineup, Platoon Edge",14.4,68.7,41.0,40.2,80.0,0.0,50.0,,No,No,9,Yes,Yes,RotoWire projected lineup; MLB probable pitchers,lineup projected / unconfirmed,H:2026/2025 P:2026/2025,,,Direct BvP not yet weighted; 2026/2025 Statcast baseline active,7,1,14,0,"Last 7 games: 1/14, 0 HR","platoon edge; pitcher baseline 11.8% barrel, 31.6 HR allowed",neutral batted-ball profile; pitcher allows elevated contact,3.85,36.01,87.22,98.2286,0.3257,0.1057,0.2656,69.16,5.18,42.33,19.46,8.4,0.1225,11.8,42.53,90.77,0.5359,0.2357,30.07,76 deg,Open-Meteo forecast; MLB fallback,https://forecast.weather.gov/MapClick.php?lat=41.8300&lon=-87.6338,85,0,62,Rate Field,,,,,,,,,,,
204,687957,Dustin Harris,SD,AZ,2026-09-26T01:40:00Z,Scheduled,2,Brandon Pfaadt,694297,R,40.6,Longshot,Watch List,"Projected Lineup, Premium Lineup Spot, Platoon Edge",3.8,43.0,44.6,95.5,80.0,19.5,50.0,,No,No,2,Yes,Yes,RotoWire projected lineup; MLB probable pitchers,lineup projected / unconfirmed,H:2026/2025 P:2026/2025,,,Direct BvP not yet weighted; 2026/2025 Statcast baseline active,7,7,28,0,"Last 7 games: 7/28, 0 HR","platoon edge; pitcher baseline 8.4% barrel, 17.6 HR allowed",neutral batted-ball profile; pitcher fly-ball pressure modest,2.44,21.07,85.5,95.1009,0.3261,0.0848,0.2828,66.89,2.38,44.42,21.77,0.3,0.1038,8.45,38.24,89.26,0.4233,0.1645,23.48,304 deg,Open-Meteo forecast; MLB fallback,https://forecast.weather.gov/MapClick.php?lat=32.7073&lon=-117.1573,75,0,75,Petco Park,,,,,,,,,,,
205,641487,J.P. Crawford,SEA,LAA,2026-09-26T02:10:00Z,Scheduled,1,Reid Detmers,672282,L,40.6,Longshot,Watch List,"Projected Lineup, Premium Lineup Spot",20.9,38.5,37.9,88.7,50.0,21.0,50.0,,No,No,1,Yes,Yes,RotoWire projected lineup; MLB probable pitchers,lineup projected / unconfirmed,H:2026/2025 P:2026/2025,,,Direct BvP not yet weighted; 2026/2025 Statcast baseline active,7,4,29,1,"Last 7 games: 4/29, 1 HR","same-side matchup; pitcher baseline 7.8% barrel, 15.1 HR allowed",neutral batted-ball profile; pitcher fly-ball pressure modest,5.74,34.49,87.55,97.9982,0.365,0.1214,0.3217,71.21,18.46,35.7,22.54,12.7,0.1197,7.78,39.37,89.89,0.3609,0.139,27.78,360 deg,Open-Meteo forecast; MLB fallback,https://forecast.weather.gov/MapClick.php?lat=47.5914&lon=-122.3325,82,7,58,T-Mobile Park,,,,,,,,,,,
206,669242,Tommy Edman,LAD,SF,2026-09-26T02:15:00Z,Scheduled,9,Yunior Marte,805074,R,40.6,Longshot,Watch List,"Projected Lineup, Platoon Edge",20.4,49.2,49.3,40.2,75.0,37.4,50.0,,No,No,9,Yes,Yes,RotoWire projected lineup; MLB probable pitchers,lineup projected / unconfirmed,H:2026/2025 P:2026,,,Direct BvP not yet weighted; 2026/2025 Statcast baseline active,7,3,24,2,Hot streak: 2 HR in last 7 games,"switch hitter; pitcher baseline 11.1% barrel, 3.0 HR allowed",neutral batted-ball profile; pitcher fly-ball pressure modest,5.2,34.79,87.6,98.7097,0.3634,0.1153,0.307,70.59,13.58,42.88,27.27,9.5,0.1437,11.1,41.3,88.4,0.435,0.184,28.6,283 deg,Open-Meteo forecast; MLB fallback,https://forecast.weather.gov/MapClick.php?lat=37.7786&lon=-122.3893,47,0,71,Oracle Park,,,,,,,,,,,
207,703197,Michael Arroyo,SEA,LAA,2026-09-26T02:10:00Z,Scheduled,7,Reid Detmers,672282,L,40.5,Longshot,Watch List,"Projected Lineup, Platoon Edge",27.1,38.5,37.9,59.8,78.0,16.6,50.0,,No,No,7,Yes,Yes,RotoWire projected lineup; MLB probable pitchers,lineup projected / unconfirmed,H:2026 P:2026/2025,,,Direct BvP not yet weighted; 2026/2025 Statcast baseline active,7,3,13,0,"Last 7 games: 3/13, 0 HR","platoon edge; pitcher baseline 7.8% barrel, 15.1 HR allowed",neutral batted-ball profile; pitcher fly-ball pressure modest,5.0,35.0,89.3,98.3626,0.401,0.136,0.356,73.4,33.3,40.0,30.0,1.0,0.2,7.78,39.37,89.89,0.3609,0.139,27.78,360 deg,Open-Meteo forecast; MLB fallback,https://forecast.weather.gov/MapClick.php?lat=47.5914&lon=-122.3325,82,7,58,T-Mobile Park,,,,,,,,,,,
208,694203,Denzer Guzman,LAA,SEA,2026-09-26T02:10:00Z,Scheduled,6,Bryce Miller,682243,R,40.4,Longshot,Watch List,Projected Lineup,24.7,43.2,37.9,71.7,50.0,18.3,50.0,,No,No,6,Yes,Yes,RotoWire projected lineup; MLB probable pitchers,lineup projected / unconfirmed,H:2026/2025 P:2026/2025,,,Direct BvP not yet weighted; 2026/2025 Statcast baseline active,7,3,26,1,"Last 7 games: 3/26, 1 HR","same-side matchup; pitcher baseline 8.3% barrel, 19.1 HR allowed",neutral batted-ball profile; pitcher allows elevated contact,8.0,38.0,86.71,98.8772,0.3223,0.1141,0.2504,73.64,38.0,40.6,24.4,6.2,0.1341,8.28,36.98,88.83,0.4066,0.1673,31.3,360 deg,Open-Meteo forecast; MLB fallback,https://forecast.weather.gov/MapClick.php?lat=47.5914&lon=-122.3325,82,7,58,T-Mobile Park,,,,,,,,,,,
209,691788,Joe Mack,MIA,ATL,2026-09-25T23:10:00Z,Scheduled,8,,,,40.3,Longshot,Watch List,Projected Lineup,32.8,41.2,43.0,47.9,60.0,12.0,50.0,,No,No,8,Yes,Yes,RotoWire projected lineup; MLB probable pitchers,lineup projected / unconfirmed,H:2026 P:,,,Direct BvP not yet weighted; 2026/2025 Statcast baseline active,7,4,20,0,"Last 7 games: 4/20, 0 HR","handedness incomplete; pitcher baseline 0.0% barrel, 0.0 HR allowed",neutral batted-ball profile; pitcher fly-ball pressure modest,8.0,37.8,88.7,99.4508,0.384,0.162,0.285,74.2,43.2,47.1,24.4,13.0,0.159,,,,,,,61 deg,Open-Meteo forecast; MLB fallback,https://forecast.weather.gov/MapClick.php?lat=25.7781&lon=-80.2197,80,11,82,loanDepot park,,,,,,,,,,,
210,699115,Carlos Jorge,CIN,TOR,2026-09-25T23:07:00Z,Scheduled,1,,,,40.2,Longshot,Watch List,"Projected Lineup, Premium Lineup Spot",12.4,41.2,40.4,88.7,60.0,30.3,50.0,,No,No,1,Yes,Yes,RotoWire projected lineup; MLB probable pitchers,lineup projected / unconfirmed,H:2026 P:,,,Direct BvP not yet weighted; 2026/2025 Statcast baseline active,7,3,15,1,"Last 7 games: 3/15, 1 HR","handedness incomplete; pitcher baseline 0.0% barrel, 0.0 HR allowed",neutral batted-ball profile; pitcher fly-ball pressure modest,8.7,17.4,81.4,92.6517,0.315,0.108,0.251,68.7,2.9,34.8,17.4,1.0,0.147,,,,,,,43 deg,Open-Meteo forecast; MLB fallback,https://forecast.weather.gov/MapClick.php?lat=43.6414&lon=-79.3894,68,0,57,Rogers Centre,,,,,,,,,,,
211,643289,Mauricio Dubon,ATL,MIA,2026-09-25T23:10:00Z,Scheduled,5,Eury Pérez,691587,R,40.2,Longshot,Watch List,Projected Lineup,9.7,48.9,43.0,81.9,50.0,38.9,50.0,,No,No,5,Yes,Yes,RotoWire projected lineup; MLB probable pitchers,lineup projected / unconfirmed,H:2026/2025 P:2026/2025,,,Direct BvP not yet weighted; 2026/2025 Statcast baseline active,7,11,29,0,Contact streak: 11/29 over last 7 games,"same-side matchup; pitcher baseline 10.1% barrel, 17.6 HR allowed",neutral batted-ball profile; pitcher allows elevated contact,3.02,28.33,85.83,96.2056,0.3604,0.0994,0.2955,68.87,4.03,31.89,25.86,9.8,0.1175,10.05,41.6,89.1,0.3842,0.17,30.94,61 deg,Open-Meteo forecast; MLB fallback,https://forecast.weather.gov/MapClick.php?lat=25.7781&lon=-80.2197,80,11,82,loanDepot park,,,,,,,,,,,
212,668885,Austin Martin,MIN,TEX,2026-09-26T00:10:00Z,Scheduled,2,Jacob deGrom,594798,R,40.2,Longshot,Watch List,"Projected Lineup, Premium Lineup Spot",11.4,46.0,44.6,95.5,50.0,0.0,50.0,,No,No,2,Yes,Yes,RotoWire projected lineup; MLB probable pitchers,lineup projected / unconfirmed,H:2026/2025 P:2026/2025,,,Direct BvP not yet weighted; 2026/2025 Statcast baseline active,7,1,16,0,"Last 7 games: 1/16, 0 HR","same-side matchup; pitcher baseline 8.3% barrel, 21.8 HR allowed",neutral batted-ball profile; pitcher fly-ball pressure modest,3.75,31.53,86.62,97.2385,0.3428,0.0967,0.317,68.83,4.27,40.51,20.77,2.4,0.0858,8.32,44.0,90.31,0.3763,0.1518,28.83,138 deg,Open-Meteo forecast; MLB fallback,https://forecast.weather.gov/MapClick.php?lat=44.9817&lon=-93.2776,86,34,62,Target Field,,,,,,,,,,,
213,807727,Charles McAdoo,TOR,CIN,2026-09-25T23:07:00Z,Scheduled,6,Nick Lodolo,666157,L,40.1,Longshot,Watch List,"Projected Lineup, Platoon Edge",10.0,50.8,40.4,71.7,78.0,16.6,50.0,,No,No,6,Yes,Yes,RotoWire projected lineup; MLB probable pitchers,lineup projected / unconfirmed,H:2026 P:2026/2025,,,Direct BvP not yet weighted; 2026/2025 Statcast baseline active,7,3,13,0,"Last 7 games: 3/13, 0 HR","platoon edge; pitcher baseline 9.1% barrel, 20.6 HR allowed",neutral batted-ball profile; pitcher fly-ball pressure modest,4.4,25.0,84.8,96.0001,0.329,0.094,0.275,73.7,36.5,25.0,23.5,2.0,0.099,9.11,40.78,89.64,0.4569,0.1837,26.33,43 deg,Open-Meteo forecast; MLB fallback,https://forecast.weather.gov/MapClick.php?lat=43.6414&lon=-79.3894,68,0,57,Rogers Centre,,,,,,,,,,,
214,691594,Javier Sanoja,MIA,ATL,2026-09-25T23:10:00Z,Scheduled,5,,,,40.1,Longshot,Watch List,Projected Lineup,11.1,41.2,43.0,81.9,60.0,48.5,50.0,,No,No,5,Yes,Yes,RotoWire projected lineup; MLB probable pitchers,lineup projected / unconfirmed,H:2026/2025 P:,,,Direct BvP not yet weighted; 2026/2025 Statcast baseline active,7,9,28,1,Contact streak: 9/28 over last 7 games,"handedness incomplete; pitcher baseline 0.0% barrel, 0.0 HR allowed",neutral batted-ball profile; pitcher fly-ball pressure modest,2.43,32.62,87.38,97.4817,0.3511,0.0858,0.2897,69.0,6.88,38.36,19.46,8.8,0.1579,,,,,,,61 deg,Open-Meteo forecast; MLB fallback,https://forecast.weather.gov/MapClick.php?lat=25.7781&lon=-80.2197,80,11,82,loanDepot park,,,,,,,,,,,
215,668952,Ryan Kreidler,MIN,TEX,2026-09-26T00:10:00Z,Scheduled,9,Jacob deGrom,594798,R,40.0,Longshot,Watch List,Projected Lineup,27.7,46.0,44.6,40.2,50.0,48.7,50.0,,No,No,9,Yes,Yes,RotoWire projected lineup; MLB probable pitchers,lineup projected / unconfirmed,H:2026/2025 P:2026/2025,,,Direct BvP not yet weighted; 2026/2025 Statcast baseline active,7,3,15,2,Hot streak: 2 HR in last 7 games,"same-side matchup; pitcher baseline 8.3% barrel, 21.8 HR allowed",neutral batted-ball profile; pitcher fly-ball pressure modest,7.18,34.76,88.69,99.2804,0.3453,0.1357,0.2773,73.1,31.39,44.56,30.26,5.6,0.1134,8.32,44.0,90.31,0.3763,0.1518,28.83,138 deg,Open-Meteo forecast; MLB fallback,https://forecast.weather.gov/MapClick.php?lat=44.9817&lon=-93.2776,86,34,62,Target Field,,,,,,,,,,,
216,630105,Jake Cronenworth,SD,AZ,2026-09-26T01:40:00Z,Scheduled,8,Brandon Pfaadt,694297,R,39.9,Longshot,Watch List,"Projected Lineup, Platoon Edge",15.5,43.0,44.6,47.9,80.0,66.7,50.0,,No,No,8,Yes,Yes,RotoWire projected lineup; MLB probable pitchers,lineup projected / unconfirmed,H:2026/2025 P:2026/2025,,,Direct BvP not yet weighted; 2026/2025 Statcast baseline active,7,8,25,2,Hot streak: 2 HR in last 7 games,"platoon edge; pitcher baseline 8.4% barrel, 17.6 HR allowed",neutral batted-ball profile; pitcher fly-ball pressure modest,4.38,32.0,87.52,97.6648,0.318,0.1021,0.2854,71.32,17.39,32.24,24.47,8.2,0.1065,8.45,38.24,89.26,0.4233,0.1645,23.48,304 deg,Open-Meteo forecast; MLB fallback,https://forecast.weather.gov/MapClick.php?lat=32.7073&lon=-117.1573,75,0,75,Petco Park,,,,,,,,,,,
217,668800,Andrew Knizner,SF,LAD,2026-09-26T02:15:00Z,Scheduled,5,Tarik Skubal,669373,L,39.9,Longshot,Watch List,"Projected Lineup, Platoon Edge",14.0,27.7,49.3,81.9,78.0,42.0,50.0,,No,No,5,Yes,Yes,RotoWire projected lineup; MLB probable pitchers,lineup projected / unconfirmed,H:2026/2025 P:2026/2025,,,Direct BvP not yet weighted; 2026/2025 Statcast baseline active,7,8,20,0,Contact streak: 8/20 over last 7 games,"platoon edge; pitcher baseline 7.3% barrel, 15.2 HR allowed",neutral batted-ball profile; pitcher fly-ball pressure modest,4.27,31.11,86.02,97.6288,0.3398,0.1134,0.2871,69.76,7.05,32.85,26.07,1.7,0.1263,7.26,34.75,86.87,0.3447,0.1212,25.27,283 deg,Open-Meteo forecast; MLB fallback,https://forecast.weather.gov/MapClick.php?lat=37.7786&lon=-122.3893,47,0,71,Oracle Park,,,,,,,,,,,
218,703601,Max Clark,DET,PIT,2026-09-25T22:40:00Z,Scheduled,6,Bubba Chandler,696149,R,39.8,Longshot,Watch List,"Projected Lineup, Platoon Edge",17.1,37.5,39.1,71.7,80.0,29.7,50.0,,No,No,6,Yes,Yes,RotoWire projected lineup; MLB probable pitchers,lineup projected / unconfirmed,H:2026 P:2026/2025,,,Direct BvP not yet weighted; 2026/2025 Statcast baseline active,7,7,22,0,"Last 7 games: 7/22, 0 HR","platoon edge; pitcher baseline 7.2% barrel, 11.1 HR allowed",neutral batted-ball profile; pitcher fly-ball pressure modest,2.3,37.6,87.4,98.2825,0.359,0.084,0.327,73.6,31.0,34.6,25.6,3.0,0.157,7.16,39.44,89.36,0.3898,0.1567,26.44,61 deg,Open-Meteo forecast; MLB fallback,https://forecast.weather.gov/MapClick.php?lat=42.3390&lon=-83.0485,57,0,58,Comerica Park,,,,,,,,,,,
219,680574,Matt McLain,CIN,TOR,2026-09-25T23:07:00Z,Scheduled,8,,,,39.6,Longshot,Watch List,Projected Lineup,31.4,41.2,40.4,47.9,60.0,13.3,50.0,,No,No,8,Yes,Yes,RotoWire projected lineup; MLB probable pitchers,lineup projected / unconfirmed,H:2026/2025 P:,,,Direct BvP not yet weighted; 2026/2025 Statcast baseline active,7,5,24,0,"Last 7 games: 5/24, 0 HR","handedness incomplete; pitcher baseline 0.0% barrel, 0.0 HR allowed",neutral batted-ball profile; pitcher fly-ball pressure modest,8.71,37.27,88.17,98.8256,0.3641,0.1497,0.2938,70.93,9.68,36.06,33.85,15.0,0.1426,,,,,,,43 deg,Open-Meteo forecast; MLB fallback,https://forecast.weather.gov/MapClick.php?lat=43.6414&lon=-79.3894,68,0,57,Rogers Centre,,,,,,,,,,,
220,665877,Jose Fermin,STL,MIL,2026-09-25T23:40:00Z,Scheduled,5,Robert Gasser,688107,L,39.6,Longshot,Watch List,"Projected Lineup, Platoon Edge",9.7,38.3,38.1,81.9,78.0,45.0,50.0,,No,No,5,Yes,Yes,RotoWire projected lineup; MLB probable pitchers,lineup projected / unconfirmed,H:2026/2025 P:2026/2025,,,Direct BvP not yet weighted; 2026/2025 Statcast baseline active,7,8,18,0,Contact streak: 8/18 over last 7 games,"platoon edge; pitcher baseline 8.6% barrel, 10.1 HR allowed",neutral batted-ball profile; pitcher fly-ball pressure modest,1.47,31.01,86.4,96.4338,0.3488,0.0899,0.3061,68.0,3.02,47.13,24.1,4.5,0.1165,8.58,36.7,88.27,0.3988,0.1614,25.7,23 deg,Open-Meteo forecast; MLB fallback,https://forecast.weather.gov/MapClick.php?lat=43.0280&lon=-87.9712,82,0,60,American Family Field,,,,,,,,,,,
221,678662,Ezequiel Tovar,COL,CWS,2026-09-25T23:40:00Z,Scheduled,9,Sean Burke,680732,R,39.4,Longshot,Watch List,Projected Lineup,29.0,46.7,41.0,40.2,50.0,36.0,50.0,,No,No,9,Yes,Yes,RotoWire projected lineup; MLB probable pitchers,lineup projected / unconfirmed,H:2026/2025 P:2026/2025,,,Direct BvP not yet weighted; 2026/2025 Statcast baseline active,7,5,21,1,"Last 7 games: 5/21, 1 HR","same-side matchup; pitcher baseline 8.8% barrel, 19.5 HR allowed",neutral batted-ball profile; pitcher allows elevated contact,7.55,34.63,87.86,98.9897,0.3885,0.1527,0.2903,71.95,21.03,36.7,30.2,11.1,0.1337,8.82,40.11,89.6,0.3996,0.1641,30.98,76 deg,Open-Meteo forecast; MLB fallback,https://forecast.weather.gov/MapClick.php?lat=41.8300&lon=-87.6338,85,0,62,Rate Field,,,,,,,,,,,
222,683737,Michael Busch,CHC,BOS,2026-09-25T17:05:00Z,Warmup,7,Alec Gamboa,687941,L,39.3,Longshot,Watch List,Strong Barrel,45.2,18.2,27.2,64.3,50.0,36.3,50.0,,Yes,No,3,Yes,Yes,MLB Stats API; RotoWire,RotoWire not confirmed; order MLB 7 vs RotoWire 3,H:2026/2025 P:2026,,,Direct BvP not yet weighted; 2026/2025 Statcast baseline active,7,6,25,1,"Last 7 games: 6/25, 1 HR","same-side matchup; pitcher baseline 2.3% barrel, 1.0 HR allowed",fly-ball profile; pitcher fly-ball pressure modest,11.64,42.05,89.54,99.7296,0.4472,0.2055,0.3458,68.9,5.92,40.84,35.39,24.2,0.1864,2.3,40.9,90.5,0.28,0.083,17.0,In From RF,Open-Meteo forecast; MLB fallback,https://forecast.weather.gov/MapClick.php?lat=42.3467&lon=-71.0972,59,0,53,Fenway Park,,,,,,,,,,,
223,592663,J.T. Realmuto,PHI,TB,2026-09-25T22:40:00Z,Scheduled,7,Freddy Peralta,642547,R,39.3,Longshot,Watch List,Projected Lineup,32.0,33.9,47.8,59.8,50.0,0.0,50.0,,No,No,7,Yes,Yes,RotoWire projected lineup; MLB probable pitchers,lineup projected / unconfirmed,H:2026/2025 P:2026/2025,,,Direct BvP not yet weighted; 2026/2025 Statcast baseline active,7,0,24,0,"Last 7 games: 0/24, 0 HR","same-side matchup; pitcher baseline 6.9% barrel, 22.4 HR allowed",neutral batted-ball profile; pitcher fly-ball pressure modest,6.49,41.72,89.72,100.0589,0.3942,0.144,0.3167,72.77,30.61,41.25,26.15,11.3,0.1263,6.92,36.6,87.65,0.3694,0.1438,28.62,18 deg,Open-Meteo forecast; MLB fallback,https://forecast.weather.gov/MapClick.php?lat=39.9061&lon=-75.1665,52,0,62,Citizens Bank Park,,,,,,,,,,,
224,694497,Evan Carter,TEX,MIN,2026-09-26T00:10:00Z,Scheduled,9,Joe Ryan,657746,R,39.3,Longshot,Watch List,"Projected Lineup, Platoon Edge",19.6,52.0,44.6,40.2,80.0,10.1,50.0,,No,No,9,Yes,Yes,RotoWire projected lineup; MLB probable pitchers,lineup projected / unconfirmed,H:2026/2025 P:2026/2025,,,Direct BvP not yet weighted; 2026/2025 Statcast baseline active,7,3,16,0,"Last 7 games: 3/16, 0 HR","platoon edge; pitcher baseline 10.5% barrel, 22.5 HR allowed",neutral batted-ball profile; pitcher allows elevated contact,5.27,34.74,87.33,98.5468,0.3292,0.1162,0.287,71.02,18.07,38.77,27.91,7.8,0.1275,10.52,40.99,89.64,0.3977,0.174,30.45,138 deg,Open-Meteo forecast; MLB fallback,https://forecast.weather.gov/MapClick.php?lat=44.9817&lon=-93.2776,86,34,62,Target Field,,,,,,,,,,,
225,693304,Nick Gonzales,PIT,DET,2026-09-25T22:40:00Z,Scheduled,5,Jackson Jobe,695549,R,38.9,Longshot,Watch List,Projected Lineup,16.4,42.9,39.1,81.9,50.0,9.3,50.0,,No,No,5,Yes,Yes,RotoWire projected lineup; MLB probable pitchers,lineup projected / unconfirmed,H:2026/2025 P:2026/2025,,,Direct BvP not yet weighted; 2026/2025 Statcast baseline active,7,4,22,0,"Last 7 games: 4/22, 0 HR","same-side matchup; pitcher baseline 9.6% barrel, 7.0 HR allowed",neutral batted-ball profile; pitcher fly-ball pressure modest,3.52,35.3,87.12,98.1708,0.3792,0.107,0.3148,70.71,12.45,36.8,21.75,5.7,0.0915,9.61,37.56,88.54,0.4065,0.1722,28.56,61 deg,Open-Meteo forecast; MLB fallback,https://forecast.weather.gov/MapClick.php?lat=42.3390&lon=-83.0485,57,0,58,Comerica Park,,,,,,,,,,,
226,682668,Luisangel Acuna,CWS,COL,2026-09-25T23:40:00Z,Scheduled,8,Tomoyuki Sugano,608372,R,38.9,Longshot,Watch List,Projected Lineup,13.4,68.7,41.0,47.9,50.0,0.0,50.0,,No,No,8,Yes,Yes,RotoWire projected lineup; MLB probable pitchers,lineup projected / unconfirmed,H:2026/2025 P:2026/2025,,,Direct BvP not yet weighted; 2026/2025 Statcast baseline active,7,0,9,0,"Last 7 games: 0/9, 0 HR","same-side matchup; pitcher baseline 11.8% barrel, 31.6 HR allowed",neutral batted-ball profile; pitcher allows elevated contact,2.52,35.92,88.18,99.2006,0.3074,0.0658,0.2654,71.68,24.35,32.5,15.88,0.7,0.0365,11.8,42.53,90.77,0.5359,0.2357,30.07,76 deg,Open-Meteo forecast; MLB fallback,https://forecast.weather.gov/MapClick.php?lat=41.8300&lon=-87.6338,85,0,62,Rate Field,,,,,,,,,,,
227,643376,Danny Jansen,TEX,MIN,2026-09-26T00:10:00Z,Scheduled,8,Joe Ryan,657746,R,38.9,Longshot,Watch List,Projected Lineup,22.0,52.0,44.6,47.9,50.0,13.6,50.0,,No,No,8,Yes,Yes,RotoWire projected lineup; MLB probable pitchers,lineup projected / unconfirmed,H:2026/2025 P:2026/2025,,,Direct BvP not yet weighted; 2026/2025 Statcast baseline active,7,4,19,0,"Last 7 games: 4/19, 0 HR","same-side matchup; pitcher baseline 10.5% barrel, 22.5 HR allowed",neutral batted-ball profile; pitcher allows elevated contact,6.7,34.66,87.53,97.7927,0.3157,0.1283,0.2755,69.85,6.53,53.98,29.05,8.4,0.1637,10.52,40.99,89.64,0.3977,0.174,30.45,138 deg,Open-Meteo forecast; MLB fallback,https://forecast.weather.gov/MapClick.php?lat=44.9817&lon=-93.2776,86,34,62,Target Field,,,,,,,,,,,
228,670032,Nicky Lopez,TEX,MIN,2026-09-26T00:10:00Z,Scheduled,6,Joe Ryan,657746,R,38.8,Longshot,Watch List,"Projected Lineup, Platoon Edge",2.2,52.0,44.6,71.7,80.0,19.5,50.0,,No,No,6,Yes,Yes,RotoWire projected lineup; MLB probable pitchers,lineup projected / unconfirmed,H:2026/2025 P:2026/2025,,,Direct BvP not yet weighted; 2026/2025 Statcast baseline active,7,3,12,0,"Last 7 games: 3/12, 0 HR","platoon edge; pitcher baseline 10.5% barrel, 22.5 HR allowed",neutral batted-ball profile; pitcher allows elevated contact,0.0,27.33,84.66,95.182,0.2655,0.0412,0.2589,66.72,1.24,33.73,11.93,0.7,0.0273,10.52,40.99,89.64,0.3977,0.174,30.45,138 deg,Open-Meteo forecast; MLB fallback,https://forecast.weather.gov/MapClick.php?lat=44.9817&lon=-93.2776,86,34,62,Target Field,,,,,,,,,,,
229,665750,Leody Taveras,BAL,NYY,2026-09-25T20:10:00Z,Scheduled,8,,,,38.7,Longshot,Watch List,"Projected Lineup, Platoon Edge",18.2,40.2,58.2,47.9,75.0,9.3,50.0,,No,No,8,Yes,Yes,RotoWire projected lineup; MLB probable pitchers,lineup projected / unconfirmed,H:2026/2025 P:,,,Direct BvP not yet weighted; 2026/2025 Statcast baseline active,7,4,22,0,"Last 7 games: 4/22, 0 HR","switch hitter; pitcher baseline 0.0% barrel, 0.0 HR allowed",neutral batted-ball profile; pitcher fly-ball pressure modest,4.65,33.31,88.15,98.986,0.3138,0.1061,0.2578,72.46,25.51,34.56,25.22,6.5,0.1158,,,,,,,12 deg,Open-Meteo forecast; MLB fallback,https://forecast.weather.gov/MapClick.php?lat=40.8296&lon=-73.9262,44,0,63,Yankee Stadium,,,,,,,,,,,
230,676356,Jonny DeLuca,TB,PHI,2026-09-25T22:40:00Z,Scheduled,5,Cristopher Sánchez,650911,L,38.7,Longshot,Watch List,"Projected Lineup, Platoon Edge",10.0,33.2,47.8,81.9,78.0,21.1,50.0,,No,No,5,Yes,Yes,RotoWire projected lineup; MLB probable pitchers,lineup projected / unconfirmed,H:2026/2025 P:2026/2025,,,Direct BvP not yet weighted; 2026/2025 Statcast baseline active,7,6,23,0,"Last 7 games: 6/23, 0 HR","platoon edge; pitcher baseline 6.8% barrel, 16.2 HR allowed",neutral batted-ball profile; pitcher fly-ball pressure modest,2.79,30.4,85.74,97.7126,0.3248,0.0865,0.2621,72.68,28.17,46.02,22.27,6.3,0.1426,6.82,41.2,89.28,0.359,0.1256,16.83,18 deg,Open-Meteo forecast; MLB fallback,https://forecast.weather.gov/MapClick.php?lat=39.9061&lon=-75.1665,52,0,62,Citizens Bank Park,,,,,,,,,,,
231,650333,Luis Arraez,PHI,TB,2026-09-25T22:40:00Z,Scheduled,4,Freddy Peralta,642547,R,38.7,Longshot,Watch List,"Projected Lineup, Premium Lineup Spot, Platoon Edge",7.0,33.9,47.8,90.4,80.0,10.8,50.0,,No,No,4,Yes,Yes,RotoWire projected lineup; MLB probable pitchers,lineup projected / unconfirmed,H:2026/2025 P:2026/2025,,,Direct BvP not yet weighted; 2026/2025 Statcast baseline active,7,5,26,0,"Last 7 games: 5/26, 0 HR","platoon edge; pitcher baseline 6.9% barrel, 22.4 HR allowed",neutral batted-ball profile; pitcher fly-ball pressure modest,1.17,18.59,86.31,93.9251,0.3728,0.0844,0.3058,62.92,0.19,30.52,28.31,6.6,0.1063,6.92,36.6,87.65,0.3694,0.1438,28.62,18 deg,Open-Meteo forecast; MLB fallback,https://forecast.weather.gov/MapClick.php?lat=39.9061&lon=-75.1665,52,0,62,Citizens Bank Park,,,,,,,,,,,
232,694376,Shay Whitcomb,SF,LAD,2026-09-26T02:15:00Z,Scheduled,7,Tarik Skubal,669373,L,38.7,Longshot,Watch List,"Projected Lineup, Platoon Edge",24.1,27.7,49.3,59.8,78.0,16.1,50.0,,No,No,7,Yes,Yes,RotoWire projected lineup; MLB probable pitchers,lineup projected / unconfirmed,H:2026/2025 P:2026/2025,,,Direct BvP not yet weighted; 2026/2025 Statcast baseline active,7,5,22,0,"Last 7 games: 5/22, 0 HR","platoon edge; pitcher baseline 7.3% barrel, 15.2 HR allowed",neutral batted-ball profile; pitcher fly-ball pressure modest,9.33,28.49,85.83,97.5219,0.3475,0.1499,0.2428,71.52,17.36,44.4,26.74,3.1,0.1234,7.26,34.75,86.87,0.3447,0.1212,25.27,283 deg,Open-Meteo forecast; MLB fallback,https://forecast.weather.gov/MapClick.php?lat=37.7786&lon=-122.3893,47,0,71,Oracle Park,,,,,,,,,,,
233,621438,Tyrone Taylor,CHC,BOS,2026-09-25T17:05:00Z,Warmup,4,Alec Gamboa,687941,L,38.5,Longshot,Watch List,"Premium Lineup Spot, Platoon Edge",26.9,18.2,27.2,94.9,78.0,2.0,50.0,,Yes,Yes,4,Yes,No,MLB Stats API; RotoWire,,H:2026/2025 P:2026,,,Direct BvP not yet weighted; 2026/2025 Statcast baseline active,7,2,15,0,"Last 7 games: 2/15, 0 HR","platoon edge; pitcher baseline 2.3% barrel, 1.0 HR allowed",neutral batted-ball profile; pitcher fly-ball pressure modest,7.44,34.12,86.64,98.085,0.3983,0.1518,0.305,71.21,13.4,50.82,30.49,8.3,0.187,2.3,40.9,90.5,0.28,0.083,17.0,In From RF,Open-Meteo forecast; MLB fallback,https://forecast.weather.gov/MapClick.php?lat=42.3467&lon=-71.0972,59,0,53,Fenway Park,,,,,,,,,,,
234,687462,Spencer Horwitz,PIT,DET,2026-09-25T22:40:00Z,Scheduled,8,Jackson Jobe,695549,R,38.5,Longshot,Watch List,"Projected Lineup, Platoon Edge",20.7,42.9,39.1,47.9,80.0,23.7,50.0,,No,No,8,Yes,Yes,RotoWire projected lineup; MLB probable pitchers,lineup projected / unconfirmed,H:2026/2025 P:2026/2025,,,Direct BvP not yet weighted; 2026/2025 Statcast baseline active,7,5,18,0,"Last 7 games: 5/18, 0 HR","platoon edge; pitcher baseline 9.6% barrel, 7.0 HR allowed",neutral batted-ball profile; pitcher fly-ball pressure modest,6.55,32.08,86.91,97.3542,0.3671,0.1311,0.3169,68.61,5.25,39.38,27.84,10.3,0.1326,9.61,37.56,88.54,0.4065,0.1722,28.56,61 deg,Open-Meteo forecast; MLB fallback,https://forecast.weather.gov/MapClick.php?lat=42.3390&lon=-83.0485,57,0,58,Comerica Park,,,,,,,,,,,
235,669134,Luis Campusano,SD,AZ,2026-09-26T01:40:00Z,Scheduled,7,Brandon Pfaadt,694297,R,38.4,Longshot,Watch List,Projected Lineup,19.8,43.0,44.6,59.8,50.0,26.2,50.0,,No,No,7,Yes,Yes,RotoWire projected lineup; MLB probable pitchers,lineup projected / unconfirmed,H:2026/2025 P:2026/2025,,,Direct BvP not yet weighted; 2026/2025 Statcast baseline active,7,5,29,1,"Last 7 games: 5/29, 1 HR","same-side matchup; pitcher baseline 8.4% barrel, 17.6 HR allowed",neutral batted-ball profile; pitcher fly-ball pressure modest,5.81,35.74,87.73,98.3598,0.3025,0.1113,0.292,73.03,30.69,46.98,19.94,5.6,0.1204,8.45,38.24,89.26,0.4233,0.1645,23.48,304 deg,Open-Meteo forecast; MLB fallback,https://forecast.weather.gov/MapClick.php?lat=32.7073&lon=-117.1573,75,0,75,Petco Park,,,,,,,,,,,
236,806367,Turner Hill,SF,LAD,2026-09-26T02:15:00Z,Scheduled,2,Tarik Skubal,669373,L,38.4,Longshot,Watch List,"Projected Lineup, Premium Lineup Spot",12.9,27.7,49.3,95.5,50.0,25.3,50.0,,No,No,2,Yes,Yes,RotoWire projected lineup; MLB probable pitchers,lineup projected / unconfirmed,H:2026 P:2026/2025,,,Direct BvP not yet weighted; 2026/2025 Statcast baseline active,7,4,24,1,"Last 7 games: 4/24, 1 HR","same-side matchup; pitcher baseline 7.3% barrel, 15.2 HR allowed",neutral batted-ball profile; pitcher fly-ball pressure modest,3.6,31.0,87.5,96.2319,0.358,0.109,0.317,65.5,0.6,45.2,26.2,1.0,0.09,7.26,34.75,86.87,0.3447,0.1212,25.27,283 deg,Open-Meteo forecast; MLB fallback,https://forecast.weather.gov/MapClick.php?lat=37.7786&lon=-122.3893,47,0,71,Oracle Park,,,,,,,,,,,
237,645305,Ali Sánchez,NYY,BAL,2026-09-25T20:05:00Z,Pre-Game,8,Trevor Rogers,669432,L,38.3,Longshot,Watch List,Platoon Edge,15.8,35.1,58.2,52.4,78.0,22.0,50.0,,Yes,Yes,8,Yes,No,MLB Stats API; RotoWire,,H:2026/2025 P:2026/2025,,,Direct BvP not yet weighted; 2026/2025 Statcast baseline active,7,4,15,0,"Last 7 games: 4/15, 0 HR","platoon edge; pitcher baseline 6.9% barrel, 15.1 HR allowed",neutral batted-ball profile; pitcher fly-ball pressure modest,7.59,32.17,85.08,96.5511,0.3309,0.0987,0.2529,70.21,8.26,39.17,18.09,0.7,0.0681,6.9,39.79,88.58,0.3795,0.1461,24.74,L To R,Open-Meteo forecast; MLB fallback,https://forecast.weather.gov/MapClick.php?lat=40.8296&lon=-73.9262,44,0,63,Yankee Stadium,,,,,,,,,,,
238,703520,Brett Bateman,TOR,CIN,2026-09-25T23:07:00Z,Scheduled,1,Nick Lodolo,666157,L,38.3,Longshot,Watch List,"Projected Lineup, Premium Lineup Spot",2.7,50.8,40.4,88.7,50.0,24.0,50.0,,No,No,1,Yes,Yes,RotoWire projected lineup; MLB probable pitchers,lineup projected / unconfirmed,H:2026 P:2026/2025,,,Direct BvP not yet weighted; 2026/2025 Statcast baseline active,7,7,25,0,"Last 7 games: 7/25, 0 HR","same-side matchup; pitcher baseline 9.1% barrel, 20.6 HR allowed",neutral batted-ball profile; pitcher fly-ball pressure modest,1.7,20.2,84.6,94.7293,0.33,0.07,0.306,67.9,2.8,33.6,11.8,2.0,0.093,9.11,40.78,89.64,0.4569,0.1837,26.33,43 deg,Open-Meteo forecast; MLB fallback,https://forecast.weather.gov/MapClick.php?lat=43.6414&lon=-79.3894,68,0,57,Rogers Centre,,,,,,,,,,,
239,687401,Joey Ortiz,MIL,STL,2026-09-25T23:40:00Z,Scheduled,7,Michael McGreevy,700241,R,38.2,Longshot,Watch List,Projected Lineup,16.9,52.2,38.1,59.8,50.0,15.3,50.0,,No,No,7,Yes,Yes,RotoWire projected lineup; MLB probable pitchers,lineup projected / unconfirmed,H:2026/2025 P:2026/2025,,,Direct BvP not yet weighted; 2026/2025 Statcast baseline active,7,6,27,0,"Last 7 games: 6/27, 0 HR","same-side matchup; pitcher baseline 9.2% barrel, 18.3 HR allowed",neutral batted-ball profile; pitcher fly-ball pressure modest,3.77,35.67,87.84,99.1656,0.3389,0.0967,0.289,73.0,30.85,32.12,19.82,8.4,0.1192,9.15,40.73,90.01,0.4689,0.19,26.76,23 deg,Open-Meteo forecast; MLB fallback,https://forecast.weather.gov/MapClick.php?lat=43.0280&lon=-87.9712,82,0,60,American Family Field,,,,,,,,,,,
240,647304,Josh Naylor,SEA,LAA,2026-09-26T02:10:00Z,Scheduled,6,Reid Detmers,672282,L,37.9,Longshot,Watch List,Projected Lineup,22.6,38.5,37.9,71.7,50.0,3.4,50.0,,No,No,6,Yes,Yes,RotoWire projected lineup; MLB probable pitchers,lineup projected / unconfirmed,H:2026/2025 P:2026/2025,,,Direct BvP not yet weighted; 2026/2025 Statcast baseline active,7,4,28,0,"Last 7 games: 4/28, 0 HR","same-side matchup; pitcher baseline 7.8% barrel, 15.1 HR allowed",neutral batted-ball profile; pitcher fly-ball pressure modest,5.16,37.77,87.73,98.9545,0.3984,0.1282,0.3187,70.34,11.61,41.43,22.36,13.0,0.1124,7.78,39.37,89.89,0.3609,0.139,27.78,360 deg,Open-Meteo forecast; MLB fallback,https://forecast.weather.gov/MapClick.php?lat=47.5914&lon=-122.3325,82,7,58,T-Mobile Park,,,,,,,,,,,
241,621020,Dansby Swanson,CHC,BOS,2026-09-25T17:05:00Z,Warmup,8,Alec Gamboa,687941,L,37.8,Longshot,Watch List,Platoon Edge,38.4,18.2,27.2,52.4,78.0,36.0,50.0,,Yes,No,9,Yes,Yes,MLB Stats API; RotoWire,RotoWire not confirmed; order MLB 8 vs RotoWire 9,H:2026/2025 P:2026,,,Direct BvP not yet weighted; 2026/2025 Statcast baseline active,7,5,21,1,"Last 7 games: 5/21, 1 HR","platoon edge; pitcher baseline 2.3% barrel, 1.0 HR allowed",neutral batted-ball profile; pitcher fly-ball pressure modest,8.62,43.11,89.73,99.94,0.4119,0.1764,0.3156,71.32,8.54,47.69,29.12,20.5,0.1835,2.3,40.9,90.5,0.28,0.083,17.0,In From RF,Open-Meteo forecast; MLB fallback,https://forecast.weather.gov/MapClick.php?lat=42.3467&lon=-71.0972,59,0,53,Fenway Park,,,,,,,,,,,
242,664728,Kyle Isbel,KC,CLE,2026-09-25T23:40:00Z,Scheduled,9,Gavin Williams,668909,R,37.8,Longshot,Watch List,"Projected Lineup, Platoon Edge",11.8,54.4,47.2,40.2,80.0,10.1,50.0,,No,No,9,Yes,Yes,RotoWire projected lineup; MLB probable pitchers,lineup projected / unconfirmed,H:2026/2025 P:2026/2025,,,Direct BvP not yet weighted; 2026/2025 Statcast baseline active,7,3,16,0,"Last 7 games: 3/16, 0 HR","platoon edge; pitcher baseline 10.7% barrel, 25.8 HR allowed",neutral batted-ball profile; pitcher fly-ball pressure modest,2.37,33.65,88.15,98.8125,0.2963,0.0756,0.2524,71.1,12.64,33.3,19.57,5.4,0.1001,10.68,45.84,90.19,0.3973,0.1747,25.79,75 deg,Open-Meteo forecast; MLB fallback,https://forecast.weather.gov/MapClick.php?lat=39.0517&lon=-94.4803,63,1,71,Kauffman Stadium,,,,,,,,,,,
243,543760,Marcus Semien,NYM,WSH,2026-09-25T22:45:00Z,Scheduled,6,Andrew Alvarez,674841,L,37.7,Longshot,Watch List,"Projected Lineup, Platoon Edge",23.5,20.8,40.7,71.7,78.0,23.4,50.0,,No,No,6,Yes,Yes,RotoWire projected lineup; MLB probable pitchers,lineup projected / unconfirmed,H:2026/2025 P:2026/2025,,,Direct BvP not yet weighted; 2026/2025 Statcast baseline active,7,4,26,1,"Last 7 games: 4/26, 1 HR","platoon edge; pitcher baseline 4.8% barrel, 3.8 HR allowed",neutral batted-ball profile; pitcher fly-ball pressure modest,6.17,34.16,87.18,97.3933,0.3831,0.1411,0.3068,68.57,3.48,46.35,32.91,15.0,0.1284,4.75,38.98,88.83,0.3388,0.106,18.32,79 deg,Open-Meteo forecast; MLB fallback,https://forecast.weather.gov/MapClick.php?lat=38.8730&lon=-77.0074,66,0,60,Nationals Park,,,,,,,,,,,
244,800325,Luis Lara,MIL,STL,2026-09-25T23:40:00Z,Scheduled,8,Michael McGreevy,700241,R,37.7,Longshot,Watch List,"Projected Lineup, Platoon Edge",16.3,50.2,38.1,47.9,75.0,10.8,50.0,,No,No,8,Yes,Yes,RotoWire projected lineup; MLB probable pitchers,lineup projected / unconfirmed,H:2026 P:2026/2025,,,Direct BvP not yet weighted; 2026/2025 Statcast baseline active,7,5,26,0,"Last 7 games: 5/26, 0 HR","switch hitter; pitcher baseline 9.2% barrel, 18.3 HR allowed",neutral batted-ball profile; pitcher fly-ball pressure modest,3.5,40.8,87.8,98.8034,0.334,0.075,0.295,71.4,17.0,30.3,14.8,1.0,0.082,9.15,40.73,90.01,0.4689,0.19,26.76,23 deg,Open-Meteo forecast; MLB fallback,https://forecast.weather.gov/MapClick.php?lat=43.0280&lon=-87.9712,82,0,60,American Family Field,,,,,,,,,,,
245,622761,Jorge Mateo,TB,PHI,2026-09-25T22:40:00Z,Scheduled,8,Cristopher Sánchez,650911,L,37.4,Longshot,Watch List,"Projected Lineup, Platoon Edge",22.7,33.2,47.8,47.9,78.0,12.0,50.0,,No,No,8,Yes,Yes,RotoWire projected lineup; MLB probable pitchers,lineup projected / unconfirmed,H:2026/2025 P:2026/2025,,,Direct BvP not yet weighted; 2026/2025 Statcast baseline active,7,3,15,0,"Last 7 games: 3/15, 0 HR","platoon edge; pitcher baseline 6.8% barrel, 16.2 HR allowed",neutral batted-ball profile; pitcher fly-ball pressure modest,6.48,35.72,86.7,98.562,0.3271,0.1209,0.2536,73.23,31.6,35.08,28.6,3.8,0.1044,6.82,41.2,89.28,0.359,0.1256,16.83,18 deg,Open-Meteo forecast; MLB fallback,https://forecast.weather.gov/MapClick.php?lat=39.9061&lon=-75.1665,52,0,62,Citizens Bank Park,,,,,,,,,,,
246,645305,Ali Sanchez,NYY,BAL,2026-09-25T20:10:00Z,Scheduled,8,Brandon Young,687064,R,37.3,Longshot,Watch List,Projected Lineup,15.8,43.0,58.2,47.9,50.0,22.0,50.0,,No,Yes,8,Yes,Yes,RotoWire projected lineup; MLB probable pitchers,lineup projected / unconfirmed,H:2026/2025 P:2026/2025,,,Direct BvP not yet weighted; 2026/2025 Statcast baseline active,7,4,15,0,"Last 7 games: 4/15, 0 HR","same-side matchup; pitcher baseline 7.8% barrel, 19.0 HR allowed",neutral batted-ball profile; pitcher fly-ball pressure modest,7.59,32.17,85.08,96.5511,0.3309,0.0987,0.2529,70.21,8.26,39.17,18.09,0.7,0.0681,7.82,40.24,89.26,0.4117,0.1637,26.66,12 deg,Open-Meteo forecast; MLB fallback,https://forecast.weather.gov/MapClick.php?lat=40.8296&lon=-73.9262,44,0,63,Yankee Stadium,,,,,,,,,,,
247,678545,Osleivis Basabe,SF,LAD,2026-09-26T02:15:00Z,Scheduled,8,Tarik Skubal,669373,L,37.2,Longshot,Watch List,"Projected Lineup, Platoon Edge",24.3,27.7,49.3,47.9,78.0,19.5,50.0,,No,No,8,Yes,Yes,RotoWire projected lineup; MLB probable pitchers,lineup projected / unconfirmed,H:2026 P:2026/2025,,,Direct BvP not yet weighted; 2026/2025 Statcast baseline active,7,3,12,0,"Last 7 games: 3/12, 0 HR","platoon edge; pitcher baseline 7.3% barrel, 15.2 HR allowed",neutral batted-ball profile; pitcher fly-ball pressure modest,6.9,34.3,87.6,97.919,0.345,0.114,0.285,73.7,36.5,40.2,29.4,5.0,0.141,7.26,34.75,86.87,0.3447,0.1212,25.27,283 deg,Open-Meteo forecast; MLB fallback,https://forecast.weather.gov/MapClick.php?lat=37.7786&lon=-122.3893,47,0,71,Oracle Park,,,,,,,,,,,
248,645277,Ozzie Albies,ATL,MIA,2026-09-25T23:10:00Z,Scheduled,8,Eury Pérez,691587,R,37.1,Longshot,Watch List,"Projected Lineup, Platoon Edge",15.4,47.1,43.0,47.9,75.0,5.1,50.0,,No,No,8,Yes,Yes,RotoWire projected lineup; MLB probable pitchers,lineup projected / unconfirmed,H:2026/2025 P:2026/2025,,,Direct BvP not yet weighted; 2026/2025 Statcast baseline active,7,4,26,0,"Last 7 games: 4/26, 0 HR","switch hitter; pitcher baseline 10.1% barrel, 17.6 HR allowed",neutral batted-ball profile; pitcher allows elevated contact,4.2,28.53,87.15,96.6708,0.3481,0.1191,0.2829,68.86,5.67,46.63,31.55,20.2,0.1474,10.05,41.6,89.1,0.3842,0.17,30.94,61 deg,Open-Meteo forecast; MLB fallback,https://forecast.weather.gov/MapClick.php?lat=25.7781&lon=-80.2197,80,11,82,loanDepot park,,,,,,,,,,,
249,680757,Steven Kwan,CLE,KC,2026-09-25T23:40:00Z,Scheduled,1,Noah Cameron,702070,L,36.9,Longshot,Watch List,"Projected Lineup, Premium Lineup Spot",2.8,39.7,47.2,88.7,50.0,28.2,50.0,,No,No,1,Yes,Yes,RotoWire projected lineup; MLB probable pitchers,lineup projected / unconfirmed,H:2026/2025 P:2026/2025,,,Direct BvP not yet weighted; 2026/2025 Statcast baseline active,7,8,26,0,"Last 7 games: 8/26, 0 HR","same-side matchup; pitcher baseline 7.6% barrel, 18.7 HR allowed",neutral batted-ball profile; pitcher fly-ball pressure modest,0.85,13.14,84.52,92.7982,0.3499,0.0734,0.3226,62.73,0.31,28.02,23.51,5.4,0.0754,7.63,37.61,88.53,0.4054,0.1604,27.36,75 deg,Open-Meteo forecast; MLB fallback,https://forecast.weather.gov/MapClick.php?lat=39.0517&lon=-94.4803,63,1,71,Kauffman Stadium,,,,,,,,,,,
250,686765,Nick Sogard,BOS,CHC,2026-09-25T21:35:00Z,Scheduled,6,David Peterson,656849,L,36.8,Longshot,Watch List,"Projected Lineup, Platoon Edge",15.1,33.2,37.7,71.7,75.0,12.0,50.0,,No,No,2,Yes,Yes,RotoWire projected lineup; MLB probable pitchers,lineup projected / unconfirmed; order MLB 6 vs RotoWire 2,H:2026/2025 P:2026/2025,,,Direct BvP not yet weighted; 2026/2025 Statcast baseline active,7,6,30,0,"Last 7 games: 6/30, 0 HR","switch hitter; pitcher baseline 6.3% barrel, 13.8 HR allowed",neutral batted-ball profile; pitcher fly-ball pressure modest,5.18,30.22,86.42,96.7936,0.3624,0.1114,0.3083,68.71,3.82,44.82,25.07,3.5,0.1197,6.33,41.87,89.34,0.4042,0.1356,18.45,349 deg,Open-Meteo forecast; MLB fallback,https://forecast.weather.gov/MapClick.php?lat=42.3467&lon=-71.0972,59,0,53,Fenway Park,,,,,,,,,,,
251,663647,Ke'Bryan Hayes,CIN,TOR,2026-09-25T23:07:00Z,Scheduled,9,,,,36.8,Longshot,Watch List,Projected Lineup,28.0,41.2,40.4,40.2,60.0,0.0,50.0,,No,No,9,Yes,Yes,RotoWire projected lineup; MLB probable pitchers,lineup projected / unconfirmed,H:2026/2025 P:,,,Direct BvP not yet weighted; 2026/2025 Statcast baseline active,7,1,15,0,"Last 7 games: 1/15, 0 HR","handedness incomplete; pitcher baseline 0.0% barrel, 0.0 HR allowed",neutral batted-ball profile; pitcher fly-ball pressure modest,6.21,39.7,90.07,99.5886,0.3623,0.1257,0.2855,70.82,7.36,30.25,27.43,5.0,0.0801,,,,,,,43 deg,Open-Meteo forecast; MLB fallback,https://forecast.weather.gov/MapClick.php?lat=43.6414&lon=-79.3894,68,0,57,Rogers Centre,,,,,,,,,,,
252,695681,Christian Moore,LAA,SEA,2026-09-26T02:10:00Z,Scheduled,9,Bryce Miller,682243,R,36.7,Longshot,Watch List,Projected Lineup,26.8,43.2,37.9,40.2,50.0,21.1,50.0,,No,No,9,Yes,Yes,RotoWire projected lineup; MLB probable pitchers,lineup projected / unconfirmed,H:2026/2025 P:2026/2025,,,Direct BvP not yet weighted; 2026/2025 Statcast baseline active,7,6,23,0,"Last 7 games: 6/23, 0 HR","same-side matchup; pitcher baseline 8.3% barrel, 19.1 HR allowed",neutral batted-ball profile; pitcher allows elevated contact,8.3,38.05,88.27,99.6624,0.3093,0.1168,0.2505,72.07,25.57,25.45,28.13,2.8,0.102,8.28,36.98,88.83,0.4066,0.1673,31.3,360 deg,Open-Meteo forecast; MLB fallback,https://forecast.weather.gov/MapClick.php?lat=47.5914&lon=-122.3325,82,7,58,T-Mobile Park,,,,,,,,,,,
253,807713,Matt Shaw,CHC,BOS,2026-09-25T21:35:00Z,Scheduled,6,Brayan Bello,678394,R,36.6,Longshot,Watch List,Projected Lineup,17.6,39.0,37.7,71.7,50.0,7.0,50.0,,No,Yes,6,Yes,Yes,RotoWire projected lineup; MLB probable pitchers,lineup projected / unconfirmed,H:2026/2025 P:2026/2025,,,Direct BvP not yet weighted; 2026/2025 Statcast baseline active,7,2,12,0,"Last 7 games: 2/12, 0 HR","same-side matchup; pitcher baseline 7.5% barrel, 13.2 HR allowed",neutral batted-ball profile; pitcher fly-ball pressure modest,5.25,32.34,86.16,97.2021,0.3533,0.1261,0.2978,69.53,8.63,34.74,27.59,7.4,0.1743,7.45,39.72,88.87,0.4321,0.1559,22.11,349 deg,Open-Meteo forecast; MLB fallback,https://forecast.weather.gov/MapClick.php?lat=42.3467&lon=-71.0972,59,0,53,Fenway Park,,,,,,,,,,,
254,663743,Nick Fortes,TB,PHI,2026-09-25T22:40:00Z,Scheduled,7,Cristopher Sánchez,650911,L,36.3,Longshot,Watch List,"Projected Lineup, Platoon Edge",12.7,33.2,47.8,59.8,78.0,19.5,50.0,,No,No,7,Yes,Yes,RotoWire projected lineup; MLB probable pitchers,lineup projected / unconfirmed,H:2026/2025 P:2026/2025,,,Direct BvP not yet weighted; 2026/2025 Statcast baseline active,7,3,12,0,"Last 7 games: 3/12, 0 HR","platoon edge; pitcher baseline 6.8% barrel, 16.2 HR allowed",neutral batted-ball profile; pitcher fly-ball pressure modest,2.78,36.29,86.17,99.1209,0.3234,0.0902,0.2728,72.49,24.02,51.12,18.22,5.0,0.113,6.82,41.2,89.28,0.359,0.1256,16.83,18 deg,Open-Meteo forecast; MLB fallback,https://forecast.weather.gov/MapClick.php?lat=39.9061&lon=-75.1665,52,0,62,Citizens Bank Park,,,,,,,,,,,
255,664702,Myles Straw,TOR,CIN,2026-09-25T23:07:00Z,Scheduled,9,Nick Lodolo,666157,L,36.1,Longshot,Watch List,"Projected Lineup, Platoon Edge",9.1,50.8,40.4,40.2,78.0,32.0,50.0,,No,No,9,Yes,Yes,RotoWire projected lineup; MLB probable pitchers,lineup projected / unconfirmed,H:2026/2025 P:2026/2025,,,Direct BvP not yet weighted; 2026/2025 Statcast baseline active,7,7,21,0,Contact streak: 7/21 over last 7 games,"platoon edge; pitcher baseline 9.1% barrel, 20.6 HR allowed",neutral batted-ball profile; pitcher fly-ball pressure modest,3.13,26.05,86.5,95.7887,0.3489,0.0983,0.2929,68.12,4.61,34.47,26.9,3.3,0.1036,9.11,40.78,89.64,0.4569,0.1837,26.33,43 deg,Open-Meteo forecast; MLB fallback,https://forecast.weather.gov/MapClick.php?lat=43.6414&lon=-79.3894,68,0,57,Rogers Centre,,,,,,,,,,,
256,695391,Brett Harris,SF,LAD,2026-09-26T02:15:00Z,Scheduled,6,Tarik Skubal,669373,L,36.1,Longshot,Watch List,"Projected Lineup, Platoon Edge",10.5,27.7,49.3,71.7,78.0,16.1,50.0,,No,No,6,Yes,Yes,RotoWire projected lineup; MLB probable pitchers,lineup projected / unconfirmed,H:2026/2025 P:2026/2025,,,Direct BvP not yet weighted; 2026/2025 Statcast baseline active,7,5,22,0,"Last 7 games: 5/22, 0 HR","platoon edge; pitcher baseline 7.3% barrel, 15.2 HR allowed",neutral batted-ball profile; pitcher fly-ball pressure modest,4.26,30.6,86.17,97.0195,0.2471,0.0682,0.2574,70.72,10.24,29.42,24.23,0.0,0.061,7.26,34.75,86.87,0.3447,0.1212,25.27,283 deg,Open-Meteo forecast; MLB fallback,https://forecast.weather.gov/MapClick.php?lat=37.7786&lon=-122.3893,47,0,71,Oracle Park,,,,,,,,,,,
257,807726,John Peck,DET,PIT,2026-09-25T22:40:00Z,Scheduled,9,Bubba Chandler,696149,R,36.0,Longshot,Watch List,Projected Lineup,31.4,37.5,39.1,40.2,50.0,0.0,50.0,,No,No,9,Yes,Yes,RotoWire projected lineup; MLB probable pitchers,lineup projected / unconfirmed,H:2026 P:2026/2025,,,Direct BvP not yet weighted; 2026/2025 Statcast baseline active,7,1,20,0,"Last 7 games: 1/20, 0 HR","same-side matchup; pitcher baseline 7.2% barrel, 11.1 HR allowed",neutral batted-ball profile; pitcher fly-ball pressure modest,8.9,41.3,89.3,99.3965,0.359,0.133,0.323,72.1,16.4,26.1,17.4,0.0,0.016,7.16,39.44,89.36,0.3898,0.1567,26.44,61 deg,Open-Meteo forecast; MLB fallback,https://forecast.weather.gov/MapClick.php?lat=42.3390&lon=-83.0485,57,0,58,Comerica Park,,,,,,,,,,,
258,676391,Ernie Clement,TOR,CIN,2026-09-25T23:07:00Z,Scheduled,7,Nick Lodolo,666157,L,36.0,Longshot,Watch List,"Projected Lineup, Platoon Edge",4.9,50.8,40.4,59.8,78.0,1.6,50.0,,No,No,7,Yes,Yes,RotoWire projected lineup; MLB probable pitchers,lineup projected / unconfirmed,H:2026/2025 P:2026/2025,,,Direct BvP not yet weighted; 2026/2025 Statcast baseline active,7,3,23,0,"Last 7 games: 3/23, 0 HR","platoon edge; pitcher baseline 9.1% barrel, 20.6 HR allowed",neutral batted-ball profile; pitcher fly-ball pressure modest,2.19,22.22,84.92,94.5629,0.3317,0.0846,0.268,67.39,2.61,40.17,28.39,9.0,0.1112,9.11,40.78,89.64,0.4569,0.1837,26.33,43 deg,Open-Meteo forecast; MLB fallback,https://forecast.weather.gov/MapClick.php?lat=43.6414&lon=-79.3894,68,0,57,Rogers Centre,,,,,,,,,,,
259,663538,Nico Hoerner,CHC,BOS,2026-09-25T21:35:00Z,Scheduled,5,Brayan Bello,678394,R,35.8,Longshot,Watch List,Projected Lineup,9.0,39.0,37.7,81.9,50.0,16.6,50.0,,No,No,6,Yes,Yes,RotoWire projected lineup; MLB probable pitchers,lineup projected / unconfirmed; order MLB 5 vs RotoWire 6,H:2026/2025 P:2026/2025,,,Direct BvP not yet weighted; 2026/2025 Statcast baseline active,7,6,26,0,"Last 7 games: 6/26, 0 HR","same-side matchup; pitcher baseline 7.5% barrel, 13.2 HR allowed",neutral batted-ball profile; pitcher fly-ball pressure modest,1.7,29.53,86.21,96.3144,0.3812,0.0843,0.3227,68.33,1.76,32.94,21.84,7.7,0.0914,7.45,39.72,88.87,0.4321,0.1559,22.11,349 deg,Open-Meteo forecast; MLB fallback,https://forecast.weather.gov/MapClick.php?lat=42.3467&lon=-71.0972,59,0,53,Fenway Park,,,,,,,,,,,
260,702332,Caleb Durbin,BOS,CHC,2026-09-25T21:35:00Z,Scheduled,5,David Peterson,656849,L,35.7,Longshot,Watch List,"Projected Lineup, Platoon Edge",3.9,34.7,37.7,81.9,78.0,21.1,50.0,,No,No,7,Yes,Yes,RotoWire projected lineup; MLB probable pitchers,lineup projected / unconfirmed; order MLB 5 vs RotoWire 7,H:2026/2025 P:2026/2025,,,Direct BvP not yet weighted; 2026/2025 Statcast baseline active,7,6,23,0,"Last 7 games: 6/23, 0 HR","platoon edge; pitcher baseline 6.3% barrel, 13.8 HR allowed",neutral batted-ball profile; pitcher fly-ball pressure modest,3.16,25.92,83.8,95.5088,0.3326,0.0895,0.3001,68.81,4.81,41.23,20.31,12.4,0.1317,6.33,41.87,89.34,0.4042,0.1356,18.45,349 deg,Open-Meteo forecast; MLB fallback,https://forecast.weather.gov/MapClick.php?lat=42.3467&lon=-71.0972,59,0,53,Fenway Park,,,,,,,,,,,
261,655316,Andruw Monasterio,BOS,CHC,2026-09-25T21:35:00Z,Scheduled,8,David Peterson,656849,L,35.6,Longshot,Watch List,"Projected Lineup, Platoon Edge",22.1,34.7,37.7,47.9,78.0,0.0,50.0,,No,No,9,Yes,Yes,RotoWire projected lineup; MLB probable pitchers,lineup projected / unconfirmed; order MLB 8 vs RotoWire 9,H:2026/2025 P:2026/2025,,,Direct BvP not yet weighted; 2026/2025 Statcast baseline active,7,1,16,0,"Last 7 games: 1/16, 0 HR","platoon edge; pitcher baseline 6.3% barrel, 13.8 HR allowed",neutral batted-ball profile; pitcher fly-ball pressure modest,6.21,33.21,87.49,97.3439,0.3602,0.1292,0.2884,69.24,3.29,39.92,31.34,5.4,0.1495,6.33,41.87,89.34,0.4042,0.1356,18.45,349 deg,Open-Meteo forecast; MLB fallback,https://forecast.weather.gov/MapClick.php?lat=42.3467&lon=-71.0972,59,0,53,Fenway Park,,,,,,,,,,,
262,660688,Keibert Ruiz,WSH,NYM,2026-09-25T22:45:00Z,Scheduled,8,,,,35.6,Longshot,Watch List,"Projected Lineup, Platoon Edge",16.2,40.2,40.7,47.9,75.0,8.5,50.0,,No,No,8,Yes,Yes,RotoWire projected lineup; MLB probable pitchers,lineup projected / unconfirmed,H:2026/2025 P:,,,Direct BvP not yet weighted; 2026/2025 Statcast baseline active,7,3,17,0,"Last 7 games: 3/17, 0 HR","switch hitter; pitcher baseline 0.0% barrel, 0.0 HR allowed",neutral batted-ball profile; pitcher fly-ball pressure modest,4.02,34.68,87.46,97.4447,0.3678,0.1129,0.2884,67.22,0.86,54.61,26.0,7.6,0.1375,,,,,,,79 deg,Open-Meteo forecast; MLB fallback,https://forecast.weather.gov/MapClick.php?lat=38.8730&lon=-77.0074,66,0,60,Nationals Park,,,,,,,,,,,
263,664770,Nathan Lukes,TOR,CIN,2026-09-25T23:07:00Z,Scheduled,8,Nick Lodolo,666157,L,35.6,Longshot,Watch List,Projected Lineup,11.6,50.8,40.4,47.9,50.0,29.7,50.0,,No,No,8,Yes,Yes,RotoWire projected lineup; MLB probable pitchers,lineup projected / unconfirmed,H:2026/2025 P:2026/2025,,,Direct BvP not yet weighted; 2026/2025 Statcast baseline active,7,7,22,0,"Last 7 games: 7/22, 0 HR","same-side matchup; pitcher baseline 9.1% barrel, 20.6 HR allowed",neutral batted-ball profile; pitcher fly-ball pressure modest,3.26,31.61,87.2,96.9908,0.3605,0.1036,0.2975,67.3,3.76,31.84,20.88,10.6,0.1226,9.11,40.78,89.64,0.4569,0.1837,26.33,43 deg,Open-Meteo forecast; MLB fallback,https://forecast.weather.gov/MapClick.php?lat=43.6414&lon=-79.3894,68,0,57,Rogers Centre,,,,,,,,,,,
264,665804,Miguel Amaya,CHC,BOS,2026-09-25T21:35:00Z,Scheduled,9,Brayan Bello,678394,R,35.3,Longshot,Watch List,Projected Lineup,23.4,39.0,37.7,40.2,50.0,33.7,50.0,,No,Yes,9,Yes,Yes,RotoWire projected lineup; MLB probable pitchers,lineup projected / unconfirmed,H:2026/2025 P:2026/2025,,,Direct BvP not yet weighted; 2026/2025 Statcast baseline active,7,4,18,1,"Last 7 games: 4/18, 1 HR","same-side matchup; pitcher baseline 7.5% barrel, 13.2 HR allowed",neutral batted-ball profile; pitcher fly-ball pressure modest,6.74,33.81,87.45,97.6726,0.3405,0.1273,0.2901,70.87,13.38,42.27,32.02,5.4,0.1595,7.45,39.72,88.87,0.4321,0.1559,22.11,349 deg,Open-Meteo forecast; MLB fallback,https://forecast.weather.gov/MapClick.php?lat=42.3467&lon=-71.0972,59,0,53,Fenway Park,,,,,,,,,,,
265,691182,Adael Amador,COL,CWS,2026-09-25T23:40:00Z,Scheduled,8,Sean Burke,680732,R,35.3,Longshot,Watch List,"Projected Lineup, Platoon Edge",10.7,44.6,41.0,47.9,75.0,15.3,50.0,,No,No,8,Yes,Yes,RotoWire projected lineup; MLB probable pitchers,lineup projected / unconfirmed,H:2026/2025 P:2026/2025,,,Direct BvP not yet weighted; 2026/2025 Statcast baseline active,7,4,18,0,"Last 7 games: 4/18, 0 HR","switch hitter; pitcher baseline 8.8% barrel, 19.5 HR allowed",neutral batted-ball profile; pitcher allows elevated contact,6.48,24.91,84.52,96.3034,0.3123,0.1048,0.2704,69.41,9.76,51.89,23.76,3.1,0.1895,8.82,40.11,89.6,0.3996,0.1641,30.98,76 deg,Open-Meteo forecast; MLB fallback,https://forecast.weather.gov/MapClick.php?lat=41.8300&lon=-87.6338,85,0,62,Rate Field,,,,,,,,,,,
266,669364,Xavier Edwards,MIA,ATL,2026-09-25T23:10:00Z,Scheduled,7,,,,35.2,Longshot,Watch List,"Projected Lineup, Platoon Edge",8.6,40.2,43.0,59.8,75.0,7.0,50.0,,No,No,7,Yes,Yes,RotoWire projected lineup; MLB probable pitchers,lineup projected / unconfirmed,H:2026/2025 P:,,,Direct BvP not yet weighted; 2026/2025 Statcast baseline active,7,4,24,0,"Last 7 games: 4/24, 0 HR","switch hitter; pitcher baseline 0.0% barrel, 0.0 HR allowed",neutral batted-ball profile; pitcher fly-ball pressure modest,2.48,28.7,86.8,96.5317,0.3488,0.0893,0.3062,67.88,2.4,28.66,21.98,5.1,0.0847,,,,,,,61 deg,Open-Meteo forecast; MLB fallback,https://forecast.weather.gov/MapClick.php?lat=25.7781&lon=-80.2197,80,11,82,loanDepot park,,,,,,,,,,,
267,595978,Austin Hedges,CLE,KC,2026-09-25T23:40:00Z,Scheduled,8,Noah Cameron,702070,L,35.2,Longshot,Watch List,"Projected Lineup, Platoon Edge",11.4,39.7,47.2,47.9,78.0,10.6,50.0,,No,No,8,Yes,Yes,RotoWire projected lineup; MLB probable pitchers,lineup projected / unconfirmed,H:2026/2025 P:2026/2025,,,Direct BvP not yet weighted; 2026/2025 Statcast baseline active,7,4,21,0,"Last 7 games: 4/21, 0 HR","platoon edge; pitcher baseline 7.6% barrel, 18.7 HR allowed",neutral batted-ball profile; pitcher fly-ball pressure modest,3.89,32.06,86.59,97.7268,0.3015,0.0909,0.2693,69.82,9.95,47.88,23.87,5.0,0.1181,7.63,37.61,88.53,0.4054,0.1604,27.36,75 deg,Open-Meteo forecast; MLB fallback,https://forecast.weather.gov/MapClick.php?lat=39.0517&lon=-94.4803,63,1,71,Kauffman Stadium,,,,,,,,,,,
268,686475,Tyler Tolbert,KC,CLE,2026-09-25T23:40:00Z,Scheduled,8,Gavin Williams,668909,R,35.1,Longshot,Watch List,Projected Lineup,6.9,54.4,47.2,47.9,50.0,12.0,50.0,,No,No,8,Yes,Yes,RotoWire projected lineup; MLB probable pitchers,lineup projected / unconfirmed,H:2026/2025 P:2026/2025,,,Direct BvP not yet weighted; 2026/2025 Statcast baseline active,7,2,10,0,"Last 7 games: 2/10, 0 HR","same-side matchup; pitcher baseline 10.7% barrel, 25.8 HR allowed",neutral batted-ball profile; pitcher fly-ball pressure modest,2.75,28.58,85.85,96.2921,0.3227,0.0725,0.299,69.18,3.37,32.61,22.98,2.4,0.1077,10.68,45.84,90.19,0.3973,0.1747,25.79,75 deg,Open-Meteo forecast; MLB fallback,https://forecast.weather.gov/MapClick.php?lat=39.0517&lon=-94.4803,63,1,71,Kauffman Stadium,,,,,,,,,,,
269,677587,Brayan Rocchio,CLE,KC,2026-09-25T23:40:00Z,Scheduled,9,Noah Cameron,702070,L,35.0,Longshot,Watch List,"Projected Lineup, Platoon Edge",13.5,37.7,47.2,40.2,75.0,27.7,50.0,,No,No,9,Yes,Yes,RotoWire projected lineup; MLB probable pitchers,lineup projected / unconfirmed,H:2026/2025 P:2026/2025,,,Direct BvP not yet weighted; 2026/2025 Statcast baseline active,7,7,23,0,"Last 7 games: 7/23, 0 HR","switch hitter; pitcher baseline 7.6% barrel, 18.7 HR allowed",neutral batted-ball profile; pitcher fly-ball pressure modest,3.02,31.51,87.3,97.2135,0.351,0.1053,0.2936,69.86,6.52,43.57,25.23,10.6,0.121,7.63,37.61,88.53,0.4054,0.1604,27.36,75 deg,Open-Meteo forecast; MLB fallback,https://forecast.weather.gov/MapClick.php?lat=39.0517&lon=-94.4803,63,1,71,Kauffman Stadium,,,,,,,,,,,
270,641680,Jonah Heim,ATH,HOU,2026-09-26T01:40:00Z,Scheduled,8,Hunter Brown,686613,R,35.0,Longshot,Watch List,"Projected Lineup, Platoon Edge",21.3,19.6,62.4,47.9,75.0,0.0,50.0,,No,No,8,Yes,Yes,RotoWire projected lineup; MLB probable pitchers,lineup projected / unconfirmed,H:2026/2025 P:2026/2025,,,Direct BvP not yet weighted; 2026/2025 Statcast baseline active,7,2,21,0,"Last 7 games: 2/21, 0 HR","switch hitter; pitcher baseline 6.0% barrel, 12.8 HR allowed",neutral batted-ball profile; pitcher fly-ball pressure modest,6.03,32.89,87.47,97.6165,0.3551,0.1326,0.2816,69.84,9.45,39.72,27.06,12.4,0.1519,5.97,35.77,86.17,0.3194,0.1164,22.53,232 deg,Open-Meteo forecast; MLB fallback,https://forecast.weather.gov/MapClick.php?lat=38.5804&lon=-121.5139,24,0,92,Sutter Health Park,,,,,,,,,,,
271,702284,Cole Young,SEA,LAA,2026-09-26T02:10:00Z,Scheduled,8,Reid Detmers,672282,L,34.9,Longshot,Watch List,Projected Lineup,23.2,38.5,37.9,47.9,50.0,7.0,50.0,,No,No,8,Yes,Yes,RotoWire projected lineup; MLB probable pitchers,lineup projected / unconfirmed,H:2026/2025 P:2026/2025,,,Direct BvP not yet weighted; 2026/2025 Statcast baseline active,7,4,24,0,"Last 7 games: 4/24, 0 HR","same-side matchup; pitcher baseline 7.8% barrel, 15.1 HR allowed",neutral batted-ball profile; pitcher fly-ball pressure modest,5.11,35.65,88.09,98.7334,0.3767,0.1296,0.3075,71.51,21.58,42.05,27.01,13.1,0.1241,7.78,39.37,89.89,0.3609,0.139,27.78,360 deg,Open-Meteo forecast; MLB fallback,https://forecast.weather.gov/MapClick.php?lat=47.5914&lon=-122.3325,82,7,58,T-Mobile Park,,,,,,,,,,,
272,642215,Weston Wilson,SEA,LAA,2026-09-26T02:10:00Z,Scheduled,9,Reid Detmers,672282,L,34.8,Longshot,Watch List,"Projected Lineup, Platoon Edge",20.3,38.5,37.9,40.2,78.0,0.0,50.0,,No,No,9,Yes,Yes,RotoWire projected lineup; MLB probable pitchers,lineup projected / unconfirmed,H:2026/2025 P:2026/2025,,,Direct BvP not yet weighted; 2026/2025 Statcast baseline active,7,1,12,0,"Last 7 games: 1/12, 0 HR","platoon edge; pitcher baseline 7.8% barrel, 15.1 HR allowed",neutral batted-ball profile; pitcher fly-ball pressure modest,5.89,35.61,86.39,98.126,0.3262,0.1151,0.2789,72.64,26.54,46.57,26.62,4.3,0.1269,7.78,39.37,89.89,0.3609,0.139,27.78,360 deg,Open-Meteo forecast; MLB fallback,https://forecast.weather.gov/MapClick.php?lat=47.5914&lon=-122.3325,82,7,58,T-Mobile Park,,,,,,,,,,,
273,806198,Cooper Pratt,MIL,STL,2026-09-25T23:40:00Z,Scheduled,9,Michael McGreevy,700241,R,34.7,Longshot,Watch List,Projected Lineup,11.0,52.2,38.1,40.2,50.0,36.5,50.0,,No,No,9,Yes,Yes,RotoWire projected lineup; MLB probable pitchers,lineup projected / unconfirmed,H:2026 P:2026/2025,,,Direct BvP not yet weighted; 2026/2025 Statcast baseline active,7,8,22,0,Contact streak: 8/22 over last 7 games,"same-side matchup; pitcher baseline 9.2% barrel, 18.3 HR allowed",neutral batted-ball profile; pitcher fly-ball pressure modest,3.3,27.7,87.2,96.7159,0.361,0.096,0.314,69.9,8.9,32.6,21.2,3.0,0.086,9.15,40.73,90.01,0.4689,0.19,26.76,23 deg,Open-Meteo forecast; MLB fallback,https://forecast.weather.gov/MapClick.php?lat=43.0280&lon=-87.9712,82,0,60,American Family Field,,,,,,,,,,,
274,676609,José Caballero,NYY,BAL,2026-09-25T20:05:00Z,Pre-Game,9,Trevor Rogers,669432,L,34.6,Longshot,Watch List,Platoon Edge,9.1,35.1,58.2,44.8,78.0,12.0,50.0,,Yes,Yes,9,Yes,No,MLB Stats API; RotoWire,,H:2026/2025 P:2026/2025,,,Direct BvP not yet weighted; 2026/2025 Statcast baseline active,7,3,15,0,"Last 7 games: 3/15, 0 HR","platoon edge; pitcher baseline 6.9% barrel, 15.1 HR allowed",neutral batted-ball profile; pitcher fly-ball pressure modest,4.71,27.17,84.46,96.3647,0.3348,0.1094,0.2841,68.89,7.91,41.67,21.24,11.3,0.1278,6.9,39.79,88.58,0.3795,0.1461,24.74,L To R,Open-Meteo forecast; MLB fallback,https://forecast.weather.gov/MapClick.php?lat=40.8296&lon=-73.9262,44,0,63,Yankee Stadium,,,,,,,,,,,
275,696285,Jacob Young,WSH,NYM,2026-09-25T22:45:00Z,Scheduled,9,,,,34.6,Longshot,Watch List,Projected Lineup,17.4,41.2,40.7,40.2,60.0,21.5,50.0,,No,No,9,Yes,Yes,RotoWire projected lineup; MLB probable pitchers,lineup projected / unconfirmed,H:2026/2025 P:,,,Direct BvP not yet weighted; 2026/2025 Statcast baseline active,7,5,19,0,"Last 7 games: 5/19, 0 HR","handedness incomplete; pitcher baseline 0.0% barrel, 0.0 HR allowed",neutral batted-ball profile; pitcher fly-ball pressure modest,4.63,32.31,87.74,97.915,0.3724,0.1125,0.311,69.21,2.3,34.93,24.28,7.6,0.1155,,,,,,,79 deg,Open-Meteo forecast; MLB fallback,https://forecast.weather.gov/MapClick.php?lat=38.8730&lon=-77.0074,66,0,60,Nationals Park,,,,,,,,,,,
276,691026,Masyn Winn,STL,MIL,2026-09-25T23:40:00Z,Scheduled,8,Robert Gasser,688107,L,34.6,Longshot,Watch List,"Projected Lineup, Platoon Edge",15.7,38.3,38.1,47.9,78.0,2.0,50.0,,No,No,8,Yes,Yes,RotoWire projected lineup; MLB probable pitchers,lineup projected / unconfirmed,H:2026/2025 P:2026/2025,,,Direct BvP not yet weighted; 2026/2025 Statcast baseline active,7,2,15,0,"Last 7 games: 2/15, 0 HR","platoon edge; pitcher baseline 8.6% barrel, 10.1 HR allowed",neutral batted-ball profile; pitcher fly-ball pressure modest,3.75,34.67,88.23,98.5872,0.3344,0.0909,0.293,71.24,15.91,32.67,22.09,6.2,0.0932,8.58,36.7,88.27,0.3988,0.1614,25.7,23 deg,Open-Meteo forecast; MLB fallback,https://forecast.weather.gov/MapClick.php?lat=43.0280&lon=-87.9712,82,0,60,American Family Field,,,,,,,,,,,
277,678391,Jorbit Vivas,WSH,NYM,2026-09-25T22:45:00Z,Scheduled,6,,,,34.5,Longshot,Watch List,Projected Lineup,4.2,41.2,40.7,71.7,60.0,14.6,50.0,,No,No,6,Yes,Yes,RotoWire projected lineup; MLB probable pitchers,lineup projected / unconfirmed,H:2026/2025 P:,,,Direct BvP not yet weighted; 2026/2025 Statcast baseline active,7,5,23,0,"Last 7 games: 5/23, 0 HR","handedness incomplete; pitcher baseline 0.0% barrel, 0.0 HR allowed",neutral batted-ball profile; pitcher fly-ball pressure modest,3.58,26.21,83.87,95.1153,0.3156,0.0757,0.2975,69.6,4.52,40.9,21.6,2.4,0.0862,,,,,,,79 deg,Open-Meteo forecast; MLB fallback,https://forecast.weather.gov/MapClick.php?lat=38.8730&lon=-77.0074,66,0,60,Nationals Park,,,,,,,,,,,
278,686765,Nick Sogard,BOS,CHC,2026-09-25T17:05:00Z,Warmup,6,Clay Holmes,605280,R,34.3,Longshot,Watch List,Platoon Edge,15.1,26.2,27.2,76.2,75.0,12.0,50.0,,Yes,No,2,Yes,Yes,MLB Stats API; RotoWire,RotoWire not confirmed; order MLB 6 vs RotoWire 2,H:2026/2025 P:2026/2025,,,Direct BvP not yet weighted; 2026/2025 Statcast baseline active,7,6,30,0,"Last 7 games: 6/30, 0 HR","switch hitter; pitcher baseline 5.0% barrel, 8.4 HR allowed",neutral batted-ball profile; pitcher fly-ball pressure modest,5.18,30.22,86.42,96.7936,0.3624,0.1114,0.3083,68.71,3.82,44.82,25.07,3.5,0.1197,5.05,41.46,89.56,0.3639,0.1185,18.62,In From RF,Open-Meteo forecast; MLB fallback,https://forecast.weather.gov/MapClick.php?lat=42.3467&lon=-71.0972,59,0,53,Fenway Park,,,,,,,,,,,
279,805999,A.J. Ewing,NYM,WSH,2026-09-25T22:45:00Z,Scheduled,8,Andrew Alvarez,674841,L,34.0,Longshot,Watch List,Projected Lineup,30.2,20.8,40.7,47.9,50.0,19.5,50.0,,No,No,8,Yes,Yes,RotoWire projected lineup; MLB probable pitchers,lineup projected / unconfirmed,H:2026 P:2026/2025,,,Direct BvP not yet weighted; 2026/2025 Statcast baseline active,7,6,24,0,"Last 7 games: 6/24, 0 HR","same-side matchup; pitcher baseline 4.8% barrel, 3.8 HR allowed",neutral batted-ball profile; pitcher fly-ball pressure modest,7.0,41.4,89.4,99.8996,0.395,0.139,0.318,70.4,12.5,30.9,24.5,10.0,0.12,4.75,38.98,88.83,0.3388,0.106,18.32,79 deg,Open-Meteo forecast; MLB fallback,https://forecast.weather.gov/MapClick.php?lat=38.8730&lon=-77.0074,66,0,60,Nationals Park,,,,,,,,,,,
280,676609,Jose Caballero,NYY,BAL,2026-09-25T20:10:00Z,Scheduled,9,Brandon Young,687064,R,33.6,Longshot,Watch List,Projected Lineup,9.1,43.0,58.2,40.2,50.0,12.0,50.0,,No,Yes,9,Yes,Yes,RotoWire projected lineup; MLB probable pitchers,lineup projected / unconfirmed,H:2026/2025 P:2026/2025,,,Direct BvP not yet weighted; 2026/2025 Statcast baseline active,7,3,15,0,"Last 7 games: 3/15, 0 HR","same-side matchup; pitcher baseline 7.8% barrel, 19.0 HR allowed",neutral batted-ball profile; pitcher fly-ball pressure modest,4.71,27.17,84.46,96.3647,0.3348,0.1094,0.2841,68.89,7.91,41.67,21.24,11.3,0.1278,7.82,40.24,89.26,0.4117,0.1637,26.66,12 deg,Open-Meteo forecast; MLB fallback,https://forecast.weather.gov/MapClick.php?lat=40.8296&lon=-73.9262,44,0,63,Yankee Stadium,,,,,,,,,,,
281,807713,Matt Shaw,CHC,BOS,2026-09-25T17:05:00Z,Warmup,6,Alec Gamboa,687941,L,33.2,Longshot,Watch List,Platoon Edge,17.6,18.2,27.2,76.2,78.0,7.0,50.0,,Yes,Yes,6,Yes,No,MLB Stats API; RotoWire,,H:2026/2025 P:2026,,,Direct BvP not yet weighted; 2026/2025 Statcast baseline active,7,2,12,0,"Last 7 games: 2/12, 0 HR","platoon edge; pitcher baseline 2.3% barrel, 1.0 HR allowed",neutral batted-ball profile; pitcher fly-ball pressure modest,5.25,32.34,86.16,97.2021,0.3533,0.1261,0.2978,69.53,8.63,34.74,27.59,7.4,0.1743,2.3,40.9,90.5,0.28,0.083,17.0,In From RF,Open-Meteo forecast; MLB fallback,https://forecast.weather.gov/MapClick.php?lat=42.3467&lon=-71.0972,59,0,53,Fenway Park,,,,,,,,,,,
282,702222,Justin Crawford,PHI,TB,2026-09-25T22:40:00Z,Scheduled,9,Freddy Peralta,642547,R,33.1,Longshot,Watch List,"Projected Lineup, Platoon Edge",10.9,33.9,47.8,40.2,80.0,13.6,50.0,,No,No,9,Yes,Yes,RotoWire projected lineup; MLB probable pitchers,lineup projected / unconfirmed,H:2026 P:2026/2025,,,Direct BvP not yet weighted; 2026/2025 Statcast baseline active,7,4,19,0,"Last 7 games: 4/19, 0 HR","platoon edge; pitcher baseline 6.9% barrel, 22.4 HR allowed",neutral batted-ball profile; pitcher fly-ball pressure modest,1.8,35.5,87.1,98.1083,0.326,0.069,0.284,69.2,6.1,29.1,16.3,3.0,0.092,6.92,36.6,87.65,0.3694,0.1438,28.62,18 deg,Open-Meteo forecast; MLB fallback,https://forecast.weather.gov/MapClick.php?lat=39.9061&lon=-75.1665,52,0,62,Citizens Bank Park,,,,,,,,,,,
283,663968,Jake Mangum,PIT,DET,2026-09-25T22:40:00Z,Scheduled,9,Jackson Jobe,695549,R,32.8,Longshot,Watch List,"Projected Lineup, Platoon Edge",7.0,42.2,39.1,40.2,75.0,26.4,50.0,,No,No,9,Yes,Yes,RotoWire projected lineup; MLB probable pitchers,lineup projected / unconfirmed,H:2026/2025 P:2026/2025,,,Direct BvP not yet weighted; 2026/2025 Statcast baseline active,7,4,23,1,"Last 7 games: 4/23, 1 HR","switch hitter; pitcher baseline 9.6% barrel, 7.0 HR allowed",neutral batted-ball profile; pitcher fly-ball pressure modest,2.49,29.34,86.25,96.7772,0.3325,0.085,0.2823,67.72,4.5,28.07,16.19,4.4,0.0846,9.61,37.56,88.54,0.4065,0.1722,28.56,61 deg,Open-Meteo forecast; MLB fallback,https://forecast.weather.gov/MapClick.php?lat=42.3390&lon=-83.0485,57,0,58,Comerica Park,,,,,,,,,,,
284,673490,Ha-Seong Kim,ATL,MIA,2026-09-25T23:10:00Z,Scheduled,9,Eury Pérez,691587,R,32.6,Longshot,Watch List,Projected Lineup,10.3,48.9,43.0,40.2,50.0,0.0,50.0,,No,No,9,Yes,Yes,RotoWire projected lineup; MLB probable pitchers,lineup projected / unconfirmed,H:2026/2025 P:2026/2025,,,Direct BvP not yet weighted; 2026/2025 Statcast baseline active,7,0,20,0,"Last 7 games: 0/20, 0 HR","same-side matchup; pitcher baseline 10.1% barrel, 17.6 HR allowed",neutral batted-ball profile; pitcher allows elevated contact,3.17,29.51,86.76,96.4462,0.2468,0.0685,0.2354,71.45,15.56,41.98,27.82,1.5,0.0389,10.05,41.6,89.1,0.3842,0.17,30.94,61 deg,Open-Meteo forecast; MLB fallback,https://forecast.weather.gov/MapClick.php?lat=25.7781&lon=-80.2197,80,11,82,loanDepot park,,,,,,,,,,,
285,663538,Nico Hoerner,CHC,BOS,2026-09-25T17:05:00Z,Warmup,5,Alec Gamboa,687941,L,32.5,Longshot,Watch List,Platoon Edge,9.0,18.2,27.2,86.4,78.0,16.6,50.0,,Yes,No,6,Yes,Yes,MLB Stats API; RotoWire,RotoWire not confirmed; order MLB 5 vs RotoWire 6,H:2026/2025 P:2026,,,Direct BvP not yet weighted; 2026/2025 Statcast baseline active,7,6,26,0,"Last 7 games: 6/26, 0 HR","platoon edge; pitcher baseline 2.3% barrel, 1.0 HR allowed",neutral batted-ball profile; pitcher fly-ball pressure modest,1.7,29.53,86.21,96.3144,0.3812,0.0843,0.3227,68.33,1.76,32.94,21.84,7.7,0.0914,2.3,40.9,90.5,0.28,0.083,17.0,In From RF,Open-Meteo forecast; MLB fallback,https://forecast.weather.gov/MapClick.php?lat=42.3467&lon=-71.0972,59,0,53,Fenway Park,,,,,,,,,,,
286,802415,Chandler Simpson,TB,PHI,2026-09-25T22:40:00Z,Scheduled,6,Cristopher Sánchez,650911,L,32.1,Longshot,Watch List,Projected Lineup,0.3,33.2,47.8,71.7,50.0,23.4,50.0,,No,No,6,Yes,Yes,RotoWire projected lineup; MLB probable pitchers,lineup projected / unconfirmed,H:2026/2025 P:2026/2025,,,Direct BvP not yet weighted; 2026/2025 Statcast baseline active,7,8,29,0,"Last 7 games: 8/29, 0 HR","same-side matchup; pitcher baseline 6.8% barrel, 16.2 HR allowed",neutral batted-ball profile; pitcher fly-ball pressure modest,0.0,14.64,83.88,92.9236,0.3094,0.0382,0.2739,64.8,0.44,28.2,12.58,0.0,0.0493,6.82,41.2,89.28,0.359,0.1256,16.83,18 deg,Open-Meteo forecast; MLB fallback,https://forecast.weather.gov/MapClick.php?lat=39.9061&lon=-75.1665,52,0,62,Citizens Bank Park,,,,,,,,,,,
287,703492,Nick Morabito,NYM,WSH,2026-09-25T22:45:00Z,Scheduled,9,Andrew Alvarez,674841,L,32.1,Longshot,Watch List,"Projected Lineup, Platoon Edge",20.8,20.8,40.7,40.2,78.0,15.3,50.0,,No,No,9,Yes,Yes,RotoWire projected lineup; MLB probable pitchers,lineup projected / unconfirmed,H:2026 P:2026/2025,,,Direct BvP not yet weighted; 2026/2025 Statcast baseline active,7,4,18,0,"Last 7 games: 4/18, 0 HR","platoon edge; pitcher baseline 4.8% barrel, 3.8 HR allowed",neutral batted-ball profile; pitcher fly-ball pressure modest,0.0,48.0,90.5,99.824,0.308,0.053,0.296,70.6,23.3,36.0,12.0,0.0,0.049,4.75,38.98,88.83,0.3388,0.106,18.32,79 deg,Open-Meteo forecast; MLB fallback,https://forecast.weather.gov/MapClick.php?lat=38.8730&lon=-77.0074,66,0,60,Nationals Park,,,,,,,,,,,
288,665804,Miguel Amaya,CHC,BOS,2026-09-25T17:05:00Z,Warmup,9,Alec Gamboa,687941,L,31.9,Longshot,Watch List,Platoon Edge,23.4,18.2,27.2,44.8,78.0,33.7,50.0,,Yes,Yes,9,Yes,No,MLB Stats API; RotoWire,,H:2026/2025 P:2026,,,Direct BvP not yet weighted; 2026/2025 Statcast baseline active,7,4,18,1,"Last 7 games: 4/18, 1 HR","platoon edge; pitcher baseline 2.3% barrel, 1.0 HR allowed",neutral batted-ball profile; pitcher fly-ball pressure modest,6.74,33.81,87.45,97.6726,0.3405,0.1273,0.2901,70.87,13.38,42.27,32.02,5.4,0.1595,2.3,40.9,90.5,0.28,0.083,17.0,In From RF,Open-Meteo forecast; MLB fallback,https://forecast.weather.gov/MapClick.php?lat=42.3467&lon=-71.0972,59,0,53,Fenway Park,,,,,,,,,,,
289,701675,Nathan Church,STL,MIL,2026-09-25T23:40:00Z,Scheduled,9,Robert Gasser,688107,L,31.8,Longshot,Watch List,Projected Lineup,14.3,38.3,38.1,40.2,50.0,22.4,50.0,,No,No,9,Yes,Yes,RotoWire projected lineup; MLB probable pitchers,lineup projected / unconfirmed,H:2026/2025 P:2026/2025,,,Direct BvP not yet weighted; 2026/2025 Statcast baseline active,7,7,26,0,"Last 7 games: 7/26, 0 HR","same-side matchup; pitcher baseline 8.6% barrel, 10.1 HR allowed",neutral batted-ball profile; pitcher fly-ball pressure modest,4.5,33.38,86.62,97.4599,0.3343,0.1046,0.2736,69.46,7.99,34.08,22.23,7.3,0.1053,8.58,36.7,88.27,0.3988,0.1614,25.7,23 deg,Open-Meteo forecast; MLB fallback,https://forecast.weather.gov/MapClick.php?lat=43.0280&lon=-87.9712,82,0,60,American Family Field,,,,,,,,,,,
290,669392,Samad Taylor,SD,AZ,2026-09-26T01:40:00Z,Scheduled,9,Brandon Pfaadt,694297,R,31.8,Longshot,Watch List,Projected Lineup,1.6,43.0,44.6,40.2,50.0,60.3,50.0,,No,No,9,Yes,Yes,RotoWire projected lineup; MLB probable pitchers,lineup projected / unconfirmed,H:2026/2025 P:2026/2025,,,Direct BvP not yet weighted; 2026/2025 Statcast baseline active,7,8,20,1,Contact streak: 8/20 over last 7 games,"same-side matchup; pitcher baseline 8.4% barrel, 17.6 HR allowed",neutral batted-ball profile; pitcher fly-ball pressure modest,2.66,19.78,82.35,93.8594,0.2986,0.0654,0.2719,68.81,3.78,30.81,16.42,1.4,0.0679,8.45,38.24,89.26,0.4233,0.1645,23.48,304 deg,Open-Meteo forecast; MLB fallback,https://forecast.weather.gov/MapClick.php?lat=32.7073&lon=-117.1573,75,0,75,Petco Park,,,,,,,,,,,
291,670764,Taylor Walls,TB,PHI,2026-09-25T22:40:00Z,Scheduled,9,Cristopher Sánchez,650911,L,31.1,Longshot,Watch List,"Projected Lineup, Platoon Edge",5.6,31.4,47.8,40.2,75.0,26.1,50.0,,No,No,9,Yes,Yes,RotoWire projected lineup; MLB probable pitchers,lineup projected / unconfirmed,H:2026/2025 P:2026/2025,,,Direct BvP not yet weighted; 2026/2025 Statcast baseline active,7,5,17,0,"Last 7 games: 5/17, 0 HR","switch hitter; pitcher baseline 6.8% barrel, 16.2 HR allowed",neutral batted-ball profile; pitcher fly-ball pressure modest,2.5,23.32,86.02,95.5671,0.2775,0.0801,0.2561,68.35,2.06,38.75,28.63,2.6,0.0815,6.82,41.2,89.28,0.359,0.1256,16.83,18 deg,Open-Meteo forecast; MLB fallback,https://forecast.weather.gov/MapClick.php?lat=39.9061&lon=-75.1665,52,0,62,Citizens Bank Park,,,,,,,,,,,
292,702332,Caleb Durbin,BOS,CHC,2026-09-25T17:05:00Z,Warmup,5,Clay Holmes,605280,R,30.9,Longshot,Watch List,No major boost,3.9,27.1,27.2,86.4,50.0,21.1,50.0,,Yes,No,7,Yes,Yes,MLB Stats API; RotoWire,RotoWire not confirmed; order MLB 5 vs RotoWire 7,H:2026/2025 P:2026/2025,,,Direct BvP not yet weighted; 2026/2025 Statcast baseline active,7,6,23,0,"Last 7 games: 6/23, 0 HR","same-side matchup; pitcher baseline 5.0% barrel, 8.4 HR allowed",neutral batted-ball profile; pitcher fly-ball pressure modest,3.16,25.92,83.8,95.5088,0.3326,0.0895,0.3001,68.81,4.81,41.23,20.31,12.4,0.1317,5.05,41.46,89.56,0.3639,0.1185,18.62,In From RF,Open-Meteo forecast; MLB fallback,https://forecast.weather.gov/MapClick.php?lat=42.3467&lon=-71.0972,59,0,53,Fenway Park,,,,,,,,,,,
293,655316,Andruw Monasterio,BOS,CHC,2026-09-25T17:05:00Z,Warmup,8,Clay Holmes,605280,R,30.7,Longshot,Watch List,No major boost,22.1,27.1,27.2,52.4,50.0,0.0,50.0,,Yes,No,9,Yes,Yes,MLB Stats API; RotoWire,RotoWire not confirmed; order MLB 8 vs RotoWire 9,H:2026/2025 P:2026/2025,,,Direct BvP not yet weighted; 2026/2025 Statcast baseline active,7,1,16,0,"Last 7 games: 1/16, 0 HR","same-side matchup; pitcher baseline 5.0% barrel, 8.4 HR allowed",neutral batted-ball profile; pitcher fly-ball pressure modest,6.21,33.21,87.49,97.3439,0.3602,0.1292,0.2884,69.24,3.29,39.92,31.34,5.4,0.1495,5.05,41.46,89.56,0.3639,0.1185,18.62,In From RF,Open-Meteo forecast; MLB fallback,https://forecast.weather.gov/MapClick.php?lat=42.3467&lon=-71.0972,59,0,53,Fenway Park,,,,,,,,,,,
294,683766,Christian Koss,SF,LAD,2026-09-26T02:15:00Z,Scheduled,9,Tarik Skubal,669373,L,30.6,Longshot,Watch List,"Projected Lineup, Platoon Edge",9.3,27.7,49.3,40.2,78.0,2.5,50.0,,No,No,9,Yes,Yes,RotoWire projected lineup; MLB probable pitchers,lineup projected / unconfirmed,H:2026/2025 P:2026/2025,,,Direct BvP not yet weighted; 2026/2025 Statcast baseline active,7,3,22,0,"Last 7 games: 3/22, 0 HR","platoon edge; pitcher baseline 7.3% barrel, 15.2 HR allowed",neutral batted-ball profile; pitcher fly-ball pressure modest,4.67,29.12,85.01,97.1908,0.3243,0.0949,0.2655,69.51,6.07,38.23,18.91,3.7,0.0963,7.26,34.75,86.87,0.3447,0.1212,25.27,283 deg,Open-Meteo forecast; MLB fallback,https://forecast.weather.gov/MapClick.php?lat=37.7786&lon=-122.3893,47,0,71,Oracle Park,,,,,,,,,,,
295,675961,Alika Williams,ATH,HOU,2026-09-26T01:40:00Z,Scheduled,9,Hunter Brown,686613,R,29.6,Longshot,Watch List,Projected Lineup,6.7,20.9,62.4,40.2,50.0,37.3,50.0,,No,No,9,Yes,Yes,RotoWire projected lineup; MLB probable pitchers,lineup projected / unconfirmed,H:2026 P:2026/2025,,,Direct BvP not yet weighted; 2026/2025 Statcast baseline active,7,7,19,0,Contact streak: 7/19 over last 7 games,"same-side matchup; pitcher baseline 6.0% barrel, 12.8 HR allowed",neutral batted-ball profile; pitcher fly-ball pressure modest,1.2,32.7,84.7,97.0521,0.299,0.082,0.248,69.1,3.1,43.8,23.1,4.0,0.158,5.97,35.77,86.17,0.3194,0.1164,22.53,232 deg,Open-Meteo forecast; MLB fallback,https://forecast.weather.gov/MapClick.php?lat=38.5804&lon=-121.5139,24,0,92,Sutter Health Park,,,,,,,,,,,
296,643396,Isiah Kiner-Falefa,BOS,CHC,2026-09-25T21:35:00Z,Scheduled,9,David Peterson,656849,L,28.3,Longshot,Watch List,"Projected Lineup, Platoon Edge",2.0,34.7,37.7,40.2,78.0,0.0,50.0,,No,Yes,9,Yes,Yes,RotoWire projected lineup; MLB probable pitchers,lineup projected / unconfirmed,H:2026/2025 P:2026/2025,,,Direct BvP not yet weighted; 2026/2025 Statcast baseline active,7,0,15,0,"Last 7 games: 0/15, 0 HR","platoon edge; pitcher baseline 6.3% barrel, 13.8 HR allowed",neutral batted-ball profile; pitcher fly-ball pressure modest,2.03,26.31,83.2,95.0706,0.3131,0.0625,0.283,67.9,3.02,38.36,14.46,2.0,0.0713,6.33,41.87,89.34,0.4042,0.1356,18.45,349 deg,Open-Meteo forecast; MLB fallback,https://forecast.weather.gov/MapClick.php?lat=42.3467&lon=-71.0972,59,0,53,Fenway Park,,,,,,,,,,,
297,643396,Isiah Kiner-Falefa,BOS,CHC,2026-09-25T17:05:00Z,Warmup,9,Clay Holmes,605280,R,23.4,Longshot,Watch List,No major boost,2.0,27.1,27.2,44.8,50.0,0.0,50.0,,Yes,Yes,9,Yes,No,MLB Stats API; RotoWire,,H:2026/2025 P:2026/2025,,,Direct BvP not yet weighted; 2026/2025 Statcast baseline active,7,0,15,0,"Last 7 games: 0/15, 0 HR","same-side matchup; pitcher baseline 5.0% barrel, 8.4 HR allowed",neutral batted-ball profile; pitcher fly-ball pressure modest,2.03,26.31,83.2,95.0706,0.3131,0.0625,0.283,67.9,3.02,38.36,14.46,2.0,0.0713,5.05,41.46,89.56,0.3639,0.1185,18.62,In From RF,Open-Meteo forecast; MLB fallback,https://forecast.weather.gov/MapClick.php?lat=42.3467&lon=-71.0972,59,0,53,Fenway Park,,,,,,,,,,,
