rank,hitter_id,player,team,opponent,game_start_time,game_status,batting_order,pitcher,pitcher_id,pitcher_hand,hr_score,tier,play_type,reason_tags,power_score,pitcher_score,environment_score,lineup_score,platoon_score,recent_form_score,sheet_score,sheet_carry_score,confirmed_lineup,rotowire_confirmed_lineup,rotowire_batting_order,rotowire_player_found,lineup_disagreement,lineup_sources_used,source_warnings,stat_years_used,bvp_pa,bvp_hr,bvp_note,recent_games,recent_hits,recent_abs,recent_hr,recent_form_note,split_matchup_note,pitch_mix_note,barrel_pct,hard_hit_pct,avg_exit_velocity,ev50,xslg,xiso,xwoba,bat_speed,fast_swing_pct,pull_pct,fb_pct,hr_total,iso,pitcher_barrel_pct_allowed,pitcher_hard_hit_pct_allowed,pitcher_avg_exit_velocity_allowed,pitcher_xslg_allowed,pitcher_xiso_allowed,pitcher_fb_pct_allowed,wind_direction,weather_source,weather_url,weather_humidity,weather_precip_pct,weather_temp,ballpark,odds,sheet_barrel_pct,sheet_iso,sheet_ev,sheet_pm_hr,sheet_pm_pa,sheet_pa_pct,sheet_hr_env,sheet_pitcher_split_barrel,sheet_pitcher_split_hr,sheet_note
1,695600,Carter Jensen,KC,TOR,2026-09-05T00:10:00Z,Pre-Game,1,Jameson Taillon,592791,R,70.1,Tier 2,Watch List,"Strong Barrel, Good Environment, Premium Lineup Spot, Platoon Edge, Hot Hitter/Streak",59.2,66.1,71.2,93.2,80.0,92.6,50.0,,Yes,Yes,1,Yes,No,MLB Stats API; RotoWire,,H:2026/2025 P:2026/2025,,,Direct BvP not yet weighted; 2026/2025 Statcast baseline active,7,10,27,5,Hot streak: 5 HR in last 7 games,"platoon edge; pitcher baseline 12.7% barrel, 25.4 HR allowed",lift-pull EV profile; pitcher allows elevated contact,14.22,49.06,92.6,103.0271,0.4643,0.2165,0.3469,74.1,38.87,40.58,31.26,16.3,0.2227,12.65,38.58,88.72,0.4947,0.2432,36.47,Out To LF,Open-Meteo forecast; MLB fallback,https://forecast.weather.gov/MapClick.php?lat=39.0517&lon=-94.4803,41,0,94,Kauffman Stadium,,,,,,,,,,,
2,670541,Yordan Alvarez,HOU,AZ,2026-09-05T00:10:00Z,Pre-Game,2,Merrill Kelly,518876,R,69.6,Tier 3,Watch List,"Elite Power, Strong Barrel, Premium Lineup Spot, Platoon Edge",79.4,63.1,41.1,100.0,80.0,36.0,50.0,,Yes,Yes,2,Yes,No,MLB Stats API; RotoWire,,H:2026/2025 P:2026/2025,,,Direct BvP not yet weighted; 2026/2025 Statcast baseline active,7,5,21,1,"Last 7 games: 5/21, 1 HR","platoon edge; pitcher baseline 11.3% barrel, 25.1 HR allowed",lift-pull EV profile; pitcher fly-ball pressure modest,15.69,53.32,94.56,104.9569,0.6225,0.3112,0.4329,76.17,61.94,41.16,36.24,27.7,0.2473,11.26,43.15,90.2,0.5045,0.2195,26.57,None,NOAA link only,https://forecast.weather.gov/MapClick.php?lat=29.7573&lon=-95.3555,,,72,Daikin Park,,,,,,,,,,,
3,695506,Jac Caglianone,KC,TOR,2026-09-05T00:10:00Z,Pre-Game,3,Jameson Taillon,592791,R,69.0,Tier 3,Watch List,"Strong Barrel, Good Environment, Premium Lineup Spot, Platoon Edge",58.7,66.1,71.2,96.6,80.0,63.2,50.0,,Yes,Yes,3,Yes,No,MLB Stats API; RotoWire,,H:2026/2025 P:2026/2025,,,Direct BvP not yet weighted; 2026/2025 Statcast baseline active,7,13,31,1,Contact streak: 13/31 over last 7 games,"platoon edge; pitcher baseline 12.7% barrel, 25.4 HR allowed",EV profile; pitcher allows elevated contact,13.33,50.94,92.06,104.7612,0.4842,0.2164,0.3469,77.26,74.55,43.93,22.82,18.2,0.1905,12.65,38.58,88.72,0.4947,0.2432,36.47,Out To LF,Open-Meteo forecast; MLB fallback,https://forecast.weather.gov/MapClick.php?lat=39.0517&lon=-94.4803,41,0,94,Kauffman Stadium,,,,,,,,,,,
4,808959,Munetaka Murakami,CWS,MIN,2026-09-04T23:40:00Z,Pre-Game,3,Zebby Matthews,805673,R,67.4,Tier 3,Watch List,"Elite Power, Strong Barrel, Premium Lineup Spot, Platoon Edge",77.5,52.7,62.5,96.6,80.0,0.8,50.0,,Yes,Yes,3,Yes,No,MLB Stats API; RotoWire,,H:2026 P:2026/2025,,,Direct BvP not yet weighted; 2026/2025 Statcast baseline active,7,3,24,0,"Last 7 games: 3/24, 0 HR","platoon edge; pitcher baseline 10.5% barrel, 16.9 HR allowed",lift-pull EV profile; pitcher fly-ball pressure modest,19.5,56.8,93.9,104.4472,0.473,0.264,0.355,74.8,51.0,45.0,38.2,29.0,0.268,10.46,40.83,90.18,0.4351,0.1753,26.75,Out To LF,Open-Meteo forecast; MLB fallback,https://forecast.weather.gov/MapClick.php?lat=41.8300&lon=-87.6338,82,7,76,Rate Field,,,,,,,,,,,
5,695491,Joshua Baez,STL,COL,2026-09-05T00:40:00Z,Pre-Game,5,Ryan Feltner,663372,R,65.2,Tier 3,Watch List,"Projected Lineup, Strong Barrel, Good Environment",68.0,43.9,90.2,81.9,50.0,68.7,50.0,,No,No,5,Yes,Yes,RotoWire projected lineup; MLB probable pitchers,lineup projected / unconfirmed,H:2026 P:2026/2025,,,Direct BvP not yet weighted; 2026/2025 Statcast baseline active,7,7,21,2,Hot streak: 2 HR in last 7 games,"same-side matchup; pitcher baseline 8.6% barrel, 14.5 HR allowed",lift-pull EV profile; pitcher fly-ball pressure modest,15.4,48.7,92.5,101.9335,0.465,0.266,0.311,77.8,75.0,43.6,38.5,6.0,0.355,8.58,36.75,88.04,0.4407,0.1877,28.74,Out To LF,Open-Meteo forecast; MLB fallback,https://forecast.weather.gov/MapClick.php?lat=39.7559&lon=-104.9942,16,0,91,Coors Field,,,,,,,,,,,
6,641343,Jake Bauers,MIL,CIN,2026-09-04T22:10:00Z,Pre-Game,2,Rhett Lowder,695076,R,64.6,Tier 3,Watch List,"Strong Barrel, Good Environment, Premium Lineup Spot, Platoon Edge",59.6,51.4,77.3,100.0,80.0,12.0,50.0,,Yes,Yes,2,Yes,No,MLB Stats API; RotoWire,,H:2026/2025 P:2026,,,Direct BvP not yet weighted; 2026/2025 Statcast baseline active,7,4,20,0,"Last 7 games: 4/20, 0 HR","platoon edge; pitcher baseline 9.6% barrel, 16.0 HR allowed",lift-pull EV profile; pitcher fly-ball pressure modest,13.56,50.57,92.12,103.019,0.4661,0.2167,0.3666,76.5,69.58,41.46,30.47,18.2,0.2025,9.6,37.8,90.1,0.458,0.19,28.5,Out To LF,Open-Meteo forecast; MLB fallback,https://forecast.weather.gov/MapClick.php?lat=39.0979&lon=-84.5082,56,3,88,Great American Ball Park,,,,,,,,,,,
7,665833,Oneil Cruz,PIT,LAA,2026-09-04T22:45:00Z,Pre-Game,5,Ryan Johnson,696270,R,64.1,Tier 3,Watch List,"Projected Lineup, Strong Barrel, Platoon Edge",72.5,47.7,60.3,81.9,80.0,37.6,50.0,,No,No,5,Yes,Yes,RotoWire projected lineup; MLB probable pitchers,lineup projected / unconfirmed,H:2026/2025 P:2026/2025,,,Direct BvP not yet weighted; 2026/2025 Statcast baseline active,7,10,27,0,Contact streak: 10/27 over last 7 games,"platoon edge; pitcher baseline 9.8% barrel, 12.4 HR allowed",EV profile; pitcher allows elevated contact,17.44,56.18,95.45,106.8444,0.4663,0.2266,0.3464,78.31,76.24,39.67,24.5,17.9,0.2025,9.83,37.12,87.82,0.4423,0.1854,33.81,Out To CF,Open-Meteo forecast; MLB fallback,https://forecast.weather.gov/MapClick.php?lat=40.4469&lon=-80.0057,91,68,70,PNC Park,,,,,,,,,,,
8,701398,Sal Stewart,CIN,MIL,2026-09-04T22:10:00Z,Pre-Game,3,Shane Drohan,675660,L,63.8,Tier 3,Watch List,"Strong Barrel, Good Environment, Premium Lineup Spot, Platoon Edge, Hot Hitter/Streak",60.3,33.9,77.3,96.6,78.0,85.2,50.0,,Yes,Yes,3,Yes,No,MLB Stats API; RotoWire,,H:2026/2025 P:2026,,,Direct BvP not yet weighted; 2026/2025 Statcast baseline active,7,9,28,3,Hot streak: 3 HR in last 7 games,"platoon edge; pitcher baseline 8.0% barrel, 10.0 HR allowed",neutral batted-ball profile; pitcher fly-ball pressure modest,14.68,42.84,91.69,101.2942,0.5271,0.2596,0.3653,72.17,26.65,37.94,32.86,23.2,0.2403,8.0,37.6,88.1,0.36,0.132,28.3,Out To LF,Open-Meteo forecast; MLB fallback,https://forecast.weather.gov/MapClick.php?lat=39.0979&lon=-84.5082,56,3,88,Great American Ball Park,,,,,,,,,,,
9,677951,Bobby Witt Jr.,KC,TOR,2026-09-05T00:10:00Z,Pre-Game,2,Jameson Taillon,592791,R,63.7,Tier 3,Watch List,"Strong Barrel, Good Environment, Premium Lineup Spot",56.0,66.1,71.2,100.0,50.0,13.0,50.0,,Yes,Yes,2,Yes,No,MLB Stats API; RotoWire,,H:2026/2025 P:2026/2025,,,Direct BvP not yet weighted; 2026/2025 Statcast baseline active,7,6,29,0,"Last 7 games: 6/29, 0 HR","same-side matchup; pitcher baseline 12.7% barrel, 25.4 HR allowed",EV profile; pitcher allows elevated contact,11.8,50.18,92.53,103.4784,0.5087,0.2101,0.3769,73.95,42.23,30.17,27.27,18.1,0.1766,12.65,38.58,88.72,0.4947,0.2432,36.47,Out To LF,Open-Meteo forecast; MLB fallback,https://forecast.weather.gov/MapClick.php?lat=39.0517&lon=-94.4803,41,0,94,Kauffman Stadium,,,,,,,,,,,
10,694192,Jackson Chourio,MIL,CIN,2026-09-04T22:10:00Z,Pre-Game,3,Rhett Lowder,695076,R,61.8,Tier 3,Watch List,"Strong Barrel, Good Environment, Premium Lineup Spot",51.2,51.4,77.3,96.6,50.0,65.5,50.0,,Yes,Yes,3,Yes,No,MLB Stats API; RotoWire,,H:2026/2025 P:2026,,,Direct BvP not yet weighted; 2026/2025 Statcast baseline active,7,10,32,2,Hot streak: 2 HR in last 7 games,"same-side matchup; pitcher baseline 9.6% barrel, 16.0 HR allowed",neutral batted-ball profile; pitcher fly-ball pressure modest,11.94,46.08,91.19,101.965,0.4554,0.2014,0.3273,74.32,44.8,30.87,28.99,21.0,0.1965,9.6,37.8,90.1,0.458,0.19,28.5,Out To LF,Open-Meteo forecast; MLB fallback,https://forecast.weather.gov/MapClick.php?lat=39.0979&lon=-84.5082,56,3,88,Great American Ball Park,,,,,,,,,,,
11,664040,Brandon Lowe,PIT,LAA,2026-09-04T22:45:00Z,Pre-Game,2,Ryan Johnson,696270,R,61.2,Tier 3,Watch List,"Projected Lineup, Strong Barrel, Premium Lineup Spot, Platoon Edge, Hot Hitter/Streak",51.5,47.7,60.3,95.5,80.0,70.8,50.0,,No,No,2,Yes,Yes,RotoWire projected lineup; MLB probable pitchers,lineup projected / unconfirmed,H:2026/2025 P:2026/2025,,,Direct BvP not yet weighted; 2026/2025 Statcast baseline active,7,8,23,2,Hot streak: 2 HR in last 7 games,"platoon edge; pitcher baseline 9.8% barrel, 12.4 HR allowed",neutral batted-ball profile; pitcher allows elevated contact,12.23,46.04,91.03,101.4034,0.443,0.2012,0.3266,73.66,40.09,46.51,33.2,29.6,0.2252,9.83,37.12,87.82,0.4423,0.1854,33.81,Out To CF,Open-Meteo forecast; MLB fallback,https://forecast.weather.gov/MapClick.php?lat=40.4469&lon=-80.0057,91,68,70,PNC Park,,,,,,,,,,,
12,691023,Jordan Walker,STL,PHI,2026-09-05T00:40:00Z,Pre-Game,4,Ryan Feltner,663372,R,61.2,Tier 3,Watch List,"Projected Lineup, Strong Barrel, Good Environment, Premium Lineup Spot",56.1,43.9,90.2,90.4,50.0,55.3,32.9,55.0,No,No,4,Yes,Yes,RotoWire projected lineup; MLB probable pitchers,lineup projected / unconfirmed,H:2026/2025 P:2026/2025,,,Direct BvP not yet weighted; 2026/2025 Statcast baseline active,7,11,30,1,Contact streak: 11/30 over last 7 games,"same-side matchup; pitcher baseline 8.6% barrel, 14.5 HR allowed",EV profile; pitcher fly-ball pressure modest,12.72,49.23,92.51,104.6059,0.4477,0.1935,0.3298,78.87,83.05,37.82,24.12,21.4,0.1792,8.58,36.75,88.04,0.4407,0.1877,28.74,Out To LF,Open-Meteo forecast; MLB fallback,https://forecast.weather.gov/MapClick.php?lat=39.7559&lon=-104.9942,16,0,91,Coors Field,,10.9,0.144,91,9,264,0,6,7.62,6,Volume support but ISO modest
13,676475,Alec Burleson,STL,PHI,2026-09-05T00:40:00Z,Pre-Game,3,Ryan Feltner,663372,R,61.1,Tier 3,Watch List,"Projected Lineup, Strong Barrel, Good Environment, Premium Lineup Spot, Platoon Edge",52.1,43.9,90.2,92.1,80.0,0.0,58.7,89.0,No,No,3,Yes,Yes,RotoWire projected lineup; MLB probable pitchers,lineup projected / unconfirmed,H:2026/2025 P:2026/2025,,,Direct BvP not yet weighted; 2026/2025 Statcast baseline active,7,3,26,0,"Last 7 games: 3/26, 0 HR","platoon edge; pitcher baseline 8.6% barrel, 14.5 HR allowed",neutral batted-ball profile; pitcher fly-ball pressure modest,10.41,47.76,91.77,101.9502,0.5053,0.2193,0.3653,73.21,34.14,43.82,27.4,20.1,0.1795,8.58,36.75,88.04,0.4407,0.1877,28.74,Out To LF,Open-Meteo forecast; MLB fallback,https://forecast.weather.gov/MapClick.php?lat=39.7559&lon=-104.9942,16,0,91,Coors Field,,18.3,0.244,94,8,123,27.3,6,6.35,9,"Strong LHH sheet, Busch heat/wind, Painter LHH split"
14,521692,Salvador Perez,KC,TOR,2026-09-05T00:10:00Z,Pre-Game,4,Jameson Taillon,592791,R,61.0,Tier 3,Watch List,"Strong Barrel, Good Environment, Premium Lineup Spot",46.2,66.1,71.2,94.9,50.0,35.3,50.0,,Yes,Yes,4,Yes,No,MLB Stats API; RotoWire,,H:2026/2025 P:2026/2025,,,Direct BvP not yet weighted; 2026/2025 Statcast baseline active,7,7,30,1,"Last 7 games: 7/30, 1 HR","same-side matchup; pitcher baseline 12.7% barrel, 25.4 HR allowed",neutral batted-ball profile; pitcher allows elevated contact,11.51,43.55,89.16,100.6979,0.4528,0.2058,0.3192,71.99,21.93,41.28,31.06,21.6,0.1708,12.65,38.58,88.72,0.4947,0.2432,36.47,Out To LF,Open-Meteo forecast; MLB fallback,https://forecast.weather.gov/MapClick.php?lat=39.0517&lon=-94.4803,41,0,94,Kauffman Stadium,,,,,,,,,,,
15,699024,Leo Bernal,STL,COL,2026-09-05T00:40:00Z,Pre-Game,8,Ryan Feltner,663372,R,61.0,Tier 3,Watch List,"Projected Lineup, Strong Barrel, Good Environment, Platoon Edge",68.2,42.3,90.2,47.9,75.0,46.5,50.0,,No,No,8,Yes,Yes,RotoWire projected lineup; MLB probable pitchers,lineup projected / unconfirmed,H:2026 P:2026/2025,,,Direct BvP not yet weighted; 2026/2025 Statcast baseline active,3,4,13,1,"Last 3 games: 4/13, 1 HR","switch hitter; pitcher baseline 8.6% barrel, 14.5 HR allowed",EV profile; pitcher fly-ball pressure modest,10.0,70.0,97.6,103.9318,0.57,0.234,0.385,74.4,50.0,30.0,40.0,1.0,0.23,8.58,36.75,88.04,0.4407,0.1877,28.74,Out To LF,Open-Meteo forecast; MLB fallback,https://forecast.weather.gov/MapClick.php?lat=39.7559&lon=-104.9942,16,0,91,Coors Field,,,,,,,,,,,
16,608369,Corey Seager,TEX,TB,2026-09-05T00:05:00Z,Pre-Game,2,Nick Martinez,607259,R,60.9,Tier 3,Watch List,"Strong Barrel, Premium Lineup Spot, Platoon Edge",63.4,35.6,61.6,100.0,80.0,31.6,50.0,,Yes,Yes,2,Yes,No,MLB Stats API; RotoWire,,H:2026/2025 P:2026/2025,,,Direct BvP not yet weighted; 2026/2025 Statcast baseline active,7,5,24,1,"Last 7 games: 5/24, 1 HR","platoon edge; pitcher baseline 7.0% barrel, 19.2 HR allowed",lift-pull EV profile; pitcher fly-ball pressure modest,15.16,51.08,92.27,102.7386,0.5081,0.2476,0.3678,71.73,14.81,41.41,31.76,16.1,0.1971,7.0,33.8,87.46,0.4233,0.1537,28.82,None,Open-Meteo forecast; MLB fallback,https://forecast.weather.gov/MapClick.php?lat=32.7473&lon=-97.0842,56,5,89,Globe Life Field,,,,,,,,,,,
17,665742,Juan Soto,NYM,SF,2026-09-04T23:10:00Z,Pre-Game,2,Matt Wilkinson,683363,L,60.8,Tier 3,Watch List,"Strong Barrel, Premium Lineup Spot",72.6,39.1,46.3,100.0,50.0,47.2,50.0,,Yes,Yes,2,Yes,No,MLB Stats API; RotoWire,,H:2026/2025 P:2026,,,Direct BvP not yet weighted; 2026/2025 Statcast baseline active,7,4,21,2,Hot streak: 2 HR in last 7 games,"same-side matchup; pitcher baseline 5.1% barrel, 1.0 HR allowed",lift-pull EV profile; pitcher allows elevated contact,15.75,50.89,93.03,103.0828,0.5975,0.3035,0.4241,72.69,31.91,39.53,32.89,29.0,0.2613,5.1,48.7,89.6,0.426,0.175,30.8,L To R,Open-Meteo forecast; MLB fallback,https://forecast.weather.gov/MapClick.php?lat=40.7571&lon=-73.8458,75,5,80,Citi Field,,,,,,,,,,,
18,665019,Kody Clemens,MIN,BAL,2026-09-04T23:40:00Z,Pre-Game,3,Erick Fedde,607200,R,60.5,Tier 3,Watch List,"Strong Barrel, Premium Lineup Spot, Platoon Edge",54.4,47.0,62.5,96.6,80.0,69.6,12.8,42.0,Yes,Yes,3,Yes,No,MLB Stats API; RotoWire,,H:2026/2025 P:2026/2025,,,Direct BvP not yet weighted; 2026/2025 Statcast baseline active,7,5,23,3,Hot streak: 3 HR in last 7 games,"platoon edge; pitcher baseline 8.0% barrel, 21.1 HR allowed",lift-pull EV profile; pitcher fly-ball pressure modest,12.14,47.39,92.2,101.5782,0.4671,0.2167,0.3366,72.06,14.56,46.57,33.6,22.5,0.2287,8.04,40.29,89.01,0.4449,0.1832,28.77,Out To LF,Open-Meteo forecast; MLB fallback,https://forecast.weather.gov/MapClick.php?lat=41.8300&lon=-87.6338,82,7,76,Rate Field,,9.8,0.161,89,2,62,0,-4,2.56,1,Weak pitcher split; not core
19,695657,Colson Montgomery,CWS,MIN,2026-09-04T23:40:00Z,Pre-Game,5,Zebby Matthews,805673,R,60.5,Tier 3,Watch List,"Strong Barrel, Platoon Edge",51.2,52.7,62.5,86.4,80.0,54.7,50.0,,Yes,Yes,5,Yes,No,MLB Stats API; RotoWire,,H:2026/2025 P:2026/2025,,,Direct BvP not yet weighted; 2026/2025 Statcast baseline active,7,6,25,2,Hot streak: 2 HR in last 7 games,"platoon edge; pitcher baseline 10.5% barrel, 16.9 HR allowed",neutral batted-ball profile; pitcher fly-ball pressure modest,12.96,42.47,88.91,101.7561,0.4359,0.2199,0.3151,76.65,70.09,48.6,33.02,26.6,0.2403,10.46,40.83,90.18,0.4351,0.1753,26.75,Out To LF,Open-Meteo forecast; MLB fallback,https://forecast.weather.gov/MapClick.php?lat=41.8300&lon=-87.6338,82,7,76,Rate Field,,,,,,,,,,,
20,681715,Heriberto Hernández,MIA,CHC,2026-09-04T23:10:00Z,Pre-Game,1,Shota Imanaga,684007,L,60.4,Tier 3,Watch List,"Strong Barrel, Premium Lineup Spot, Platoon Edge",55.0,53.7,42.0,93.2,78.0,67.0,50.0,,Yes,Yes,1,Yes,No,MLB Stats API; RotoWire,,H:2026/2025 P:2026/2025,,,Direct BvP not yet weighted; 2026/2025 Statcast baseline active,7,5,25,3,Hot streak: 3 HR in last 7 games,"platoon edge; pitcher baseline 10.3% barrel, 32.4 HR allowed",neutral batted-ball profile; pitcher allows elevated contact,12.96,46.8,90.97,101.7003,0.4707,0.2243,0.348,74.14,45.04,47.1,30.41,19.1,0.2196,10.34,38.32,89.23,0.4256,0.1926,35.3,None,Open-Meteo forecast; MLB fallback,https://forecast.weather.gov/MapClick.php?lat=25.7781&lon=-80.2197,87,20,82,loanDepot park,,,,,,,,,,,
21,682829,Elly De La Cruz,CIN,MIL,2026-09-04T22:10:00Z,Pre-Game,2,Shane Drohan,675660,L,60.3,Tier 3,Watch List,"Strong Barrel, Good Environment, Premium Lineup Spot, Platoon Edge",55.4,32.8,77.3,100.0,75.0,45.0,50.0,,Yes,Yes,2,Yes,No,MLB Stats API; RotoWire,,H:2026/2025 P:2026,,,Direct BvP not yet weighted; 2026/2025 Statcast baseline active,7,12,26,0,Contact streak: 12/26 over last 7 games,"switch hitter; pitcher baseline 8.0% barrel, 10.0 HR allowed",EV profile; pitcher fly-ball pressure modest,12.96,49.03,93.1,104.0447,0.4576,0.1905,0.35,75.45,54.33,34.26,24.75,21.3,0.1949,8.0,37.6,88.1,0.36,0.132,28.3,Out To LF,Open-Meteo forecast; MLB fallback,https://forecast.weather.gov/MapClick.php?lat=39.0979&lon=-84.5082,56,3,88,Great American Ball Park,,,,,,,,,,,
22,682987,Spencer Jones,NYY,SD,2026-09-05T01:40:00Z,Pre-Game,6,Walker Buehler,621111,R,60.1,Tier 3,Watch List,"Projected Lineup, Strong Barrel, Platoon Edge",69.5,41.9,46.6,71.7,80.0,68.7,50.0,,No,No,6,Yes,Yes,RotoWire projected lineup; MLB probable pitchers,lineup projected / unconfirmed,H:2026 P:2026/2025,,,Direct BvP not yet weighted; 2026/2025 Statcast baseline active,7,6,18,2,Hot streak: 2 HR in last 7 games,"platoon edge; pitcher baseline 8.6% barrel, 18.5 HR allowed",EV profile; pitcher fly-ball pressure modest,15.9,57.1,94.4,104.3596,0.452,0.214,0.33,77.3,73.1,32.7,35.4,9.0,0.202,8.59,38.08,88.88,0.4115,0.1603,23.16,L To R,Open-Meteo forecast; MLB fallback,https://forecast.weather.gov/MapClick.php?lat=32.7073&lon=-117.1573,69,0,75,Petco Park,,,,,,,,,,,
23,592885,Christian Yelich,MIL,CIN,2026-09-04T22:10:00Z,Pre-Game,4,Rhett Lowder,695076,R,59.6,Longshot,Watch List,"Strong Barrel, Good Environment, Premium Lineup Spot, Platoon Edge",39.3,51.4,77.3,94.9,80.0,52.3,50.0,,Yes,Yes,4,Yes,No,MLB Stats API; RotoWire,,H:2026/2025 P:2026,,,Direct BvP not yet weighted; 2026/2025 Statcast baseline active,7,9,26,1,Contact streak: 9/26 over last 7 games,"platoon edge; pitcher baseline 9.6% barrel, 16.0 HR allowed",neutral batted-ball profile; pitcher fly-ball pressure modest,10.02,44.3,89.5,101.1614,0.4089,0.1695,0.3195,73.16,32.18,34.52,18.67,15.7,0.1614,9.6,37.8,90.1,0.458,0.19,28.5,Out To LF,Open-Meteo forecast; MLB fallback,https://forecast.weather.gov/MapClick.php?lat=39.0979&lon=-84.5082,56,3,88,Great American Ball Park,,,,,,,,,,,
24,701350,Roman Anthony,BOS,BAL,2026-09-04T23:05:00Z,Pre-Game,1,Shane Baz,669358,R,59.6,Longshot,Watch List,"Strong Barrel, Premium Lineup Spot, Platoon Edge, Hot Hitter/Streak",55.4,39.1,54.6,93.2,80.0,77.6,50.0,,Yes,Yes,1,Yes,No,MLB Stats API; RotoWire,,H:2026/2025 P:2026/2025,,,Direct BvP not yet weighted; 2026/2025 Statcast baseline active,7,11,28,2,Hot streak: 2 HR in last 7 games,"platoon edge; pitcher baseline 7.3% barrel, 15.5 HR allowed",EV profile; pitcher fly-ball pressure modest,12.31,53.44,93.31,103.1556,0.4553,0.1812,0.3678,75.49,54.77,38.46,22.72,4.5,0.1584,7.33,40.94,89.84,0.3874,0.1434,25.22,L To R,Open-Meteo forecast; MLB fallback,https://forecast.weather.gov/MapClick.php?lat=39.2840&lon=-76.6217,64,0,86,Oriole Park at Camden Yards,,,,,,,,,,,
25,805811,Bryce Eldridge,SF,NYM,2026-09-04T23:10:00Z,Pre-Game,3,Nolan McLean,690997,R,59.6,Longshot,Watch List,"Strong Barrel, Premium Lineup Spot, Platoon Edge",69.0,28.4,46.3,96.6,80.0,55.9,50.0,,Yes,Yes,3,Yes,No,MLB Stats API; RotoWire,,H:2026/2025 P:2026/2025,,,Direct BvP not yet weighted; 2026/2025 Statcast baseline active,7,10,27,1,Contact streak: 10/27 over last 7 games,"platoon edge; pitcher baseline 6.8% barrel, 11.7 HR allowed",EV profile; pitcher fly-ball pressure modest,15.69,57.39,93.43,103.294,0.4806,0.2463,0.3594,72.86,27.87,37.78,36.56,10.5,0.1511,6.81,37.94,88.31,0.3415,0.1232,21.84,L To R,Open-Meteo forecast; MLB fallback,https://forecast.weather.gov/MapClick.php?lat=40.7571&lon=-73.8458,75,5,80,Citi Field,,,,,,,,,,,
26,663886,Tyler Stephenson,CIN,MIL,2026-09-04T22:10:00Z,Pre-Game,4,Shane Drohan,675660,L,59.5,Longshot,Watch List,"Strong Barrel, Good Environment, Premium Lineup Spot, Platoon Edge",51.2,33.9,77.3,94.9,78.0,60.7,50.0,,Yes,Yes,4,Yes,No,MLB Stats API; RotoWire,,H:2026/2025 P:2026,,,Direct BvP not yet weighted; 2026/2025 Statcast baseline active,7,7,25,2,Hot streak: 2 HR in last 7 games,"platoon edge; pitcher baseline 8.0% barrel, 10.0 HR allowed",neutral batted-ball profile; pitcher fly-ball pressure modest,13.1,46.75,90.99,100.5377,0.4396,0.2033,0.3299,70.45,6.93,37.01,33.15,13.7,0.1788,8.0,37.6,88.1,0.36,0.132,28.3,Out To LF,Open-Meteo forecast; MLB fallback,https://forecast.weather.gov/MapClick.php?lat=39.0979&lon=-84.5082,56,3,88,Great American Ball Park,,,,,,,,,,,
27,691718,Pete Crow-Armstrong,CHC,MIA,2026-09-04T23:10:00Z,Pre-Game,1,Janson Junk,676083,R,59.5,Longshot,Watch List,"Strong Barrel, Premium Lineup Spot, Platoon Edge, Hot Hitter/Streak",56.6,42.4,42.0,93.2,80.0,88.6,50.0,,Yes,Yes,1,Yes,No,MLB Stats API; RotoWire,,H:2026/2025 P:2026/2025,,,Direct BvP not yet weighted; 2026/2025 Statcast baseline active,7,11,32,6,Hot streak: 6 HR in last 7 games,"platoon edge; pitcher baseline 7.6% barrel, 10.8 HR allowed",fly-ball profile; pitcher fly-ball pressure modest,13.1,46.5,90.06,101.5974,0.4897,0.2372,0.3539,74.24,44.53,49.74,35.85,36.6,0.2739,7.59,41.91,90.55,0.4236,0.1592,23.01,None,Open-Meteo forecast; MLB fallback,https://forecast.weather.gov/MapClick.php?lat=25.7781&lon=-80.2197,87,20,82,loanDepot park,,,,,,,,,,,
28,700250,Ben Rice,NYY,SD,2026-09-05T01:40:00Z,Pre-Game,2,Walker Buehler,621111,R,59.5,Longshot,Watch List,"Projected Lineup, Strong Barrel, Premium Lineup Spot, Platoon Edge",63.8,41.9,46.6,95.5,80.0,25.5,50.0,,No,No,2,Yes,Yes,RotoWire projected lineup; MLB probable pitchers,lineup projected / unconfirmed,H:2026/2025 P:2026/2025,,,Direct BvP not yet weighted; 2026/2025 Statcast baseline active,7,9,31,0,"Last 7 games: 9/31, 0 HR","platoon edge; pitcher baseline 8.6% barrel, 18.5 HR allowed",lift-pull EV profile; pitcher fly-ball pressure modest,14.7,50.85,92.32,102.5334,0.5208,0.252,0.3777,72.91,28.15,45.38,30.74,32.3,0.2587,8.59,38.08,88.88,0.4115,0.1603,23.16,L To R,Open-Meteo forecast; MLB fallback,https://forecast.weather.gov/MapClick.php?lat=32.7073&lon=-117.1573,69,0,75,Petco Park,,,,,,,,,,,
29,686469,Vinnie Pasquantino,KC,TOR,2026-09-05T00:10:00Z,Pre-Game,5,Jameson Taillon,592791,R,59.4,Longshot,Watch List,"Good Environment, Platoon Edge",38.1,66.1,71.2,86.4,80.0,28.1,50.0,,Yes,Yes,5,Yes,No,MLB Stats API; RotoWire,,H:2026/2025 P:2026/2025,,,Direct BvP not yet weighted; 2026/2025 Statcast baseline active,7,5,27,1,"Last 7 games: 5/27, 1 HR","platoon edge; pitcher baseline 12.7% barrel, 25.4 HR allowed",neutral batted-ball profile; pitcher allows elevated contact,8.56,42.25,90.06,100.1259,0.4238,0.1728,0.3277,71.03,14.68,43.84,28.51,15.9,0.1571,12.65,38.58,88.72,0.4947,0.2432,36.47,Out To LF,Open-Meteo forecast; MLB fallback,https://forecast.weather.gov/MapClick.php?lat=39.0517&lon=-94.4803,41,0,94,Kauffman Stadium,,,,,,,,,,,
30,646240,Rafael Devers,SF,NYM,2026-09-04T23:10:00Z,Pre-Game,2,Nolan McLean,690997,R,58.8,Longshot,Watch List,"Strong Barrel, Premium Lineup Spot, Platoon Edge, Hot Hitter/Streak",59.9,28.4,46.3,100.0,80.0,87.0,50.0,,Yes,Yes,2,Yes,No,MLB Stats API; RotoWire,,H:2026/2025 P:2026/2025,,,Direct BvP not yet weighted; 2026/2025 Statcast baseline active,7,9,27,3,Hot streak: 3 HR in last 7 games,"platoon edge; pitcher baseline 6.8% barrel, 11.7 HR allowed",EV profile; pitcher fly-ball pressure modest,12.92,52.46,93.15,103.2257,0.4681,0.2315,0.3453,71.74,20.3,34.05,34.02,32.9,0.2396,6.81,37.94,88.31,0.3415,0.1232,21.84,L To R,Open-Meteo forecast; MLB fallback,https://forecast.weather.gov/MapClick.php?lat=40.7571&lon=-73.8458,75,5,80,Citi Field,,,,,,,,,,,
31,678246,Miguel Vargas,CWS,MIN,2026-09-04T23:40:00Z,Pre-Game,2,Zebby Matthews,805673,R,58.7,Longshot,Watch List,"Strong Barrel, Premium Lineup Spot",52.6,52.7,62.5,100.0,50.0,20.9,50.0,,Yes,Yes,2,Yes,No,MLB Stats API; RotoWire,,H:2026/2025 P:2026/2025,,,Direct BvP not yet weighted; 2026/2025 Statcast baseline active,7,7,27,0,"Last 7 games: 7/27, 0 HR","same-side matchup; pitcher baseline 10.5% barrel, 16.9 HR allowed",fly-ball profile; pitcher fly-ball pressure modest,12.41,44.07,90.33,100.4177,0.4819,0.2221,0.3666,72.91,33.23,44.49,35.03,25.1,0.2132,10.46,40.83,90.18,0.4351,0.1753,26.75,Out To LF,Open-Meteo forecast; MLB fallback,https://forecast.weather.gov/MapClick.php?lat=41.8300&lon=-87.6338,82,7,76,Rate Field,,,,,,,,,,,
32,624413,Pete Alonso,BAL,BOS,2026-09-04T23:05:00Z,Pre-Game,4,Ranger Suarez,624133,L,58.0,Longshot,Watch List,"Strong Barrel, Premium Lineup Spot, Platoon Edge",73.3,19.0,54.6,94.9,78.0,25.3,50.0,,Yes,Yes,3,Yes,Yes,MLB Stats API; RotoWire,order MLB 4 vs RotoWire 3,H:2026/2025 P:2026/2025,,,Direct BvP not yet weighted; 2026/2025 Statcast baseline active,7,4,24,1,"Last 7 games: 4/24, 1 HR","platoon edge; pitcher baseline 5.2% barrel, 9.8 HR allowed",EV profile; pitcher fly-ball pressure modest,15.61,56.43,94.06,104.256,0.5545,0.2731,0.3923,74.78,49.0,36.29,30.53,34.5,0.2387,5.22,32.43,86.57,0.3545,0.1124,23.54,L To R,Open-Meteo forecast; MLB fallback,https://forecast.weather.gov/MapClick.php?lat=39.2840&lon=-76.6217,64,0,86,Oriole Park at Camden Yards,,,,,,,,,,,
33,660271,Shohei Ohtani,LAD,WSH,2026-09-05T02:10:00Z,Scheduled,1,Jackson Kent,800600,L,58.0,Longshot,Watch List,"Projected Lineup, Elite Power, Strong Barrel, Premium Lineup Spot",78.6,30.7,53.6,88.7,50.0,3.4,50.0,,No,No,1,Yes,Yes,RotoWire projected lineup; MLB probable pitchers,lineup projected / unconfirmed,H:2026/2025 P:2026,,,Direct BvP not yet weighted; 2026/2025 Statcast baseline active,7,4,28,0,"Last 7 games: 4/28, 0 HR","same-side matchup; pitcher baseline 7.1% barrel, 1.0 HR allowed",lift-pull EV profile; pitcher fly-ball pressure modest,18.11,53.8,93.71,104.4581,0.5853,0.3001,0.4082,74.96,52.94,46.63,31.78,37.5,0.2742,7.1,42.9,86.8,0.399,0.147,16.1,252 deg,Open-Meteo forecast; MLB fallback,https://forecast.weather.gov/MapClick.php?lat=34.0739&lon=-118.2400,56,0,79,UNIQLO Field at Dodger Stadium,,,,,,,,,,,
34,545361,Mike Trout,LAA,PIT,2026-09-04T22:45:00Z,Pre-Game,2,Jared Jones,683003,R,57.8,Longshot,Watch List,"Strong Barrel, Premium Lineup Spot",60.3,42.0,60.3,100.0,50.0,9.8,50.0,,Yes,Yes,2,Yes,No,MLB Stats API; RotoWire,,H:2026/2025 P:2026,,,Direct BvP not yet weighted; 2026/2025 Statcast baseline active,7,5,27,0,"Last 7 games: 5/27, 0 HR","same-side matchup; pitcher baseline 8.0% barrel, 12.0 HR allowed",neutral batted-ball profile; pitcher fly-ball pressure modest,15.87,46.64,90.2,102.9026,0.4838,0.2376,0.3713,74.63,47.84,36.23,32.4,21.8,0.1909,8.0,40.0,89.9,0.392,0.167,27.5,Out To CF,Open-Meteo forecast; MLB fallback,https://forecast.weather.gov/MapClick.php?lat=40.4469&lon=-80.0057,91,68,70,PNC Park,,,,,,,,,,,
35,696100,Hunter Goodman,COL,STL,2026-09-05T00:40:00Z,Pre-Game,3,Andre Pallante,669467,R,57.8,Longshot,Watch List,"Strong Barrel, Good Environment, Premium Lineup Spot",58.5,26.5,90.2,96.6,50.0,18.0,50.0,,Yes,Yes,3,Yes,No,MLB Stats API; RotoWire,,H:2026/2025 P:2026/2025,,,Direct BvP not yet weighted; 2026/2025 Statcast baseline active,7,6,25,0,"Last 7 games: 6/25, 0 HR","same-side matchup; pitcher baseline 5.7% barrel, 13.3 HR allowed",neutral batted-ball profile; pitcher fly-ball pressure modest,15.14,46.13,90.52,102.7763,0.4623,0.2308,0.3234,74.93,49.16,48.14,32.41,34.5,0.2721,5.69,36.12,87.94,0.3824,0.13,17.75,Out To LF,Open-Meteo forecast; MLB fallback,https://forecast.weather.gov/MapClick.php?lat=39.7559&lon=-104.9942,16,0,91,Coors Field,,,,,,,,,,,
36,660670,Ronald Acuña Jr.,ATL,PHI,2026-09-04T22:40:00Z,Pre-Game,1,Cristopher Sánchez,650911,L,57.6,Longshot,Watch List,"Strong Barrel, Premium Lineup Spot, Platoon Edge",57.3,31.2,57.8,93.2,78.0,55.9,50.0,,Yes,Yes,1,Yes,No,MLB Stats API; RotoWire,,H:2026/2025 P:2026/2025,,,Direct BvP not yet weighted; 2026/2025 Statcast baseline active,7,10,27,1,Contact streak: 10/27 over last 7 games,"platoon edge; pitcher baseline 6.7% barrel, 13.4 HR allowed",neutral batted-ball profile; pitcher fly-ball pressure modest,13.39,47.39,91.02,103.0386,0.4853,0.23,0.369,76.12,63.3,36.79,27.53,16.1,0.1895,6.68,41.2,89.21,0.3513,0.1186,16.06,R To L,Open-Meteo forecast; MLB fallback,https://forecast.weather.gov/MapClick.php?lat=39.9061&lon=-75.1665,80,5,80,Citizens Bank Park,,,,,,,,,,,
37,621566,Matt Olson,ATL,NYM,2026-09-04T22:40:00Z,Pre-Game,4,Cristopher Sánchez,650911,L,57.3,Longshot,Watch List,"Strong Barrel, Premium Lineup Spot, Sheet Consensus",66.5,31.2,57.8,94.9,50.0,2.7,80.6,100.0,Yes,Yes,4,Yes,No,MLB Stats API; RotoWire,,H:2026/2025 P:2026/2025,,,Direct BvP not yet weighted; 2026/2025 Statcast baseline active,7,4,29,0,"Last 7 games: 4/29, 0 HR","same-side matchup; pitcher baseline 6.7% barrel, 13.4 HR allowed",lift-pull EV profile; pitcher fly-ball pressure modest,14.89,51.27,92.81,103.8244,0.5067,0.2594,0.3579,74.53,47.68,38.35,33.2,34.6,0.2484,6.68,41.2,89.21,0.3513,0.1186,16.06,R To L,Open-Meteo forecast; MLB fallback,https://forecast.weather.gov/MapClick.php?lat=39.9061&lon=-75.1665,80,5,80,Citizens Bank Park,,22.7,0.398,96,11,103,37.5,3,3.3,6,Elite LHH power; weather only mild and possible delay
38,677800,Wilyer Abreu,BOS,TOR,2026-09-04T23:05:00Z,Pre-Game,4,Shane Baz,669358,R,57.3,Longshot,Watch List,"Strong Barrel, Premium Lineup Spot, Platoon Edge",53.2,39.1,54.6,94.9,80.0,46.9,42.2,61.0,Yes,Yes,4,Yes,No,MLB Stats API; RotoWire,,H:2026/2025 P:2026/2025,,,Direct BvP not yet weighted; 2026/2025 Statcast baseline active,7,9,29,1,"Last 7 games: 9/29, 1 HR","platoon edge; pitcher baseline 7.3% barrel, 15.5 HR allowed",fly-ball profile; pitcher fly-ball pressure modest,12.37,44.34,90.17,101.3677,0.4736,0.2229,0.3441,73.89,38.8,38.46,36.89,22.7,0.2136,7.33,40.94,89.84,0.3874,0.1434,25.22,L To R,Open-Meteo forecast; MLB fallback,https://forecast.weather.gov/MapClick.php?lat=39.2840&lon=-76.6217,64,0,86,Oriole Park at Camden Yards,,12.8,0.18,90,8,183,0,22,11.39,14,Taillon LHH split target + Rogers boost
39,656941,Kyle Schwarber,PHI,STL,2026-09-04T22:40:00Z,Pre-Game,1,Chris Sale,519242,L,57.2,Longshot,Watch List,"Strong Barrel, Premium Lineup Spot",75.0,21.1,57.8,93.2,50.0,32.5,47.5,68.0,Yes,Yes,1,Yes,No,MLB Stats API; RotoWire,,H:2026/2025 P:2026/2025,,,Direct BvP not yet weighted; 2026/2025 Statcast baseline active,7,6,28,1,"Last 7 games: 6/28, 1 HR","same-side matchup; pitcher baseline 5.6% barrel, 8.9 HR allowed",lift-pull EV profile; pitcher fly-ball pressure modest,18.07,52.53,92.97,104.1536,0.5173,0.2777,0.3737,77.16,75.35,54.49,32.97,44.8,0.2908,5.6,34.42,87.55,0.3242,0.1073,26.04,R To L,Open-Meteo forecast; MLB fallback,https://forecast.weather.gov/MapClick.php?lat=39.9061&lon=-75.1665,80,5,80,Citizens Bank Park,,14.1,0.216,94,9,139,25,6,4.88,2,Power volume; less clean pitcher split than Harper
40,607043,Brandon Nimmo,TEX,TB,2026-09-05T00:05:00Z,Pre-Game,4,Nick Martinez,607259,R,57.1,Longshot,Watch List,"Premium Lineup Spot, Platoon Edge",48.1,35.6,61.6,94.9,80.0,63.3,50.0,,Yes,Yes,4,Yes,No,MLB Stats API; RotoWire,,H:2026/2025 P:2026/2025,,,Direct BvP not yet weighted; 2026/2025 Statcast baseline active,7,11,24,1,Contact streak: 11/24 over last 7 games,"platoon edge; pitcher baseline 7.0% barrel, 19.2 HR allowed",EV profile; pitcher fly-ball pressure modest,9.71,50.62,92.18,102.1255,0.4554,0.1852,0.3455,72.34,27.53,33.17,25.98,17.3,0.1628,7.0,33.8,87.46,0.4233,0.1537,28.82,None,Open-Meteo forecast; MLB fallback,https://forecast.weather.gov/MapClick.php?lat=32.7473&lon=-97.0842,56,5,89,Globe Life Field,,,,,,,,,,,
41,592626,Joc Pederson,TEX,TB,2026-09-05T00:05:00Z,Pre-Game,1,Nick Martinez,607259,R,56.9,Longshot,Watch List,"Strong Barrel, Premium Lineup Spot, Platoon Edge",49.4,35.6,61.6,93.2,80.0,56.2,50.0,,Yes,Yes,1,Yes,No,MLB Stats API; RotoWire,,H:2026/2025 P:2026/2025,,,Direct BvP not yet weighted; 2026/2025 Statcast baseline active,7,4,16,2,Hot streak: 2 HR in last 7 games,"platoon edge; pitcher baseline 7.0% barrel, 19.2 HR allowed",neutral batted-ball profile; pitcher fly-ball pressure modest,10.62,49.35,91.97,102.0333,0.428,0.1922,0.3339,72.53,25.27,42.76,30.52,19.5,0.2156,7.0,33.8,87.46,0.4233,0.1537,28.82,None,Open-Meteo forecast; MLB fallback,https://forecast.weather.gov/MapClick.php?lat=32.7473&lon=-97.0842,56,5,89,Globe Life Field,,,,,,,,,,,
42,682998,Corbin Carroll,AZ,HOU,2026-09-05T00:10:00Z,Pre-Game,2,Cristian Javier,664299,R,56.7,Longshot,Watch List,"Strong Barrel, Premium Lineup Spot, Platoon Edge",55.8,42.8,41.1,100.0,80.0,18.3,50.0,,Yes,,,No,Yes,MLB Stats API; RotoWire,not found on RotoWire,H:2026/2025 P:2026/2025,,,Direct BvP not yet weighted; 2026/2025 Statcast baseline active,7,2,26,1,"Last 7 games: 2/26, 1 HR","platoon edge; pitcher baseline 7.9% barrel, 6.5 HR allowed",neutral batted-ball profile; pitcher allows elevated contact,12.61,48.15,91.82,102.37,0.466,0.2131,0.3517,75.16,53.63,43.03,30.67,22.6,0.2449,7.9,36.83,89.67,0.4187,0.1684,37.82,None,NOAA link only,https://forecast.weather.gov/MapClick.php?lat=29.7573&lon=-95.3555,,,72,Daikin Park,,,,,,,,,,,
43,666160,Mickey Moniak,COL,STL,2026-09-05T00:40:00Z,Pre-Game,2,Andre Pallante,669467,R,56.5,Longshot,Watch List,"Strong Barrel, Good Environment, Premium Lineup Spot, Platoon Edge",46.5,26.5,90.2,100.0,80.0,9.8,50.0,,Yes,Yes,2,Yes,No,MLB Stats API; RotoWire,,H:2026/2025 P:2026/2025,,,Direct BvP not yet weighted; 2026/2025 Statcast baseline active,7,5,27,0,"Last 7 games: 5/27, 0 HR","platoon edge; pitcher baseline 5.7% barrel, 13.3 HR allowed",fly-ball profile; pitcher fly-ball pressure modest,10.93,42.5,89.56,100.2505,0.4249,0.1958,0.2992,74.19,43.39,45.89,37.75,21.9,0.2487,5.69,36.12,87.94,0.3824,0.13,17.75,Out To LF,Open-Meteo forecast; MLB fallback,https://forecast.weather.gov/MapClick.php?lat=39.7559&lon=-104.9942,16,0,91,Coors Field,,,,,,,,,,,
44,666176,Jo Adell,CLE,DET,2026-09-04T23:15:00Z,Scheduled,4,Andrew Sears,808825,L,56.4,Longshot,Watch List,"Projected Lineup, Strong Barrel, Premium Lineup Spot, Platoon Edge",53.2,42.5,51.1,90.4,78.0,32.0,50.0,,No,No,4,Yes,Yes,RotoWire projected lineup; MLB probable pitchers,lineup projected / unconfirmed,H:2026/2025 P:2026,,,Direct BvP not yet weighted; 2026/2025 Statcast baseline active,7,8,24,0,Contact streak: 8/24 over last 7 games,"platoon edge; pitcher baseline 8.7% barrel, 1.0 HR allowed",neutral batted-ball profile; pitcher allows elevated contact,11.77,45.94,90.51,102.9056,0.4769,0.2183,0.3398,77.32,71.48,38.84,27.35,25.1,0.1895,8.7,30.4,89.9,0.445,0.189,34.8,120 deg,Open-Meteo forecast; MLB fallback,https://forecast.weather.gov/MapClick.php?lat=41.4962&lon=-81.6852,99,77,70,Progressive Field,,,,,,,,,,,
45,643217,Andrew Benintendi,CWS,MIN,2026-09-04T23:40:00Z,Pre-Game,4,Zebby Matthews,805673,R,56.4,Longshot,Watch List,"Premium Lineup Spot, Platoon Edge",37.2,52.7,62.5,94.9,80.0,34.9,50.0,,Yes,Yes,4,Yes,No,MLB Stats API; RotoWire,,H:2026/2025 P:2026/2025,,,Direct BvP not yet weighted; 2026/2025 Statcast baseline active,7,6,26,1,"Last 7 games: 6/26, 1 HR","platoon edge; pitcher baseline 10.5% barrel, 16.9 HR allowed",neutral batted-ball profile; pitcher fly-ball pressure modest,9.49,42.15,88.7,98.7825,0.4118,0.1718,0.3123,69.61,4.57,49.61,31.99,15.8,0.1812,10.46,40.83,90.18,0.4351,0.1753,26.75,Out To LF,Open-Meteo forecast; MLB fallback,https://forecast.weather.gov/MapClick.php?lat=41.8300&lon=-87.6338,82,7,76,Rate Field,,,,,,,,,,,
46,699013,Esmerlyn Valdez,PIT,LAA,2026-09-04T22:45:00Z,Pre-Game,8,Ryan Johnson,696270,R,56.0,Longshot,Watch List,"Projected Lineup, Strong Barrel",68.7,47.7,60.3,47.9,50.0,40.9,50.0,,No,No,8,Yes,Yes,RotoWire projected lineup; MLB probable pitchers,lineup projected / unconfirmed,H:2026 P:2026/2025,,,Direct BvP not yet weighted; 2026/2025 Statcast baseline active,7,4,27,2,Hot streak: 2 HR in last 7 games,"same-side matchup; pitcher baseline 9.8% barrel, 12.4 HR allowed",fly-ball profile; pitcher allows elevated contact,19.8,48.4,91.6,102.6161,0.433,0.236,0.328,74.8,51.3,37.3,40.5,16.0,0.279,9.83,37.12,87.82,0.4423,0.1854,33.81,Out To CF,Open-Meteo forecast; MLB fallback,https://forecast.weather.gov/MapClick.php?lat=40.4469&lon=-80.0057,91,68,70,PNC Park,,,,,,,,,,,
47,665052,Griffin Conine,MIA,CHC,2026-09-04T23:10:00Z,Pre-Game,3,Shota Imanaga,684007,L,56.0,Longshot,Watch List,"Strong Barrel, Premium Lineup Spot",56.5,53.7,42.0,96.6,50.0,4.5,50.0,,Yes,Yes,3,Yes,No,MLB Stats API; RotoWire,,H:2026/2025 P:2026/2025,,,Direct BvP not yet weighted; 2026/2025 Statcast baseline active,7,3,20,0,"Last 7 games: 3/20, 0 HR","same-side matchup; pitcher baseline 10.3% barrel, 32.4 HR allowed",neutral batted-ball profile; pitcher allows elevated contact,14.94,49.71,91.25,103.3439,0.453,0.2089,0.3426,74.26,44.32,42.67,23.48,10.4,0.2098,10.34,38.32,89.23,0.4256,0.1926,35.3,None,Open-Meteo forecast; MLB fallback,https://forecast.weather.gov/MapClick.php?lat=25.7781&lon=-80.2197,87,20,82,loanDepot park,,,,,,,,,,,
48,669003,Garrett Mitchell,MIL,CIN,2026-09-04T22:10:00Z,Pre-Game,7,Rhett Lowder,695076,R,55.9,Longshot,Watch List,"Strong Barrel, Good Environment, Platoon Edge",46.5,51.4,77.3,64.3,80.0,18.0,50.0,,Yes,Yes,7,Yes,No,MLB Stats API; RotoWire,,H:2026/2025 P:2026,,,Direct BvP not yet weighted; 2026/2025 Statcast baseline active,7,6,25,0,"Last 7 games: 6/25, 0 HR","platoon edge; pitcher baseline 9.6% barrel, 16.0 HR allowed",EV profile; pitcher fly-ball pressure modest,10.34,48.92,92.22,103.713,0.4082,0.1575,0.33,77.15,77.23,33.79,17.34,6.3,0.1307,9.6,37.8,90.1,0.458,0.19,28.5,Out To LF,Open-Meteo forecast; MLB fallback,https://forecast.weather.gov/MapClick.php?lat=39.0979&lon=-84.5082,56,3,88,Great American Ball Park,,,,,,,,,,,
49,668804,Bryan Reynolds,PIT,LAA,2026-09-04T22:45:00Z,Pre-Game,3,Ryan Johnson,696270,R,55.9,Longshot,Watch List,"Projected Lineup, Strong Barrel, Premium Lineup Spot, Platoon Edge",46.7,46.4,60.3,92.1,75.0,18.2,50.0,,No,No,3,Yes,Yes,RotoWire projected lineup; MLB probable pitchers,lineup projected / unconfirmed,H:2026/2025 P:2026/2025,,,Direct BvP not yet weighted; 2026/2025 Statcast baseline active,7,7,29,0,"Last 7 games: 7/29, 0 HR","switch hitter; pitcher baseline 9.8% barrel, 12.4 HR allowed",neutral batted-ball profile; pitcher allows elevated contact,10.73,46.98,90.92,101.9501,0.4456,0.1904,0.3499,72.69,28.16,39.1,25.74,15.3,0.157,9.83,37.12,87.82,0.4423,0.1854,33.81,Out To CF,Open-Meteo forecast; MLB fallback,https://forecast.weather.gov/MapClick.php?lat=40.4469&lon=-80.0057,91,68,70,PNC Park,,,,,,,,,,,
50,682985,Riley Greene,DET,CLE,2026-09-04T18:10:00Z,In Progress,5,Logan Allen,671106,L,55.8,Longshot,Watch List,Strong Barrel,59.4,50.6,51.1,86.4,50.0,0.8,50.0,,Yes,No,5,Yes,Yes,MLB Stats API; RotoWire,RotoWire not confirmed,H:2026/2025 P:2026/2025,,,Direct BvP not yet weighted; 2026/2025 Statcast baseline active,7,3,24,0,"Last 7 games: 3/24, 0 HR","same-side matchup; pitcher baseline 10.5% barrel, 7.5 HR allowed",neutral batted-ball profile; pitcher allows elevated contact,15.21,47.11,90.25,102.4728,0.477,0.2284,0.3502,75.6,58.01,38.7,33.17,22.0,0.193,10.5,41.7,89.16,0.4035,0.1775,35.96,L To R,Open-Meteo forecast; MLB fallback,https://forecast.weather.gov/MapClick.php?lat=41.4962&lon=-81.6852,99,77,70,Progressive Field,,,,,,,,,,,
51,661388,William Contreras,MIL,CIN,2026-09-04T22:10:00Z,Pre-Game,5,Rhett Lowder,695076,R,55.6,Longshot,Watch List,Good Environment,38.2,51.4,77.3,86.4,50.0,50.3,50.0,,Yes,Yes,5,Yes,No,MLB Stats API; RotoWire,,H:2026/2025 P:2026,,,Direct BvP not yet weighted; 2026/2025 Statcast baseline active,7,9,27,1,Contact streak: 9/27 over last 7 games,"same-side matchup; pitcher baseline 9.6% barrel, 16.0 HR allowed",neutral batted-ball profile; pitcher fly-ball pressure modest,7.45,45.0,90.4,101.5218,0.4245,0.1674,0.3322,73.41,36.58,36.04,24.01,14.2,0.1327,9.6,37.8,90.1,0.458,0.19,28.5,Out To LF,Open-Meteo forecast; MLB fallback,https://forecast.weather.gov/MapClick.php?lat=39.0979&lon=-84.5082,56,3,88,Great American Ball Park,,,,,,,,,,,
52,680777,Ryan Jeffers,MIN,CWS,2026-09-04T23:40:00Z,Pre-Game,4,Erick Fedde,607200,R,55.6,Longshot,Watch List,"Premium Lineup Spot, Hot Hitter/Streak",40.0,47.0,62.5,94.9,50.0,77.4,50.0,,Yes,Yes,4,Yes,No,MLB Stats API; RotoWire,,H:2026/2025 P:2026/2025,,,Direct BvP not yet weighted; 2026/2025 Statcast baseline active,7,7,26,3,Hot streak: 3 HR in last 7 games,"same-side matchup; pitcher baseline 8.0% barrel, 21.1 HR allowed",neutral batted-ball profile; pitcher fly-ball pressure modest,9.8,40.91,88.95,100.8735,0.4343,0.1829,0.3468,73.07,36.82,37.39,27.33,11.8,0.2003,8.04,40.29,89.01,0.4449,0.1832,28.77,Out To LF,Open-Meteo forecast; MLB fallback,https://forecast.weather.gov/MapClick.php?lat=41.8300&lon=-87.6338,82,7,76,Rate Field,,,,,,,,,,,
53,691406,Junior Caminero,TB,ATH,2026-09-05T00:05:00Z,Pre-Game,3,Trevor Williams,592866,R,55.4,Longshot,Watch List,"Projected Lineup, Strong Barrel, Premium Lineup Spot",61.9,31.0,61.6,92.1,50.0,56.2,14.4,48.0,No,No,3,Yes,Yes,RotoWire projected lineup; MLB probable pitchers,lineup projected / unconfirmed,H:2026/2025 P:2026/2025,,,Direct BvP not yet weighted; 2026/2025 Statcast baseline active,7,7,28,2,Hot streak: 2 HR in last 7 games,"same-side matchup; pitcher baseline 8.3% barrel, 5.4 HR allowed",EV profile; pitcher fly-ball pressure modest,13.23,50.56,92.82,105.2061,0.4954,0.2278,0.3579,79.34,84.48,45.8,23.42,39.4,0.2549,8.29,35.1,87.69,0.3699,0.1244,26.3,None,Open-Meteo forecast; MLB fallback,https://forecast.weather.gov/MapClick.php?lat=32.7473&lon=-97.0842,56,5,89,Globe Life Field,,0,0,0,0,0,0,37,0,0,Ballpark Pal top hitter 27.9%; best park/weather on slate
54,606466,Ketel Marte,AZ,HOU,2026-09-05T00:10:00Z,Pre-Game,4,Cristian Javier,664299,R,55.4,Longshot,Watch List,"Strong Barrel, Premium Lineup Spot, Platoon Edge",49.2,42.2,41.1,94.9,75.0,57.5,50.0,,Yes,,,No,Yes,MLB Stats API; RotoWire,not found on RotoWire,H:2026/2025 P:2026/2025,,,Direct BvP not yet weighted; 2026/2025 Statcast baseline active,7,8,21,1,Contact streak: 8/21 over last 7 games,"switch hitter; pitcher baseline 7.9% barrel, 6.5 HR allowed",neutral batted-ball profile; pitcher allows elevated contact,11.12,43.92,90.31,102.1892,0.4871,0.207,0.3627,74.74,46.42,49.82,27.64,23.1,0.2053,7.9,36.83,89.67,0.4187,0.1684,37.82,None,NOAA link only,https://forecast.weather.gov/MapClick.php?lat=29.7573&lon=-95.3555,,,72,Daikin Park,,,,,,,,,,,
55,663457,Lars Nootbaar,AZ,HOU,2026-09-05T00:10:00Z,Pre-Game,5,Cristian Javier,664299,R,55.1,Longshot,Watch List,"Strong Barrel, Platoon Edge",48.7,42.8,41.1,86.4,80.0,68.7,50.0,,Yes,,,No,Yes,MLB Stats API; RotoWire,not found on RotoWire,H:2026/2025 P:2026/2025,,,Direct BvP not yet weighted; 2026/2025 Statcast baseline active,7,7,21,2,Hot streak: 2 HR in last 7 games,"platoon edge; pitcher baseline 7.9% barrel, 6.5 HR allowed",neutral batted-ball profile; pitcher allows elevated contact,10.27,49.79,91.72,101.6785,0.4301,0.1886,0.3352,73.26,36.17,38.14,29.04,8.1,0.1375,7.9,36.83,89.67,0.4187,0.1684,37.82,None,NOAA link only,https://forecast.weather.gov/MapClick.php?lat=29.7573&lon=-95.3555,,,72,Daikin Park,,,,,,,,,,,
56,669357,Nolan Gorman,STL,COL,2026-09-05T00:40:00Z,Pre-Game,6,Ryan Feltner,663372,R,55.1,Longshot,Watch List,"Projected Lineup, Good Environment, Platoon Edge",40.2,43.9,90.2,71.7,80.0,18.3,50.0,,No,No,6,Yes,Yes,RotoWire projected lineup; MLB probable pitchers,lineup projected / unconfirmed,H:2026/2025 P:2026/2025,,,Direct BvP not yet weighted; 2026/2025 Statcast baseline active,7,2,19,1,"Last 7 games: 2/19, 1 HR","platoon edge; pitcher baseline 8.6% barrel, 14.5 HR allowed",fly-ball profile; pitcher fly-ball pressure modest,9.62,42.71,89.39,100.7476,0.3622,0.1697,0.2806,73.05,29.54,44.18,38.66,9.8,0.1405,8.58,36.75,88.04,0.4407,0.1877,28.74,Out To LF,Open-Meteo forecast; MLB fallback,https://forecast.weather.gov/MapClick.php?lat=39.7559&lon=-104.9942,16,0,91,Coors Field,,,,,,,,,,,
57,686948,Drake Baldwin,ATL,NYM,2026-09-04T22:40:00Z,Pre-Game,2,Cristopher Sánchez,650911,L,55.0,Longshot,Watch List,"Strong Barrel, Premium Lineup Spot",56.6,31.2,57.8,100.0,50.0,45.3,37.9,68.0,Yes,Yes,2,Yes,No,MLB Stats API; RotoWire,,H:2026/2025 P:2026/2025,,,Direct BvP not yet weighted; 2026/2025 Statcast baseline active,7,9,30,1,"Last 7 games: 9/30, 1 HR","same-side matchup; pitcher baseline 6.7% barrel, 13.4 HR allowed",neutral batted-ball profile; pitcher fly-ball pressure modest,12.33,51.07,91.84,102.3611,0.4905,0.2157,0.3635,75.37,57.07,32.22,25.46,21.1,0.1817,6.68,41.2,89.21,0.3513,0.1186,16.06,R To L,Open-Meteo forecast; MLB fallback,https://forecast.weather.gov/MapClick.php?lat=39.9061&lon=-75.1665,80,5,80,Citizens Bank Park,,16.4,0.177,93,4,79,0,3,3.3,6,Strong barrel/EV but ISO lower
58,668901,Mark Vientos,NYM,SF,2026-09-04T23:10:00Z,Pre-Game,4,Matt Wilkinson,683363,L,55.0,Longshot,Watch List,"Strong Barrel, Premium Lineup Spot, Platoon Edge",47.7,39.1,46.3,94.9,78.0,54.0,50.0,,Yes,Yes,4,Yes,No,MLB Stats API; RotoWire,,H:2026/2025 P:2026,,,Direct BvP not yet weighted; 2026/2025 Statcast baseline active,7,4,17,2,Hot streak: 2 HR in last 7 games,"platoon edge; pitcher baseline 5.1% barrel, 1.0 HR allowed",neutral batted-ball profile; pitcher allows elevated contact,10.73,46.16,90.21,101.1472,0.446,0.208,0.3144,72.74,24.89,36.93,29.93,13.5,0.1835,5.1,48.7,89.6,0.426,0.175,30.8,L To R,Open-Meteo forecast; MLB fallback,https://forecast.weather.gov/MapClick.php?lat=40.7571&lon=-73.8458,75,5,80,Citi Field,,,,,,,,,,,
59,691002,Yohandy Morales,WSH,LAD,2026-09-05T02:10:00Z,Scheduled,8,Blake Snell,605483,L,55.0,Longshot,Watch List,"Projected Lineup, Elite Power, Strong Barrel, Platoon Edge",93.0,0.4,53.6,47.9,78.0,63.3,50.0,,No,No,8,Yes,Yes,RotoWire projected lineup; MLB probable pitchers,lineup projected / unconfirmed,H:2026 P:2026/2025,,,Direct BvP not yet weighted; 2026/2025 Statcast baseline active,2,4,8,1,Contact streak: 4/8 over last 2 games,"platoon edge; pitcher baseline 2.9% barrel, 0.9 HR allowed",lift-pull EV profile; pitcher fly-ball pressure modest,40.0,80.0,97.6,105.3212,0.779,0.454,0.461,73.0,18.2,60.0,40.0,1.0,0.5,2.93,17.2,82.63,0.2394,0.0567,20.56,252 deg,Open-Meteo forecast; MLB fallback,https://forecast.weather.gov/MapClick.php?lat=34.0739&lon=-118.2400,56,0,79,UNIQLO Field at Dodger Stadium,,,,,,,,,,,
60,666018,Jonathan Aranda,TB,TEX,2026-09-05T00:05:00Z,Pre-Game,2,Trevor Williams,592866,R,54.9,Longshot,Watch List,"Projected Lineup, Strong Barrel, Premium Lineup Spot, Platoon Edge",48.9,31.0,61.6,95.5,80.0,34.9,50.0,,No,No,2,Yes,Yes,RotoWire projected lineup; MLB probable pitchers,lineup projected / unconfirmed,H:2026/2025 P:2026/2025,,,Direct BvP not yet weighted; 2026/2025 Statcast baseline active,7,6,26,1,"Last 7 games: 6/26, 1 HR","platoon edge; pitcher baseline 8.3% barrel, 5.4 HR allowed",neutral batted-ball profile; pitcher fly-ball pressure modest,10.66,48.69,91.74,101.2866,0.466,0.196,0.3582,70.29,12.48,32.43,30.2,16.1,0.1499,8.29,35.1,87.69,0.3699,0.1244,26.3,None,Open-Meteo forecast; MLB fallback,https://forecast.weather.gov/MapClick.php?lat=32.7473&lon=-97.0842,56,5,89,Globe Life Field,,,,,,,,,,,
61,672960,Kazuma Okamoto,TOR,BOS,2026-09-05T00:10:00Z,Pre-Game,5,Daniel Lynch IV,663738,L,54.9,Longshot,Watch List,"Projected Lineup, Strong Barrel, Good Environment, Platoon Edge",51.7,35.0,71.2,81.9,78.0,47.2,15.2,52.0,No,No,5,Yes,Yes,RotoWire projected lineup; MLB probable pitchers,lineup projected / unconfirmed,H:2026 P:2026/2025,,,Direct BvP not yet weighted; 2026/2025 Statcast baseline active,7,4,21,2,Hot streak: 2 HR in last 7 games,"platoon edge; pitcher baseline 7.0% barrel, 5.9 HR allowed",neutral batted-ball profile; pitcher fly-ball pressure modest,13.3,43.8,90.5,101.3462,0.43,0.214,0.318,73.1,34.6,51.1,33.5,28.0,0.213,7.05,39.14,88.6,0.4021,0.1557,25.84,Out To LF,Open-Meteo forecast; MLB fallback,https://forecast.weather.gov/MapClick.php?lat=39.0517&lon=-94.4803,41,0,94,Kauffman Stadium,,0,0,0,0,0,36.4,22,3.16,4,PA note only; park helps but no full sheet line
62,543807,George Springer,TOR,BOS,2026-09-05T00:10:00Z,Pre-Game,2,Daniel Lynch IV,663738,L,54.6,Longshot,Watch List,"Projected Lineup, Good Environment, Premium Lineup Spot, Platoon Edge, Hot Hitter/Streak",39.7,35.0,71.2,95.5,78.0,81.7,12.1,48.0,No,No,2,Yes,Yes,RotoWire projected lineup; MLB probable pitchers,lineup projected / unconfirmed,H:2026/2025 P:2026/2025,,,Direct BvP not yet weighted; 2026/2025 Statcast baseline active,7,11,26,2,Hot streak: 2 HR in last 7 games,"platoon edge; pitcher baseline 7.0% barrel, 5.9 HR allowed",neutral batted-ball profile; pitcher fly-ball pressure modest,9.69,40.81,88.88,100.1499,0.4359,0.1841,0.3354,73.17,34.53,41.09,26.44,19.4,0.1915,7.05,39.14,88.6,0.4021,0.1557,25.84,Out To LF,Open-Meteo forecast; MLB fallback,https://forecast.weather.gov/MapClick.php?lat=39.0517&lon=-94.4803,41,0,94,Kauffman Stadium,,0,0,0,0,0,0,22,3.16,4,EV note only
63,693307,Dillon Dingler,DET,CLE,2026-09-04T18:10:00Z,In Progress,4,Logan Allen,671106,L,54.5,Longshot,Watch List,"Premium Lineup Spot, Platoon Edge",43.1,50.6,51.1,94.9,78.0,6.0,50.0,,Yes,No,4,Yes,Yes,MLB Stats API; RotoWire,RotoWire not confirmed,H:2026/2025 P:2026/2025,,,Direct BvP not yet weighted; 2026/2025 Statcast baseline active,7,4,25,0,"Last 7 games: 4/25, 0 HR","platoon edge; pitcher baseline 10.5% barrel, 7.5 HR allowed",neutral batted-ball profile; pitcher allows elevated contact,9.97,43.46,88.95,100.6164,0.4713,0.1997,0.3483,71.77,15.62,40.66,28.57,22.1,0.1967,10.5,41.7,89.16,0.4035,0.1775,35.96,L To R,Open-Meteo forecast; MLB fallback,https://forecast.weather.gov/MapClick.php?lat=41.4962&lon=-81.6852,99,77,70,Progressive Field,,,,,,,,,,,
64,553993,Eugenio Suárez,CIN,MIL,2026-09-04T22:10:00Z,Pre-Game,5,Shane Drohan,675660,L,54.5,Longshot,Watch List,"Strong Barrel, Good Environment, Platoon Edge",40.6,33.9,77.3,86.4,78.0,48.7,50.0,,Yes,Yes,5,Yes,No,MLB Stats API; RotoWire,,H:2026/2025 P:2026,,,Direct BvP not yet weighted; 2026/2025 Statcast baseline active,7,5,25,2,Hot streak: 2 HR in last 7 games,"platoon edge; pitcher baseline 8.0% barrel, 10.0 HR allowed",neutral batted-ball profile; pitcher fly-ball pressure modest,11.85,38.64,88.87,99.9412,0.3755,0.1778,0.2934,72.02,21.88,48.45,34.18,28.7,0.2322,8.0,37.6,88.1,0.36,0.132,28.3,Out To LF,Open-Meteo forecast; MLB fallback,https://forecast.weather.gov/MapClick.php?lat=39.0979&lon=-84.5082,56,3,88,Great American Ball Park,,,,,,,,,,,
65,605137,Josh Bell,MIN,CWS,2026-09-04T23:40:00Z,Pre-Game,5,Erick Fedde,607200,R,54.5,Longshot,Watch List,"Strong Barrel, Platoon Edge",43.5,45.1,62.5,86.4,75.0,26.4,50.0,,Yes,Yes,5,Yes,No,MLB Stats API; RotoWire,,H:2026/2025 P:2026/2025,,,Direct BvP not yet weighted; 2026/2025 Statcast baseline active,7,8,27,0,"Last 7 games: 8/27, 0 HR","switch hitter; pitcher baseline 8.0% barrel, 21.1 HR allowed",neutral batted-ball profile; pitcher fly-ball pressure modest,10.14,43.22,89.98,100.9527,0.4472,0.1954,0.3373,72.33,28.78,41.78,26.85,18.5,0.1674,8.04,40.29,89.01,0.4449,0.1832,28.77,Out To LF,Open-Meteo forecast; MLB fallback,https://forecast.weather.gov/MapClick.php?lat=41.8300&lon=-87.6338,82,7,76,Rate Field,,,,,,,,,,,
66,671277,Luis Garcia,NYY,SD,2026-09-05T01:40:00Z,Pre-Game,3,Walker Buehler,621111,R,54.4,Longshot,Watch List,"Projected Lineup, Strong Barrel, Premium Lineup Spot, Platoon Edge",49.9,41.9,46.6,92.1,80.0,19.5,50.0,,No,No,3,Yes,Yes,RotoWire projected lineup; MLB probable pitchers,lineup projected / unconfirmed,H:2026/2025 P:2026/2025,,,Direct BvP not yet weighted; 2026/2025 Statcast baseline active,7,6,24,0,"Last 7 games: 6/24, 0 HR","platoon edge; pitcher baseline 8.6% barrel, 18.5 HR allowed",neutral batted-ball profile; pitcher fly-ball pressure modest,11.17,46.29,91.25,101.9582,0.491,0.2072,0.3474,73.66,39.41,41.78,22.4,24.4,0.2314,8.59,38.08,88.88,0.4115,0.1603,23.16,L To R,Open-Meteo forecast; MLB fallback,https://forecast.weather.gov/MapClick.php?lat=32.7073&lon=-117.1573,69,0,75,Petco Park,,,,,,,,,,,
67,687263,Zach Neto,LAA,PIT,2026-09-04T22:45:00Z,Pre-Game,1,Jared Jones,683003,R,54.3,Longshot,Watch List,"Strong Barrel, Premium Lineup Spot",48.1,42.0,60.3,93.2,50.0,33.7,50.0,,Yes,Yes,1,Yes,No,MLB Stats API; RotoWire,,H:2026/2025 P:2026,,,Direct BvP not yet weighted; 2026/2025 Statcast baseline active,7,6,27,1,"Last 7 games: 6/27, 1 HR","same-side matchup; pitcher baseline 8.0% barrel, 12.0 HR allowed",neutral batted-ball profile; pitcher fly-ball pressure modest,12.32,42.75,90.02,100.3408,0.4313,0.209,0.3174,71.33,14.18,47.34,34.61,23.9,0.2016,8.0,40.0,89.9,0.392,0.167,27.5,Out To CF,Open-Meteo forecast; MLB fallback,https://forecast.weather.gov/MapClick.php?lat=40.4469&lon=-80.0057,91,68,70,PNC Park,,,,,,,,,,,
68,804668,Rafael Flores,PIT,LAA,2026-09-04T22:45:00Z,Pre-Game,7,Ryan Johnson,696270,R,54.3,Longshot,Watch List,"Projected Lineup, Strong Barrel",61.6,47.7,60.3,59.8,50.0,18.3,50.0,,No,No,7,Yes,Yes,RotoWire projected lineup; MLB probable pitchers,lineup projected / unconfirmed,H:2026/2025 P:2026/2025,,,Direct BvP not yet weighted; 2026/2025 Statcast baseline active,7,2,25,1,"Last 7 games: 2/25, 1 HR","same-side matchup; pitcher baseline 9.8% barrel, 12.4 HR allowed",fly-ball profile; pitcher allows elevated contact,14.46,49.62,91.23,101.837,0.4769,0.2409,0.3414,73.75,39.04,38.37,38.55,4.9,0.2268,9.83,37.12,87.82,0.4423,0.1854,33.81,Out To CF,Open-Meteo forecast; MLB fallback,https://forecast.weather.gov/MapClick.php?lat=40.4469&lon=-80.0057,91,68,70,PNC Park,,,,,,,,,,,
69,703155,Lazaro Montes,SEA,ATH,2026-09-05T02:10:00Z,Scheduled,7,Kade Morris,695034,R,54.2,Longshot,Watch List,"Projected Lineup, Elite Power, Strong Barrel, Platoon Edge",75.7,23.6,39.4,59.8,80.0,50.3,50.0,,No,No,7,Yes,Yes,RotoWire projected lineup; MLB probable pitchers,lineup projected / unconfirmed,H:2026 P:2026,,,Direct BvP not yet weighted; 2026/2025 Statcast baseline active,2,3,9,1,Contact streak: 3/9 over last 2 games,"platoon edge; pitcher baseline 5.3% barrel, 4.0 HR allowed",EV profile; pitcher fly-ball pressure modest,20.0,40.0,92.7,98.9207,0.511,0.315,0.335,76.5,66.7,20.0,40.0,1.0,0.334,5.3,43.9,87.7,0.359,0.096,21.1,303 deg,Open-Meteo forecast; MLB fallback,https://forecast.weather.gov/MapClick.php?lat=47.5914&lon=-122.3325,62,12,65,T-Mobile Park,,,,,,,,,,,
70,673548,Seiya Suzuki,CHC,MIA,2026-09-04T23:10:00Z,Pre-Game,2,Janson Junk,676083,R,54.1,Longshot,Watch List,"Strong Barrel, Premium Lineup Spot",47.0,42.4,42.0,100.0,50.0,66.9,50.0,,Yes,Yes,2,Yes,No,MLB Stats API; RotoWire,,H:2026/2025 P:2026/2025,,,Direct BvP not yet weighted; 2026/2025 Statcast baseline active,7,9,28,2,Hot streak: 2 HR in last 7 games,"same-side matchup; pitcher baseline 7.6% barrel, 10.8 HR allowed",neutral batted-ball profile; pitcher fly-ball pressure modest,12.26,41.56,89.27,101.0587,0.4492,0.2015,0.3443,73.3,37.32,41.97,31.55,26.4,0.219,7.59,41.91,90.55,0.4236,0.1592,23.01,None,Open-Meteo forecast; MLB fallback,https://forecast.weather.gov/MapClick.php?lat=25.7781&lon=-80.2197,87,20,82,loanDepot park,,,,,,,,,,,
71,701678,Hao-Yu Lee,DET,CLE,2026-09-04T18:10:00Z,In Progress,3,Logan Allen,671106,L,53.9,Longshot,Watch List,"Premium Lineup Spot, Platoon Edge",36.6,50.6,51.1,96.6,78.0,30.3,50.0,,Yes,No,3,Yes,Yes,MLB Stats API; RotoWire,RotoWire not confirmed,H:2026 P:2026/2025,,,Direct BvP not yet weighted; 2026/2025 Statcast baseline active,7,5,25,1,"Last 7 games: 5/25, 1 HR","platoon edge; pitcher baseline 10.5% barrel, 7.5 HR allowed",neutral batted-ball profile; pitcher allows elevated contact,8.9,41.1,89.7,100.3751,0.408,0.167,0.304,71.6,22.3,28.1,26.0,8.0,0.154,10.5,41.7,89.16,0.4035,0.1775,35.96,L To R,Open-Meteo forecast; MLB fallback,https://forecast.weather.gov/MapClick.php?lat=41.4962&lon=-81.6852,99,77,70,Progressive Field,,,,,,,,,,,
72,679529,Spencer Torkelson,DET,CLE,2026-09-04T18:10:00Z,In Progress,7,Logan Allen,671106,L,53.9,Longshot,Watch List,"Strong Barrel, Platoon Edge",47.8,50.6,51.1,64.3,78.0,50.2,50.0,,Yes,No,7,Yes,Yes,MLB Stats API; RotoWire,RotoWire not confirmed,H:2026/2025 P:2026/2025,,,Direct BvP not yet weighted; 2026/2025 Statcast baseline active,7,4,19,2,Hot streak: 2 HR in last 7 games,"platoon edge; pitcher baseline 10.5% barrel, 7.5 HR allowed",fly-ball profile; pitcher allows elevated contact,12.73,42.23,89.57,100.1074,0.414,0.1971,0.3179,73.07,26.09,47.42,35.69,24.0,0.1964,10.5,41.7,89.16,0.4035,0.1775,35.96,L To R,Open-Meteo forecast; MLB fallback,https://forecast.weather.gov/MapClick.php?lat=41.4962&lon=-81.6852,99,77,70,Progressive Field,,,,,,,,,,,
73,682985,Riley Greene,DET,CLE,2026-09-04T23:15:00Z,Scheduled,5,Foster Griffin,656492,L,53.9,Longshot,Watch List,"Projected Lineup, Strong Barrel",59.4,44.9,51.1,81.9,50.0,0.8,50.0,,No,No,5,Yes,Yes,RotoWire projected lineup; MLB probable pitchers,lineup projected / unconfirmed,H:2026/2025 P:2026,,,Direct BvP not yet weighted; 2026/2025 Statcast baseline active,7,3,24,0,"Last 7 games: 3/24, 0 HR","same-side matchup; pitcher baseline 9.3% barrel, 23.0 HR allowed",neutral batted-ball profile; pitcher fly-ball pressure modest,15.21,47.11,90.25,102.4728,0.477,0.2284,0.3502,75.6,58.01,38.7,33.17,22.0,0.193,9.3,38.1,88.3,0.418,0.165,26.8,120 deg,Open-Meteo forecast; MLB fallback,https://forecast.weather.gov/MapClick.php?lat=41.4962&lon=-81.6852,99,77,70,Progressive Field,,,,,,,,,,,
74,666176,Jo Adell,CLE,DET,2026-09-04T18:10:00Z,In Progress,4,Keider Montero,672456,R,53.8,Longshot,Watch List,"Strong Barrel, Premium Lineup Spot",53.2,38.2,51.1,94.9,50.0,32.0,50.0,,Yes,No,4,Yes,Yes,MLB Stats API; RotoWire,RotoWire not confirmed,H:2026/2025 P:2026/2025,,,Direct BvP not yet weighted; 2026/2025 Statcast baseline active,7,8,24,0,Contact streak: 8/24 over last 7 games,"same-side matchup; pitcher baseline 7.6% barrel, 14.6 HR allowed",neutral batted-ball profile; pitcher fly-ball pressure modest,11.77,45.94,90.51,102.9056,0.4769,0.2183,0.3398,77.32,71.48,38.84,27.35,25.1,0.1895,7.57,37.65,88.68,0.3998,0.1622,25.98,L To R,Open-Meteo forecast; MLB fallback,https://forecast.weather.gov/MapClick.php?lat=41.4962&lon=-81.6852,99,77,70,Progressive Field,,,,,,,,,,,
75,671056,Ivan Herrera,STL,COL,2026-09-05T00:40:00Z,Pre-Game,2,Ryan Feltner,663372,R,53.8,Longshot,Watch List,"Projected Lineup, Good Environment, Premium Lineup Spot",33.7,43.9,90.2,95.5,50.0,14.1,50.0,,No,No,2,Yes,Yes,RotoWire projected lineup; MLB probable pitchers,lineup projected / unconfirmed,H:2026/2025 P:2026/2025,,,Direct BvP not yet weighted; 2026/2025 Statcast baseline active,7,6,28,0,"Last 7 games: 6/28, 0 HR","same-side matchup; pitcher baseline 8.6% barrel, 14.5 HR allowed",neutral batted-ball profile; pitcher fly-ball pressure modest,7.04,42.66,89.87,101.2702,0.4084,0.1516,0.343,73.81,42.58,37.52,19.66,15.5,0.1443,8.58,36.75,88.04,0.4407,0.1877,28.74,Out To LF,Open-Meteo forecast; MLB fallback,https://forecast.weather.gov/MapClick.php?lat=39.7559&lon=-104.9942,16,0,91,Coors Field,,,,,,,,,,,
76,686681,Michael Massey,KC,TOR,2026-09-05T00:10:00Z,Pre-Game,7,Jameson Taillon,592791,R,53.7,Longshot,Watch List,"Good Environment, Platoon Edge",28.3,66.1,71.2,64.3,80.0,38.3,50.0,,Yes,Yes,7,Yes,No,MLB Stats API; RotoWire,,H:2026/2025 P:2026/2025,,,Direct BvP not yet weighted; 2026/2025 Statcast baseline active,7,9,24,0,Contact streak: 9/24 over last 7 games,"platoon edge; pitcher baseline 12.7% barrel, 25.4 HR allowed",neutral batted-ball profile; pitcher allows elevated contact,5.47,38.11,89.04,98.7284,0.3901,0.1437,0.2923,71.5,12.54,49.15,31.43,8.6,0.1369,12.65,38.58,88.72,0.4947,0.2432,36.47,Out To LF,Open-Meteo forecast; MLB fallback,https://forecast.weather.gov/MapClick.php?lat=39.0517&lon=-94.4803,41,0,94,Kauffman Stadium,,,,,,,,,,,
77,691723,Coby Mayo,BAL,BOS,2026-09-04T23:05:00Z,Pre-Game,2,Ranger Suarez,624133,L,53.6,Longshot,Watch List,"Strong Barrel, Premium Lineup Spot, Platoon Edge",49.6,19.0,54.6,100.0,78.0,68.7,50.0,,Yes,Yes,2,Yes,No,MLB Stats API; RotoWire,,H:2026/2025 P:2026/2025,,,Direct BvP not yet weighted; 2026/2025 Statcast baseline active,7,8,24,2,Hot streak: 2 HR in last 7 games,"platoon edge; pitcher baseline 5.2% barrel, 9.8 HR allowed",neutral batted-ball profile; pitcher fly-ball pressure modest,11.85,44.54,90.24,102.618,0.4204,0.1999,0.3094,75.4,55.09,48.92,33.83,16.6,0.2074,5.22,32.43,86.57,0.3545,0.1124,23.54,L To R,Open-Meteo forecast; MLB fallback,https://forecast.weather.gov/MapClick.php?lat=39.2840&lon=-76.6217,64,0,86,Oriole Park at Camden Yards,,,,,,,,,,,
78,596019,Francisco Lindor,NYM,SF,2026-09-04T23:10:00Z,Pre-Game,1,Matt Wilkinson,683363,L,53.4,Longshot,Watch List,"Premium Lineup Spot, Platoon Edge",45.7,39.0,46.3,93.2,75.0,44.5,50.0,,Yes,Yes,1,Yes,No,MLB Stats API; RotoWire,,H:2026/2025 P:2026,,,Direct BvP not yet weighted; 2026/2025 Statcast baseline active,7,5,29,2,Hot streak: 2 HR in last 7 games,"switch hitter; pitcher baseline 5.1% barrel, 1.0 HR allowed",neutral batted-ball profile; pitcher allows elevated contact,9.11,46.92,90.92,100.3536,0.447,0.1975,0.3401,72.09,22.74,45.39,31.28,19.8,0.1948,5.1,48.7,89.6,0.426,0.175,30.8,L To R,Open-Meteo forecast; MLB fallback,https://forecast.weather.gov/MapClick.php?lat=40.7571&lon=-73.8458,75,5,80,Citi Field,,,,,,,,,,,
79,668930,Brice Turang,MIL,CIN,2026-09-04T22:10:00Z,Pre-Game,6,Rhett Lowder,695076,R,53.3,Longshot,Watch List,"Good Environment, Platoon Edge",35.5,51.4,77.3,76.2,80.0,2.7,50.0,,Yes,Yes,6,Yes,No,MLB Stats API; RotoWire,,H:2026/2025 P:2026,,,Direct BvP not yet weighted; 2026/2025 Statcast baseline active,7,4,29,0,"Last 7 games: 4/29, 0 HR","platoon edge; pitcher baseline 9.6% barrel, 16.0 HR allowed",neutral batted-ball profile; pitcher fly-ball pressure modest,7.58,42.92,90.4,100.2884,0.4213,0.1677,0.335,70.18,13.2,27.37,23.64,17.3,0.1624,9.6,37.8,90.1,0.458,0.19,28.5,Out To LF,Open-Meteo forecast; MLB fallback,https://forecast.weather.gov/MapClick.php?lat=39.0979&lon=-84.5082,56,3,88,Great American Ball Park,,,,,,,,,,,
80,686527,Dominic Canzone,SEA,ATH,2026-09-05T02:10:00Z,Scheduled,2,Kade Morris,695034,R,53.3,Longshot,Watch List,"Projected Lineup, Strong Barrel, Premium Lineup Spot, Platoon Edge",55.8,23.6,39.4,95.5,80.0,54.9,50.0,,No,No,2,Yes,Yes,RotoWire projected lineup; MLB probable pitchers,lineup projected / unconfirmed,H:2026/2025 P:2026,,,Direct BvP not yet weighted; 2026/2025 Statcast baseline active,7,7,29,2,Hot streak: 2 HR in last 7 games,"platoon edge; pitcher baseline 5.3% barrel, 4.0 HR allowed",neutral batted-ball profile; pitcher fly-ball pressure modest,13.03,46.41,91.46,102.6474,0.5022,0.2269,0.3634,74.08,41.78,39.97,26.3,18.0,0.2153,5.3,43.9,87.7,0.359,0.096,21.1,303 deg,Open-Meteo forecast; MLB fallback,https://forecast.weather.gov/MapClick.php?lat=47.5914&lon=-122.3325,62,12,65,T-Mobile Park,,,,,,,,,,,
81,663728,Cal Raleigh,SEA,ATH,2026-09-05T02:10:00Z,Scheduled,4,Kade Morris,695034,R,53.1,Longshot,Watch List,"Projected Lineup, Strong Barrel, Premium Lineup Spot, Platoon Edge",59.6,23.2,39.4,90.4,75.0,52.0,50.0,,No,No,4,Yes,Yes,RotoWire projected lineup; MLB probable pitchers,lineup projected / unconfirmed,H:2026/2025 P:2026,,,Direct BvP not yet weighted; 2026/2025 Statcast baseline active,7,6,27,2,Hot streak: 2 HR in last 7 games,"switch hitter; pitcher baseline 5.3% barrel, 4.0 HR allowed",fly-ball profile; pitcher fly-ball pressure modest,16.0,42.18,90.25,101.1355,0.4364,0.239,0.3262,75.06,52.46,54.43,42.43,32.0,0.2328,5.3,43.9,87.7,0.359,0.096,21.1,303 deg,Open-Meteo forecast; MLB fallback,https://forecast.weather.gov/MapClick.php?lat=47.5914&lon=-122.3325,62,12,65,T-Mobile Park,,,,,,,,,,,
82,547180,Bryce Harper,PHI,STL,2026-09-04T22:40:00Z,Pre-Game,3,Chris Sale,519242,L,53.0,Longshot,Watch List,"Strong Barrel, Premium Lineup Spot",52.2,21.1,57.8,96.6,50.0,63.3,62.9,83.0,Yes,Yes,3,Yes,No,MLB Stats API; RotoWire,,H:2026/2025 P:2026/2025,,,Direct BvP not yet weighted; 2026/2025 Statcast baseline active,7,12,26,1,Contact streak: 12/26 over last 7 games,"same-side matchup; pitcher baseline 5.6% barrel, 8.9 HR allowed",neutral batted-ball profile; pitcher fly-ball pressure modest,11.53,45.4,90.67,101.8836,0.5004,0.2254,0.3862,74.1,44.8,37.77,27.38,27.0,0.2316,5.6,34.42,87.55,0.3242,0.1073,26.04,R To L,Open-Meteo forecast; MLB fallback,https://forecast.weather.gov/MapClick.php?lat=39.9061&lon=-75.1665,80,5,80,Citizens Bank Park,,16.5,0.424,93,13,118,0,6,4.88,2,Elite hitter/sheet power; pitcher split less targetable
83,683737,Michael Busch,CHC,MIA,2026-09-04T23:10:00Z,Pre-Game,3,Janson Junk,676083,R,52.7,Longshot,Watch List,"Strong Barrel, Premium Lineup Spot, Platoon Edge",44.4,42.4,42.0,96.6,80.0,18.3,50.0,,Yes,Yes,3,Yes,No,MLB Stats API; RotoWire,,H:2026/2025 P:2026/2025,,,Direct BvP not yet weighted; 2026/2025 Statcast baseline active,7,3,30,1,"Last 7 games: 3/30, 1 HR","platoon edge; pitcher baseline 7.6% barrel, 10.8 HR allowed",fly-ball profile; pitcher fly-ball pressure modest,11.43,42.05,89.54,99.6974,0.4402,0.202,0.3416,68.97,5.85,39.86,35.04,22.1,0.1843,7.59,41.91,90.55,0.4236,0.1592,23.01,None,Open-Meteo forecast; MLB fallback,https://forecast.weather.gov/MapClick.php?lat=25.7781&lon=-80.2197,87,20,82,loanDepot park,,,,,,,,,,,
84,693307,Dillon Dingler,DET,CLE,2026-09-04T23:15:00Z,Scheduled,4,Foster Griffin,656492,L,52.5,Longshot,Watch List,"Projected Lineup, Premium Lineup Spot, Platoon Edge",43.1,44.9,51.1,90.4,78.0,6.0,50.0,,No,No,4,Yes,Yes,RotoWire projected lineup; MLB probable pitchers,lineup projected / unconfirmed,H:2026/2025 P:2026,,,Direct BvP not yet weighted; 2026/2025 Statcast baseline active,7,4,25,0,"Last 7 games: 4/25, 0 HR","platoon edge; pitcher baseline 9.3% barrel, 23.0 HR allowed",neutral batted-ball profile; pitcher fly-ball pressure modest,9.97,43.46,88.95,100.6164,0.4713,0.1997,0.3483,71.77,15.62,40.66,28.57,22.1,0.1967,9.3,38.1,88.3,0.418,0.165,26.8,120 deg,Open-Meteo forecast; MLB fallback,https://forecast.weather.gov/MapClick.php?lat=41.4962&lon=-81.6852,99,77,70,Progressive Field,,,,,,,,,,,
85,695578,James Wood,WSH,LAD,2026-09-05T02:10:00Z,Scheduled,1,Blake Snell,605483,L,52.3,Longshot,Watch List,"Projected Lineup, Elite Power, Strong Barrel, Premium Lineup Spot",81.4,0.4,53.6,88.7,50.0,12.0,50.0,,No,No,1,Yes,Yes,RotoWire projected lineup; MLB probable pitchers,lineup projected / unconfirmed,H:2026/2025 P:2026/2025,,,Direct BvP not yet weighted; 2026/2025 Statcast baseline active,7,5,25,0,"Last 7 games: 5/25, 0 HR","same-side matchup; pitcher baseline 2.9% barrel, 0.9 HR allowed",EV profile; pitcher fly-ball pressure modest,19.34,57.56,94.93,106.1696,0.556,0.2848,0.4009,76.7,67.2,31.73,25.64,30.3,0.2533,2.93,17.2,82.63,0.2394,0.0567,20.56,252 deg,Open-Meteo forecast; MLB fallback,https://forecast.weather.gov/MapClick.php?lat=34.0739&lon=-118.2400,56,0,79,UNIQLO Field at Dodger Stadium,,,,,,,,,,,
86,662139,Daulton Varsho,HOU,AZ,2026-09-05T00:10:00Z,Pre-Game,5,Merrill Kelly,518876,R,52.2,Longshot,Watch List,Platoon Edge,35.2,63.1,41.1,86.4,80.0,0.0,50.0,,Yes,Yes,5,Yes,No,MLB Stats API; RotoWire,,H:2026/2025 P:2026/2025,,,Direct BvP not yet weighted; 2026/2025 Statcast baseline active,7,3,26,0,"Last 7 games: 3/26, 0 HR","platoon edge; pitcher baseline 11.3% barrel, 25.1 HR allowed",neutral batted-ball profile; pitcher fly-ball pressure modest,9.32,38.13,87.66,99.4828,0.3967,0.1655,0.2997,73.71,36.18,41.43,31.06,13.0,0.1868,11.26,43.15,90.2,0.5045,0.2195,26.57,None,NOAA link only,https://forecast.weather.gov/MapClick.php?lat=29.7573&lon=-95.3555,,,72,Daikin Park,,,,,,,,,,,
87,663757,Trent Grisham,NYY,SD,2026-09-05T01:40:00Z,Pre-Game,1,Walker Buehler,621111,R,52.2,Longshot,Watch List,"Projected Lineup, Strong Barrel, Premium Lineup Spot, Platoon Edge",47.4,41.9,46.6,88.7,80.0,0.0,50.0,,No,No,1,Yes,Yes,RotoWire projected lineup; MLB probable pitchers,lineup projected / unconfirmed,H:2026/2025 P:2026/2025,,,Direct BvP not yet weighted; 2026/2025 Statcast baseline active,7,2,22,0,"Last 7 games: 2/22, 0 HR","platoon edge; pitcher baseline 8.6% barrel, 18.5 HR allowed",neutral batted-ball profile; pitcher fly-ball pressure modest,10.98,45.63,90.75,100.7514,0.4497,0.2038,0.3469,70.79,9.51,45.42,31.05,22.8,0.1975,8.59,38.08,88.88,0.4115,0.1603,23.16,L To R,Open-Meteo forecast; MLB fallback,https://forecast.weather.gov/MapClick.php?lat=32.7073&lon=-117.1573,69,0,75,Petco Park,,,,,,,,,,,
88,701678,Hao-Yu Lee,DET,CLE,2026-09-04T23:15:00Z,Scheduled,3,Foster Griffin,656492,L,52.0,Longshot,Watch List,"Projected Lineup, Premium Lineup Spot, Platoon Edge",36.6,44.9,51.1,92.1,78.0,30.3,50.0,,No,No,3,Yes,Yes,RotoWire projected lineup; MLB probable pitchers,lineup projected / unconfirmed,H:2026 P:2026,,,Direct BvP not yet weighted; 2026/2025 Statcast baseline active,7,5,25,1,"Last 7 games: 5/25, 1 HR","platoon edge; pitcher baseline 9.3% barrel, 23.0 HR allowed",neutral batted-ball profile; pitcher fly-ball pressure modest,8.9,41.1,89.7,100.3751,0.408,0.167,0.304,71.6,22.3,28.1,26.0,8.0,0.154,9.3,38.1,88.3,0.418,0.165,26.8,120 deg,Open-Meteo forecast; MLB fallback,https://forecast.weather.gov/MapClick.php?lat=41.4962&lon=-81.6852,99,77,70,Progressive Field,,,,,,,,,,,
89,679529,Spencer Torkelson,DET,CLE,2026-09-04T23:15:00Z,Scheduled,7,Foster Griffin,656492,L,51.9,Longshot,Watch List,"Projected Lineup, Strong Barrel, Platoon Edge",47.8,44.9,51.1,59.8,78.0,50.2,50.0,,No,No,7,Yes,Yes,RotoWire projected lineup; MLB probable pitchers,lineup projected / unconfirmed,H:2026/2025 P:2026,,,Direct BvP not yet weighted; 2026/2025 Statcast baseline active,7,4,19,2,Hot streak: 2 HR in last 7 games,"platoon edge; pitcher baseline 9.3% barrel, 23.0 HR allowed",fly-ball profile; pitcher fly-ball pressure modest,12.73,42.23,89.57,100.1074,0.414,0.1971,0.3179,73.07,26.09,47.42,35.69,24.0,0.1964,9.3,38.1,88.3,0.418,0.165,26.8,120 deg,Open-Meteo forecast; MLB fallback,https://forecast.weather.gov/MapClick.php?lat=41.4962&lon=-81.6852,99,77,70,Progressive Field,,,,,,,,,,,
90,672640,Otto Lopez,MIA,CHC,2026-09-04T23:10:00Z,Pre-Game,2,Shota Imanaga,684007,L,51.9,Longshot,Watch List,"Premium Lineup Spot, Platoon Edge",30.1,53.7,42.0,100.0,78.0,31.4,50.0,,Yes,Yes,2,Yes,No,MLB Stats API; RotoWire,,H:2026/2025 P:2026/2025,,,Direct BvP not yet weighted; 2026/2025 Statcast baseline active,7,6,29,1,"Last 7 games: 6/29, 1 HR","platoon edge; pitcher baseline 10.3% barrel, 32.4 HR allowed",neutral batted-ball profile; pitcher allows elevated contact,6.47,40.26,88.92,100.1652,0.4242,0.1475,0.3251,71.7,22.53,33.14,22.36,11.5,0.1339,10.34,38.32,89.23,0.4256,0.1926,35.3,None,Open-Meteo forecast; MLB fallback,https://forecast.weather.gov/MapClick.php?lat=25.7781&lon=-80.2197,87,20,82,loanDepot park,,,,,,,,,,,
91,695336,Thomas Saggese,STL,COL,2026-09-05T00:40:00Z,Pre-Game,9,Ryan Feltner,663372,R,51.9,Longshot,Watch List,"Projected Lineup, Strong Barrel, Good Environment, Hot Hitter/Streak",38.7,43.9,90.2,40.2,50.0,100.0,50.0,,No,No,9,Yes,Yes,RotoWire projected lineup; MLB probable pitchers,lineup projected / unconfirmed,H:2026/2025 P:2026/2025,,,Direct BvP not yet weighted; 2026/2025 Statcast baseline active,7,10,19,3,Hot streak: 3 HR in last 7 games,"same-side matchup; pitcher baseline 8.6% barrel, 14.5 HR allowed",neutral batted-ball profile; pitcher fly-ball pressure modest,10.57,39.9,89.08,100.1667,0.4105,0.1775,0.3027,71.48,17.76,34.31,26.76,3.4,0.1484,8.58,36.75,88.04,0.4407,0.1877,28.74,Out To LF,Open-Meteo forecast; MLB fallback,https://forecast.weather.gov/MapClick.php?lat=39.7559&lon=-104.9942,16,0,91,Coors Field,,,,,,,,,,,
92,665489,Vladimir Guerrero,TOR,BOS,2026-09-05T00:10:00Z,Pre-Game,3,Daniel Lynch IV,663738,L,51.8,Longshot,Watch List,"Projected Lineup, Good Environment, Premium Lineup Spot, Platoon Edge",39.7,35.0,71.2,92.1,78.0,34.9,12.1,48.0,No,No,3,Yes,Yes,RotoWire projected lineup; MLB probable pitchers,lineup projected / unconfirmed,H:2026/2025 P:2026/2025,,,Direct BvP not yet weighted; 2026/2025 Statcast baseline active,7,6,26,1,"Last 7 games: 6/26, 1 HR","platoon edge; pitcher baseline 7.0% barrel, 5.9 HR allowed",neutral batted-ball profile; pitcher fly-ball pressure modest,8.42,45.45,90.74,103.1006,0.4325,0.1451,0.3476,76.42,63.33,35.11,19.38,12.5,0.1204,7.05,39.14,88.6,0.4021,0.1557,25.84,Out To LF,Open-Meteo forecast; MLB fallback,https://forecast.weather.gov/MapClick.php?lat=39.0517&lon=-94.4803,41,0,94,Kauffman Stadium,,0,0,0,0,0,0,22,3.16,4,EV note only
93,800050,Chase DeLauter,CLE,DET,2026-09-04T18:10:00Z,In Progress,2,Keider Montero,672456,R,51.5,Longshot,Watch List,"Premium Lineup Spot, Platoon Edge",34.3,38.2,51.1,100.0,80.0,40.9,50.0,,Yes,No,2,Yes,Yes,MLB Stats API; RotoWire,RotoWire not confirmed,H:2026 P:2026/2025,,,Direct BvP not yet weighted; 2026/2025 Statcast baseline active,7,11,28,0,Contact streak: 11/28 over last 7 games,"platoon edge; pitcher baseline 7.6% barrel, 14.6 HR allowed",neutral batted-ball profile; pitcher fly-ball pressure modest,6.2,45.5,91.3,101.326,0.424,0.148,0.343,71.4,17.7,37.3,19.5,13.0,0.162,7.57,37.65,88.68,0.3998,0.1622,25.98,L To R,Open-Meteo forecast; MLB fallback,https://forecast.weather.gov/MapClick.php?lat=41.4962&lon=-81.6852,99,77,70,Progressive Field,,,,,,,,,,,
94,665161,Jeremy Peña,HOU,AZ,2026-09-05T00:10:00Z,Pre-Game,1,Merrill Kelly,518876,R,51.3,Longshot,Watch List,Premium Lineup Spot,31.7,63.1,41.1,93.2,50.0,33.7,50.0,,Yes,Yes,1,Yes,No,MLB Stats API; RotoWire,,H:2026/2025 P:2026/2025,,,Direct BvP not yet weighted; 2026/2025 Statcast baseline active,7,6,27,1,"Last 7 games: 6/27, 1 HR","same-side matchup; pitcher baseline 11.3% barrel, 25.1 HR allowed",neutral batted-ball profile; pitcher fly-ball pressure modest,7.01,40.24,88.55,99.858,0.4278,0.1536,0.3319,72.23,14.62,46.27,24.36,17.0,0.1856,11.26,43.15,90.2,0.5045,0.2195,26.57,None,NOAA link only,https://forecast.weather.gov/MapClick.php?lat=29.7573&lon=-95.3555,,,72,Daikin Park,,,,,,,,,,,
95,650490,Yandy Diaz,TB,TEX,2026-09-05T00:05:00Z,Pre-Game,1,Trevor Williams,592866,R,51.2,Longshot,Watch List,"Projected Lineup, Premium Lineup Spot, Hot Hitter/Streak",41.8,31.0,61.6,88.7,50.0,70.4,50.0,,No,No,1,Yes,Yes,RotoWire projected lineup; MLB probable pitchers,lineup projected / unconfirmed,H:2026/2025 P:2026/2025,,,Direct BvP not yet weighted; 2026/2025 Statcast baseline active,7,10,29,2,Hot streak: 2 HR in last 7 games,"same-side matchup; pitcher baseline 8.3% barrel, 5.4 HR allowed",neutral batted-ball profile; pitcher fly-ball pressure modest,7.6,49.28,91.6,103.2167,0.453,0.167,0.3547,73.57,37.65,23.39,19.44,22.2,0.1701,8.29,35.1,87.69,0.3699,0.1244,26.3,None,Open-Meteo forecast; MLB fallback,https://forecast.weather.gov/MapClick.php?lat=32.7473&lon=-97.0842,56,5,89,Globe Life Field,,,,,,,,,,,
96,680869,Zack Gelof,ATH,SEA,2026-09-05T02:10:00Z,Scheduled,3,Logan Gilbert,669302,R,51.1,Longshot,Watch List,"Projected Lineup, Premium Lineup Spot",39.0,47.6,39.4,92.1,50.0,63.1,50.0,,No,No,3,Yes,Yes,RotoWire projected lineup; MLB probable pitchers,lineup projected / unconfirmed,H:2026/2025 P:2026/2025,,,Direct BvP not yet weighted; 2026/2025 Statcast baseline active,7,8,27,2,Hot streak: 2 HR in last 7 games,"same-side matchup; pitcher baseline 9.4% barrel, 21.4 HR allowed",neutral batted-ball profile; pitcher fly-ball pressure modest,9.91,44.05,88.8,99.7357,0.3739,0.1704,0.2813,73.29,27.78,39.11,28.29,11.8,0.1722,9.44,41.21,89.96,0.3831,0.1589,28.54,303 deg,Open-Meteo forecast; MLB fallback,https://forecast.weather.gov/MapClick.php?lat=47.5914&lon=-122.3325,62,12,65,T-Mobile Park,,,,,,,,,,,
97,686797,Brooks Lee,MIN,CWS,2026-09-04T23:40:00Z,Pre-Game,2,Erick Fedde,607200,R,51.0,Longshot,Watch List,"Premium Lineup Spot, Platoon Edge",20.4,45.1,62.5,100.0,75.0,62.2,50.0,,Yes,Yes,2,Yes,No,MLB Stats API; RotoWire,,H:2026/2025 P:2026/2025,,,Direct BvP not yet weighted; 2026/2025 Statcast baseline active,7,9,31,2,Hot streak: 2 HR in last 7 games,"switch hitter; pitcher baseline 8.0% barrel, 21.1 HR allowed",neutral batted-ball profile; pitcher fly-ball pressure modest,4.4,34.86,88.25,97.6415,0.3516,0.1232,0.2778,69.92,8.77,41.78,29.35,20.2,0.1697,8.04,40.29,89.01,0.4449,0.1832,28.77,Out To LF,Open-Meteo forecast; MLB fallback,https://forecast.weather.gov/MapClick.php?lat=41.8300&lon=-87.6338,82,7,76,Rate Field,,,,,,,,,,,
98,669257,Will Smith,LAD,WSH,2026-09-05T02:10:00Z,Scheduled,5,Jackson Kent,800600,L,51.0,Longshot,Watch List,"Projected Lineup, Strong Barrel, Platoon Edge",51.8,30.7,53.6,81.9,78.0,2.5,50.0,,No,No,5,Yes,Yes,RotoWire projected lineup; MLB probable pitchers,lineup projected / unconfirmed,H:2026/2025 P:2026,,,Direct BvP not yet weighted; 2026/2025 Statcast baseline active,7,3,22,0,"Last 7 games: 3/22, 0 HR","platoon edge; pitcher baseline 7.1% barrel, 1.0 HR allowed",fly-ball profile; pitcher fly-ball pressure modest,12.55,42.62,90.53,100.3773,0.4939,0.2228,0.3808,69.91,7.08,30.32,38.52,9.3,0.1527,7.1,42.9,86.8,0.399,0.147,16.1,252 deg,Open-Meteo forecast; MLB fallback,https://forecast.weather.gov/MapClick.php?lat=34.0739&lon=-118.2400,56,0,79,UNIQLO Field at Dodger Stadium,,,,,,,,,,,
99,681508,Mickey Gasper,BOS,BAL,2026-09-04T23:05:00Z,Pre-Game,2,Shane Baz,669358,R,50.9,Longshot,Watch List,"Premium Lineup Spot, Platoon Edge",30.2,37.5,54.6,100.0,75.0,56.2,50.0,,Yes,Yes,2,Yes,No,MLB Stats API; RotoWire,,H:2026/2025 P:2026/2025,,,Direct BvP not yet weighted; 2026/2025 Statcast baseline active,7,5,20,2,Hot streak: 2 HR in last 7 games,"switch hitter; pitcher baseline 7.3% barrel, 15.5 HR allowed",neutral batted-ball profile; pitcher fly-ball pressure modest,7.25,35.54,88.43,98.6368,0.3943,0.1573,0.3249,71.58,12.35,40.31,31.55,5.5,0.1734,7.33,40.94,89.84,0.3874,0.1434,25.22,L To R,Open-Meteo forecast; MLB fallback,https://forecast.weather.gov/MapClick.php?lat=39.2840&lon=-76.6217,64,0,86,Oriole Park at Camden Yards,,,,,,,,,,,
100,667472,Dane Myers,CIN,MIL,2026-09-04T22:10:00Z,Pre-Game,1,Shane Drohan,675660,L,50.8,Longshot,Watch List,"Good Environment, Premium Lineup Spot, Platoon Edge",25.7,33.9,77.3,93.2,78.0,48.3,50.0,,Yes,Yes,1,Yes,No,MLB Stats API; RotoWire,,H:2026/2025 P:2026,,,Direct BvP not yet weighted; 2026/2025 Statcast baseline active,7,8,25,1,Contact streak: 8/25 over last 7 games,"platoon edge; pitcher baseline 8.0% barrel, 10.0 HR allowed",neutral batted-ball profile; pitcher fly-ball pressure modest,5.56,37.38,89.65,99.0954,0.3698,0.1288,0.3106,71.11,18.61,26.81,25.24,6.0,0.105,8.0,37.6,88.1,0.36,0.132,28.3,Out To LF,Open-Meteo forecast; MLB fallback,https://forecast.weather.gov/MapClick.php?lat=39.0979&lon=-84.5082,56,3,88,Great American Ball Park,,,,,,,,,,,
101,668939,Adley Rutschman,BOS,BAL,2026-09-04T23:05:00Z,Pre-Game,3,Shane Baz,669358,R,50.8,Longshot,Watch List,"Premium Lineup Spot, Platoon Edge",32.9,37.5,54.6,96.6,75.0,47.5,50.0,,Yes,Yes,3,Yes,No,MLB Stats API; RotoWire,,H:2026/2025 P:2026/2025,,,Direct BvP not yet weighted; 2026/2025 Statcast baseline active,7,5,26,2,Hot streak: 2 HR in last 7 games,"switch hitter; pitcher baseline 7.3% barrel, 15.5 HR allowed",neutral batted-ball profile; pitcher fly-ball pressure modest,7.22,40.0,88.91,99.3502,0.4226,0.1648,0.3362,70.35,11.79,39.03,29.08,10.4,0.1705,7.33,40.94,89.84,0.3874,0.1434,25.22,L To R,Open-Meteo forecast; MLB fallback,https://forecast.weather.gov/MapClick.php?lat=39.2840&lon=-76.6217,64,0,86,Oriole Park at Camden Yards,,,,,,,,,,,
102,687952,Christian Encarnacion-Strand,BAL,BOS,2026-09-04T23:05:00Z,Pre-Game,6,Ranger Suarez,624133,L,50.8,Longshot,Watch List,"Strong Barrel, Platoon Edge",56.6,19.0,54.6,76.2,78.0,37.8,50.0,,Yes,Yes,6,Yes,No,MLB Stats API; RotoWire,,H:2026/2025 P:2026/2025,,,Direct BvP not yet weighted; 2026/2025 Statcast baseline active,7,5,20,1,"Last 7 games: 5/20, 1 HR","platoon edge; pitcher baseline 5.2% barrel, 9.8 HR allowed",neutral batted-ball profile; pitcher fly-ball pressure modest,14.46,41.97,90.7,101.7925,0.4855,0.2451,0.3231,73.81,37.95,45.04,30.35,7.4,0.218,5.22,32.43,86.57,0.3545,0.1124,23.54,L To R,Open-Meteo forecast; MLB fallback,https://forecast.weather.gov/MapClick.php?lat=39.2840&lon=-76.6217,64,0,86,Oriole Park at Camden Yards,,,,,,,,,,,
103,666211,Taylor Trammell,HOU,AZ,2026-09-05T00:10:00Z,Pre-Game,7,Merrill Kelly,518876,R,50.8,Longshot,Watch List,"Strong Barrel, Platoon Edge",38.8,63.1,41.1,64.3,80.0,12.0,50.0,,Yes,Yes,7,Yes,No,MLB Stats API; RotoWire,,H:2026/2025 P:2026/2025,,,Direct BvP not yet weighted; 2026/2025 Statcast baseline active,7,3,15,0,"Last 7 games: 3/15, 0 HR","platoon edge; pitcher baseline 11.3% barrel, 25.1 HR allowed",neutral batted-ball profile; pitcher fly-ball pressure modest,10.81,38.06,89.11,100.7477,0.356,0.1655,0.2843,75.86,59.55,44.86,28.9,5.8,0.15,11.26,43.15,90.2,0.5045,0.2195,26.57,None,NOAA link only,https://forecast.weather.gov/MapClick.php?lat=29.7573&lon=-95.3555,,,72,Daikin Park,,,,,,,,,,,
104,691728,Zac Veen,COL,STL,2026-09-05T00:40:00Z,Pre-Game,9,Andre Pallante,669467,R,50.8,Longshot,Watch List,"Strong Barrel, Good Environment, Platoon Edge",47.7,26.5,90.2,44.8,80.0,42.0,50.0,,Yes,Yes,9,Yes,No,MLB Stats API; RotoWire,,H:2026/2025 P:2026/2025,,,Direct BvP not yet weighted; 2026/2025 Statcast baseline active,7,4,10,0,Contact streak: 4/10 over last 7 games,"platoon edge; pitcher baseline 5.7% barrel, 13.3 HR allowed",fly-ball profile; pitcher fly-ball pressure modest,12.56,42.18,90.48,102.2679,0.366,0.1914,0.2809,71.84,22.17,50.32,43.68,1.7,0.2409,5.69,36.12,87.94,0.3824,0.13,17.75,Out To LF,Open-Meteo forecast; MLB fallback,https://forecast.weather.gov/MapClick.php?lat=39.7559&lon=-104.9942,16,0,91,Coors Field,,,,,,,,,,,
105,665487,Fernando Tatis Jr.,SD,NYY,2026-09-05T01:40:00Z,Pre-Game,1,Max Fried,608331,L,50.8,Longshot,Watch List,"Strong Barrel, Premium Lineup Spot, Platoon Edge",56.5,9.9,46.6,93.2,78.0,52.5,50.0,,Yes,Yes,1,Yes,No,MLB Stats API; RotoWire,,H:2026/2025 P:2026/2025,,,Direct BvP not yet weighted; 2026/2025 Statcast baseline active,7,7,31,2,Hot streak: 2 HR in last 7 games,"platoon edge; pitcher baseline 3.3% barrel, 6.3 HR allowed",EV profile; pitcher fly-ball pressure modest,12.12,53.27,92.95,104.5193,0.4845,0.1974,0.3714,75.58,57.84,35.29,21.87,20.8,0.1689,3.26,32.72,86.36,0.2905,0.0823,22.81,L To R,Open-Meteo forecast; MLB fallback,https://forecast.weather.gov/MapClick.php?lat=32.7073&lon=-117.1573,69,0,75,Petco Park,,,,,,,,,,,
106,671732,Lawrence Butler,ATH,SEA,2026-09-05T02:10:00Z,Scheduled,4,Logan Gilbert,669302,R,50.5,Longshot,Watch List,"Projected Lineup, Premium Lineup Spot, Platoon Edge",35.8,47.6,39.4,90.4,80.0,28.2,50.0,,No,No,4,Yes,Yes,RotoWire projected lineup; MLB probable pitchers,lineup projected / unconfirmed,H:2026/2025 P:2026/2025,,,Direct BvP not yet weighted; 2026/2025 Statcast baseline active,7,8,26,0,"Last 7 games: 8/26, 0 HR","platoon edge; pitcher baseline 9.4% barrel, 21.4 HR allowed",neutral batted-ball profile; pitcher fly-ball pressure modest,8.08,46.01,90.01,101.9543,0.3821,0.1444,0.3162,73.63,37.53,34.4,21.44,14.7,0.1476,9.44,41.21,89.96,0.3831,0.1589,28.54,303 deg,Open-Meteo forecast; MLB fallback,https://forecast.weather.gov/MapClick.php?lat=47.5914&lon=-122.3325,62,12,65,T-Mobile Park,,,,,,,,,,,
107,694208,Moisés Ballesteros,LAA,PIT,2026-09-04T22:45:00Z,Pre-Game,5,Jared Jones,683003,R,50.4,Longshot,Watch List,Platoon Edge,33.0,42.0,60.3,86.4,80.0,22.6,50.0,,Yes,Yes,5,Yes,No,MLB Stats API; RotoWire,,H:2026/2025 P:2026,,,Direct BvP not yet weighted; 2026/2025 Statcast baseline active,7,4,27,1,"Last 7 games: 4/27, 1 HR","platoon edge; pitcher baseline 8.0% barrel, 12.0 HR allowed",neutral batted-ball profile; pitcher fly-ball pressure modest,8.24,42.05,90.01,100.7235,0.3769,0.1394,0.3032,72.43,30.84,33.8,20.79,5.5,0.1347,8.0,40.0,89.9,0.392,0.167,27.5,Out To CF,Open-Meteo forecast; MLB fallback,https://forecast.weather.gov/MapClick.php?lat=40.4469&lon=-80.0057,91,68,70,PNC Park,,,,,,,,,,,
108,650402,Gleyber Torres,DET,CLE,2026-09-04T18:10:00Z,In Progress,1,Logan Allen,671106,L,50.3,Longshot,Watch List,"Premium Lineup Spot, Platoon Edge",25.6,50.6,51.1,93.2,78.0,36.5,50.0,,Yes,No,1,Yes,Yes,MLB Stats API; RotoWire,RotoWire not confirmed,H:2026/2025 P:2026/2025,,,Direct BvP not yet weighted; 2026/2025 Statcast baseline active,7,8,22,0,Contact streak: 8/22 over last 7 games,"platoon edge; pitcher baseline 10.5% barrel, 7.5 HR allowed",neutral batted-ball profile; pitcher allows elevated contact,7.22,35.01,87.55,97.8622,0.3997,0.144,0.3371,68.77,6.03,27.04,27.52,10.4,0.1233,10.5,41.7,89.16,0.4035,0.1775,35.96,L To R,Open-Meteo forecast; MLB fallback,https://forecast.weather.gov/MapClick.php?lat=41.4962&lon=-81.6852,99,77,70,Progressive Field,,,,,,,,,,,
109,669394,Jake Burger,TEX,TB,2026-09-05T00:05:00Z,Pre-Game,6,Nick Martinez,607259,R,50.3,Longshot,Watch List,Strong Barrel,50.8,35.6,61.6,76.2,50.0,10.8,50.0,,Yes,Yes,6,Yes,No,MLB Stats API; RotoWire,,H:2026/2025 P:2026/2025,,,Direct BvP not yet weighted; 2026/2025 Statcast baseline active,7,5,26,0,"Last 7 games: 5/26, 0 HR","same-side matchup; pitcher baseline 7.0% barrel, 19.2 HR allowed",neutral batted-ball profile; pitcher fly-ball pressure modest,12.29,47.52,90.26,102.8425,0.4346,0.1984,0.3135,75.44,58.28,41.32,28.18,20.9,0.1851,7.0,33.8,87.46,0.4233,0.1537,28.82,None,Open-Meteo forecast; MLB fallback,https://forecast.weather.gov/MapClick.php?lat=32.7473&lon=-97.0842,56,5,89,Globe Life Field,,,,,,,,,,,
110,572233,Christian Walker,HOU,AZ,2026-09-05T00:10:00Z,Pre-Game,6,Merrill Kelly,518876,R,50.2,Longshot,Watch List,Strong Barrel,40.9,63.1,41.1,76.2,50.0,0.8,50.0,,Yes,Yes,6,Yes,No,MLB Stats API; RotoWire,,H:2026/2025 P:2026/2025,,,Direct BvP not yet weighted; 2026/2025 Statcast baseline active,7,3,24,0,"Last 7 games: 3/24, 0 HR","same-side matchup; pitcher baseline 11.3% barrel, 25.1 HR allowed",neutral batted-ball profile; pitcher fly-ball pressure modest,10.1,42.53,89.71,101.4915,0.3986,0.1708,0.3049,74.31,43.48,41.71,27.72,24.9,0.1935,11.26,43.15,90.2,0.5045,0.2195,26.57,None,NOAA link only,https://forecast.weather.gov/MapClick.php?lat=29.7573&lon=-95.3555,,,72,Daikin Park,,,,,,,,,,,
111,664023,Ian Happ,CHC,MIA,2026-09-04T23:10:00Z,Pre-Game,5,Janson Junk,676083,R,49.9,Longshot,Watch List,"Strong Barrel, Platoon Edge",43.2,41.2,42.0,86.4,75.0,10.6,50.0,,Yes,Yes,5,Yes,No,MLB Stats API; RotoWire,,H:2026/2025 P:2026/2025,,,Direct BvP not yet weighted; 2026/2025 Statcast baseline active,7,4,21,0,"Last 7 games: 4/21, 0 HR","switch hitter; pitcher baseline 7.6% barrel, 10.8 HR allowed",neutral batted-ball profile; pitcher fly-ball pressure modest,11.03,42.23,89.37,100.6697,0.4129,0.1937,0.3239,71.81,18.36,44.4,31.83,23.0,0.1917,7.59,41.91,90.55,0.4236,0.1592,23.01,None,Open-Meteo forecast; MLB fallback,https://forecast.weather.gov/MapClick.php?lat=25.7781&lon=-80.2197,87,20,82,loanDepot park,,,,,,,,,,,
112,663616,Trevor Larnach,MIN,BAL,2026-09-04T23:40:00Z,Pre-Game,6,Erick Fedde,607200,R,49.9,Longshot,Watch List,Platoon Edge,30.7,47.0,62.5,76.2,80.0,52.5,21.7,54.0,Yes,Yes,6,Yes,No,MLB Stats API; RotoWire,,H:2026/2025 P:2026/2025,,,Direct BvP not yet weighted; 2026/2025 Statcast baseline active,7,8,23,1,Contact streak: 8/23 over last 7 games,"platoon edge; pitcher baseline 8.0% barrel, 21.1 HR allowed",neutral batted-ball profile; pitcher fly-ball pressure modest,7.41,40.1,88.73,99.848,0.4002,0.1425,0.3271,72.17,22.9,42.97,24.26,12.8,0.1561,8.04,40.29,89.01,0.4449,0.1832,28.77,Out To LF,Open-Meteo forecast; MLB fallback,https://forecast.weather.gov/MapClick.php?lat=41.8300&lon=-87.6338,82,7,76,Rate Field,,10.0,0.286,79,2,21,50,-4,2.56,1,PA% and ISO but EV/pitcher split concern
113,672386,Alejandro Kirk,TOR,KC,2026-09-05T00:10:00Z,Pre-Game,4,Daniel Lynch IV,663738,L,49.9,Longshot,Watch List,"Projected Lineup, Good Environment, Premium Lineup Spot, Platoon Edge",29.4,35.0,71.2,90.4,78.0,28.1,50.0,,No,No,4,Yes,Yes,RotoWire projected lineup; MLB probable pitchers,lineup projected / unconfirmed,H:2026/2025 P:2026/2025,,,Direct BvP not yet weighted; 2026/2025 Statcast baseline active,7,5,27,1,"Last 7 games: 5/27, 1 HR","platoon edge; pitcher baseline 7.0% barrel, 5.9 HR allowed",neutral batted-ball profile; pitcher fly-ball pressure modest,5.62,44.01,89.35,100.4621,0.4009,0.1358,0.3205,71.87,19.93,25.72,21.62,10.1,0.1376,7.05,39.14,88.6,0.4021,0.1557,25.84,Out To LF,Open-Meteo forecast; MLB fallback,https://forecast.weather.gov/MapClick.php?lat=39.0517&lon=-94.4803,41,0,94,Kauffman Stadium,,,,,,,,,,,
114,703607,Henry Bolte,ATH,SEA,2026-09-05T02:10:00Z,Scheduled,1,Logan Gilbert,669302,R,49.9,Longshot,Watch List,"Projected Lineup, Premium Lineup Spot",36.1,47.6,39.4,88.7,50.0,67.1,50.0,,No,No,1,Yes,Yes,RotoWire projected lineup; MLB probable pitchers,lineup projected / unconfirmed,H:2026 P:2026/2025,,,Direct BvP not yet weighted; 2026/2025 Statcast baseline active,7,10,31,2,Hot streak: 2 HR in last 7 games,"same-side matchup; pitcher baseline 9.4% barrel, 21.4 HR allowed",neutral batted-ball profile; pitcher fly-ball pressure modest,7.2,48.1,91.0,104.3877,0.368,0.121,0.312,77.0,72.5,32.6,15.7,8.0,0.113,9.44,41.21,89.96,0.3831,0.1589,28.54,303 deg,Open-Meteo forecast; MLB fallback,https://forecast.weather.gov/MapClick.php?lat=47.5914&lon=-122.3325,62,12,65,T-Mobile Park,,,,,,,,,,,
115,805808,Kevin McGonigle,DET,CLE,2026-09-04T18:10:00Z,In Progress,2,Logan Allen,671106,L,49.7,Longshot,Watch List,Premium Lineup Spot,32.8,50.6,51.1,100.0,50.0,4.2,50.0,,Yes,No,2,Yes,Yes,MLB Stats API; RotoWire,RotoWire not confirmed,H:2026 P:2026/2025,,,Direct BvP not yet weighted; 2026/2025 Statcast baseline active,7,4,27,0,"Last 7 games: 4/27, 0 HR","same-side matchup; pitcher baseline 10.5% barrel, 7.5 HR allowed",fly-ball profile; pitcher allows elevated contact,7.1,36.7,88.1,98.2492,0.431,0.171,0.35,71.2,16.0,37.0,36.1,14.0,0.139,10.5,41.7,89.16,0.4035,0.1775,35.96,L To R,Open-Meteo forecast; MLB fallback,https://forecast.weather.gov/MapClick.php?lat=41.4962&lon=-81.6852,99,77,70,Progressive Field,,,,,,,,,,,
116,668709,JJ Bleday,CIN,MIL,2026-09-04T22:10:00Z,Pre-Game,6,Shane Drohan,675660,L,49.6,Longshot,Watch List,Good Environment,38.6,33.9,77.3,76.2,50.0,37.8,50.0,,Yes,Yes,6,Yes,No,MLB Stats API; RotoWire,,H:2026/2025 P:2026,,,Direct BvP not yet weighted; 2026/2025 Statcast baseline active,7,6,24,1,"Last 7 games: 6/24, 1 HR","same-side matchup; pitcher baseline 8.0% barrel, 10.0 HR allowed",neutral batted-ball profile; pitcher fly-ball pressure modest,9.62,39.47,88.56,99.8934,0.4094,0.1781,0.3278,73.07,27.79,46.3,32.85,19.6,0.2081,8.0,37.6,88.1,0.36,0.132,28.3,Out To LF,Open-Meteo forecast; MLB fallback,https://forecast.weather.gov/MapClick.php?lat=39.0979&lon=-84.5082,56,3,88,Great American Ball Park,,,,,,,,,,,
117,668904,Royce Lewis,MIN,CWS,2026-09-04T23:40:00Z,Pre-Game,7,Erick Fedde,607200,R,49.6,Longshot,Watch List,Strong Barrel,41.4,47.0,62.5,64.3,50.0,33.7,50.0,,Yes,Yes,7,Yes,No,MLB Stats API; RotoWire,,H:2026/2025 P:2026/2025,,,Direct BvP not yet weighted; 2026/2025 Statcast baseline active,7,6,27,1,"Last 7 games: 6/27, 1 HR","same-side matchup; pitcher baseline 8.0% barrel, 21.1 HR allowed",neutral batted-ball profile; pitcher fly-ball pressure modest,10.52,40.86,89.8,100.6792,0.407,0.1649,0.3103,74.72,50.31,46.86,29.94,13.7,0.1629,8.04,40.29,89.01,0.4449,0.1832,28.77,Out To LF,Open-Meteo forecast; MLB fallback,https://forecast.weather.gov/MapClick.php?lat=41.8300&lon=-87.6338,82,7,76,Rate Field,,,,,,,,,,,
118,606192,Teoscar Hernandez,LAD,WSH,2026-09-05T02:10:00Z,Scheduled,6,Jackson Kent,800600,L,49.6,Longshot,Watch List,"Projected Lineup, Strong Barrel, Platoon Edge",43.8,30.7,53.6,71.7,78.0,53.9,50.0,,No,No,6,Yes,Yes,RotoWire projected lineup; MLB probable pitchers,lineup projected / unconfirmed,H:2026/2025 P:2026,,,Direct BvP not yet weighted; 2026/2025 Statcast baseline active,7,10,28,1,Contact streak: 10/28 over last 7 games,"platoon edge; pitcher baseline 7.1% barrel, 1.0 HR allowed",neutral batted-ball profile; pitcher fly-ball pressure modest,10.24,45.33,90.2,101.471,0.4294,0.1801,0.3219,72.55,25.69,34.92,28.96,15.9,0.165,7.1,42.9,86.8,0.399,0.147,16.1,252 deg,Open-Meteo forecast; MLB fallback,https://forecast.weather.gov/MapClick.php?lat=34.0739&lon=-118.2400,56,0,79,UNIQLO Field at Dodger Stadium,,,,,,,,,,,
119,800050,Chase DeLauter,CLE,DET,2026-09-04T23:15:00Z,Scheduled,2,Andrew Sears,808825,L,49.5,Longshot,Watch List,"Projected Lineup, Premium Lineup Spot",34.3,42.5,51.1,95.5,50.0,40.9,50.0,,No,No,2,Yes,Yes,RotoWire projected lineup; MLB probable pitchers,lineup projected / unconfirmed,H:2026 P:2026,,,Direct BvP not yet weighted; 2026/2025 Statcast baseline active,7,11,28,0,Contact streak: 11/28 over last 7 games,"same-side matchup; pitcher baseline 8.7% barrel, 1.0 HR allowed",neutral batted-ball profile; pitcher allows elevated contact,6.2,45.5,91.3,101.326,0.424,0.148,0.343,71.4,17.7,37.3,19.5,13.0,0.162,8.7,30.4,89.9,0.445,0.189,34.8,120 deg,Open-Meteo forecast; MLB fallback,https://forecast.weather.gov/MapClick.php?lat=41.4962&lon=-81.6852,99,77,70,Progressive Field,,,,,,,,,,,
120,679845,Nick Loftin,KC,TOR,2026-09-05T00:10:00Z,Pre-Game,6,Jameson Taillon,592791,R,49.5,Longshot,Watch List,Good Environment,16.6,66.1,71.2,76.2,50.0,40.7,50.0,,Yes,Yes,6,Yes,No,MLB Stats API; RotoWire,,H:2026/2025 P:2026/2025,,,Direct BvP not yet weighted; 2026/2025 Statcast baseline active,7,7,26,1,"Last 7 games: 7/26, 1 HR","same-side matchup; pitcher baseline 12.7% barrel, 25.4 HR allowed",neutral batted-ball profile; pitcher allows elevated contact,4.83,29.73,87.43,96.9474,0.3464,0.1172,0.2975,69.05,5.8,43.8,28.85,6.1,0.1518,12.65,38.58,88.72,0.4947,0.2432,36.47,Out To LF,Open-Meteo forecast; MLB fallback,https://forecast.weather.gov/MapClick.php?lat=39.0517&lon=-94.4803,41,0,94,Kauffman Stadium,,,,,,,,,,,
121,518692,Freddie Freeman,LAD,WSH,2026-09-05T02:10:00Z,Scheduled,4,Jackson Kent,800600,L,49.2,Longshot,Watch List,"Projected Lineup, Premium Lineup Spot",41.1,30.7,53.6,90.4,50.0,54.9,50.0,,No,No,4,Yes,Yes,RotoWire projected lineup; MLB probable pitchers,lineup projected / unconfirmed,H:2026/2025 P:2026,,,Direct BvP not yet weighted; 2026/2025 Statcast baseline active,7,8,22,1,Contact streak: 8/22 over last 7 games,"same-side matchup; pitcher baseline 7.1% barrel, 1.0 HR allowed",neutral batted-ball profile; pitcher fly-ball pressure modest,8.93,42.97,90.06,100.2939,0.4789,0.1895,0.3675,70.08,8.19,35.98,27.7,18.4,0.1748,7.1,42.9,86.8,0.399,0.147,16.1,252 deg,Open-Meteo forecast; MLB fallback,https://forecast.weather.gov/MapClick.php?lat=34.0739&lon=-118.2400,56,0,79,UNIQLO Field at Dodger Stadium,,,,,,,,,,,
122,682663,Agustín Ramírez,MIA,CHC,2026-09-04T23:10:00Z,Pre-Game,5,Shota Imanaga,684007,L,49.1,Longshot,Watch List,Platoon Edge,27.9,53.7,42.0,86.4,78.0,27.6,50.0,,Yes,Yes,5,Yes,No,MLB Stats API; RotoWire,,H:2026/2025 P:2026/2025,,,Direct BvP not yet weighted; 2026/2025 Statcast baseline active,7,4,22,1,"Last 7 games: 4/22, 1 HR","platoon edge; pitcher baseline 10.3% barrel, 32.4 HR allowed",neutral batted-ball profile; pitcher allows elevated contact,6.03,41.47,89.75,102.2277,0.3415,0.1147,0.2928,75.55,56.88,40.89,17.58,8.4,0.1309,10.34,38.32,89.23,0.4256,0.1926,35.3,None,Open-Meteo forecast; MLB fallback,https://forecast.weather.gov/MapClick.php?lat=25.7781&lon=-80.2197,87,20,82,loanDepot park,,,,,,,,,,,
123,665862,Jazz Chisholm,NYY,SD,2026-09-05T01:40:00Z,Pre-Game,7,Walker Buehler,621111,R,49.1,Longshot,Watch List,"Projected Lineup, Strong Barrel, Platoon Edge",43.3,41.9,46.6,59.8,80.0,45.3,50.0,,No,No,7,Yes,Yes,RotoWire projected lineup; MLB probable pitchers,lineup projected / unconfirmed,H:2026/2025 P:2026/2025,,,Direct BvP not yet weighted; 2026/2025 Statcast baseline active,7,6,20,1,"Last 7 games: 6/20, 1 HR","platoon edge; pitcher baseline 8.6% barrel, 18.5 HR allowed",neutral batted-ball profile; pitcher fly-ball pressure modest,10.52,43.02,90.26,100.4636,0.4033,0.1819,0.31,73.27,33.16,50.72,30.26,22.6,0.1942,8.59,38.08,88.88,0.4115,0.1603,23.16,L To R,Open-Meteo forecast; MLB fallback,https://forecast.weather.gov/MapClick.php?lat=32.7073&lon=-117.1573,69,0,75,Petco Park,,,,,,,,,,,
124,663993,Nathaniel Lowe,CLE,DET,2026-09-04T18:10:00Z,In Progress,5,Keider Montero,672456,R,49.0,Longshot,Watch List,Platoon Edge,35.7,38.2,51.1,86.4,80.0,19.1,50.0,,Yes,Yes,5,Yes,No,MLB Stats API; RotoWire,,H:2026/2025 P:2026/2025,,,Direct BvP not yet weighted; 2026/2025 Statcast baseline active,7,3,24,1,"Last 7 games: 3/24, 1 HR","platoon edge; pitcher baseline 7.6% barrel, 14.6 HR allowed",neutral batted-ball profile; pitcher fly-ball pressure modest,8.12,40.87,89.07,100.7268,0.4164,0.1611,0.3247,73.93,38.52,34.75,26.06,15.9,0.1838,7.57,37.65,88.68,0.3998,0.1622,25.98,L To R,Open-Meteo forecast; MLB fallback,https://forecast.weather.gov/MapClick.php?lat=41.4962&lon=-81.6852,99,77,70,Progressive Field,,,,,,,,,,,
125,803011,Sam Antonacci,CWS,MIN,2026-09-04T23:40:00Z,Pre-Game,1,Zebby Matthews,805673,R,49.0,Longshot,Watch List,"Premium Lineup Spot, Platoon Edge",18.8,52.7,62.5,93.2,80.0,7.0,50.0,,Yes,Yes,1,Yes,No,MLB Stats API; RotoWire,,H:2026 P:2026/2025,,,Direct BvP not yet weighted; 2026/2025 Statcast baseline active,7,4,24,0,"Last 7 games: 4/24, 0 HR","platoon edge; pitcher baseline 10.5% barrel, 16.9 HR allowed",neutral batted-ball profile; pitcher fly-ball pressure modest,5.3,32.7,87.3,97.5225,0.39,0.118,0.342,69.9,8.0,32.9,21.8,8.0,0.121,10.46,40.83,90.18,0.4351,0.1753,26.75,Out To LF,Open-Meteo forecast; MLB fallback,https://forecast.weather.gov/MapClick.php?lat=41.8300&lon=-87.6338,82,7,76,Rate Field,,,,,,,,,,,
126,687093,Vaughn Grissom,LAA,PIT,2026-09-04T22:45:00Z,Pre-Game,4,Jared Jones,683003,R,48.9,Longshot,Watch List,Premium Lineup Spot,29.1,42.0,60.3,94.9,50.0,39.2,50.0,,Yes,Yes,4,Yes,No,MLB Stats API; RotoWire,,H:2026 P:2026,,,Direct BvP not yet weighted; 2026/2025 Statcast baseline active,7,7,27,1,"Last 7 games: 7/27, 1 HR","same-side matchup; pitcher baseline 8.0% barrel, 12.0 HR allowed",neutral batted-ball profile; pitcher fly-ball pressure modest,7.5,38.4,88.0,99.1074,0.398,0.145,0.317,71.2,17.8,40.1,25.8,10.0,0.146,8.0,40.0,89.9,0.392,0.167,27.5,Out To CF,Open-Meteo forecast; MLB fallback,https://forecast.weather.gov/MapClick.php?lat=40.4469&lon=-80.0057,91,68,70,PNC Park,,,,,,,,,,,
127,642350,Jose Siri,LAA,PIT,2026-09-04T22:45:00Z,Pre-Game,7,Jared Jones,683003,R,48.9,Longshot,Watch List,Strong Barrel,49.3,42.0,60.3,64.3,50.0,0.0,50.0,,Yes,Yes,7,Yes,No,MLB Stats API; RotoWire,,H:2026/2025 P:2026,,,Direct BvP not yet weighted; 2026/2025 Statcast baseline active,7,0,19,0,"Last 7 games: 0/19, 0 HR","same-side matchup; pitcher baseline 8.0% barrel, 12.0 HR allowed",fly-ball profile; pitcher fly-ball pressure modest,15.73,39.18,87.98,99.8918,0.3781,0.1959,0.2757,73.15,35.5,30.99,42.97,4.9,0.1348,8.0,40.0,89.9,0.392,0.167,27.5,Out To CF,Open-Meteo forecast; MLB fallback,https://forecast.weather.gov/MapClick.php?lat=40.4469&lon=-80.0057,91,68,70,PNC Park,,,,,,,,,,,
128,608324,Alex Bregman,CHC,MIA,2026-09-04T23:10:00Z,Pre-Game,4,Janson Junk,676083,R,48.9,Longshot,Watch List,"Premium Lineup Spot, Hot Hitter/Streak",28.2,42.4,42.0,94.9,50.0,95.1,50.0,,Yes,Yes,4,Yes,No,MLB Stats API; RotoWire,,H:2026/2025 P:2026/2025,,,Direct BvP not yet weighted; 2026/2025 Statcast baseline active,7,12,31,5,Hot streak: 5 HR in last 7 games,"same-side matchup; pitcher baseline 7.6% barrel, 10.8 HR allowed",neutral batted-ball profile; pitcher fly-ball pressure modest,6.11,39.85,88.77,98.3971,0.3927,0.1453,0.323,70.16,5.01,47.28,27.37,22.2,0.1862,7.59,41.91,90.55,0.4236,0.1592,23.01,None,Open-Meteo forecast; MLB fallback,https://forecast.weather.gov/MapClick.php?lat=25.7781&lon=-80.2197,87,20,82,loanDepot park,,,,,,,,,,,
129,683748,Victor Mesa,TB,TEX,2026-09-05T00:05:00Z,Pre-Game,6,Trevor Williams,592866,R,48.9,Longshot,Watch List,"Projected Lineup, Strong Barrel, Platoon Edge",43.0,31.0,61.6,71.7,80.0,17.3,50.0,,No,No,6,Yes,Yes,RotoWire projected lineup; MLB probable pitchers,lineup projected / unconfirmed,H:2026/2025 P:2026/2025,,,Direct BvP not yet weighted; 2026/2025 Statcast baseline active,7,4,17,0,"Last 7 games: 4/17, 0 HR","platoon edge; pitcher baseline 8.3% barrel, 5.4 HR allowed",neutral batted-ball profile; pitcher fly-ball pressure modest,10.18,40.1,89.84,99.8941,0.4178,0.1879,0.3186,73.72,32.6,41.15,34.26,7.3,0.2008,8.29,35.1,87.69,0.3699,0.1244,26.3,None,Open-Meteo forecast; MLB fallback,https://forecast.weather.gov/MapClick.php?lat=32.7473&lon=-97.0842,56,5,89,Globe Life Field,,,,,,,,,,,
130,641355,Cody Bellinger,NYY,SD,2026-09-05T01:40:00Z,Pre-Game,4,Walker Buehler,621111,R,48.9,Longshot,Watch List,"Projected Lineup, Premium Lineup Spot, Platoon Edge",29.1,41.9,46.6,90.4,80.0,44.1,50.0,,No,No,4,Yes,Yes,RotoWire projected lineup; MLB probable pitchers,lineup projected / unconfirmed,H:2026/2025 P:2026/2025,,,Direct BvP not yet weighted; 2026/2025 Statcast baseline active,7,12,29,0,Contact streak: 12/29 over last 7 games,"platoon edge; pitcher baseline 8.6% barrel, 18.5 HR allowed",neutral batted-ball profile; pitcher fly-ball pressure modest,6.52,36.71,88.72,98.4171,0.4194,0.1498,0.3384,69.82,4.26,42.61,31.15,17.1,0.1695,8.59,38.08,88.88,0.4115,0.1603,23.16,L To R,Open-Meteo forecast; MLB fallback,https://forecast.weather.gov/MapClick.php?lat=32.7073&lon=-117.1573,69,0,75,Petco Park,,,,,,,,,,,
131,608070,Jose Ramirez,CLE,DET,2026-09-04T23:15:00Z,Scheduled,3,Andrew Sears,808825,L,48.8,Longshot,Watch List,"Projected Lineup, Premium Lineup Spot, Platoon Edge",28.4,42.4,51.1,92.1,75.0,34.9,50.0,,No,No,3,Yes,Yes,RotoWire projected lineup; MLB probable pitchers,lineup projected / unconfirmed,H:2026/2025 P:2026,,,Direct BvP not yet weighted; 2026/2025 Statcast baseline active,7,6,26,1,"Last 7 games: 6/26, 1 HR","switch hitter; pitcher baseline 8.7% barrel, 1.0 HR allowed",neutral batted-ball profile; pitcher allows elevated contact,5.18,39.8,89.18,99.505,0.4229,0.1438,0.3413,70.34,13.12,51.11,28.29,16.7,0.1675,8.7,30.4,89.9,0.445,0.189,34.8,120 deg,Open-Meteo forecast; MLB fallback,https://forecast.weather.gov/MapClick.php?lat=41.4962&lon=-81.6852,99,77,70,Progressive Field,,,,,,,,,,,
132,666182,Bo Bichette,NYM,SF,2026-09-04T23:10:00Z,Pre-Game,3,Matt Wilkinson,683363,L,48.8,Longshot,Watch List,"Premium Lineup Spot, Platoon Edge",32.6,39.1,46.3,96.6,78.0,19.5,50.0,,Yes,Yes,3,Yes,No,MLB Stats API; RotoWire,,H:2026/2025 P:2026,,,Direct BvP not yet weighted; 2026/2025 Statcast baseline active,7,6,24,0,"Last 7 games: 6/24, 0 HR","platoon edge; pitcher baseline 5.1% barrel, 1.0 HR allowed",neutral batted-ball profile; pitcher allows elevated contact,6.78,43.55,90.02,100.9865,0.431,0.1489,0.332,69.66,13.16,26.07,23.23,15.2,0.1419,5.1,48.7,89.6,0.426,0.175,30.8,L To R,Open-Meteo forecast; MLB fallback,https://forecast.weather.gov/MapClick.php?lat=40.7571&lon=-73.8458,75,5,80,Citi Field,,,,,,,,,,,
133,694671,Wyatt Langford,TEX,TB,2026-09-05T00:05:00Z,Pre-Game,3,Nick Martinez,607259,R,48.7,Longshot,Watch List,Premium Lineup Spot,38.1,35.6,61.6,96.6,50.0,0.8,50.0,,Yes,Yes,3,Yes,No,MLB Stats API; RotoWire,,H:2026/2025 P:2026/2025,,,Direct BvP not yet weighted; 2026/2025 Statcast baseline active,7,3,24,0,"Last 7 games: 3/24, 0 HR","same-side matchup; pitcher baseline 7.0% barrel, 19.2 HR allowed",neutral batted-ball profile; pitcher fly-ball pressure modest,8.75,41.05,89.79,100.5553,0.4088,0.1694,0.3257,72.75,26.24,42.68,29.55,17.1,0.1949,7.0,33.8,87.46,0.4233,0.1537,28.82,None,Open-Meteo forecast; MLB fallback,https://forecast.weather.gov/MapClick.php?lat=32.7473&lon=-97.0842,56,5,89,Globe Life Field,,,,,,,,,,,
134,672515,Gabriel Moreno,AZ,HOU,2026-09-05T00:10:00Z,Pre-Game,3,Cristian Javier,664299,R,48.7,Longshot,Watch List,Premium Lineup Spot,36.4,42.8,41.1,96.6,50.0,34.9,50.0,,Yes,,,No,Yes,MLB Stats API; RotoWire,not found on RotoWire,H:2026/2025 P:2026/2025,,,Direct BvP not yet weighted; 2026/2025 Statcast baseline active,7,6,26,1,"Last 7 games: 6/26, 1 HR","same-side matchup; pitcher baseline 7.9% barrel, 6.5 HR allowed",neutral batted-ball profile; pitcher allows elevated contact,7.59,42.91,89.63,99.7194,0.4509,0.1656,0.3579,71.46,20.07,35.08,25.61,10.4,0.1578,7.9,36.83,89.67,0.4187,0.1684,37.82,None,NOAA link only,https://forecast.weather.gov/MapClick.php?lat=29.7573&lon=-95.3555,,,72,Daikin Park,,,,,,,,,,,
135,673357,Luis Robert Jr.,BAL,BOS,2026-09-04T23:05:00Z,Pre-Game,3,Ranger Suarez,624133,L,48.5,Longshot,Watch List,"Premium Lineup Spot, Platoon Edge",41.8,19.0,54.6,96.6,78.0,25.3,50.0,,Yes,Yes,4,Yes,Yes,MLB Stats API; RotoWire,order MLB 3 vs RotoWire 4,H:2026/2025 P:2026/2025,,,Direct BvP not yet weighted; 2026/2025 Statcast baseline active,7,4,24,1,"Last 7 games: 4/24, 1 HR","platoon edge; pitcher baseline 5.2% barrel, 9.8 HR allowed",neutral batted-ball profile; pitcher fly-ball pressure modest,9.74,40.41,89.47,101.6662,0.4176,0.1793,0.3182,76.72,67.9,44.48,27.94,11.9,0.1746,5.22,32.43,86.57,0.3545,0.1124,23.54,L To R,Open-Meteo forecast; MLB fallback,https://forecast.weather.gov/MapClick.php?lat=39.2840&lon=-76.6217,64,0,86,Oriole Park at Camden Yards,,,,,,,,,,,
136,650402,Gleyber Torres,DET,CLE,2026-09-04T23:15:00Z,Scheduled,1,Foster Griffin,656492,L,48.4,Longshot,Watch List,"Projected Lineup, Premium Lineup Spot, Platoon Edge",25.6,44.9,51.1,88.7,78.0,36.5,50.0,,No,No,1,Yes,Yes,RotoWire projected lineup; MLB probable pitchers,lineup projected / unconfirmed,H:2026/2025 P:2026,,,Direct BvP not yet weighted; 2026/2025 Statcast baseline active,7,8,22,0,Contact streak: 8/22 over last 7 games,"platoon edge; pitcher baseline 9.3% barrel, 23.0 HR allowed",neutral batted-ball profile; pitcher fly-ball pressure modest,7.22,35.01,87.55,97.8622,0.3997,0.144,0.3371,68.77,6.03,27.04,27.52,10.4,0.1233,9.3,38.1,88.3,0.418,0.165,26.8,120 deg,Open-Meteo forecast; MLB fallback,https://forecast.weather.gov/MapClick.php?lat=41.4962&lon=-81.6852,99,77,70,Progressive Field,,,,,,,,,,,
137,605141,Mookie Betts,LAD,WSH,2026-09-05T02:10:00Z,Scheduled,3,Jackson Kent,800600,L,48.3,Longshot,Watch List,"Projected Lineup, Premium Lineup Spot, Platoon Edge",31.4,30.7,53.6,92.1,78.0,46.9,50.0,,No,No,3,Yes,Yes,RotoWire projected lineup; MLB probable pitchers,lineup projected / unconfirmed,H:2026/2025 P:2026,,,Direct BvP not yet weighted; 2026/2025 Statcast baseline active,7,9,29,1,"Last 7 games: 9/29, 1 HR","platoon edge; pitcher baseline 7.1% barrel, 1.0 HR allowed",neutral batted-ball profile; pitcher fly-ball pressure modest,6.62,37.2,89.8,98.3783,0.4227,0.1511,0.33,69.46,8.53,39.54,34.01,17.9,0.1662,7.1,42.9,86.8,0.399,0.147,16.1,252 deg,Open-Meteo forecast; MLB fallback,https://forecast.weather.gov/MapClick.php?lat=34.0739&lon=-118.2400,56,0,79,UNIQLO Field at Dodger Stadium,,,,,,,,,,,
138,608070,José Ramírez,CLE,DET,2026-09-04T18:10:00Z,In Progress,3,Keider Montero,672456,R,48.2,Longshot,Watch List,"Premium Lineup Spot, Platoon Edge",28.4,36.7,51.1,96.6,75.0,34.9,50.0,,Yes,No,3,Yes,Yes,MLB Stats API; RotoWire,RotoWire not confirmed,H:2026/2025 P:2026/2025,,,Direct BvP not yet weighted; 2026/2025 Statcast baseline active,7,6,26,1,"Last 7 games: 6/26, 1 HR","switch hitter; pitcher baseline 7.6% barrel, 14.6 HR allowed",neutral batted-ball profile; pitcher fly-ball pressure modest,5.18,39.8,89.18,99.505,0.4229,0.1438,0.3413,70.34,13.12,51.11,28.29,16.7,0.1675,7.57,37.65,88.68,0.3998,0.1622,25.98,L To R,Open-Meteo forecast; MLB fallback,https://forecast.weather.gov/MapClick.php?lat=41.4962&lon=-81.6852,99,77,70,Progressive Field,,,,,,,,,,,
139,687462,Spencer Horwitz,PIT,LAA,2026-09-04T22:45:00Z,Pre-Game,1,Ryan Johnson,696270,R,48.2,Longshot,Watch List,"Projected Lineup, Premium Lineup Spot, Platoon Edge",22.3,47.7,60.3,88.7,80.0,12.0,50.0,,No,No,1,Yes,Yes,RotoWire projected lineup; MLB probable pitchers,lineup projected / unconfirmed,H:2026/2025 P:2026/2025,,,Direct BvP not yet weighted; 2026/2025 Statcast baseline active,7,6,30,0,"Last 7 games: 6/30, 0 HR","platoon edge; pitcher baseline 9.8% barrel, 12.4 HR allowed",neutral batted-ball profile; pitcher allows elevated contact,6.97,32.92,87.12,97.5318,0.3671,0.136,0.3155,68.68,5.6,39.38,27.91,10.3,0.1389,9.83,37.12,87.82,0.4423,0.1854,33.81,Out To CF,Open-Meteo forecast; MLB fallback,https://forecast.weather.gov/MapClick.php?lat=40.4469&lon=-80.0057,91,68,70,PNC Park,,,,,,,,,,,
140,686555,Isaac Collins,KC,TOR,2026-09-05T00:10:00Z,Pre-Game,8,Jameson Taillon,592791,R,48.2,Longshot,Watch List,"Good Environment, Platoon Edge",22.7,64.7,71.2,52.4,75.0,9.3,50.0,,Yes,Yes,8,Yes,No,MLB Stats API; RotoWire,,H:2026/2025 P:2026/2025,,,Direct BvP not yet weighted; 2026/2025 Statcast baseline active,7,4,22,0,"Last 7 games: 4/22, 0 HR","switch hitter; pitcher baseline 12.7% barrel, 25.4 HR allowed",neutral batted-ball profile; pitcher allows elevated contact,5.25,39.46,88.59,99.9065,0.3289,0.0969,0.3038,73.33,30.2,39.7,25.88,6.9,0.1277,12.65,38.58,88.72,0.4947,0.2432,36.47,Out To LF,Open-Meteo forecast; MLB fallback,https://forecast.weather.gov/MapClick.php?lat=39.0517&lon=-94.4803,41,0,94,Kauffman Stadium,,,,,,,,,,,
141,669221,Sean Murphy,ATL,PHI,2026-09-04T22:40:00Z,Pre-Game,7,Cristopher Sánchez,650911,L,47.9,Longshot,Watch List,"Platoon Edge, Hot Hitter/Streak",32.1,31.2,57.8,64.3,78.0,99.5,50.0,,Yes,Yes,7,Yes,No,MLB Stats API; RotoWire,,H:2026/2025 P:2026/2025,,,Direct BvP not yet weighted; 2026/2025 Statcast baseline active,7,10,24,3,Hot streak: 3 HR in last 7 games,"platoon edge; pitcher baseline 6.7% barrel, 13.4 HR allowed",neutral batted-ball profile; pitcher fly-ball pressure modest,9.41,39.88,87.07,100.7836,0.3632,0.1573,0.279,72.18,27.14,48.7,26.98,6.9,0.1981,6.68,41.2,89.21,0.3513,0.1186,16.06,R To L,Open-Meteo forecast; MLB fallback,https://forecast.weather.gov/MapClick.php?lat=39.9061&lon=-75.1665,80,5,80,Citizens Bank Park,,,,,,,,,,,
142,677942,Blaze Alexander,BAL,BOS,2026-09-04T23:05:00Z,Pre-Game,1,Ranger Suarez,624133,L,47.9,Longshot,Watch List,"Premium Lineup Spot, Platoon Edge",40.4,19.0,54.6,93.2,78.0,32.0,50.0,,Yes,Yes,1,Yes,No,MLB Stats API; RotoWire,,H:2026/2025 P:2026/2025,,,Direct BvP not yet weighted; 2026/2025 Statcast baseline active,7,8,24,0,Contact streak: 8/24 over last 7 games,"platoon edge; pitcher baseline 5.2% barrel, 9.8 HR allowed",neutral batted-ball profile; pitcher fly-ball pressure modest,8.39,46.84,91.6,100.7511,0.4342,0.1577,0.3401,72.24,24.77,34.65,22.2,4.9,0.1264,5.22,32.43,86.57,0.3545,0.1124,23.54,L To R,Open-Meteo forecast; MLB fallback,https://forecast.weather.gov/MapClick.php?lat=39.2840&lon=-76.6217,64,0,86,Oriole Park at Camden Yards,,,,,,,,,,,
143,624424,Michael Conforto,CHC,MIA,2026-09-04T23:10:00Z,Pre-Game,8,Janson Junk,676083,R,47.9,Longshot,Watch List,"Strong Barrel, Platoon Edge",46.0,42.4,42.0,52.4,80.0,34.9,50.0,,Yes,Yes,8,Yes,No,MLB Stats API; RotoWire,,H:2026/2025 P:2026/2025,,,Direct BvP not yet weighted; 2026/2025 Statcast baseline active,7,3,13,1,"Last 7 games: 3/13, 1 HR","platoon edge; pitcher baseline 7.6% barrel, 10.8 HR allowed",fly-ball profile; pitcher fly-ball pressure modest,10.96,42.53,90.32,100.7375,0.4247,0.1931,0.3272,72.92,33.79,44.02,35.04,12.7,0.2089,7.59,41.91,90.55,0.4236,0.1592,23.01,None,Open-Meteo forecast; MLB fallback,https://forecast.weather.gov/MapClick.php?lat=25.7781&lon=-80.2197,87,20,82,loanDepot park,,,,,,,,,,,
144,805808,Kevin McGonigle,DET,CLE,2026-09-04T23:15:00Z,Scheduled,2,Foster Griffin,656492,L,47.7,Longshot,Watch List,"Projected Lineup, Premium Lineup Spot",32.8,44.9,51.1,95.5,50.0,4.2,50.0,,No,No,2,Yes,Yes,RotoWire projected lineup; MLB probable pitchers,lineup projected / unconfirmed,H:2026 P:2026,,,Direct BvP not yet weighted; 2026/2025 Statcast baseline active,7,4,27,0,"Last 7 games: 4/27, 0 HR","same-side matchup; pitcher baseline 9.3% barrel, 23.0 HR allowed",fly-ball profile; pitcher fly-ball pressure modest,7.1,36.7,88.1,98.2492,0.431,0.171,0.35,71.2,16.0,37.0,36.1,14.0,0.139,9.3,38.1,88.3,0.418,0.165,26.8,120 deg,Open-Meteo forecast; MLB fallback,https://forecast.weather.gov/MapClick.php?lat=41.4962&lon=-81.6852,99,77,70,Progressive Field,,,,,,,,,,,
145,682626,Francisco Alvarez,NYM,ATL,2026-09-04T23:10:00Z,Pre-Game,8,Matt Wilkinson,683363,L,47.7,Longshot,Watch List,"Strong Barrel, Platoon Edge",53.3,39.1,46.3,52.4,78.0,4.5,38.9,73.0,Yes,Yes,8,Yes,No,MLB Stats API; RotoWire,,H:2026/2025 P:2026,,,Direct BvP not yet weighted; 2026/2025 Statcast baseline active,7,3,20,0,"Last 7 games: 3/20, 0 HR","platoon edge; pitcher baseline 5.1% barrel, 1.0 HR allowed",neutral batted-ball profile; pitcher allows elevated contact,14.48,47.72,91.0,102.6222,0.4258,0.1975,0.3232,74.04,41.83,37.96,25.03,12.4,0.17,5.1,48.7,89.6,0.426,0.175,30.8,L To R,Open-Meteo forecast; MLB fallback,https://forecast.weather.gov/MapClick.php?lat=40.7571&lon=-73.8458,75,5,80,Citi Field,,14.3,0.262,89,6,84,0,3,5.98,8,Good catcher power vs Elder RHH split
146,681198,TJ Rumfield,COL,STL,2026-09-05T00:40:00Z,Pre-Game,4,Andre Pallante,669467,R,47.7,Longshot,Watch List,"Good Environment, Premium Lineup Spot, Platoon Edge",13.0,26.5,90.2,94.9,80.0,54.9,50.0,,Yes,Yes,4,Yes,No,MLB Stats API; RotoWire,,H:2026 P:2026/2025,,,Direct BvP not yet weighted; 2026/2025 Statcast baseline active,7,8,22,1,Contact streak: 8/22 over last 7 games,"platoon edge; pitcher baseline 5.7% barrel, 13.3 HR allowed",neutral batted-ball profile; pitcher fly-ball pressure modest,4.8,28.1,84.3,96.1806,0.381,0.123,0.331,68.5,7.9,41.8,28.4,14.0,0.151,5.69,36.12,87.94,0.3824,0.13,17.75,Out To LF,Open-Meteo forecast; MLB fallback,https://forecast.weather.gov/MapClick.php?lat=39.7559&lon=-104.9942,16,0,91,Coors Field,,,,,,,,,,,
147,664983,Jake McCarthy,COL,STL,2026-09-05T00:40:00Z,Pre-Game,1,Andre Pallante,669467,R,47.6,Longshot,Watch List,"Good Environment, Premium Lineup Spot, Platoon Edge",15.7,26.5,90.2,93.2,80.0,40.3,50.0,,Yes,Yes,1,Yes,No,MLB Stats API; RotoWire,,H:2026/2025 P:2026/2025,,,Direct BvP not yet weighted; 2026/2025 Statcast baseline active,7,8,30,1,"Last 7 games: 8/30, 1 HR","platoon edge; pitcher baseline 5.7% barrel, 13.3 HR allowed",neutral batted-ball profile; pitcher fly-ball pressure modest,5.23,27.88,85.12,96.8465,0.3964,0.1329,0.3091,70.82,12.77,37.8,21.59,11.0,0.1746,5.69,36.12,87.94,0.3824,0.13,17.75,Out To LF,Open-Meteo forecast; MLB fallback,https://forecast.weather.gov/MapClick.php?lat=39.7559&lon=-104.9942,16,0,91,Coors Field,,,,,,,,,,,
148,686217,Sal Frelick,MIL,CIN,2026-09-04T22:10:00Z,Pre-Game,1,Rhett Lowder,695076,R,47.5,Longshot,Watch List,"Good Environment, Premium Lineup Spot, Platoon Edge",5.9,51.4,77.3,93.2,80.0,22.9,50.0,,Yes,Yes,1,Yes,No,MLB Stats API; RotoWire,,H:2026/2025 P:2026,,,Direct BvP not yet weighted; 2026/2025 Statcast baseline active,7,6,22,0,"Last 7 games: 6/22, 0 HR","platoon edge; pitcher baseline 9.6% barrel, 16.0 HR allowed",neutral batted-ball profile; pitcher fly-ball pressure modest,2.54,28.03,85.78,96.4657,0.3285,0.0812,0.2885,68.24,3.62,39.39,20.83,6.4,0.1009,9.6,37.8,90.1,0.458,0.19,28.5,Out To LF,Open-Meteo forecast; MLB fallback,https://forecast.weather.gov/MapClick.php?lat=39.0979&lon=-84.5082,56,3,88,Great American Ball Park,,,,,,,,,,,
149,664034,Ty France,SD,NYY,2026-09-05T01:40:00Z,Pre-Game,4,Max Fried,608331,L,47.4,Longshot,Watch List,"Premium Lineup Spot, Platoon Edge, Hot Hitter/Streak",41.9,9.9,46.6,94.9,78.0,70.6,50.0,,Yes,Yes,4,Yes,No,MLB Stats API; RotoWire,,H:2026/2025 P:2026/2025,,,Direct BvP not yet weighted; 2026/2025 Statcast baseline active,7,9,26,2,Hot streak: 2 HR in last 7 games,"platoon edge; pitcher baseline 3.3% barrel, 6.3 HR allowed",neutral batted-ball profile; pitcher fly-ball pressure modest,8.96,46.79,91.18,101.0353,0.4257,0.1723,0.3294,71.77,19.95,35.38,25.53,16.1,0.1849,3.26,32.72,86.36,0.2905,0.0823,22.81,L To R,Open-Meteo forecast; MLB fallback,https://forecast.weather.gov/MapClick.php?lat=32.7073&lon=-117.1573,69,0,75,Petco Park,,,,,,,,,,,
150,663586,Austin Riley,ATL,NYM,2026-09-04T22:40:00Z,Pre-Game,8,Cristopher Sánchez,650911,L,47.3,Longshot,Watch List,"Strong Barrel, Platoon Edge",52.6,31.2,57.8,52.4,78.0,19.5,23.0,50.0,Yes,Yes,8,Yes,No,MLB Stats API; RotoWire,,H:2026/2025 P:2026/2025,,,Direct BvP not yet weighted; 2026/2025 Statcast baseline active,7,6,24,0,"Last 7 games: 6/24, 0 HR","platoon edge; pitcher baseline 6.7% barrel, 13.4 HR allowed",neutral batted-ball profile; pitcher fly-ball pressure modest,12.75,46.49,91.67,102.7997,0.4153,0.1921,0.3076,75.83,59.29,40.36,31.43,15.3,0.1463,6.68,41.2,89.21,0.3513,0.1186,16.06,R To L,Open-Meteo forecast; MLB fallback,https://forecast.weather.gov/MapClick.php?lat=39.9061&lon=-75.1665,80,5,80,Citizens Bank Park,,11.8,0.107,91,4,131,0,3,4.17,1,Volume but weak ISO
151,701162,Ben Malgeri,DET,CLE,2026-09-04T18:10:00Z,In Progress,6,Logan Allen,671106,L,47.2,Longshot,Watch List,Platoon Edge,25.5,50.6,51.1,76.2,78.0,22.0,50.0,,Yes,No,8,Yes,Yes,MLB Stats API; RotoWire,RotoWire not confirmed; order MLB 6 vs RotoWire 8,H:2026 P:2026/2025,,,Direct BvP not yet weighted; 2026/2025 Statcast baseline active,7,4,15,0,"Last 7 games: 4/15, 0 HR","platoon edge; pitcher baseline 10.5% barrel, 7.5 HR allowed",neutral batted-ball profile; pitcher allows elevated contact,5.5,43.6,90.1,100.3722,0.347,0.109,0.315,68.8,4.1,38.2,25.5,3.0,0.141,10.5,41.7,89.16,0.4035,0.1775,35.96,L To R,Open-Meteo forecast; MLB fallback,https://forecast.weather.gov/MapClick.php?lat=41.4962&lon=-81.6852,99,77,70,Progressive Field,,,,,,,,,,,
152,687859,Troy Johnston,COL,STL,2026-09-05T00:40:00Z,Pre-Game,7,Andre Pallante,669467,R,47.2,Longshot,Watch List,"Good Environment, Platoon Edge",24.9,26.5,90.2,64.3,80.0,56.6,50.0,,Yes,Yes,7,Yes,No,MLB Stats API; RotoWire,,H:2026/2025 P:2026/2025,,,Direct BvP not yet weighted; 2026/2025 Statcast baseline active,7,6,16,1,Contact streak: 6/16 over last 7 games,"platoon edge; pitcher baseline 5.7% barrel, 13.3 HR allowed",neutral batted-ball profile; pitcher fly-ball pressure modest,4.5,38.32,89.6,98.8979,0.4069,0.1296,0.3317,70.25,5.3,39.86,24.28,4.0,0.1248,5.69,36.12,87.94,0.3824,0.13,17.75,Out To LF,Open-Meteo forecast; MLB fallback,https://forecast.weather.gov/MapClick.php?lat=39.7559&lon=-104.9942,16,0,91,Coors Field,,,,,,,,,,,
153,641857,Ryan McMahon,NYY,SD,2026-09-05T01:40:00Z,Pre-Game,8,Walker Buehler,621111,R,47.2,Longshot,Watch List,"Projected Lineup, Strong Barrel, Platoon Edge",47.8,41.9,46.6,47.9,80.0,12.0,50.0,,No,No,8,Yes,Yes,RotoWire projected lineup; MLB probable pitchers,lineup projected / unconfirmed,H:2026/2025 P:2026/2025,,,Direct BvP not yet weighted; 2026/2025 Statcast baseline active,7,3,15,0,"Last 7 games: 3/15, 0 HR","platoon edge; pitcher baseline 8.6% barrel, 18.5 HR allowed",neutral batted-ball profile; pitcher fly-ball pressure modest,10.35,48.82,91.76,102.1621,0.4015,0.1723,0.3108,74.42,46.41,40.01,32.45,13.0,0.1551,8.59,38.08,88.88,0.4115,0.1603,23.16,L To R,Open-Meteo forecast; MLB fallback,https://forecast.weather.gov/MapClick.php?lat=32.7073&lon=-117.1573,69,0,75,Petco Park,,,,,,,,,,,
154,592518,Manny Machado,SD,NYY,2026-09-05T01:40:00Z,Pre-Game,3,Max Fried,608331,L,47.2,Longshot,Watch List,"Strong Barrel, Premium Lineup Spot, Platoon Edge",47.9,9.9,46.6,96.6,78.0,26.4,50.0,,Yes,Yes,3,Yes,No,MLB Stats API; RotoWire,,H:2026/2025 P:2026/2025,,,Direct BvP not yet weighted; 2026/2025 Statcast baseline active,7,8,27,0,"Last 7 games: 8/27, 0 HR","platoon edge; pitcher baseline 3.3% barrel, 6.3 HR allowed",neutral batted-ball profile; pitcher fly-ball pressure modest,10.38,46.74,91.22,101.917,0.4446,0.1897,0.3386,74.64,44.23,39.31,27.45,24.9,0.1843,3.26,32.72,86.36,0.2905,0.0823,22.81,L To R,Open-Meteo forecast; MLB fallback,https://forecast.weather.gov/MapClick.php?lat=32.7073&lon=-117.1573,69,0,75,Petco Park,,,,,,,,,,,
155,694197,Angel Genao,CLE,DET,2026-09-04T23:15:00Z,Scheduled,6,Andrew Sears,808825,L,47.1,Longshot,Watch List,"Projected Lineup, Platoon Edge",32.7,42.4,51.1,71.7,75.0,30.3,50.0,,No,No,7,Yes,Yes,RotoWire projected lineup; MLB probable pitchers,lineup projected / unconfirmed; order MLB 6 vs RotoWire 7,H:2026 P:2026,,,Direct BvP not yet weighted; 2026/2025 Statcast baseline active,7,4,20,1,"Last 7 games: 4/20, 1 HR","switch hitter; pitcher baseline 8.7% barrel, 1.0 HR allowed",neutral batted-ball profile; pitcher allows elevated contact,5.6,52.1,91.4,100.5293,0.362,0.115,0.301,72.4,27.0,38.0,16.9,2.0,0.108,8.7,30.4,89.9,0.445,0.189,34.8,120 deg,Open-Meteo forecast; MLB fallback,https://forecast.weather.gov/MapClick.php?lat=41.4962&lon=-81.6852,99,77,70,Progressive Field,,,,,,,,,,,
156,680776,Jarren Duran,BOS,TOR,2026-09-04T23:05:00Z,Pre-Game,7,Shane Baz,669358,R,47.1,Longshot,Watch List,Platoon Edge,39.3,39.1,54.6,64.3,80.0,18.3,39.9,61.0,Yes,Yes,7,Yes,No,MLB Stats API; RotoWire,,H:2026/2025 P:2026/2025,,,Direct BvP not yet weighted; 2026/2025 Statcast baseline active,7,2,24,1,"Last 7 games: 2/24, 1 HR","platoon edge; pitcher baseline 7.3% barrel, 15.5 HR allowed",neutral batted-ball profile; pitcher fly-ball pressure modest,9.63,42.25,90.54,102.0977,0.3946,0.155,0.3064,74.98,50.24,38.69,23.0,18.1,0.1664,7.33,40.94,89.84,0.3874,0.1434,25.22,L To R,Open-Meteo forecast; MLB fallback,https://forecast.weather.gov/MapClick.php?lat=39.2840&lon=-76.6217,64,0,86,Oriole Park at Camden Yards,,10.2,0.191,89,11,178,0,22,11.39,14,Taillon LHH split target; volume support but modest EV/barrel
157,691019,Kyle Teel,CWS,MIN,2026-09-04T23:40:00Z,Pre-Game,9,Zebby Matthews,805673,R,47.1,Longshot,Watch List,"Strong Barrel, Platoon Edge",34.8,52.7,62.5,44.8,80.0,5.7,50.0,,Yes,Yes,9,Yes,No,MLB Stats API; RotoWire,,H:2026/2025 P:2026/2025,,,Direct BvP not yet weighted; 2026/2025 Statcast baseline active,7,3,19,0,"Last 7 games: 3/19, 0 HR","platoon edge; pitcher baseline 10.5% barrel, 16.9 HR allowed",neutral batted-ball profile; pitcher fly-ball pressure modest,10.65,46.28,85.57,100.1818,0.3845,0.1503,0.3125,71.5,24.62,37.39,28.4,3.8,0.1303,10.46,40.83,90.18,0.4351,0.1753,26.75,Out To LF,Open-Meteo forecast; MLB fallback,https://forecast.weather.gov/MapClick.php?lat=41.8300&lon=-87.6338,82,7,76,Rate Field,,,,,,,,,,,
158,694249,Cole Carrigg,COL,STL,2026-09-05T00:40:00Z,Pre-Game,5,Andre Pallante,669467,R,47.0,Longshot,Watch List,"Good Environment, Platoon Edge",24.0,25.1,90.2,86.4,75.0,12.0,50.0,,Yes,Yes,5,Yes,No,MLB Stats API; RotoWire,,H:2026 P:2026/2025,,,Direct BvP not yet weighted; 2026/2025 Statcast baseline active,7,5,25,0,"Last 7 games: 5/25, 0 HR","switch hitter; pitcher baseline 5.7% barrel, 13.3 HR allowed",neutral batted-ball profile; pitcher fly-ball pressure modest,5.3,34.0,87.3,98.2656,0.388,0.136,0.32,73.4,36.2,45.7,28.7,6.0,0.177,5.69,36.12,87.94,0.3824,0.13,17.75,Out To LF,Open-Meteo forecast; MLB fallback,https://forecast.weather.gov/MapClick.php?lat=39.7559&lon=-104.9942,16,0,91,Coors Field,,,,,,,,,,,
159,663993,Nathaniel Lowe,CLE,DET,2026-09-04T23:15:00Z,Scheduled,5,Andrew Sears,808825,L,46.9,Longshot,Watch List,Projected Lineup,35.7,42.5,51.1,81.9,50.0,19.1,50.0,,No,Yes,5,Yes,Yes,RotoWire projected lineup; MLB probable pitchers,lineup projected / unconfirmed,H:2026/2025 P:2026,,,Direct BvP not yet weighted; 2026/2025 Statcast baseline active,7,3,24,1,"Last 7 games: 3/24, 1 HR","same-side matchup; pitcher baseline 8.7% barrel, 1.0 HR allowed",neutral batted-ball profile; pitcher allows elevated contact,8.12,40.87,89.07,100.7268,0.4164,0.1611,0.3247,73.93,38.52,34.75,26.06,15.9,0.1838,8.7,30.4,89.9,0.445,0.189,34.8,120 deg,Open-Meteo forecast; MLB fallback,https://forecast.weather.gov/MapClick.php?lat=41.4962&lon=-81.6852,99,77,70,Progressive Field,,,,,,,,,,,
160,695731,Braden Montgomery,CWS,MIN,2026-09-04T23:40:00Z,Pre-Game,6,Zebby Matthews,805673,R,46.9,Longshot,Watch List,Platoon Edge,22.7,50.9,62.5,76.2,75.0,4.2,50.0,,Yes,Yes,6,Yes,No,MLB Stats API; RotoWire,,H:2026 P:2026/2025,,,Direct BvP not yet weighted; 2026/2025 Statcast baseline active,7,4,27,0,"Last 7 games: 4/27, 0 HR","switch hitter; pitcher baseline 10.5% barrel, 16.9 HR allowed",neutral batted-ball profile; pitcher fly-ball pressure modest,4.0,40.8,88.9,99.912,0.386,0.13,0.327,69.8,8.5,38.3,18.9,5.0,0.127,10.46,40.83,90.18,0.4351,0.1753,26.75,Out To LF,Open-Meteo forecast; MLB fallback,https://forecast.weather.gov/MapClick.php?lat=41.8300&lon=-87.6338,82,7,76,Rate Field,,,,,,,,,,,
161,670623,Isaac Paredes,HOU,AZ,2026-09-05T00:10:00Z,Pre-Game,3,Merrill Kelly,518876,R,46.9,Longshot,Watch List,Premium Lineup Spot,17.1,63.1,41.1,96.6,50.0,26.4,50.0,,Yes,Yes,3,Yes,No,MLB Stats API; RotoWire,,H:2026/2025 P:2026/2025,,,Direct BvP not yet weighted; 2026/2025 Statcast baseline active,7,4,23,1,"Last 7 games: 4/23, 1 HR","same-side matchup; pitcher baseline 11.3% barrel, 25.1 HR allowed",neutral batted-ball profile; pitcher fly-ball pressure modest,5.25,29.75,86.42,96.8963,0.3688,0.1278,0.32,67.74,7.5,52.0,31.29,18.6,0.1767,11.26,43.15,90.2,0.5045,0.2195,26.57,None,NOAA link only,https://forecast.weather.gov/MapClick.php?lat=29.7573&lon=-95.3555,,,72,Daikin Park,,,,,,,,,,,
162,699302,Héctor Rodríguez,CIN,MIL,2026-09-04T22:10:00Z,Pre-Game,8,Shane Drohan,675660,L,46.8,Longshot,Watch List,"Good Environment, Hot Hitter/Streak",32.5,33.9,77.3,52.4,50.0,85.4,50.0,,Yes,Yes,8,Yes,No,MLB Stats API; RotoWire,,H:2026 P:2026,,,Direct BvP not yet weighted; 2026/2025 Statcast baseline active,7,10,31,4,Hot streak: 4 HR in last 7 games,"same-side matchup; pitcher baseline 8.0% barrel, 10.0 HR allowed",neutral batted-ball profile; pitcher fly-ball pressure modest,9.1,34.5,88.6,99.795,0.354,0.152,0.277,74.7,51.1,41.8,29.1,5.0,0.24,8.0,37.6,88.1,0.36,0.132,28.3,Out To LF,Open-Meteo forecast; MLB fallback,https://forecast.weather.gov/MapClick.php?lat=39.0979&lon=-84.5082,56,3,88,Great American Ball Park,,,,,,,,,,,
163,804606,Konnor Griffin,PIT,LAA,2026-09-04T22:45:00Z,Pre-Game,6,Ryan Johnson,696270,R,46.7,Longshot,Watch List,Projected Lineup,30.8,47.7,60.3,71.7,50.0,24.2,50.0,,No,No,6,Yes,Yes,RotoWire projected lineup; MLB probable pitchers,lineup projected / unconfirmed,H:2026 P:2026/2025,,,Direct BvP not yet weighted; 2026/2025 Statcast baseline active,7,9,32,0,"Last 7 games: 9/32, 0 HR","same-side matchup; pitcher baseline 9.8% barrel, 12.4 HR allowed",neutral batted-ball profile; pitcher allows elevated contact,8.1,37.0,87.8,100.4346,0.392,0.152,0.305,75.6,57.3,41.4,17.9,5.0,0.128,9.83,37.12,87.82,0.4423,0.1854,33.81,Out To CF,Open-Meteo forecast; MLB fallback,https://forecast.weather.gov/MapClick.php?lat=40.4469&lon=-80.0057,91,68,70,PNC Park,,,,,,,,,,,
164,673237,Yainer Diaz,HOU,AZ,2026-09-05T00:10:00Z,Pre-Game,8,Merrill Kelly,518876,R,46.7,Longshot,Watch List,No major boost,30.2,63.1,41.1,52.4,50.0,64.3,50.0,,Yes,Yes,8,Yes,No,MLB Stats API; RotoWire,,H:2026/2025 P:2026/2025,,,Direct BvP not yet weighted; 2026/2025 Statcast baseline active,7,7,23,2,Hot streak: 2 HR in last 7 games,"same-side matchup; pitcher baseline 11.3% barrel, 25.1 HR allowed",neutral batted-ball profile; pitcher fly-ball pressure modest,6.94,38.49,88.85,99.762,0.4195,0.1543,0.3106,72.41,21.67,36.84,19.73,13.0,0.1582,11.26,43.15,90.2,0.5045,0.2195,26.57,None,NOAA link only,https://forecast.weather.gov/MapClick.php?lat=29.7573&lon=-95.3555,,,72,Daikin Park,,,,,,,,,,,
165,680574,Matt McLain,CIN,MIL,2026-09-04T22:10:00Z,Pre-Game,7,Shane Drohan,675660,L,46.6,Longshot,Watch List,"Good Environment, Platoon Edge",33.2,33.9,77.3,64.3,78.0,0.0,50.0,,Yes,Yes,7,Yes,No,MLB Stats API; RotoWire,,H:2026/2025 P:2026,,,Direct BvP not yet weighted; 2026/2025 Statcast baseline active,7,3,25,0,"Last 7 games: 3/25, 0 HR","platoon edge; pitcher baseline 8.0% barrel, 10.0 HR allowed",neutral batted-ball profile; pitcher fly-ball pressure modest,9.06,38.18,88.52,99.0837,0.3718,0.1539,0.3015,71.0,10.1,36.13,32.87,13.6,0.1405,8.0,37.6,88.1,0.36,0.132,28.3,Out To LF,Open-Meteo forecast; MLB fallback,https://forecast.weather.gov/MapClick.php?lat=39.0979&lon=-84.5082,56,3,88,Great American Ball Park,,,,,,,,,,,
166,691182,Adael Amador,COL,STL,2026-09-05T00:40:00Z,Pre-Game,8,Andre Pallante,669467,R,46.5,Longshot,Watch List,"Strong Barrel, Good Environment, Platoon Edge, Hot Hitter/Streak",27.1,25.1,90.2,52.4,75.0,77.0,50.0,,Yes,Yes,8,Yes,No,MLB Stats API; RotoWire,,H:2026/2025 P:2026/2025,,,Direct BvP not yet weighted; 2026/2025 Statcast baseline active,7,7,18,2,Hot streak: 2 HR in last 7 games,"switch hitter; pitcher baseline 5.7% barrel, 13.3 HR allowed",fly-ball profile; pitcher fly-ball pressure modest,11.8,28.97,83.96,96.3521,0.3319,0.1524,0.2795,69.55,5.63,39.43,40.77,1.7,0.3372,5.69,36.12,87.94,0.3824,0.13,17.75,Out To LF,Open-Meteo forecast; MLB fallback,https://forecast.weather.gov/MapClick.php?lat=39.7559&lon=-104.9942,16,0,91,Coors Field,,,,,,,,,,,
167,694197,Angel Genao,CLE,DET,2026-09-04T18:10:00Z,In Progress,6,Keider Montero,672456,R,46.4,Longshot,Watch List,Platoon Edge,32.7,36.7,51.1,76.2,75.0,30.3,50.0,,Yes,No,7,Yes,Yes,MLB Stats API; RotoWire,RotoWire not confirmed; order MLB 6 vs RotoWire 7,H:2026 P:2026/2025,,,Direct BvP not yet weighted; 2026/2025 Statcast baseline active,7,4,20,1,"Last 7 games: 4/20, 1 HR","switch hitter; pitcher baseline 7.6% barrel, 14.6 HR allowed",neutral batted-ball profile; pitcher fly-ball pressure modest,5.6,52.1,91.4,100.5293,0.362,0.115,0.301,72.4,27.0,38.0,16.9,2.0,0.108,7.57,37.65,88.68,0.3998,0.1622,25.98,L To R,Open-Meteo forecast; MLB fallback,https://forecast.weather.gov/MapClick.php?lat=41.4962&lon=-81.6852,99,77,70,Progressive Field,,,,,,,,,,,
168,685133,Wade Meckler,LAA,PIT,2026-09-04T22:45:00Z,Pre-Game,3,Jared Jones,683003,R,46.3,Longshot,Watch List,"Premium Lineup Spot, Platoon Edge",12.1,42.0,60.3,96.6,80.0,40.7,50.0,,Yes,Yes,3,Yes,No,MLB Stats API; RotoWire,,H:2026 P:2026,,,Direct BvP not yet weighted; 2026/2025 Statcast baseline active,7,9,23,0,Contact streak: 9/23 over last 7 games,"platoon edge; pitcher baseline 8.0% barrel, 12.0 HR allowed",neutral batted-ball profile; pitcher fly-ball pressure modest,2.9,33.7,87.0,96.8287,0.357,0.098,0.313,68.9,2.2,34.9,18.3,3.0,0.089,8.0,40.0,89.9,0.392,0.167,27.5,Out To CF,Open-Meteo forecast; MLB fallback,https://forecast.weather.gov/MapClick.php?lat=40.4469&lon=-80.0057,91,68,70,PNC Park,,,,,,,,,,,
169,691594,Javier Sanoja,MIA,CHC,2026-09-04T23:10:00Z,Pre-Game,4,Shota Imanaga,684007,L,46.2,Longshot,Watch List,"Premium Lineup Spot, Platoon Edge",9.8,53.7,42.0,94.9,78.0,58.0,50.0,,Yes,Yes,4,Yes,No,MLB Stats API; RotoWire,,H:2026/2025 P:2026/2025,,,Direct BvP not yet weighted; 2026/2025 Statcast baseline active,7,10,26,1,Contact streak: 10/26 over last 7 games,"platoon edge; pitcher baseline 10.3% barrel, 32.4 HR allowed",neutral batted-ball profile; pitcher allows elevated contact,1.94,31.78,87.24,97.3266,0.3413,0.0802,0.2855,68.86,6.53,37.87,18.83,6.7,0.1446,10.34,38.32,89.23,0.4256,0.1926,35.3,None,Open-Meteo forecast; MLB fallback,https://forecast.weather.gov/MapClick.php?lat=25.7781&lon=-80.2197,87,20,82,loanDepot park,,,,,,,,,,,
170,807712,Luke Keaschall,MIN,CWS,2026-09-04T23:40:00Z,Pre-Game,1,Erick Fedde,607200,R,46.1,Longshot,Watch List,Premium Lineup Spot,13.8,47.0,62.5,93.2,50.0,53.9,50.0,,Yes,Yes,1,Yes,No,MLB Stats API; RotoWire,,H:2026/2025 P:2026/2025,,,Direct BvP not yet weighted; 2026/2025 Statcast baseline active,7,10,28,1,Contact streak: 10/28 over last 7 games,"same-side matchup; pitcher baseline 8.0% barrel, 21.1 HR allowed",neutral batted-ball profile; pitcher fly-ball pressure modest,4.15,30.29,85.78,96.932,0.3675,0.116,0.3191,68.64,7.52,38.05,27.32,7.5,0.1255,8.04,40.29,89.01,0.4449,0.1832,28.77,Out To LF,Open-Meteo forecast; MLB fallback,https://forecast.weather.gov/MapClick.php?lat=41.8300&lon=-87.6338,82,7,76,Rate Field,,,,,,,,,,,
171,665953,Andres Chaparro,WSH,LAD,2026-09-05T02:10:00Z,Scheduled,2,Blake Snell,605483,L,46.1,Longshot,Watch List,"Projected Lineup, Strong Barrel, Premium Lineup Spot, Platoon Edge",45.4,0.4,53.6,95.5,78.0,46.0,50.0,,No,No,2,Yes,Yes,RotoWire projected lineup; MLB probable pitchers,lineup projected / unconfirmed,H:2026/2025 P:2026/2025,,,Direct BvP not yet weighted; 2026/2025 Statcast baseline active,7,7,23,1,"Last 7 games: 7/23, 1 HR","platoon edge; pitcher baseline 2.9% barrel, 0.9 HR allowed",neutral batted-ball profile; pitcher fly-ball pressure modest,12.85,43.19,88.45,101.0182,0.416,0.1946,0.3252,74.14,43.21,49.64,25.74,6.6,0.1999,2.93,17.2,82.63,0.2394,0.0567,20.56,252 deg,Open-Meteo forecast; MLB fallback,https://forecast.weather.gov/MapClick.php?lat=34.0739&lon=-118.2400,56,0,79,UNIQLO Field at Dodger Stadium,,,,,,,,,,,
172,624641,Edmundo Sosa,PHI,ATL,2026-09-04T22:40:00Z,Pre-Game,6,Chris Sale,519242,L,46.0,Longshot,Watch List,"Platoon Edge, Hot Hitter/Streak",30.9,21.1,57.8,76.2,78.0,81.7,50.0,,Yes,Yes,6,Yes,No,MLB Stats API; RotoWire,,H:2026/2025 P:2026/2025,,,Direct BvP not yet weighted; 2026/2025 Statcast baseline active,7,8,19,2,Hot streak: 2 HR in last 7 games,"platoon edge; pitcher baseline 5.6% barrel, 8.9 HR allowed",neutral batted-ball profile; pitcher fly-ball pressure modest,7.14,39.26,87.7,99.9369,0.4386,0.1642,0.3243,72.37,26.17,40.61,21.01,8.2,0.172,5.6,34.42,87.55,0.3242,0.1073,26.04,R To L,Open-Meteo forecast; MLB fallback,https://forecast.weather.gov/MapClick.php?lat=39.9061&lon=-75.1665,80,5,80,Citizens Bank Park,,,,,,,,,,,
173,514888,Jose Altuve,HOU,AZ,2026-09-05T00:10:00Z,Pre-Game,4,Merrill Kelly,518876,R,45.9,Longshot,Watch List,Premium Lineup Spot,14.0,63.1,41.1,94.9,50.0,29.2,50.0,,Yes,Yes,4,Yes,No,MLB Stats API; RotoWire,,H:2026/2025 P:2026/2025,,,Direct BvP not yet weighted; 2026/2025 Statcast baseline active,7,5,26,1,"Last 7 games: 5/26, 1 HR","same-side matchup; pitcher baseline 11.3% barrel, 25.1 HR allowed",neutral batted-ball profile; pitcher fly-ball pressure modest,5.15,32.02,85.31,97.12,0.342,0.1169,0.2811,69.14,10.13,45.64,22.44,18.3,0.1602,11.26,43.15,90.2,0.5045,0.2195,26.57,None,NOAA link only,https://forecast.weather.gov/MapClick.php?lat=29.7573&lon=-95.3555,,,72,Daikin Park,,,,,,,,,,,
174,701538,Jackson Merrill,SD,NYY,2026-09-05T01:40:00Z,Pre-Game,5,Max Fried,608331,L,45.9,Longshot,Watch List,Strong Barrel,51.6,9.9,46.6,86.4,50.0,50.3,50.0,,Yes,Yes,5,Yes,No,MLB Stats API; RotoWire,,H:2026/2025 P:2026/2025,,,Direct BvP not yet weighted; 2026/2025 Statcast baseline active,7,9,27,1,Contact streak: 9/27 over last 7 games,"same-side matchup; pitcher baseline 3.3% barrel, 6.3 HR allowed",neutral batted-ball profile; pitcher fly-ball pressure modest,12.09,45.84,90.54,100.7979,0.4774,0.2165,0.3393,72.88,27.19,37.35,30.13,20.2,0.1818,3.26,32.72,86.36,0.2905,0.0823,22.81,L To R,Open-Meteo forecast; MLB fallback,https://forecast.weather.gov/MapClick.php?lat=32.7073&lon=-117.1573,69,0,75,Petco Park,,,,,,,,,,,
175,665877,Jose Fermin,STL,COL,2026-09-05T00:40:00Z,Pre-Game,1,Ryan Feltner,663372,R,45.8,Longshot,Watch List,"Projected Lineup, Good Environment, Premium Lineup Spot",10.2,43.9,90.2,88.7,50.0,19.5,50.0,,No,No,1,Yes,Yes,RotoWire projected lineup; MLB probable pitchers,lineup projected / unconfirmed,H:2026/2025 P:2026/2025,,,Direct BvP not yet weighted; 2026/2025 Statcast baseline active,7,7,28,0,"Last 7 games: 7/28, 0 HR","same-side matchup; pitcher baseline 8.6% barrel, 14.5 HR allowed",neutral batted-ball profile; pitcher fly-ball pressure modest,1.68,31.22,86.47,96.5599,0.3474,0.0913,0.304,68.07,3.09,48.25,25.29,4.5,0.1186,8.58,36.75,88.04,0.4407,0.1877,28.74,Out To LF,Open-Meteo forecast; MLB fallback,https://forecast.weather.gov/MapClick.php?lat=39.7559&lon=-104.9942,16,0,91,Coors Field,,,,,,,,,,,
176,691277,Deyvison De Los Santos,MIA,CHC,2026-09-04T23:10:00Z,Pre-Game,7,Shota Imanaga,684007,L,45.7,Longshot,Watch List,"Strong Barrel, Platoon Edge",26.2,53.7,42.0,64.3,78.0,32.0,50.0,,Yes,Yes,7,Yes,No,MLB Stats API; RotoWire,,H:2026 P:2026/2025,,,Direct BvP not yet weighted; 2026/2025 Statcast baseline active,5,3,9,0,Contact streak: 3/9 over last 5 games,"platoon edge; pitcher baseline 10.3% barrel, 32.4 HR allowed",neutral batted-ball profile; pitcher allows elevated contact,16.7,16.7,84.7,97.3158,0.296,0.095,0.214,73.2,40.0,50.0,16.7,0.0,0.111,10.34,38.32,89.23,0.4256,0.1926,35.3,None,Open-Meteo forecast; MLB fallback,https://forecast.weather.gov/MapClick.php?lat=25.7781&lon=-80.2197,87,20,82,loanDepot park,,,,,,,,,,,
177,701675,Nathan Church,STL,COL,2026-09-05T00:40:00Z,Pre-Game,7,Ryan Feltner,663372,R,45.6,Longshot,Watch List,"Projected Lineup, Good Environment, Platoon Edge",15.4,43.9,90.2,59.8,80.0,16.6,50.0,,No,No,7,Yes,Yes,RotoWire projected lineup; MLB probable pitchers,lineup projected / unconfirmed,H:2026/2025 P:2026/2025,,,Direct BvP not yet weighted; 2026/2025 Statcast baseline active,7,6,26,0,"Last 7 games: 6/26, 0 HR","platoon edge; pitcher baseline 8.6% barrel, 14.5 HR allowed",neutral batted-ball profile; pitcher fly-ball pressure modest,4.92,33.45,86.83,97.5666,0.335,0.1081,0.2722,69.53,8.41,34.08,21.74,7.3,0.1074,8.58,36.75,88.04,0.4407,0.1877,28.74,Out To LF,Open-Meteo forecast; MLB fallback,https://forecast.weather.gov/MapClick.php?lat=39.7559&lon=-104.9942,16,0,91,Coors Field,,,,,,,,,,,
178,596146,Max Kepler,AZ,HOU,2026-09-05T00:10:00Z,Pre-Game,7,Cristian Javier,664299,R,45.4,Longshot,Watch List,Platoon Edge,36.3,42.8,41.1,64.3,80.0,13.3,50.0,,Yes,,,No,Yes,MLB Stats API; RotoWire,not found on RotoWire,H:2026/2025 P:2026/2025,,,Direct BvP not yet weighted; 2026/2025 Statcast baseline active,7,5,24,0,"Last 7 games: 5/24, 0 HR","platoon edge; pitcher baseline 7.9% barrel, 6.5 HR allowed",neutral batted-ball profile; pitcher allows elevated contact,9.22,41.97,89.61,99.9734,0.3751,0.151,0.2935,71.58,16.0,42.9,31.26,6.8,0.1246,7.9,36.83,89.67,0.4187,0.1684,37.82,None,NOAA link only,https://forecast.weather.gov/MapClick.php?lat=29.7573&lon=-95.3555,,,72,Daikin Park,,,,,,,,,,,
179,669224,Austin Wells,NYY,SD,2026-09-05T01:40:00Z,Pre-Game,9,Walker Buehler,621111,R,45.4,Longshot,Watch List,"Projected Lineup, Platoon Edge",36.4,41.9,46.6,40.2,80.0,68.7,50.0,,No,No,9,Yes,Yes,RotoWire projected lineup; MLB probable pitchers,lineup projected / unconfirmed,H:2026/2025 P:2026/2025,,,Direct BvP not yet weighted; 2026/2025 Statcast baseline active,7,6,18,2,Hot streak: 2 HR in last 7 games,"platoon edge; pitcher baseline 8.6% barrel, 18.5 HR allowed",neutral batted-ball profile; pitcher fly-ball pressure modest,7.89,43.38,89.69,100.672,0.371,0.157,0.293,72.91,27.6,46.03,32.79,13.3,0.154,8.59,38.08,88.88,0.4115,0.1603,23.16,L To R,Open-Meteo forecast; MLB fallback,https://forecast.weather.gov/MapClick.php?lat=32.7073&lon=-117.1573,69,0,75,Petco Park,,,,,,,,,,,
180,701162,Ben Malgeri,DET,CLE,2026-09-04T23:15:00Z,Scheduled,6,Foster Griffin,656492,L,45.3,Longshot,Watch List,"Projected Lineup, Platoon Edge",25.5,44.9,51.1,71.7,78.0,22.0,50.0,,No,No,8,Yes,Yes,RotoWire projected lineup; MLB probable pitchers,lineup projected / unconfirmed; order MLB 6 vs RotoWire 8,H:2026 P:2026,,,Direct BvP not yet weighted; 2026/2025 Statcast baseline active,7,4,15,0,"Last 7 games: 4/15, 0 HR","platoon edge; pitcher baseline 9.3% barrel, 23.0 HR allowed",neutral batted-ball profile; pitcher fly-ball pressure modest,5.5,43.6,90.1,100.3722,0.347,0.109,0.315,68.8,4.1,38.2,25.5,3.0,0.141,9.3,38.1,88.3,0.418,0.165,26.8,120 deg,Open-Meteo forecast; MLB fallback,https://forecast.weather.gov/MapClick.php?lat=41.4962&lon=-81.6852,99,77,70,Progressive Field,,,,,,,,,,,
181,668227,Randy Arozarena,SEA,ATH,2026-09-05T02:10:00Z,Scheduled,1,Kade Morris,695034,R,45.3,Longshot,Watch List,"Projected Lineup, Premium Lineup Spot",40.0,23.6,39.4,88.7,50.0,61.5,50.0,,No,No,1,Yes,Yes,RotoWire projected lineup; MLB probable pitchers,lineup projected / unconfirmed,H:2026/2025 P:2026,,,Direct BvP not yet weighted; 2026/2025 Statcast baseline active,7,8,28,2,Hot streak: 2 HR in last 7 games,"same-side matchup; pitcher baseline 5.3% barrel, 4.0 HR allowed",neutral batted-ball profile; pitcher fly-ball pressure modest,9.05,44.37,90.88,100.9839,0.4205,0.1711,0.3424,71.39,25.15,34.82,24.52,23.5,0.1922,5.3,43.9,87.7,0.359,0.096,21.1,303 deg,Open-Meteo forecast; MLB fallback,https://forecast.weather.gov/MapClick.php?lat=47.5914&lon=-122.3325,62,12,65,T-Mobile Park,,,,,,,,,,,
182,672275,Patrick Bailey,CLE,DET,2026-09-04T23:15:00Z,Scheduled,8,Andrew Sears,808825,L,45.2,Longshot,Watch List,"Projected Lineup, Platoon Edge",32.2,42.4,51.1,47.9,75.0,62.8,50.0,,No,Yes,8,Yes,Yes,RotoWire projected lineup; MLB probable pitchers,lineup projected / unconfirmed,H:2026/2025 P:2026,,,Direct BvP not yet weighted; 2026/2025 Statcast baseline active,7,5,12,1,Contact streak: 5/12 over last 7 games,"switch hitter; pitcher baseline 8.7% barrel, 1.0 HR allowed",neutral batted-ball profile; pitcher allows elevated contact,6.79,40.39,89.88,99.6936,0.3834,0.1496,0.2976,72.55,27.46,34.04,26.83,7.4,0.1191,8.7,30.4,89.9,0.445,0.189,34.8,120 deg,Open-Meteo forecast; MLB fallback,https://forecast.weather.gov/MapClick.php?lat=41.4962&lon=-81.6852,99,77,70,Progressive Field,,,,,,,,,,,
183,693304,Nick Gonzales,PIT,LAA,2026-09-04T22:45:00Z,Pre-Game,4,Ryan Johnson,696270,R,45.2,Longshot,Watch List,"Projected Lineup, Premium Lineup Spot",16.0,47.7,60.3,90.4,50.0,33.9,50.0,,No,No,4,Yes,Yes,RotoWire projected lineup; MLB probable pitchers,lineup projected / unconfirmed,H:2026/2025 P:2026/2025,,,Direct BvP not yet weighted; 2026/2025 Statcast baseline active,7,9,26,0,Contact streak: 9/26 over last 7 games,"same-side matchup; pitcher baseline 9.8% barrel, 12.4 HR allowed",neutral batted-ball profile; pitcher allows elevated contact,3.45,35.58,86.91,98.1511,0.382,0.1063,0.3169,70.71,12.52,37.08,20.98,5.7,0.0915,9.83,37.12,87.82,0.4423,0.1854,33.81,Out To CF,Open-Meteo forecast; MLB fallback,https://forecast.weather.gov/MapClick.php?lat=40.4469&lon=-80.0057,91,68,70,PNC Park,,,,,,,,,,,
184,686765,Nick Sogard,BOS,BAL,2026-09-04T23:05:00Z,Pre-Game,5,Shane Baz,669358,R,45.2,Longshot,Watch List,Platoon Edge,16.2,37.5,54.6,86.4,75.0,66.7,50.0,,Yes,Yes,5,Yes,No,MLB Stats API; RotoWire,,H:2026/2025 P:2026/2025,,,Direct BvP not yet weighted; 2026/2025 Statcast baseline active,7,8,25,2,Hot streak: 2 HR in last 7 games,"switch hitter; pitcher baseline 7.3% barrel, 15.5 HR allowed",neutral batted-ball profile; pitcher fly-ball pressure modest,5.32,31.34,86.49,97.0814,0.3694,0.1163,0.3174,68.78,3.26,46.22,23.39,2.8,0.1309,7.33,40.94,89.84,0.3874,0.1434,25.22,L To R,Open-Meteo forecast; MLB fallback,https://forecast.weather.gov/MapClick.php?lat=39.2840&lon=-76.6217,64,0,86,Oriole Park at Camden Yards,,,,,,,,,,,
185,677649,Ezequiel Duran,TEX,TB,2026-09-05T00:05:00Z,Pre-Game,5,Nick Martinez,607259,R,45.2,Longshot,Watch List,No major boost,20.9,35.6,61.6,86.4,50.0,66.7,50.0,,Yes,Yes,5,Yes,No,MLB Stats API; RotoWire,,H:2026/2025 P:2026/2025,,,Direct BvP not yet weighted; 2026/2025 Statcast baseline active,7,8,25,2,Hot streak: 2 HR in last 7 games,"same-side matchup; pitcher baseline 7.0% barrel, 19.2 HR allowed",neutral batted-ball profile; pitcher fly-ball pressure modest,5.26,35.59,87.75,98.9124,0.3524,0.1174,0.2876,72.34,24.73,36.01,22.35,11.2,0.1453,7.0,33.8,87.46,0.4233,0.1537,28.82,None,Open-Meteo forecast; MLB fallback,https://forecast.weather.gov/MapClick.php?lat=32.7473&lon=-97.0842,56,5,89,Globe Life Field,,,,,,,,,,,
186,669242,Tommy Edman,LAD,WSH,2026-09-05T02:10:00Z,Scheduled,2,Jackson Kent,800600,L,45.2,Longshot,Watch List,"Projected Lineup, Premium Lineup Spot, Platoon Edge",23.3,30.6,53.6,95.5,75.0,30.4,50.0,,No,No,2,Yes,Yes,RotoWire projected lineup; MLB probable pitchers,lineup projected / unconfirmed,H:2026/2025 P:2026,,,Direct BvP not yet weighted; 2026/2025 Statcast baseline active,7,10,31,0,Contact streak: 10/31 over last 7 games,"switch hitter; pitcher baseline 7.1% barrel, 1.0 HR allowed",neutral batted-ball profile; pitcher fly-ball pressure modest,5.41,36.96,88.3,99.3048,0.3844,0.1181,0.3203,70.52,12.53,41.83,27.41,7.4,0.1395,7.1,42.9,86.8,0.399,0.147,16.1,252 deg,Open-Meteo forecast; MLB fallback,https://forecast.weather.gov/MapClick.php?lat=34.0739&lon=-118.2400,56,0,79,UNIQLO Field at Dodger Stadium,,,,,,,,,,,
187,677594,Julio Rodriguez,SEA,ATH,2026-09-05T02:10:00Z,Scheduled,3,Kade Morris,695034,R,45.2,Longshot,Watch List,"Projected Lineup, Premium Lineup Spot",46.1,23.6,39.4,92.1,50.0,12.0,50.0,,No,No,3,Yes,Yes,RotoWire projected lineup; MLB probable pitchers,lineup projected / unconfirmed,H:2026/2025 P:2026,,,Direct BvP not yet weighted; 2026/2025 Statcast baseline active,7,6,30,0,"Last 7 games: 6/30, 0 HR","same-side matchup; pitcher baseline 5.3% barrel, 4.0 HR allowed",neutral batted-ball profile; pitcher fly-ball pressure modest,9.45,44.71,90.54,102.6936,0.4566,0.1901,0.3398,76.68,67.2,38.07,26.19,23.6,0.172,5.3,43.9,87.7,0.359,0.096,21.1,303 deg,Open-Meteo forecast; MLB fallback,https://forecast.weather.gov/MapClick.php?lat=47.5914&lon=-122.3325,62,12,65,T-Mobile Park,,,,,,,,,,,
188,643446,Jeff McNeil,ATH,SEA,2026-09-05T02:10:00Z,Scheduled,2,Logan Gilbert,669302,R,45.1,Longshot,Watch List,"Projected Lineup, Premium Lineup Spot, Platoon Edge",12.6,47.6,39.4,95.5,80.0,48.7,50.0,,No,No,2,Yes,Yes,RotoWire projected lineup; MLB probable pitchers,lineup projected / unconfirmed,H:2026/2025 P:2026/2025,,,Direct BvP not yet weighted; 2026/2025 Statcast baseline active,7,10,31,1,Contact streak: 10/31 over last 7 games,"platoon edge; pitcher baseline 9.4% barrel, 21.4 HR allowed",neutral batted-ball profile; pitcher fly-ball pressure modest,2.86,30.8,86.78,96.5701,0.3775,0.1034,0.3146,69.37,5.79,43.7,23.82,8.5,0.1211,9.44,41.21,89.96,0.3831,0.1589,28.54,303 deg,Open-Meteo forecast; MLB fallback,https://forecast.weather.gov/MapClick.php?lat=47.5914&lon=-122.3325,62,12,65,T-Mobile Park,,,,,,,,,,,
189,683002,Gunnar Henderson,BAL,BOS,2026-09-04T23:05:00Z,Pre-Game,5,Ranger Suarez,624133,L,45.0,Longshot,Watch List,No major boost,37.0,19.0,54.6,86.4,50.0,57.8,50.0,,Yes,Yes,5,Yes,No,MLB Stats API; RotoWire,,H:2026/2025 P:2026/2025,,,Direct BvP not yet weighted; 2026/2025 Statcast baseline active,7,6,23,2,Hot streak: 2 HR in last 7 games,"same-side matchup; pitcher baseline 5.2% barrel, 9.8 HR allowed",neutral batted-ball profile; pitcher fly-ball pressure modest,7.55,45.28,90.28,101.2986,0.404,0.1511,0.3242,74.6,46.75,40.87,23.03,20.5,0.1752,5.22,32.43,86.57,0.3545,0.1124,23.54,L To R,Open-Meteo forecast; MLB fallback,https://forecast.weather.gov/MapClick.php?lat=39.2840&lon=-76.6217,64,0,86,Oriole Park at Camden Yards,,,,,,,,,,,
190,681393,Connor Norby,COL,STL,2026-09-05T00:40:00Z,Pre-Game,6,Andre Pallante,669467,R,45.0,Longshot,Watch List,Good Environment,27.8,26.5,90.2,76.2,50.0,8.8,50.0,,Yes,Yes,6,Yes,No,MLB Stats API; RotoWire,,H:2026/2025 P:2026/2025,,,Direct BvP not yet weighted; 2026/2025 Statcast baseline active,7,5,28,0,"Last 7 games: 5/28, 0 HR","same-side matchup; pitcher baseline 5.7% barrel, 13.3 HR allowed",neutral batted-ball profile; pitcher fly-ball pressure modest,7.51,36.68,87.39,98.1487,0.3617,0.1452,0.2979,70.21,8.2,41.19,34.44,6.6,0.1317,5.69,36.12,87.94,0.3824,0.13,17.75,Out To LF,Open-Meteo forecast; MLB fallback,https://forecast.weather.gov/MapClick.php?lat=39.7559&lon=-104.9942,16,0,91,Coors Field,,,,,,,,,,,
191,701807,Carson Benge,NYM,SF,2026-09-04T23:10:00Z,Pre-Game,5,Matt Wilkinson,683363,L,44.7,Longshot,Watch List,No major boost,31.9,39.1,46.3,86.4,50.0,15.3,50.0,,Yes,Yes,5,Yes,No,MLB Stats API; RotoWire,,H:2026 P:2026,,,Direct BvP not yet weighted; 2026/2025 Statcast baseline active,7,6,27,0,"Last 7 games: 6/27, 0 HR","same-side matchup; pitcher baseline 5.1% barrel, 1.0 HR allowed",neutral batted-ball profile; pitcher allows elevated contact,7.3,39.2,88.7,99.6781,0.434,0.155,0.338,71.0,17.2,32.5,27.1,16.0,0.142,5.1,48.7,89.6,0.426,0.175,30.8,L To R,Open-Meteo forecast; MLB fallback,https://forecast.weather.gov/MapClick.php?lat=40.7571&lon=-73.8458,75,5,80,Citi Field,,,,,,,,,,,
192,664728,Kyle Isbel,KC,TOR,2026-09-05T00:10:00Z,Pre-Game,9,Jameson Taillon,592791,R,44.7,Longshot,Watch List,"Good Environment, Platoon Edge",12.9,66.1,71.2,44.8,80.0,8.1,50.0,,Yes,Yes,9,Yes,No,MLB Stats API; RotoWire,,H:2026/2025 P:2026/2025,,,Direct BvP not yet weighted; 2026/2025 Statcast baseline active,7,4,23,0,"Last 7 games: 4/23, 0 HR","platoon edge; pitcher baseline 12.7% barrel, 25.4 HR allowed",neutral batted-ball profile; pitcher allows elevated contact,2.65,34.56,88.36,98.9723,0.3096,0.0819,0.2622,71.1,13.76,33.09,19.78,5.4,0.1127,12.65,38.58,88.72,0.4947,0.2432,36.47,Out To LF,Open-Meteo forecast; MLB fallback,https://forecast.weather.gov/MapClick.php?lat=39.0517&lon=-94.4803,41,0,94,Kauffman Stadium,,,,,,,,,,,
193,607208,Trea Turner,PHI,ATL,2026-09-04T22:40:00Z,Pre-Game,2,Chris Sale,519242,L,44.6,Longshot,Watch List,"Premium Lineup Spot, Platoon Edge",26.8,21.1,57.8,100.0,78.0,12.0,50.0,,Yes,Yes,2,Yes,No,MLB Stats API; RotoWire,,H:2026/2025 P:2026/2025,,,Direct BvP not yet weighted; 2026/2025 Statcast baseline active,7,6,30,0,"Last 7 games: 6/30, 0 HR","platoon edge; pitcher baseline 5.6% barrel, 8.9 HR allowed",neutral batted-ball profile; pitcher fly-ball pressure modest,6.15,40.14,88.6,99.2554,0.3778,0.1274,0.3007,71.45,18.86,35.31,25.27,16.4,0.1418,5.6,34.42,87.55,0.3242,0.1073,26.04,R To L,Open-Meteo forecast; MLB fallback,https://forecast.weather.gov/MapClick.php?lat=39.9061&lon=-75.1665,80,5,80,Citizens Bank Park,,,,,,,,,,,
194,664761,Alec Bohm,PHI,ATL,2026-09-04T22:40:00Z,Pre-Game,5,Chris Sale,519242,L,44.6,Longshot,Watch List,Platoon Edge,31.9,21.1,57.8,86.4,78.0,19.5,50.0,,Yes,Yes,5,Yes,No,MLB Stats API; RotoWire,,H:2026/2025 P:2026/2025,,,Direct BvP not yet weighted; 2026/2025 Statcast baseline active,7,6,24,0,"Last 7 games: 6/24, 0 HR","platoon edge; pitcher baseline 5.6% barrel, 8.9 HR allowed",neutral batted-ball profile; pitcher fly-ball pressure modest,5.85,43.74,90.59,100.3036,0.4081,0.1446,0.3219,71.21,14.56,28.7,22.79,13.1,0.1318,5.6,34.42,87.55,0.3242,0.1073,26.04,R To L,Open-Meteo forecast; MLB fallback,https://forecast.weather.gov/MapClick.php?lat=39.9061&lon=-75.1665,80,5,80,Citizens Bank Park,,,,,,,,,,,
195,672275,Patrick Bailey,CLE,DET,2026-09-04T18:10:00Z,In Progress,8,Keider Montero,672456,R,44.5,Longshot,Watch List,Platoon Edge,32.2,36.7,51.1,52.4,75.0,62.8,50.0,,Yes,Yes,8,Yes,No,MLB Stats API; RotoWire,,H:2026/2025 P:2026/2025,,,Direct BvP not yet weighted; 2026/2025 Statcast baseline active,7,5,12,1,Contact streak: 5/12 over last 7 games,"switch hitter; pitcher baseline 7.6% barrel, 14.6 HR allowed",neutral batted-ball profile; pitcher fly-ball pressure modest,6.79,40.39,89.88,99.6936,0.3834,0.1496,0.2976,72.55,27.46,34.04,26.83,7.4,0.1191,7.57,37.65,88.68,0.3998,0.1622,25.98,L To R,Open-Meteo forecast; MLB fallback,https://forecast.weather.gov/MapClick.php?lat=41.4962&lon=-81.6852,99,77,70,Progressive Field,,,,,,,,,,,
196,695681,Christian Moore,LAA,PIT,2026-09-04T22:45:00Z,Pre-Game,6,Jared Jones,683003,R,44.3,Longshot,Watch List,No major boost,27.3,42.0,60.3,76.2,50.0,12.0,50.0,,Yes,Yes,6,Yes,No,MLB Stats API; RotoWire,,H:2026/2025 P:2026,,,Direct BvP not yet weighted; 2026/2025 Statcast baseline active,7,5,25,0,"Last 7 games: 5/25, 0 HR","same-side matchup; pitcher baseline 8.0% barrel, 12.0 HR allowed",neutral batted-ball profile; pitcher fly-ball pressure modest,9.28,35.39,88.41,98.9506,0.3065,0.1133,0.2568,72.35,26.27,23.7,28.97,2.8,0.1321,8.0,40.0,89.9,0.392,0.167,27.5,Out To CF,Open-Meteo forecast; MLB fallback,https://forecast.weather.gov/MapClick.php?lat=40.4469&lon=-80.0057,91,68,70,PNC Park,,,,,,,,,,,
197,671976,Tristan Peters,CWS,MIN,2026-09-04T23:40:00Z,Pre-Game,7,Zebby Matthews,805673,R,44.1,Longshot,Watch List,Platoon Edge,15.2,52.7,62.5,64.3,80.0,12.0,50.0,,Yes,Yes,7,Yes,No,MLB Stats API; RotoWire,,H:2026/2025 P:2026/2025,,,Direct BvP not yet weighted; 2026/2025 Statcast baseline active,7,4,20,0,"Last 7 games: 4/20, 0 HR","platoon edge; pitcher baseline 10.5% barrel, 16.9 HR allowed",neutral batted-ball profile; pitcher fly-ball pressure modest,4.13,35.24,87.29,98.1212,0.3334,0.1106,0.267,69.23,5.6,41.7,20.02,8.4,0.1316,10.46,40.83,90.18,0.4351,0.1753,26.75,Out To LF,Open-Meteo forecast; MLB fallback,https://forecast.weather.gov/MapClick.php?lat=41.8300&lon=-87.6338,82,7,76,Rate Field,,,,,,,,,,,
198,645277,Ozzie Albies,ATL,PHI,2026-09-04T22:40:00Z,Pre-Game,3,Cristopher Sánchez,650911,L,43.8,Longshot,Watch List,"Premium Lineup Spot, Platoon Edge",16.5,29.7,57.8,96.6,75.0,34.9,50.0,,Yes,Yes,3,Yes,No,MLB Stats API; RotoWire,,H:2026/2025 P:2026/2025,,,Direct BvP not yet weighted; 2026/2025 Statcast baseline active,7,6,26,1,"Last 7 games: 6/26, 1 HR","switch hitter; pitcher baseline 6.7% barrel, 13.4 HR allowed",neutral batted-ball profile; pitcher fly-ball pressure modest,4.34,28.74,87.15,96.6781,0.36,0.124,0.2899,68.86,5.67,46.28,31.97,19.5,0.1502,6.68,41.2,89.21,0.3513,0.1186,16.06,R To L,Open-Meteo forecast; MLB fallback,https://forecast.weather.gov/MapClick.php?lat=39.9061&lon=-75.1665,80,5,80,Citizens Bank Park,,,,,,,,,,,
199,806198,Cooper Pratt,MIL,CIN,2026-09-04T22:10:00Z,Pre-Game,8,Rhett Lowder,695076,R,43.7,Longshot,Watch List,Good Environment,13.4,51.4,77.3,52.4,50.0,61.7,50.0,,Yes,Yes,8,Yes,No,MLB Stats API; RotoWire,,H:2026 P:2026,,,Direct BvP not yet weighted; 2026/2025 Statcast baseline active,7,9,22,1,Contact streak: 9/22 over last 7 games,"same-side matchup; pitcher baseline 9.6% barrel, 16.0 HR allowed",neutral batted-ball profile; pitcher fly-ball pressure modest,3.7,28.5,87.1,96.8125,0.365,0.102,0.315,70.2,9.6,33.6,25.5,3.0,0.096,9.6,37.8,90.1,0.458,0.19,28.5,Out To LF,Open-Meteo forecast; MLB fallback,https://forecast.weather.gov/MapClick.php?lat=39.0979&lon=-84.5082,56,3,88,Great American Ball Park,,,,,,,,,,,
200,694374,Tim Tawa,AZ,HOU,2026-09-05T00:10:00Z,Pre-Game,8,Cristian Javier,664299,R,43.7,Longshot,Watch List,Strong Barrel,41.1,42.8,41.1,52.4,50.0,29.2,50.0,,Yes,,,No,Yes,MLB Stats API; RotoWire,not found on RotoWire,H:2026/2025 P:2026/2025,,,Direct BvP not yet weighted; 2026/2025 Statcast baseline active,7,5,26,1,"Last 7 games: 5/26, 1 HR","same-side matchup; pitcher baseline 7.9% barrel, 6.5 HR allowed",neutral batted-ball profile; pitcher allows elevated contact,10.0,44.27,90.46,100.9195,0.3932,0.162,0.3026,73.73,35.86,40.1,26.75,8.4,0.1516,7.9,36.83,89.67,0.4187,0.1684,37.82,None,NOAA link only,https://forecast.weather.gov/MapClick.php?lat=29.7573&lon=-95.3555,,,72,Daikin Park,,,,,,,,,,,
201,657041,Lane Thomas,ATL,NYM,2026-09-04T22:40:00Z,Pre-Game,5,Cristopher Sánchez,650911,L,43.6,Longshot,Watch List,Platoon Edge,25.2,31.2,57.8,86.4,78.0,12.0,32.5,55.0,Yes,Yes,5,Yes,No,MLB Stats API; RotoWire,,H:2026/2025 P:2026/2025,,,Direct BvP not yet weighted; 2026/2025 Statcast baseline active,7,3,15,0,"Last 7 games: 3/15, 0 HR","platoon edge; pitcher baseline 6.7% barrel, 13.4 HR allowed",neutral batted-ball profile; pitcher fly-ball pressure modest,5.92,38.23,88.99,99.5281,0.3406,0.1215,0.2927,72.63,24.52,42.05,24.74,8.9,0.147,6.68,41.2,89.21,0.3513,0.1186,16.06,R To L,Open-Meteo forecast; MLB fallback,https://forecast.weather.gov/MapClick.php?lat=39.9061&lon=-75.1665,80,5,80,Citizens Bank Park,,13.3,0.21,92,3,62,25,3,4.17,1,Moderate RHH sheet line
202,806367,Turner Hill,SF,NYM,2026-09-04T23:10:00Z,Pre-Game,4,Nolan McLean,690997,R,43.4,Longshot,Watch List,"Premium Lineup Spot, Platoon Edge",21.7,28.4,46.3,94.9,80.0,29.7,50.0,,Yes,Yes,4,Yes,No,MLB Stats API; RotoWire,,H:2026 P:2026/2025,,,Direct BvP not yet weighted; 2026/2025 Statcast baseline active,7,7,22,0,"Last 7 games: 7/22, 0 HR","platoon edge; pitcher baseline 6.8% barrel, 11.7 HR allowed",neutral batted-ball profile; pitcher fly-ball pressure modest,5.0,37.5,88.8,97.9306,0.42,0.133,0.365,65.7,0.0,52.5,20.0,0.0,0.114,6.81,37.94,88.31,0.3415,0.1232,21.84,L To R,Open-Meteo forecast; MLB fallback,https://forecast.weather.gov/MapClick.php?lat=40.7571&lon=-73.8458,75,5,80,Citi Field,,,,,,,,,,,
203,543760,Marcus Semien,NYM,SF,2026-09-04T23:10:00Z,Pre-Game,6,Matt Wilkinson,683363,L,43.4,Longshot,Watch List,Platoon Edge,22.9,39.1,46.3,76.2,78.0,27.0,50.0,,Yes,Yes,6,Yes,No,MLB Stats API; RotoWire,,H:2026/2025 P:2026,,,Direct BvP not yet weighted; 2026/2025 Statcast baseline active,7,6,20,0,"Last 7 games: 6/20, 0 HR","platoon edge; pitcher baseline 5.1% barrel, 1.0 HR allowed",neutral batted-ball profile; pitcher allows elevated contact,6.31,33.39,86.97,97.3653,0.388,0.1418,0.3103,68.5,3.2,47.54,31.23,14.3,0.1312,5.1,48.7,89.6,0.426,0.175,30.8,L To R,Open-Meteo forecast; MLB fallback,https://forecast.weather.gov/MapClick.php?lat=40.7571&lon=-73.8458,75,5,80,Citi Field,,,,,,,,,,,
204,641680,Jonah Heim,ATH,SEA,2026-09-05T02:10:00Z,Scheduled,7,Logan Gilbert,669302,R,43.4,Longshot,Watch List,"Projected Lineup, Platoon Edge",24.3,45.7,39.4,59.8,75.0,59.1,50.0,,No,No,7,Yes,Yes,RotoWire projected lineup; MLB probable pitchers,lineup projected / unconfirmed,H:2026/2025 P:2026/2025,,,Direct BvP not yet weighted; 2026/2025 Statcast baseline active,7,7,26,2,Hot streak: 2 HR in last 7 games,"switch hitter; pitcher baseline 9.4% barrel, 21.4 HR allowed",neutral batted-ball profile; pitcher fly-ball pressure modest,6.59,34.01,87.96,97.9255,0.3677,0.141,0.2886,69.77,9.17,40.49,28.04,12.4,0.1631,9.44,41.21,89.96,0.3831,0.1589,28.54,303 deg,Open-Meteo forecast; MLB fallback,https://forecast.weather.gov/MapClick.php?lat=47.5914&lon=-122.3325,62,12,65,T-Mobile Park,,,,,,,,,,,
205,691858,Jared Serna,MIA,CHC,2026-09-04T23:10:00Z,Pre-Game,8,Shota Imanaga,684007,L,43.3,Longshot,Watch List,Platoon Edge,23.9,53.7,42.0,52.4,78.0,32.0,50.0,,Yes,Yes,8,Yes,No,MLB Stats API; RotoWire,,H:2026 P:2026/2025,,,Direct BvP not yet weighted; 2026/2025 Statcast baseline active,2,1,3,0,Contact streak: 1/3 over last 2 games,"platoon edge; pitcher baseline 10.3% barrel, 32.4 HR allowed",neutral batted-ball profile; pitcher allows elevated contact,0.0,75.0,89.7,103.7131,0.182,0.017,0.328,69.1,0.0,50.0,0.0,0.0,0.0,10.34,38.32,89.23,0.4256,0.1926,35.3,None,Open-Meteo forecast; MLB fallback,https://forecast.weather.gov/MapClick.php?lat=25.7781&lon=-80.2197,87,20,82,loanDepot park,,,,,,,,,,,
206,666126,Carlos Cortes,ATH,SEA,2026-09-05T02:10:00Z,Scheduled,8,Logan Gilbert,669302,R,43.2,Longshot,Watch List,"Projected Lineup, Platoon Edge",28.9,47.6,39.4,47.9,80.0,43.2,50.0,,No,No,8,Yes,Yes,RotoWire projected lineup; MLB probable pitchers,lineup projected / unconfirmed,H:2026/2025 P:2026/2025,,,Direct BvP not yet weighted; 2026/2025 Statcast baseline active,7,6,21,1,"Last 7 games: 6/21, 1 HR","platoon edge; pitcher baseline 9.4% barrel, 21.4 HR allowed",neutral batted-ball profile; pitcher fly-ball pressure modest,7.17,38.96,89.03,99.4919,0.3947,0.1427,0.3091,70.76,14.62,30.62,22.38,6.8,0.1682,9.44,41.21,89.96,0.3831,0.1589,28.54,303 deg,Open-Meteo forecast; MLB fallback,https://forecast.weather.gov/MapClick.php?lat=47.5914&lon=-122.3325,62,12,65,T-Mobile Park,,,,,,,,,,,
207,665923,Esteury Ruiz,MIA,CHC,2026-09-04T23:10:00Z,Pre-Game,6,Shota Imanaga,684007,L,42.9,Longshot,Watch List,Platoon Edge,16.3,53.7,42.0,76.2,78.0,3.4,50.0,,Yes,Yes,6,Yes,No,MLB Stats API; RotoWire,,H:2026/2025 P:2026/2025,,,Direct BvP not yet weighted; 2026/2025 Statcast baseline active,7,2,14,0,"Last 7 games: 2/14, 0 HR","platoon edge; pitcher baseline 10.3% barrel, 32.4 HR allowed",neutral batted-ball profile; pitcher allows elevated contact,7.56,26.53,84.16,96.0998,0.3167,0.1351,0.2805,71.24,17.61,43.89,25.9,4.5,0.1668,10.34,38.32,89.23,0.4256,0.1926,35.3,None,Open-Meteo forecast; MLB fallback,https://forecast.weather.gov/MapClick.php?lat=25.7781&lon=-80.2197,87,20,82,loanDepot park,,,,,,,,,,,
208,691781,Brady House,WSH,LAD,2026-09-05T02:10:00Z,Scheduled,5,Blake Snell,605483,L,42.9,Longshot,Watch List,"Projected Lineup, Platoon Edge",41.0,0.4,53.6,81.9,78.0,48.1,50.0,,No,No,5,Yes,Yes,RotoWire projected lineup; MLB probable pitchers,lineup projected / unconfirmed,H:2026/2025 P:2026/2025,,,Direct BvP not yet weighted; 2026/2025 Statcast baseline active,7,7,22,1,"Last 7 games: 7/22, 1 HR","platoon edge; pitcher baseline 2.9% barrel, 0.9 HR allowed",neutral batted-ball profile; pitcher fly-ball pressure modest,8.85,47.56,90.01,101.8002,0.4232,0.1637,0.319,73.24,30.74,32.19,26.63,8.2,0.1405,2.93,17.2,82.63,0.2394,0.0567,20.56,252 deg,Open-Meteo forecast; MLB fallback,https://forecast.weather.gov/MapClick.php?lat=34.0739&lon=-118.2400,56,0,79,UNIQLO Field at Dodger Stadium,,,,,,,,,,,
209,666152,David Hamilton,MIL,CIN,2026-09-04T22:10:00Z,Pre-Game,9,Rhett Lowder,695076,R,42.5,Longshot,Watch List,"Good Environment, Platoon Edge",11.4,51.4,77.3,44.8,80.0,24.0,50.0,,Yes,Yes,9,Yes,No,MLB Stats API; RotoWire,,H:2026/2025 P:2026,,,Direct BvP not yet weighted; 2026/2025 Statcast baseline active,7,7,25,0,"Last 7 games: 7/25, 0 HR","platoon edge; pitcher baseline 9.6% barrel, 16.0 HR allowed",neutral batted-ball profile; pitcher fly-ball pressure modest,4.18,28.15,86.95,96.9411,0.3141,0.0953,0.2712,69.73,6.73,35.18,24.97,4.6,0.1035,9.6,37.8,90.1,0.458,0.19,28.5,Out To LF,Open-Meteo forecast; MLB fallback,https://forecast.weather.gov/MapClick.php?lat=39.0979&lon=-84.5082,56,3,88,Great American Ball Park,,,,,,,,,,,
210,701785,Kaelen Culpepper,MIN,CWS,2026-09-04T23:40:00Z,Pre-Game,8,Erick Fedde,607200,R,42.5,Longshot,Watch List,No major boost,23.6,47.0,62.5,52.4,50.0,34.9,50.0,,Yes,Yes,8,Yes,No,MLB Stats API; RotoWire,,H:2026 P:2026/2025,,,Direct BvP not yet weighted; 2026/2025 Statcast baseline active,7,6,26,1,"Last 7 games: 6/26, 1 HR","same-side matchup; pitcher baseline 8.0% barrel, 21.1 HR allowed",neutral batted-ball profile; pitcher fly-ball pressure modest,4.9,32.3,87.4,98.0062,0.401,0.15,0.312,73.4,35.3,38.7,25.8,3.0,0.163,8.04,40.29,89.01,0.4449,0.1832,28.77,Out To LF,Open-Meteo forecast; MLB fallback,https://forecast.weather.gov/MapClick.php?lat=41.8300&lon=-87.6338,82,7,76,Rate Field,,,,,,,,,,,
211,686611,Dylan Crews,WSH,LAD,2026-09-05T02:10:00Z,Scheduled,3,Blake Snell,605483,L,42.4,Longshot,Watch List,"Projected Lineup, Premium Lineup Spot, Platoon Edge",39.6,0.4,53.6,92.1,78.0,18.2,50.0,,No,No,3,Yes,Yes,RotoWire projected lineup; MLB probable pitchers,lineup projected / unconfirmed,H:2026/2025 P:2026/2025,,,Direct BvP not yet weighted; 2026/2025 Statcast baseline active,7,7,29,0,"Last 7 games: 7/29, 0 HR","platoon edge; pitcher baseline 2.9% barrel, 0.9 HR allowed",neutral batted-ball profile; pitcher fly-ball pressure modest,9.38,41.85,90.12,101.0137,0.4021,0.1671,0.3098,73.9,38.35,34.29,27.21,10.0,0.1412,2.93,17.2,82.63,0.2394,0.0567,20.56,252 deg,Open-Meteo forecast; MLB fallback,https://forecast.weather.gov/MapClick.php?lat=34.0739&lon=-118.2400,56,0,79,UNIQLO Field at Dodger Stadium,,,,,,,,,,,
212,672695,Geraldo Perdomo,AZ,HOU,2026-09-05T00:10:00Z,Pre-Game,1,Cristian Javier,664299,R,42.3,Longshot,Watch List,"Premium Lineup Spot, Platoon Edge",14.2,42.2,41.1,93.2,75.0,18.0,50.0,,Yes,,,No,Yes,MLB Stats API; RotoWire,not found on RotoWire,H:2026/2025 P:2026/2025,,,Direct BvP not yet weighted; 2026/2025 Statcast baseline active,7,6,25,0,"Last 7 games: 6/25, 0 HR","switch hitter; pitcher baseline 7.9% barrel, 6.5 HR allowed",neutral batted-ball profile; pitcher allows elevated contact,3.82,31.13,87.53,96.7645,0.3715,0.1068,0.3371,67.43,2.29,42.96,25.38,12.3,0.1328,7.9,36.83,89.67,0.4187,0.1684,37.82,None,NOAA link only,https://forecast.weather.gov/MapClick.php?lat=29.7573&lon=-95.3555,,,72,Daikin Park,,,,,,,,,,,
213,664774,LaMonte Wade Jr.,HOU,AZ,2026-09-05T00:10:00Z,Pre-Game,9,Merrill Kelly,518876,R,42.3,Longshot,Watch List,Platoon Edge,18.1,63.1,41.1,44.8,80.0,25.3,50.0,,Yes,Yes,9,Yes,No,MLB Stats API; RotoWire,,H:2026/2025 P:2026/2025,,,Direct BvP not yet weighted; 2026/2025 Statcast baseline active,7,2,12,1,"Last 7 games: 2/12, 1 HR","platoon edge; pitcher baseline 11.3% barrel, 25.1 HR allowed",neutral batted-ball profile; pitcher fly-ball pressure modest,4.15,34.74,87.95,98.3202,0.307,0.1111,0.281,70.84,7.38,39.1,29.92,2.7,0.1185,11.26,43.15,90.2,0.5045,0.2195,26.57,None,NOAA link only,https://forecast.weather.gov/MapClick.php?lat=29.7573&lon=-95.3555,,,72,Daikin Park,,,,,,,,,,,
214,807727,Charles McAdoo,TOR,KC,2026-09-05T00:10:00Z,Pre-Game,6,Daniel Lynch IV,663738,L,42.3,Longshot,Watch List,"Projected Lineup, Good Environment, Platoon Edge",17.3,35.0,71.2,71.7,78.0,3.4,50.0,,No,No,6,Yes,Yes,RotoWire projected lineup; MLB probable pitchers,lineup projected / unconfirmed,H:2026 P:2026/2025,,,Direct BvP not yet weighted; 2026/2025 Statcast baseline active,7,3,21,0,"Last 7 games: 3/21, 0 HR","platoon edge; pitcher baseline 7.0% barrel, 5.9 HR allowed",neutral batted-ball profile; pitcher fly-ball pressure modest,5.5,30.9,85.9,97.1288,0.333,0.106,0.269,73.6,36.2,20.0,27.3,2.0,0.108,7.05,39.14,88.6,0.4021,0.1557,25.84,Out To LF,Open-Meteo forecast; MLB fallback,https://forecast.weather.gov/MapClick.php?lat=39.0517&lon=-94.4803,41,0,94,Kauffman Stadium,,,,,,,,,,,
215,622268,Donovan Walton,ATH,SEA,2026-09-05T02:10:00Z,Scheduled,6,Logan Gilbert,669302,R,42.3,Longshot,Watch List,"Projected Lineup, Platoon Edge",17.0,47.6,39.4,71.7,80.0,32.5,50.0,,No,No,6,Yes,Yes,RotoWire projected lineup; MLB probable pitchers,lineup projected / unconfirmed,H:2026/2025 P:2026/2025,,,Direct BvP not yet weighted; 2026/2025 Statcast baseline active,7,3,14,1,"Last 7 games: 3/14, 1 HR","platoon edge; pitcher baseline 9.4% barrel, 21.4 HR allowed",neutral batted-ball profile; pitcher fly-ball pressure modest,3.5,35.4,89.1,97.6859,0.3709,0.1075,0.3174,67.85,0.42,37.0,21.39,3.5,0.1204,9.44,41.21,89.96,0.3831,0.1589,28.54,303 deg,Open-Meteo forecast; MLB fallback,https://forecast.weather.gov/MapClick.php?lat=47.5914&lon=-122.3325,62,12,65,T-Mobile Park,,,,,,,,,,,
216,695720,Tommy White,ATH,SEA,2026-09-05T02:10:00Z,Scheduled,5,Logan Gilbert,669302,R,42.2,Longshot,Watch List,Projected Lineup,21.7,47.6,39.4,81.9,50.0,21.1,50.0,,No,No,5,Yes,Yes,RotoWire projected lineup; MLB probable pitchers,lineup projected / unconfirmed,H:2026 P:2026/2025,,,Direct BvP not yet weighted; 2026/2025 Statcast baseline active,7,6,23,0,"Last 7 games: 6/23, 0 HR","same-side matchup; pitcher baseline 9.4% barrel, 21.4 HR allowed",neutral batted-ball profile; pitcher fly-ball pressure modest,8.1,32.3,85.8,97.1776,0.392,0.126,0.298,69.4,13.3,27.4,24.2,2.0,0.074,9.44,41.21,89.96,0.3831,0.1589,28.54,303 deg,Open-Meteo forecast; MLB fallback,https://forecast.weather.gov/MapClick.php?lat=47.5914&lon=-122.3325,62,12,65,T-Mobile Park,,,,,,,,,,,
217,596115,Trevor Story,BOS,BAL,2026-09-04T23:05:00Z,Pre-Game,8,Shane Baz,669358,R,41.9,Longshot,Watch List,No major boost,27.6,39.1,54.6,52.4,50.0,58.0,50.0,,Yes,Yes,8,Yes,No,MLB Stats API; RotoWire,,H:2026/2025 P:2026/2025,,,Direct BvP not yet weighted; 2026/2025 Statcast baseline active,7,10,26,1,Contact streak: 10/26 over last 7 games,"same-side matchup; pitcher baseline 7.3% barrel, 15.5 HR allowed",neutral batted-ball profile; pitcher fly-ball pressure modest,6.4,42.24,89.3,100.0151,0.3489,0.1254,0.2683,71.1,14.24,42.79,24.32,9.6,0.128,7.33,40.94,89.84,0.3874,0.1434,25.22,L To R,Open-Meteo forecast; MLB fallback,https://forecast.weather.gov/MapClick.php?lat=39.2840&lon=-76.6217,64,0,86,Oriole Park at Camden Yards,,,,,,,,,,,
218,666624,Christopher Morel,NYM,SF,2026-09-04T23:10:00Z,Pre-Game,7,Matt Wilkinson,683363,L,41.9,Longshot,Watch List,Platoon Edge,25.8,39.1,46.3,64.3,78.0,14.1,50.0,,Yes,Yes,7,Yes,No,MLB Stats API; RotoWire,,H:2026/2025 P:2026,,,Direct BvP not yet weighted; 2026/2025 Statcast baseline active,7,3,14,0,"Last 7 games: 3/14, 0 HR","platoon edge; pitcher baseline 5.1% barrel, 1.0 HR allowed",neutral batted-ball profile; pitcher allows elevated contact,5.84,42.35,88.65,100.9682,0.2856,0.0957,0.2438,76.14,61.1,53.71,26.92,3.3,0.0783,5.1,48.7,89.6,0.426,0.175,30.8,L To R,Open-Meteo forecast; MLB fallback,https://forecast.weather.gov/MapClick.php?lat=40.7571&lon=-73.8458,75,5,80,Citi Field,,,,,,,,,,,
219,699393,Pedro Ramírez,CHC,MIA,2026-09-04T23:10:00Z,Pre-Game,7,Janson Junk,676083,R,41.9,Longshot,Watch List,Platoon Edge,22.8,41.2,42.0,64.3,75.0,39.5,50.0,,Yes,Yes,7,Yes,No,MLB Stats API; RotoWire,,H:2026 P:2026/2025,,,Direct BvP not yet weighted; 2026/2025 Statcast baseline active,7,6,23,1,"Last 7 games: 6/23, 1 HR","switch hitter; pitcher baseline 7.6% barrel, 10.8 HR allowed",neutral batted-ball profile; pitcher fly-ball pressure modest,4.3,41.8,89.2,99.6931,0.363,0.102,0.304,72.2,22.3,41.8,21.3,4.0,0.149,7.59,41.91,90.55,0.4236,0.1592,23.01,None,Open-Meteo forecast; MLB fallback,https://forecast.weather.gov/MapClick.php?lat=25.7781&lon=-80.2197,87,20,82,loanDepot park,,,,,,,,,,,
220,687551,Drew Gilbert,SF,NYM,2026-09-04T23:10:00Z,Pre-Game,1,Nolan McLean,690997,R,41.8,Longshot,Watch List,"Premium Lineup Spot, Platoon Edge",19.2,28.4,46.3,93.2,80.0,18.3,50.0,,Yes,Yes,1,Yes,No,MLB Stats API; RotoWire,,H:2026/2025 P:2026/2025,,,Direct BvP not yet weighted; 2026/2025 Statcast baseline active,7,2,18,1,"Last 7 games: 2/18, 1 HR","platoon edge; pitcher baseline 6.8% barrel, 11.7 HR allowed",neutral batted-ball profile; pitcher fly-ball pressure modest,5.18,35.52,86.6,98.1654,0.3717,0.1293,0.3099,70.45,9.99,41.47,20.04,6.5,0.1474,6.81,37.94,88.31,0.3415,0.1232,21.84,L To R,Open-Meteo forecast; MLB fallback,https://forecast.weather.gov/MapClick.php?lat=40.7571&lon=-73.8458,75,5,80,Citi Field,,,,,,,,,,,
221,689414,Liam Hicks,TB,TEX,2026-09-05T00:05:00Z,Pre-Game,4,Trevor Williams,592866,R,41.7,Longshot,Watch List,"Projected Lineup, Premium Lineup Spot, Platoon Edge",8.5,31.0,61.6,90.4,80.0,34.2,50.0,,No,No,4,Yes,Yes,RotoWire projected lineup; MLB probable pitchers,lineup projected / unconfirmed,H:2026/2025 P:2026/2025,,,Direct BvP not yet weighted; 2026/2025 Statcast baseline active,7,8,23,0,Contact streak: 8/23 over last 7 games,"platoon edge; pitcher baseline 8.3% barrel, 5.4 HR allowed",neutral batted-ball profile; pitcher fly-ball pressure modest,3.81,27.77,84.88,96.2406,0.3521,0.1004,0.315,68.03,3.79,41.68,24.43,13.7,0.1382,8.29,35.1,87.69,0.3699,0.1244,26.3,None,Open-Meteo forecast; MLB fallback,https://forecast.weather.gov/MapClick.php?lat=32.7473&lon=-97.0842,56,5,89,Globe Life Field,,,,,,,,,,,
222,640459,Brian Navarreto,MIA,CHC,2026-09-04T23:10:00Z,Pre-Game,9,Shota Imanaga,684007,L,41.6,Longshot,Watch List,"Strong Barrel, Platoon Edge",26.9,53.7,42.0,44.8,78.0,0.0,50.0,,Yes,Yes,9,Yes,No,MLB Stats API; RotoWire,,H:2026/2025 P:2026/2025,,,Direct BvP not yet weighted; 2026/2025 Statcast baseline active,7,1,11,0,"Last 7 games: 1/11, 0 HR","platoon edge; pitcher baseline 10.3% barrel, 32.4 HR allowed",neutral batted-ball profile; pitcher allows elevated contact,12.33,32.05,87.14,96.7789,0.2664,0.1106,0.2192,73.0,24.64,56.13,19.65,1.0,0.1736,10.34,38.32,89.23,0.4256,0.1926,35.3,None,Open-Meteo forecast; MLB fallback,https://forecast.weather.gov/MapClick.php?lat=25.7781&lon=-80.2197,87,20,82,loanDepot park,,,,,,,,,,,
223,656775,Cedric Mullins,TB,TEX,2026-09-05T00:05:00Z,Pre-Game,7,Trevor Williams,592866,R,41.5,Longshot,Watch List,"Projected Lineup, Platoon Edge",21.1,31.0,61.6,59.8,80.0,39.8,50.0,,No,No,7,Yes,Yes,RotoWire projected lineup; MLB probable pitchers,lineup projected / unconfirmed,H:2026/2025 P:2026/2025,,,Direct BvP not yet weighted; 2026/2025 Statcast baseline active,7,5,19,1,"Last 7 games: 5/19, 1 HR","platoon edge; pitcher baseline 8.3% barrel, 5.4 HR allowed",neutral batted-ball profile; pitcher fly-ball pressure modest,4.94,33.38,88.17,97.9313,0.3206,0.1271,0.2708,70.96,9.57,45.39,32.43,14.9,0.1547,8.29,35.1,87.69,0.3699,0.1244,26.3,None,Open-Meteo forecast; MLB fallback,https://forecast.weather.gov/MapClick.php?lat=32.7473&lon=-97.0842,56,5,89,Globe Life Field,,,,,,,,,,,
224,592663,J.T. Realmuto,PHI,ATL,2026-09-04T22:40:00Z,Pre-Game,8,Chris Sale,519242,L,41.3,Longshot,Watch List,Platoon Edge,31.9,21.1,57.8,52.4,78.0,48.7,50.0,,Yes,Yes,8,Yes,No,MLB Stats API; RotoWire,,H:2026/2025 P:2026/2025,,,Direct BvP not yet weighted; 2026/2025 Statcast baseline active,7,5,25,2,Hot streak: 2 HR in last 7 games,"platoon edge; pitcher baseline 5.6% barrel, 8.9 HR allowed",neutral batted-ball profile; pitcher fly-ball pressure modest,6.21,42.21,89.79,100.2296,0.4012,0.1433,0.3216,72.77,31.1,42.23,25.59,10.6,0.1319,5.6,34.42,87.55,0.3242,0.1073,26.04,R To L,Open-Meteo forecast; MLB fallback,https://forecast.weather.gov/MapClick.php?lat=39.9061&lon=-75.1665,80,5,80,Citizens Bank Park,,,,,,,,,,,
225,806146,George Lombard,NYY,SD,2026-09-05T01:40:00Z,Pre-Game,5,Walker Buehler,621111,R,41.2,Longshot,Watch List,Projected Lineup,20.6,41.9,46.6,81.9,50.0,13.3,50.0,,No,No,5,Yes,Yes,RotoWire projected lineup; MLB probable pitchers,lineup projected / unconfirmed,H:2026 P:2026/2025,,,Direct BvP not yet weighted; 2026/2025 Statcast baseline active,7,5,24,0,"Last 7 games: 5/24, 0 HR","same-side matchup; pitcher baseline 8.6% barrel, 18.5 HR allowed",neutral batted-ball profile; pitcher fly-ball pressure modest,7.3,35.7,85.9,97.8328,0.354,0.109,0.295,71.9,18.2,33.9,21.4,2.0,0.114,8.59,38.08,88.88,0.4115,0.1603,23.16,L To R,Open-Meteo forecast; MLB fallback,https://forecast.weather.gov/MapClick.php?lat=32.7073&lon=-117.1573,69,0,75,Petco Park,,,,,,,,,,,
226,694497,Evan Carter,TEX,TB,2026-09-05T00:05:00Z,Pre-Game,7,Nick Martinez,607259,R,41.1,Longshot,Watch List,Platoon Edge,20.5,35.6,61.6,64.3,80.0,0.0,50.0,,Yes,Yes,7,Yes,No,MLB Stats API; RotoWire,,H:2026/2025 P:2026/2025,,,Direct BvP not yet weighted; 2026/2025 Statcast baseline active,7,2,17,0,"Last 7 games: 2/17, 0 HR","platoon edge; pitcher baseline 7.0% barrel, 19.2 HR allowed",neutral batted-ball profile; pitcher fly-ball pressure modest,5.34,35.44,87.54,98.6407,0.3285,0.1176,0.287,71.02,17.79,38.77,28.26,7.1,0.1324,7.0,33.8,87.46,0.4233,0.1537,28.82,None,Open-Meteo forecast; MLB fallback,https://forecast.weather.gov/MapClick.php?lat=32.7473&lon=-97.0842,56,5,89,Globe Life Field,,,,,,,,,,,
227,608348,Carson Kelly,CHC,MIA,2026-09-04T23:10:00Z,Pre-Game,9,Janson Junk,676083,R,40.8,Longshot,Watch List,Hot Hitter/Streak,27.2,42.4,42.0,44.8,50.0,79.0,50.0,,Yes,Yes,9,Yes,No,MLB Stats API; RotoWire,,H:2026/2025 P:2026/2025,,,Direct BvP not yet weighted; 2026/2025 Statcast baseline active,7,7,25,3,Hot streak: 3 HR in last 7 games,"same-side matchup; pitcher baseline 7.6% barrel, 10.8 HR allowed",neutral batted-ball profile; pitcher fly-ball pressure modest,6.73,37.64,87.75,98.7438,0.3893,0.1484,0.3168,70.68,8.33,40.83,26.48,12.1,0.1447,7.59,41.91,90.55,0.4236,0.1592,23.01,None,Open-Meteo forecast; MLB fallback,https://forecast.weather.gov/MapClick.php?lat=25.7781&lon=-80.2197,87,20,82,loanDepot park,,,,,,,,,,,
228,553869,Elias Díaz,TEX,TB,2026-09-05T00:05:00Z,Pre-Game,9,Nick Martinez,607259,R,40.5,Longshot,Watch List,No major boost,31.7,35.6,61.6,44.8,50.0,21.5,50.0,,Yes,Yes,9,Yes,No,MLB Stats API; RotoWire,,H:2026/2025 P:2026/2025,,,Direct BvP not yet weighted; 2026/2025 Statcast baseline active,7,5,19,0,"Last 7 games: 5/19, 0 HR","same-side matchup; pitcher baseline 7.0% barrel, 19.2 HR allowed",neutral batted-ball profile; pitcher fly-ball pressure modest,8.72,39.19,87.84,100.3191,0.3606,0.1411,0.275,74.27,43.02,37.72,27.31,6.9,0.1529,7.0,33.8,87.46,0.4233,0.1537,28.82,None,Open-Meteo forecast; MLB fallback,https://forecast.weather.gov/MapClick.php?lat=32.7473&lon=-97.0842,56,5,89,Globe Life Field,,,,,,,,,,,
229,683953,Travis Bazzana,CLE,DET,2026-09-04T18:10:00Z,In Progress,7,Keider Montero,672456,R,40.4,Longshot,Watch List,Platoon Edge,18.7,38.2,51.1,64.3,80.0,15.3,50.0,,Yes,Yes,7,Yes,No,MLB Stats API; RotoWire,,H:2026 P:2026/2025,,,Direct BvP not yet weighted; 2026/2025 Statcast baseline active,7,4,18,0,"Last 7 games: 4/18, 0 HR","platoon edge; pitcher baseline 7.6% barrel, 14.6 HR allowed",neutral batted-ball profile; pitcher fly-ball pressure modest,4.5,36.1,87.7,98.3562,0.336,0.114,0.296,69.5,12.1,38.3,27.9,9.0,0.126,7.57,37.65,88.68,0.3998,0.1622,25.98,L To R,Open-Meteo forecast; MLB fallback,https://forecast.weather.gov/MapClick.php?lat=41.4962&lon=-81.6852,99,77,70,Progressive Field,,,,,,,,,,,
230,703601,Max Clark,DET,CLE,2026-09-04T18:10:00Z,In Progress,8,Logan Allen,671106,L,40.3,Longshot,Watch List,No major boost,17.4,50.6,51.1,52.4,50.0,45.0,50.0,,Yes,No,9,Yes,Yes,MLB Stats API; RotoWire,RotoWire not confirmed; order MLB 8 vs RotoWire 9,H:2026 P:2026/2025,,,Direct BvP not yet weighted; 2026/2025 Statcast baseline active,7,9,20,0,Contact streak: 9/20 over last 7 games,"same-side matchup; pitcher baseline 10.5% barrel, 7.5 HR allowed",neutral batted-ball profile; pitcher allows elevated contact,1.2,39.0,86.7,98.1954,0.368,0.09,0.316,73.4,28.5,35.4,25.6,2.0,0.181,10.5,41.7,89.16,0.4035,0.1775,35.96,L To R,Open-Meteo forecast; MLB fallback,https://forecast.weather.gov/MapClick.php?lat=41.4962&lon=-81.6852,99,77,70,Progressive Field,,,,,,,,,,,
231,805367,Chase Meidroth,CWS,MIN,2026-09-04T23:40:00Z,Pre-Game,8,Zebby Matthews,805673,R,39.8,Longshot,Watch List,No major boost,11.8,52.7,62.5,52.4,50.0,28.2,50.0,,Yes,Yes,8,Yes,No,MLB Stats API; RotoWire,,H:2026/2025 P:2026/2025,,,Direct BvP not yet weighted; 2026/2025 Statcast baseline active,7,8,26,0,"Last 7 games: 8/26, 0 HR","same-side matchup; pitcher baseline 10.5% barrel, 16.9 HR allowed",neutral batted-ball profile; pitcher fly-ball pressure modest,3.42,34.7,87.57,97.2878,0.3344,0.0933,0.2958,67.12,1.25,38.47,19.98,9.9,0.109,10.46,40.83,90.18,0.4351,0.1753,26.75,Out To LF,Open-Meteo forecast; MLB fallback,https://forecast.weather.gov/MapClick.php?lat=41.8300&lon=-87.6338,82,7,76,Rate Field,,,,,,,,,,,
232,680757,Steven Kwan,CLE,DET,2026-09-04T18:10:00Z,In Progress,1,Keider Montero,672456,R,39.4,Longshot,Watch List,"Premium Lineup Spot, Platoon Edge",2.5,38.2,51.1,93.2,80.0,15.3,50.0,,Yes,No,1,Yes,Yes,MLB Stats API; RotoWire,RotoWire not confirmed,H:2026/2025 P:2026/2025,,,Direct BvP not yet weighted; 2026/2025 Statcast baseline active,7,6,27,0,"Last 7 games: 6/27, 0 HR","platoon edge; pitcher baseline 7.6% barrel, 14.6 HR allowed",neutral batted-ball profile; pitcher fly-ball pressure modest,0.92,12.44,84.52,92.6412,0.3436,0.072,0.3184,62.8,0.31,28.58,23.09,4.7,0.0712,7.57,37.65,88.68,0.3998,0.1622,25.98,L To R,Open-Meteo forecast; MLB fallback,https://forecast.weather.gov/MapClick.php?lat=41.4962&lon=-81.6852,99,77,70,Progressive Field,,,,,,,,,,,
233,805805,Walker Jenkins,MIN,CWS,2026-09-04T23:40:00Z,Pre-Game,9,Erick Fedde,607200,R,39.3,Longshot,Watch List,Platoon Edge,10.9,47.0,62.5,44.8,80.0,22.8,50.0,,Yes,Yes,9,Yes,No,MLB Stats API; RotoWire,,H:2026 P:2026/2025,,,Direct BvP not yet weighted; 2026/2025 Statcast baseline active,6,3,20,1,"Last 6 games: 3/20, 1 HR","platoon edge; pitcher baseline 8.0% barrel, 21.1 HR allowed",neutral batted-ball profile; pitcher fly-ball pressure modest,6.3,25.0,83.2,94.8595,0.255,0.1,0.262,72.3,20.9,50.0,25.0,1.0,0.2,8.04,40.29,89.01,0.4449,0.1832,28.77,Out To LF,Open-Meteo forecast; MLB fallback,https://forecast.weather.gov/MapClick.php?lat=41.8300&lon=-87.6338,82,7,76,Rate Field,,,,,,,,,,,
234,695670,Harry Ford,WSH,LAD,2026-09-05T02:10:00Z,Scheduled,6,Blake Snell,605483,L,39.2,Longshot,Watch List,"Projected Lineup, Strong Barrel, Platoon Edge",37.2,0.4,53.6,71.7,78.0,26.4,50.0,,No,No,6,Yes,Yes,RotoWire projected lineup; MLB probable pitchers,lineup projected / unconfirmed,H:2026/2025 P:2026/2025,,,Direct BvP not yet weighted; 2026/2025 Statcast baseline active,7,4,23,1,"Last 7 games: 4/23, 1 HR","platoon edge; pitcher baseline 2.9% barrel, 0.9 HR allowed",fly-ball profile; pitcher fly-ball pressure modest,14.08,36.14,86.62,98.6186,0.3399,0.1612,0.2751,69.48,5.42,32.56,38.8,2.1,0.1309,2.93,17.2,82.63,0.2394,0.0567,20.56,252 deg,Open-Meteo forecast; MLB fallback,https://forecast.weather.gov/MapClick.php?lat=34.0739&lon=-118.2400,56,0,79,UNIQLO Field at Dodger Stadium,,,,,,,,,,,
235,703520,Brett Bateman,TOR,KC,2026-09-05T00:10:00Z,Pre-Game,1,Daniel Lynch IV,663738,L,39.0,Longshot,Watch List,"Projected Lineup, Good Environment, Premium Lineup Spot",1.4,35.0,71.2,88.7,50.0,32.0,50.0,,No,No,1,Yes,Yes,RotoWire projected lineup; MLB probable pitchers,lineup projected / unconfirmed,H:2026 P:2026/2025,,,Direct BvP not yet weighted; 2026/2025 Statcast baseline active,7,9,27,0,Contact streak: 9/27 over last 7 games,"same-side matchup; pitcher baseline 7.0% barrel, 5.9 HR allowed",neutral batted-ball profile; pitcher fly-ball pressure modest,0.0,15.3,83.6,93.9361,0.286,0.048,0.27,68.4,3.0,29.2,9.7,0.0,0.066,7.05,39.14,88.6,0.4021,0.1557,25.84,Out To LF,Open-Meteo forecast; MLB fallback,https://forecast.weather.gov/MapClick.php?lat=39.0517&lon=-94.4803,41,0,94,Kauffman Stadium,,,,,,,,,,,
236,656537,Derek Hill,PHI,STL,2026-09-04T22:40:00Z,Pre-Game,9,Chris Sale,519242,L,38.7,Longshot,Watch List,"Strong Barrel, Platoon Edge",35.0,21.1,57.8,44.8,78.0,36.5,12.2,46.0,Yes,Yes,9,Yes,No,MLB Stats API; RotoWire,,H:2026/2025 P:2026/2025,,,Direct BvP not yet weighted; 2026/2025 Statcast baseline active,7,4,11,0,Contact streak: 4/11 over last 7 games,"platoon edge; pitcher baseline 5.6% barrel, 8.9 HR allowed",neutral batted-ball profile; pitcher fly-ball pressure modest,10.08,37.92,89.52,99.7467,0.3817,0.1563,0.2908,71.97,20.08,35.63,23.97,7.2,0.1561,5.6,34.42,87.55,0.3242,0.1073,26.04,R To L,Open-Meteo forecast; MLB fallback,https://forecast.weather.gov/MapClick.php?lat=39.9061&lon=-75.1665,80,5,80,Citizens Bank Park,,11.8,0.097,85,1,31,40,6,2.9,4,PA% only; weak HR profile
237,678545,Osleivis Basabe,SF,NYM,2026-09-04T23:10:00Z,Pre-Game,7,Nolan McLean,690997,R,38.7,Longshot,Watch List,No major boost,29.4,28.4,46.3,64.3,50.0,21.8,50.0,,Yes,Yes,7,Yes,No,MLB Stats API; RotoWire,,H:2026 P:2026/2025,,,Direct BvP not yet weighted; 2026/2025 Statcast baseline active,7,2,14,1,"Last 7 games: 2/14, 1 HR","same-side matchup; pitcher baseline 6.8% barrel, 11.7 HR allowed",neutral batted-ball profile; pitcher fly-ball pressure modest,7.7,36.7,87.9,98.8312,0.367,0.132,0.286,73.4,31.4,40.5,32.9,4.0,0.147,6.81,37.94,88.31,0.3415,0.1232,21.84,L To R,Open-Meteo forecast; MLB fallback,https://forecast.weather.gov/MapClick.php?lat=40.7571&lon=-73.8458,75,5,80,Citi Field,,,,,,,,,,,
238,647304,Josh Naylor,SEA,ATH,2026-09-05T02:10:00Z,Scheduled,5,Kade Morris,695034,R,38.7,Longshot,Watch List,"Projected Lineup, Platoon Edge",22.8,23.6,39.4,81.9,80.0,7.0,50.0,,No,No,5,Yes,Yes,RotoWire projected lineup; MLB probable pitchers,lineup projected / unconfirmed,H:2026/2025 P:2026,,,Direct BvP not yet weighted; 2026/2025 Statcast baseline active,7,5,30,0,"Last 7 games: 5/30, 0 HR","platoon edge; pitcher baseline 5.3% barrel, 4.0 HR allowed",neutral batted-ball profile; pitcher fly-ball pressure modest,5.16,37.56,87.8,99.0443,0.3977,0.1296,0.318,70.41,11.82,41.99,22.71,13.0,0.1173,5.3,43.9,87.7,0.359,0.096,21.1,303 deg,Open-Meteo forecast; MLB fallback,https://forecast.weather.gov/MapClick.php?lat=47.5914&lon=-122.3325,62,12,65,T-Mobile Park,,,,,,,,,,,
239,571448,Nolan Arenado,AZ,HOU,2026-09-05T00:10:00Z,Pre-Game,6,Cristian Javier,664299,R,38.6,Longshot,Watch List,No major boost,17.2,42.8,41.1,76.2,50.0,9.8,50.0,,Yes,,,No,Yes,MLB Stats API; RotoWire,not found on RotoWire,H:2026/2025 P:2026/2025,,,Direct BvP not yet weighted; 2026/2025 Statcast baseline active,7,5,27,0,"Last 7 games: 5/27, 0 HR","same-side matchup; pitcher baseline 7.9% barrel, 6.5 HR allowed",neutral batted-ball profile; pitcher allows elevated contact,5.54,31.27,85.4,96.8636,0.3485,0.1206,0.2855,71.33,15.75,46.23,27.93,18.3,0.1736,7.9,36.83,89.67,0.4187,0.1684,37.82,None,NOAA link only,https://forecast.weather.gov/MapClick.php?lat=29.7573&lon=-95.3555,,,72,Daikin Park,,,,,,,,,,,
240,682928,CJ Abrams,WSH,LAD,2026-09-05T02:10:00Z,Scheduled,4,Blake Snell,605483,L,38.6,Longshot,Watch List,"Projected Lineup, Premium Lineup Spot",38.1,0.4,53.6,90.4,50.0,0.0,50.0,,No,No,4,Yes,Yes,RotoWire projected lineup; MLB probable pitchers,lineup projected / unconfirmed,H:2026/2025 P:2026/2025,,,Direct BvP not yet weighted; 2026/2025 Statcast baseline active,7,3,28,0,"Last 7 games: 3/28, 0 HR","same-side matchup; pitcher baseline 2.9% barrel, 0.9 HR allowed",neutral batted-ball profile; pitcher fly-ball pressure modest,9.07,40.39,89.26,99.8111,0.4178,0.1735,0.3223,72.82,27.47,43.87,29.01,26.0,0.2173,2.93,17.2,82.63,0.2394,0.0567,20.56,252 deg,Open-Meteo forecast; MLB fallback,https://forecast.weather.gov/MapClick.php?lat=34.0739&lon=-118.2400,56,0,79,UNIQLO Field at Dodger Stadium,,,,,,,,,,,
241,643289,Mauricio Dubón,ATL,PHI,2026-09-04T22:40:00Z,Pre-Game,6,Cristopher Sánchez,650911,L,38.5,Longshot,Watch List,Platoon Edge,9.9,31.2,57.8,76.2,78.0,15.3,50.0,,Yes,Yes,6,Yes,No,MLB Stats API; RotoWire,,H:2026/2025 P:2026/2025,,,Direct BvP not yet weighted; 2026/2025 Statcast baseline active,7,6,27,0,"Last 7 games: 6/27, 0 HR","platoon edge; pitcher baseline 6.7% barrel, 13.4 HR allowed",neutral batted-ball profile; pitcher fly-ball pressure modest,2.95,28.54,85.9,96.2201,0.3611,0.1001,0.2962,68.87,4.03,31.47,25.44,9.1,0.1161,6.68,41.2,89.21,0.3513,0.1186,16.06,R To L,Open-Meteo forecast; MLB fallback,https://forecast.weather.gov/MapClick.php?lat=39.9061&lon=-75.1665,80,5,80,Citizens Bank Park,,,,,,,,,,,
242,595879,Javier Báez,DET,CLE,2026-09-04T18:10:00Z,In Progress,9,Logan Allen,671106,L,38.4,Longshot,Watch List,Platoon Edge,14.0,50.6,51.1,44.8,78.0,5.7,50.0,,Yes,Yes,9,Yes,No,MLB Stats API; RotoWire,,H:2026/2025 P:2026/2025,,,Direct BvP not yet weighted; 2026/2025 Statcast baseline active,7,3,19,0,"Last 7 games: 3/19, 0 HR","platoon edge; pitcher baseline 10.5% barrel, 7.5 HR allowed",neutral batted-ball profile; pitcher allows elevated contact,3.26,36.05,86.38,97.9834,0.3296,0.0884,0.2675,73.36,32.9,42.6,21.0,5.0,0.1245,10.5,41.7,89.16,0.4035,0.1775,35.96,L To R,Open-Meteo forecast; MLB fallback,https://forecast.weather.gov/MapClick.php?lat=41.4962&lon=-81.6852,99,77,70,Progressive Field,,,,,,,,,,,
243,683953,Travis Bazzana,CLE,DET,2026-09-04T23:15:00Z,Scheduled,7,Andrew Sears,808825,L,38.4,Longshot,Watch List,Projected Lineup,18.7,42.5,51.1,59.8,50.0,15.3,50.0,,No,Yes,7,Yes,Yes,RotoWire projected lineup; MLB probable pitchers,lineup projected / unconfirmed,H:2026 P:2026,,,Direct BvP not yet weighted; 2026/2025 Statcast baseline active,7,4,18,0,"Last 7 games: 4/18, 0 HR","same-side matchup; pitcher baseline 8.7% barrel, 1.0 HR allowed",neutral batted-ball profile; pitcher allows elevated contact,4.5,36.1,87.7,98.3562,0.336,0.114,0.296,69.5,12.1,38.3,27.9,9.0,0.126,8.7,30.4,89.9,0.445,0.189,34.8,120 deg,Open-Meteo forecast; MLB fallback,https://forecast.weather.gov/MapClick.php?lat=41.4962&lon=-81.6852,99,77,70,Progressive Field,,,,,,,,,,,
244,808982,Jung Hoo Lee,SF,NYM,2026-09-04T23:10:00Z,Pre-Game,5,Nolan McLean,690997,R,38.4,Longshot,Watch List,Platoon Edge,12.5,28.4,46.3,86.4,80.0,10.8,50.0,,Yes,Yes,5,Yes,No,MLB Stats API; RotoWire,,H:2026/2025 P:2026/2025,,,Direct BvP not yet weighted; 2026/2025 Statcast baseline active,7,5,26,0,"Last 7 games: 5/26, 0 HR","platoon edge; pitcher baseline 6.8% barrel, 11.7 HR allowed",neutral batted-ball profile; pitcher fly-ball pressure modest,2.86,31.16,87.38,96.8686,0.3843,0.0982,0.3189,68.37,3.54,37.83,22.59,8.7,0.1333,6.81,37.94,88.31,0.3415,0.1232,21.84,L To R,Open-Meteo forecast; MLB fallback,https://forecast.weather.gov/MapClick.php?lat=40.7571&lon=-73.8458,75,5,80,Citi Field,,,,,,,,,,,
245,500743,Miguel Rojas,LAD,WSH,2026-09-05T02:10:00Z,Scheduled,7,Jackson Kent,800600,L,38.4,Longshot,Watch List,"Projected Lineup, Platoon Edge",17.1,30.7,53.6,59.8,78.0,28.2,50.0,,No,No,7,Yes,Yes,RotoWire projected lineup; MLB probable pitchers,lineup projected / unconfirmed,H:2026/2025 P:2026,,,Direct BvP not yet weighted; 2026/2025 Statcast baseline active,7,4,13,0,"Last 7 games: 4/13, 0 HR","platoon edge; pitcher baseline 7.1% barrel, 1.0 HR allowed",neutral batted-ball profile; pitcher fly-ball pressure modest,4.8,34.56,87.04,97.9174,0.3818,0.1083,0.3067,68.87,5.07,36.22,22.54,4.2,0.1259,7.1,42.9,86.8,0.399,0.147,16.1,252 deg,Open-Meteo forecast; MLB fallback,https://forecast.weather.gov/MapClick.php?lat=34.0739&lon=-118.2400,56,0,79,UNIQLO Field at Dodger Stadium,,,,,,,,,,,
246,703601,Max Clark,DET,CLE,2026-09-04T23:15:00Z,Scheduled,8,Foster Griffin,656492,L,38.3,Longshot,Watch List,Projected Lineup,17.4,44.9,51.1,47.9,50.0,45.0,50.0,,No,No,9,Yes,Yes,RotoWire projected lineup; MLB probable pitchers,lineup projected / unconfirmed; order MLB 8 vs RotoWire 9,H:2026 P:2026,,,Direct BvP not yet weighted; 2026/2025 Statcast baseline active,7,9,20,0,Contact streak: 9/20 over last 7 games,"same-side matchup; pitcher baseline 9.3% barrel, 23.0 HR allowed",neutral batted-ball profile; pitcher fly-ball pressure modest,1.2,39.0,86.7,98.1954,0.368,0.09,0.316,73.4,28.5,35.4,25.6,2.0,0.181,9.3,38.1,88.3,0.418,0.165,26.8,120 deg,Open-Meteo forecast; MLB fallback,https://forecast.weather.gov/MapClick.php?lat=41.4962&lon=-81.6852,99,77,70,Progressive Field,,,,,,,,,,,
247,669707,Jared Triolo,PIT,LAA,2026-09-04T22:45:00Z,Pre-Game,9,Ryan Johnson,696270,R,38.2,Longshot,Watch List,Projected Lineup,14.9,47.7,60.3,40.2,50.0,41.2,50.0,,No,No,9,Yes,Yes,RotoWire projected lineup; MLB probable pitchers,lineup projected / unconfirmed,H:2026/2025 P:2026/2025,,,Direct BvP not yet weighted; 2026/2025 Statcast baseline active,7,6,22,1,"Last 7 games: 6/22, 1 HR","same-side matchup; pitcher baseline 9.8% barrel, 12.4 HR allowed",neutral batted-ball profile; pitcher allows elevated contact,3.68,35.4,87.32,98.1516,0.3396,0.0964,0.2953,70.83,7.72,38.48,21.1,4.2,0.0884,9.83,37.12,87.82,0.4423,0.1854,33.81,Out To CF,Open-Meteo forecast; MLB fallback,https://forecast.weather.gov/MapClick.php?lat=40.4469&lon=-80.0057,91,68,70,PNC Park,,,,,,,,,,,
248,665966,Carlos Narváez,BAL,BOS,2026-09-04T23:05:00Z,Pre-Game,8,Ranger Suarez,624133,L,38.2,Longshot,Watch List,Platoon Edge,32.0,19.0,54.6,52.4,78.0,3.4,50.0,,Yes,Yes,8,Yes,No,MLB Stats API; RotoWire,,H:2026/2025 P:2026/2025,,,Direct BvP not yet weighted; 2026/2025 Statcast baseline active,7,2,14,0,"Last 7 games: 2/14, 0 HR","platoon edge; pitcher baseline 5.2% barrel, 9.8 HR allowed",neutral batted-ball profile; pitcher fly-ball pressure modest,7.42,40.47,90.96,100.1581,0.3299,0.1291,0.272,72.09,19.74,31.74,30.8,6.6,0.1031,5.22,32.43,86.57,0.3545,0.1124,23.54,L To R,Open-Meteo forecast; MLB fallback,https://forecast.weather.gov/MapClick.php?lat=39.2840&lon=-76.6217,64,0,86,Oriole Park at Camden Yards,,,,,,,,,,,
249,571771,Enrique Hernandez,LAD,KC,2026-09-05T02:10:00Z,Scheduled,9,Jackson Kent,800600,L,37.9,Longshot,Watch List,"Projected Lineup, Platoon Edge",31.9,30.7,53.6,40.2,78.0,12.0,19.5,49.0,No,No,9,Yes,Yes,RotoWire projected lineup; MLB probable pitchers,lineup projected / unconfirmed,H:2026/2025 P:2026,,,Direct BvP not yet weighted; 2026/2025 Statcast baseline active,7,3,15,0,"Last 7 games: 3/15, 0 HR","platoon edge; pitcher baseline 7.1% barrel, 1.0 HR allowed",neutral batted-ball profile; pitcher fly-ball pressure modest,9.43,37.53,89.04,99.0623,0.3625,0.1478,0.273,70.4,10.18,28.05,27.22,4.4,0.1637,7.1,42.9,86.8,0.399,0.147,16.1,252 deg,Open-Meteo forecast; MLB fallback,https://forecast.weather.gov/MapClick.php?lat=34.0739&lon=-118.2400,56,0,79,UNIQLO Field at Dodger Stadium,,11.1,0.273,89,1,11,0,19,5.34,10,Tiny sample; park helps but not core parlay leg
250,802415,Chandler Simpson,TB,TEX,2026-09-05T00:05:00Z,Pre-Game,5,Trevor Williams,592866,R,37.8,Longshot,Watch List,"Projected Lineup, Platoon Edge",0.2,31.0,61.6,81.9,80.0,32.0,50.0,,No,No,5,Yes,Yes,RotoWire projected lineup; MLB probable pitchers,lineup projected / unconfirmed,H:2026/2025 P:2026/2025,,,Direct BvP not yet weighted; 2026/2025 Statcast baseline active,7,9,27,0,Contact streak: 9/27 over last 7 games,"platoon edge; pitcher baseline 8.3% barrel, 5.4 HR allowed",neutral batted-ball profile; pitcher fly-ball pressure modest,0.0,14.08,83.81,92.7324,0.3066,0.0382,0.2725,64.73,0.51,28.34,12.86,0.0,0.0521,8.29,35.1,87.69,0.3699,0.1244,26.3,None,Open-Meteo forecast; MLB fallback,https://forecast.weather.gov/MapClick.php?lat=32.7473&lon=-97.0842,56,5,89,Globe Life Field,,,,,,,,,,,
251,664702,Myles Straw,TOR,KC,2026-09-05T00:10:00Z,Pre-Game,9,Daniel Lynch IV,663738,L,37.8,Longshot,Watch List,"Projected Lineup, Good Environment, Platoon Edge",10.2,35.0,71.2,40.2,78.0,45.0,50.0,,No,No,9,Yes,Yes,RotoWire projected lineup; MLB probable pitchers,lineup projected / unconfirmed,H:2026/2025 P:2026/2025,,,Direct BvP not yet weighted; 2026/2025 Statcast baseline active,7,7,16,0,Contact streak: 7/16 over last 7 games,"platoon edge; pitcher baseline 7.0% barrel, 5.9 HR allowed",neutral batted-ball profile; pitcher fly-ball pressure modest,3.41,26.68,86.36,95.903,0.3587,0.1032,0.2992,68.05,5.1,34.96,26.69,3.3,0.1127,7.05,39.14,88.6,0.4021,0.1557,25.84,Out To LF,Open-Meteo forecast; MLB fallback,https://forecast.weather.gov/MapClick.php?lat=39.0517&lon=-94.4803,41,0,94,Kauffman Stadium,,,,,,,,,,,
252,681082,Bryson Stott,PHI,ATL,2026-09-04T22:40:00Z,Pre-Game,7,Chris Sale,519242,L,37.7,Longshot,Watch List,No major boost,24.8,21.1,57.8,64.3,50.0,30.3,50.0,,Yes,Yes,7,Yes,No,MLB Stats API; RotoWire,,H:2026/2025 P:2026/2025,,,Direct BvP not yet weighted; 2026/2025 Statcast baseline active,7,5,25,1,"Last 7 games: 5/25, 1 HR","same-side matchup; pitcher baseline 5.6% barrel, 8.9 HR allowed",neutral batted-ball profile; pitcher fly-ball pressure modest,5.59,35.17,88.72,98.3712,0.3986,0.1376,0.3235,69.72,6.75,34.52,27.8,10.9,0.1438,5.6,34.42,87.55,0.3242,0.1073,26.04,R To L,Open-Meteo forecast; MLB fallback,https://forecast.weather.gov/MapClick.php?lat=39.9061&lon=-75.1665,80,5,80,Citizens Bank Park,,,,,,,,,,,
253,672724,Oswald Peraza,LAA,PIT,2026-09-04T22:45:00Z,Pre-Game,9,Jared Jones,683003,R,37.7,Longshot,Watch List,No major boost,21.2,42.0,60.3,44.8,50.0,5.7,50.0,,Yes,Yes,9,Yes,No,MLB Stats API; RotoWire,,H:2026/2025 P:2026,,,Direct BvP not yet weighted; 2026/2025 Statcast baseline active,7,3,19,0,"Last 7 games: 3/19, 0 HR","same-side matchup; pitcher baseline 8.0% barrel, 12.0 HR allowed",neutral batted-ball profile; pitcher fly-ball pressure modest,6.56,36.49,87.1,99.4723,0.3256,0.1113,0.2655,72.83,29.3,36.76,21.01,6.4,0.1077,8.0,40.0,89.9,0.392,0.167,27.5,Out To CF,Open-Meteo forecast; MLB fallback,https://forecast.weather.gov/MapClick.php?lat=40.4469&lon=-80.0057,91,68,70,PNC Park,,,,,,,,,,,
254,701852,Drew Cavanaugh,SF,NYM,2026-09-04T23:10:00Z,Pre-Game,6,Nolan McLean,690997,R,37.7,Longshot,Watch List,Platoon Edge,14.6,28.4,46.3,76.2,80.0,12.0,50.0,,Yes,Yes,6,Yes,No,MLB Stats API; RotoWire,,H:2026 P:2026/2025,,,Direct BvP not yet weighted; 2026/2025 Statcast baseline active,7,4,20,0,"Last 7 games: 4/20, 0 HR","platoon edge; pitcher baseline 6.8% barrel, 11.7 HR allowed",neutral batted-ball profile; pitcher fly-ball pressure modest,5.3,30.8,85.7,98.4761,0.372,0.116,0.323,69.1,4.8,26.9,20.5,0.0,0.027,6.81,37.94,88.31,0.3415,0.1232,21.84,L To R,Open-Meteo forecast; MLB fallback,https://forecast.weather.gov/MapClick.php?lat=40.7571&lon=-73.8458,75,5,80,Citi Field,,,,,,,,,,,
255,663538,Nico Hoerner,CHC,MIA,2026-09-04T23:10:00Z,Pre-Game,6,Janson Junk,676083,R,37.7,Longshot,Watch List,No major boost,8.5,42.4,42.0,76.2,50.0,44.8,50.0,,Yes,Yes,6,Yes,No,MLB Stats API; RotoWire,,H:2026/2025 P:2026/2025,,,Direct BvP not yet weighted; 2026/2025 Statcast baseline active,7,8,27,1,"Last 7 games: 8/27, 1 HR","same-side matchup; pitcher baseline 7.6% barrel, 10.8 HR allowed",neutral batted-ball profile; pitcher fly-ball pressure modest,1.7,28.9,86.14,96.2514,0.3791,0.0836,0.322,68.33,1.69,32.73,21.49,7.7,0.0963,7.59,41.91,90.55,0.4236,0.1592,23.01,None,Open-Meteo forecast; MLB fallback,https://forecast.weather.gov/MapClick.php?lat=25.7781&lon=-80.2197,87,20,82,loanDepot park,,,,,,,,,,,
256,702284,Cole Young,SEA,ATH,2026-09-05T02:10:00Z,Scheduled,6,Kade Morris,695034,R,37.5,Longshot,Watch List,"Projected Lineup, Platoon Edge",22.9,23.6,39.4,71.7,80.0,10.8,50.0,,No,No,6,Yes,Yes,RotoWire projected lineup; MLB probable pitchers,lineup projected / unconfirmed,H:2026/2025 P:2026,,,Direct BvP not yet weighted; 2026/2025 Statcast baseline active,7,5,26,0,"Last 7 games: 5/26, 0 HR","platoon edge; pitcher baseline 5.3% barrel, 4.0 HR allowed",neutral batted-ball profile; pitcher fly-ball pressure modest,5.04,35.37,88.09,98.735,0.3788,0.1289,0.3096,71.51,21.79,42.26,26.38,12.4,0.1234,5.3,43.9,87.7,0.359,0.096,21.1,303 deg,Open-Meteo forecast; MLB fallback,https://forecast.weather.gov/MapClick.php?lat=47.5914&lon=-122.3325,62,12,65,T-Mobile Park,,,,,,,,,,,
257,680757,Steven Kwan,CLE,DET,2026-09-04T23:15:00Z,Scheduled,1,Andrew Sears,808825,L,37.4,Longshot,Watch List,"Projected Lineup, Premium Lineup Spot",2.5,42.5,51.1,88.7,50.0,15.3,50.0,,No,No,1,Yes,Yes,RotoWire projected lineup; MLB probable pitchers,lineup projected / unconfirmed,H:2026/2025 P:2026,,,Direct BvP not yet weighted; 2026/2025 Statcast baseline active,7,6,27,0,"Last 7 games: 6/27, 0 HR","same-side matchup; pitcher baseline 8.7% barrel, 1.0 HR allowed",neutral batted-ball profile; pitcher allows elevated contact,0.92,12.44,84.52,92.6412,0.3436,0.072,0.3184,62.8,0.31,28.58,23.09,4.7,0.0712,8.7,30.4,89.9,0.445,0.189,34.8,120 deg,Open-Meteo forecast; MLB fallback,https://forecast.weather.gov/MapClick.php?lat=41.4962&lon=-81.6852,99,77,70,Progressive Field,,,,,,,,,,,
258,642201,Eli White,BOS,BAL,2026-09-04T23:05:00Z,Pre-Game,9,Shane Baz,669358,R,37.4,Longshot,Watch List,No major boost,22.2,39.1,54.6,44.8,50.0,22.9,50.0,,Yes,Yes,9,Yes,No,MLB Stats API; RotoWire,,H:2026/2025 P:2026/2025,,,Direct BvP not yet weighted; 2026/2025 Statcast baseline active,7,3,11,0,"Last 7 games: 3/11, 0 HR","same-side matchup; pitcher baseline 7.3% barrel, 15.5 HR allowed",neutral batted-ball profile; pitcher fly-ball pressure modest,7.0,32.77,86.44,98.4071,0.3622,0.1283,0.2827,72.76,26.84,35.7,23.8,6.5,0.158,7.33,40.94,89.84,0.3874,0.1434,25.22,L To R,Open-Meteo forecast; MLB fallback,https://forecast.weather.gov/MapClick.php?lat=39.2840&lon=-76.6217,64,0,86,Oriole Park at Camden Yards,,,,,,,,,,,
259,814439,Ryan Waldschmidt,AZ,HOU,2026-09-05T00:10:00Z,Pre-Game,9,Cristian Javier,664299,R,37.1,Longshot,Watch List,No major boost,21.4,42.8,41.1,44.8,50.0,42.0,50.0,,Yes,,,No,Yes,MLB Stats API; RotoWire,not found on RotoWire,H:2026 P:2026/2025,,,Direct BvP not yet weighted; 2026/2025 Statcast baseline active,7,5,18,1,"Last 7 games: 5/18, 1 HR","same-side matchup; pitcher baseline 7.9% barrel, 6.5 HR allowed",neutral batted-ball profile; pitcher allows elevated contact,6.3,30.2,87.1,97.5527,0.369,0.123,0.303,72.4,21.1,37.7,28.3,3.0,0.115,7.9,36.83,89.67,0.4187,0.1684,37.82,None,NOAA link only,https://forecast.weather.gov/MapClick.php?lat=29.7573&lon=-95.3555,,,72,Daikin Park,,,,,,,,,,,
260,677587,Brayan Rocchio,CLE,DET,2026-09-04T23:15:00Z,Scheduled,9,Andrew Sears,808825,L,37.0,Longshot,Watch List,"Projected Lineup, Platoon Edge",13.9,42.4,51.1,40.2,75.0,32.9,50.0,,No,No,9,Yes,Yes,RotoWire projected lineup; MLB probable pitchers,lineup projected / unconfirmed,H:2026/2025 P:2026,,,Direct BvP not yet weighted; 2026/2025 Statcast baseline active,7,5,23,1,"Last 7 games: 5/23, 1 HR","switch hitter; pitcher baseline 8.7% barrel, 1.0 HR allowed",neutral batted-ball profile; pitcher allows elevated contact,3.09,32.35,87.16,97.2949,0.3496,0.106,0.2922,69.93,7.08,43.99,25.44,8.5,0.1112,8.7,30.4,89.9,0.445,0.189,34.8,120 deg,Open-Meteo forecast; MLB fallback,https://forecast.weather.gov/MapClick.php?lat=41.4962&lon=-81.6852,99,77,70,Progressive Field,,,,,,,,,,,
261,663656,Kyle Tucker,LAD,KC,2026-09-05T02:10:00Z,Scheduled,8,Jackson Kent,800600,L,36.7,Longshot,Watch List,Projected Lineup,31.6,30.7,53.6,47.9,50.0,5.7,27.1,57.0,No,No,8,Yes,Yes,RotoWire projected lineup; MLB probable pitchers,lineup projected / unconfirmed,H:2026/2025 P:2026,,,Direct BvP not yet weighted; 2026/2025 Statcast baseline active,7,3,19,0,"Last 7 games: 3/19, 0 HR","same-side matchup; pitcher baseline 7.1% barrel, 1.0 HR allowed",neutral batted-ball profile; pitcher fly-ball pressure modest,6.95,37.88,89.12,98.7533,0.406,0.1486,0.3384,71.51,20.45,42.89,33.12,14.3,0.1483,7.1,42.9,86.8,0.399,0.147,16.1,252 deg,Open-Meteo forecast; MLB fallback,https://forecast.weather.gov/MapClick.php?lat=34.0739&lon=-118.2400,56,0,79,UNIQLO Field at Dodger Stadium,,11.1,0.152,90,1,66,30.8,19,8.85,4,Park/split help but hitter sheet not loud
262,680700,Richie Palacios,TB,TEX,2026-09-05T00:05:00Z,Pre-Game,8,Trevor Williams,592866,R,36.6,Longshot,Watch List,"Projected Lineup, Platoon Edge",14.0,31.0,61.6,47.9,80.0,18.3,50.0,,No,No,8,Yes,Yes,RotoWire projected lineup; MLB probable pitchers,lineup projected / unconfirmed,H:2026/2025 P:2026/2025,,,Direct BvP not yet weighted; 2026/2025 Statcast baseline active,7,2,21,1,"Last 7 games: 2/21, 1 HR","platoon edge; pitcher baseline 8.3% barrel, 5.4 HR allowed",neutral batted-ball profile; pitcher fly-ball pressure modest,4.15,32.34,87.24,96.9118,0.3632,0.099,0.3194,68.77,3.59,35.76,21.54,4.5,0.1155,8.29,35.1,87.69,0.3699,0.1244,26.3,None,Open-Meteo forecast; MLB fallback,https://forecast.weather.gov/MapClick.php?lat=32.7473&lon=-97.0842,56,5,89,Globe Life Field,,,,,,,,,,,
263,676391,Ernie Clement,TOR,KC,2026-09-05T00:10:00Z,Pre-Game,7,Daniel Lynch IV,663738,L,36.6,Longshot,Watch List,"Projected Lineup, Good Environment, Platoon Edge",4.7,35.0,71.2,59.8,78.0,0.8,50.0,,No,No,7,Yes,Yes,RotoWire projected lineup; MLB probable pitchers,lineup projected / unconfirmed,H:2026/2025 P:2026/2025,,,Direct BvP not yet weighted; 2026/2025 Statcast baseline active,7,3,24,0,"Last 7 games: 3/24, 0 HR","platoon edge; pitcher baseline 7.0% barrel, 5.9 HR allowed",neutral batted-ball profile; pitcher fly-ball pressure modest,2.19,21.87,84.85,94.5695,0.3366,0.0846,0.2729,67.39,2.68,40.38,27.13,9.0,0.1147,7.05,39.14,88.6,0.4021,0.1557,25.84,Out To LF,Open-Meteo forecast; MLB fallback,https://forecast.weather.gov/MapClick.php?lat=39.0517&lon=-94.4803,41,0,94,Kauffman Stadium,,,,,,,,,,,
264,664770,Nathan Lukes,TOR,KC,2026-09-05T00:10:00Z,Pre-Game,8,Daniel Lynch IV,663738,L,36.6,Longshot,Watch List,"Projected Lineup, Good Environment",10.5,35.0,71.2,47.9,50.0,42.3,50.0,,No,No,8,Yes,Yes,RotoWire projected lineup; MLB probable pitchers,lineup projected / unconfirmed,H:2026/2025 P:2026/2025,,,Direct BvP not yet weighted; 2026/2025 Statcast baseline active,7,7,25,1,"Last 7 games: 7/25, 1 HR","same-side matchup; pitcher baseline 7.0% barrel, 5.9 HR allowed",neutral batted-ball profile; pitcher fly-ball pressure modest,3.12,30.42,87.13,96.8318,0.3556,0.1015,0.2954,67.23,3.76,32.61,20.81,10.6,0.1338,7.05,39.14,88.6,0.4021,0.1557,25.84,Out To LF,Open-Meteo forecast; MLB fallback,https://forecast.weather.gov/MapClick.php?lat=39.0517&lon=-94.4803,41,0,94,Kauffman Stadium,,,,,,,,,,,
265,595879,Javier Baez,DET,CLE,2026-09-04T23:15:00Z,Scheduled,9,Foster Griffin,656492,L,36.5,Longshot,Watch List,"Projected Lineup, Platoon Edge",14.0,44.9,51.1,40.2,78.0,5.7,50.0,,No,Yes,9,Yes,Yes,RotoWire projected lineup; MLB probable pitchers,lineup projected / unconfirmed,H:2026/2025 P:2026,,,Direct BvP not yet weighted; 2026/2025 Statcast baseline active,7,3,19,0,"Last 7 games: 3/19, 0 HR","platoon edge; pitcher baseline 9.3% barrel, 23.0 HR allowed",neutral batted-ball profile; pitcher fly-ball pressure modest,3.26,36.05,86.38,97.9834,0.3296,0.0884,0.2675,73.36,32.9,42.6,21.0,5.0,0.1245,9.3,38.1,88.3,0.418,0.165,26.8,120 deg,Open-Meteo forecast; MLB fallback,https://forecast.weather.gov/MapClick.php?lat=41.4962&lon=-81.6852,99,77,70,Progressive Field,,,,,,,,,,,
266,624428,Adam Frazier,LAA,PIT,2026-09-04T22:45:00Z,Pre-Game,8,Jared Jones,683003,R,36.4,Longshot,Watch List,Platoon Edge,2.5,42.0,60.3,52.4,80.0,24.9,50.0,,Yes,Yes,8,Yes,No,MLB Stats API; RotoWire,,H:2026/2025 P:2026,,,Direct BvP not yet weighted; 2026/2025 Statcast baseline active,7,2,7,0,"Last 7 games: 2/7, 0 HR","platoon edge; pitcher baseline 8.0% barrel, 12.0 HR allowed",neutral batted-ball profile; pitcher fly-ball pressure modest,2.35,19.48,85.37,94.3991,0.2987,0.0788,0.2671,65.45,1.74,42.72,23.91,2.8,0.1064,8.0,40.0,89.9,0.392,0.167,27.5,Out To CF,Open-Meteo forecast; MLB fallback,https://forecast.weather.gov/MapClick.php?lat=40.4469&lon=-80.0057,91,68,70,PNC Park,,,,,,,,,,,
267,677587,Brayan Rocchio,CLE,DET,2026-09-04T18:10:00Z,In Progress,9,Keider Montero,672456,R,36.3,Longshot,Watch List,Platoon Edge,13.9,36.7,51.1,44.8,75.0,32.9,50.0,,Yes,No,9,Yes,Yes,MLB Stats API; RotoWire,RotoWire not confirmed,H:2026/2025 P:2026/2025,,,Direct BvP not yet weighted; 2026/2025 Statcast baseline active,7,5,23,1,"Last 7 games: 5/23, 1 HR","switch hitter; pitcher baseline 7.6% barrel, 14.6 HR allowed",neutral batted-ball profile; pitcher fly-ball pressure modest,3.09,32.35,87.16,97.2949,0.3496,0.106,0.2922,69.93,7.08,43.99,25.44,8.5,0.1112,7.57,37.65,88.68,0.3998,0.1622,25.98,L To R,Open-Meteo forecast; MLB fallback,https://forecast.weather.gov/MapClick.php?lat=41.4962&lon=-81.6852,99,77,70,Progressive Field,,,,,,,,,,,
268,593428,Xander Bogaerts,SD,NYY,2026-09-05T01:40:00Z,Pre-Game,7,Max Fried,608331,L,36.3,Longshot,Watch List,Platoon Edge,29.0,9.9,46.6,64.3,78.0,16.1,50.0,,Yes,Yes,7,Yes,No,MLB Stats API; RotoWire,,H:2026/2025 P:2026/2025,,,Direct BvP not yet weighted; 2026/2025 Statcast baseline active,7,5,22,0,"Last 7 games: 5/22, 0 HR","platoon edge; pitcher baseline 3.3% barrel, 6.3 HR allowed",neutral batted-ball profile; pitcher fly-ball pressure modest,6.34,40.81,89.14,100.0826,0.3871,0.1348,0.3242,72.31,28.01,43.1,23.69,11.0,0.1112,3.26,32.72,86.36,0.2905,0.0823,22.81,L To R,Open-Meteo forecast; MLB fallback,https://forecast.weather.gov/MapClick.php?lat=32.7073&lon=-117.1573,69,0,75,Petco Park,,,,,,,,,,,
269,695490,Edwin Arroyo,CIN,MIL,2026-09-04T22:10:00Z,Pre-Game,9,Shane Drohan,675660,L,36.2,Longshot,Watch List,"Good Environment, Platoon Edge",9.5,32.8,77.3,44.8,75.0,1.6,50.0,,Yes,Yes,9,Yes,No,MLB Stats API; RotoWire,,H:2026 P:2026,,,Direct BvP not yet weighted; 2026/2025 Statcast baseline active,7,3,23,0,"Last 7 games: 3/23, 0 HR","switch hitter; pitcher baseline 8.0% barrel, 10.0 HR allowed",neutral batted-ball profile; pitcher fly-ball pressure modest,2.8,27.7,88.0,96.2813,0.351,0.081,0.293,69.2,5.3,42.0,19.6,0.0,0.041,8.0,37.6,88.1,0.36,0.132,28.3,Out To LF,Open-Meteo forecast; MLB fallback,https://forecast.weather.gov/MapClick.php?lat=39.0979&lon=-84.5082,56,3,88,Great American Ball Park,,,,,,,,,,,
270,673490,Ha-Seong Kim,ATL,PHI,2026-09-04T22:40:00Z,Pre-Game,9,Cristopher Sánchez,650911,L,36.0,Longshot,Watch List,Platoon Edge,12.9,31.2,57.8,44.8,78.0,34.9,50.0,,Yes,Yes,9,Yes,No,MLB Stats API; RotoWire,,H:2026/2025 P:2026/2025,,,Direct BvP not yet weighted; 2026/2025 Statcast baseline active,7,6,17,0,Contact streak: 6/17 over last 7 games,"platoon edge; pitcher baseline 6.7% barrel, 13.4 HR allowed",neutral batted-ball profile; pitcher fly-ball pressure modest,3.73,31.05,87.32,96.7906,0.2587,0.072,0.2452,71.52,16.89,43.94,29.64,1.5,0.0403,6.68,41.2,89.21,0.3513,0.1186,16.06,R To L,Open-Meteo forecast; MLB fallback,https://forecast.weather.gov/MapClick.php?lat=39.9061&lon=-75.1665,80,5,80,Citizens Bank Park,,,,,,,,,,,
271,702616,Jackson Holliday,BAL,MIN,2026-09-04T23:05:00Z,Pre-Game,7,Ranger Suarez,624133,L,36.0,Longshot,Watch List,No major boost,25.1,19.0,54.6,64.3,50.0,34.9,28.9,55.0,Yes,Yes,7,Yes,No,MLB Stats API; RotoWire,,H:2026/2025 P:2026/2025,,,Direct BvP not yet weighted; 2026/2025 Statcast baseline active,7,6,26,1,"Last 7 games: 6/26, 1 HR","same-side matchup; pitcher baseline 5.2% barrel, 9.8 HR allowed",neutral batted-ball profile; pitcher fly-ball pressure modest,7.03,36.11,87.54,98.0891,0.3788,0.1357,0.3081,70.67,7.41,33.73,24.68,10.0,0.126,5.22,32.43,86.57,0.3545,0.1124,23.54,L To R,Open-Meteo forecast; MLB fallback,https://forecast.weather.gov/MapClick.php?lat=39.2840&lon=-76.6217,64,0,86,Oriole Park at Camden Yards,,13.0,0.227,89,4,75,0,-4,5.43,7,Best BAL full sheet line but park neutral-negative
272,669720,Austin Hays,SD,NYY,2026-09-05T01:40:00Z,Pre-Game,6,Max Fried,608331,L,35.6,Longshot,Watch List,Platoon Edge,22.0,9.9,46.6,76.2,78.0,10.1,50.0,,Yes,Yes,6,Yes,No,MLB Stats API; RotoWire,,H:2026/2025 P:2026/2025,,,Direct BvP not yet weighted; 2026/2025 Statcast baseline active,7,3,16,0,"Last 7 games: 3/16, 0 HR","platoon edge; pitcher baseline 3.3% barrel, 6.3 HR allowed",neutral batted-ball profile; pitcher fly-ball pressure modest,5.81,39.8,86.98,98.7325,0.361,0.1109,0.2797,72.46,23.44,50.43,20.6,5.9,0.1303,3.26,32.72,86.36,0.2905,0.0823,22.81,L To R,Open-Meteo forecast; MLB fallback,https://forecast.weather.gov/MapClick.php?lat=32.7073&lon=-117.1573,69,0,75,Petco Park,,,,,,,,,,,
273,650333,Luis Arraez,PHI,ATL,2026-09-04T22:40:00Z,Pre-Game,4,Chris Sale,519242,L,35.5,Longshot,Watch List,Premium Lineup Spot,7.0,21.1,57.8,94.9,50.0,12.0,50.0,,Yes,Yes,4,Yes,No,MLB Stats API; RotoWire,,H:2026/2025 P:2026/2025,,,Direct BvP not yet weighted; 2026/2025 Statcast baseline active,7,5,25,0,"Last 7 games: 5/25, 0 HR","same-side matchup; pitcher baseline 5.6% barrel, 8.9 HR allowed",neutral batted-ball profile; pitcher fly-ball pressure modest,1.17,18.24,86.24,93.8881,0.3742,0.0851,0.3051,62.92,0.12,30.38,28.59,6.6,0.1098,5.6,34.42,87.55,0.3242,0.1073,26.04,R To L,Open-Meteo forecast; MLB fallback,https://forecast.weather.gov/MapClick.php?lat=39.9061&lon=-75.1665,80,5,80,Citizens Bank Park,,,,,,,,,,,
274,672016,Denzel Clarke,ATH,SEA,2026-09-05T02:10:00Z,Scheduled,9,Logan Gilbert,669302,R,35.5,Longshot,Watch List,Projected Lineup,21.3,47.6,39.4,40.2,50.0,5.1,50.0,,No,No,9,Yes,Yes,RotoWire projected lineup; MLB probable pitchers,lineup projected / unconfirmed,H:2026/2025 P:2026/2025,,,Direct BvP not yet weighted; 2026/2025 Statcast baseline active,7,2,13,0,"Last 7 games: 2/13, 0 HR","same-side matchup; pitcher baseline 9.4% barrel, 21.4 HR allowed",neutral batted-ball profile; pitcher fly-ball pressure modest,3.9,42.28,89.44,102.3279,0.2359,0.0548,0.2185,76.05,61.86,49.15,10.79,0.9,0.0545,9.44,41.21,89.96,0.3831,0.1589,28.54,303 deg,Open-Meteo forecast; MLB fallback,https://forecast.weather.gov/MapClick.php?lat=47.5914&lon=-122.3325,62,12,65,T-Mobile Park,,,,,,,,,,,
275,702332,Caleb Durbin,BOS,BAL,2026-09-04T23:05:00Z,Pre-Game,6,Shane Baz,669358,R,35.2,Longshot,Watch List,No major boost,3.8,39.1,54.6,76.2,50.0,3.4,50.0,,Yes,Yes,6,Yes,No,MLB Stats API; RotoWire,,H:2026/2025 P:2026/2025,,,Direct BvP not yet weighted; 2026/2025 Statcast baseline active,7,3,21,0,"Last 7 games: 3/21, 0 HR","same-side matchup; pitcher baseline 7.3% barrel, 15.5 HR allowed",neutral batted-ball profile; pitcher fly-ball pressure modest,3.02,26.06,84.08,95.6428,0.3326,0.0895,0.2966,68.81,4.95,40.46,19.82,11.7,0.1331,7.33,40.94,89.84,0.3874,0.1434,25.22,L To R,Open-Meteo forecast; MLB fallback,https://forecast.weather.gov/MapClick.php?lat=39.2840&lon=-76.6217,64,0,86,Oriole Park at Camden Yards,,,,,,,,,,,
276,641487,J.P. Crawford,SEA,ATH,2026-09-05T02:10:00Z,Scheduled,8,Kade Morris,695034,R,35.1,Longshot,Watch List,"Projected Lineup, Platoon Edge",21.1,23.6,39.4,47.9,80.0,39.1,50.0,,No,No,8,Yes,Yes,RotoWire projected lineup; MLB probable pitchers,lineup projected / unconfirmed,H:2026/2025 P:2026,,,Direct BvP not yet weighted; 2026/2025 Statcast baseline active,7,8,21,0,Contact streak: 8/21 over last 7 games,"platoon edge; pitcher baseline 5.3% barrel, 4.0 HR allowed",neutral batted-ball profile; pitcher fly-ball pressure modest,5.6,35.47,87.76,98.2691,0.3678,0.12,0.3266,71.28,18.95,35.7,21.0,10.6,0.1197,5.3,43.9,87.7,0.359,0.096,21.1,303 deg,Open-Meteo forecast; MLB fallback,https://forecast.weather.gov/MapClick.php?lat=47.5914&lon=-122.3325,62,12,65,T-Mobile Park,,,,,,,,,,,
277,703492,Nick Morabito,NYM,SF,2026-09-04T23:10:00Z,Pre-Game,9,Matt Wilkinson,683363,L,34.5,Longshot,Watch List,Platoon Edge,12.3,39.1,46.3,44.8,78.0,3.4,50.0,,Yes,Yes,9,Yes,No,MLB Stats API; RotoWire,,H:2026 P:2026,,,Direct BvP not yet weighted; 2026/2025 Statcast baseline active,7,2,14,0,"Last 7 games: 2/14, 0 HR","platoon edge; pitcher baseline 5.1% barrel, 1.0 HR allowed",neutral batted-ball profile; pitcher allows elevated contact,0.0,40.0,86.8,94.6102,0.274,0.039,0.286,70.1,20.8,40.0,0.0,0.0,0.071,5.1,48.7,89.6,0.426,0.175,30.8,L To R,Open-Meteo forecast; MLB fallback,https://forecast.weather.gov/MapClick.php?lat=40.7571&lon=-73.8458,75,5,80,Citi Field,,,,,,,,,,,
278,669392,Samad Taylor,SD,NYY,2026-09-05T01:40:00Z,Pre-Game,2,Max Fried,608331,L,33.7,Longshot,Watch List,"Premium Lineup Spot, Platoon Edge",1.6,9.9,46.6,100.0,78.0,32.0,50.0,,Yes,Yes,2,Yes,No,MLB Stats API; RotoWire,,H:2026/2025 P:2026/2025,,,Direct BvP not yet weighted; 2026/2025 Statcast baseline active,7,6,18,0,Contact streak: 6/18 over last 7 games,"platoon edge; pitcher baseline 3.3% barrel, 6.3 HR allowed",neutral batted-ball profile; pitcher fly-ball pressure modest,2.1,20.48,82.0,93.732,0.3112,0.0626,0.2817,68.32,2.87,31.51,12.08,0.7,0.0588,3.26,32.72,86.36,0.2905,0.0823,22.81,L To R,Open-Meteo forecast; MLB fallback,https://forecast.weather.gov/MapClick.php?lat=32.7073&lon=-117.1573,69,0,75,Petco Park,,,,,,,,,,,
279,683227,Cody Freeman,TEX,TB,2026-09-05T00:05:00Z,Pre-Game,8,Nick Martinez,607259,R,33.1,Longshot,Watch List,No major boost,0.8,35.6,61.6,52.4,50.0,44.1,50.0,,Yes,Yes,8,Yes,No,MLB Stats API; RotoWire,,H:2026/2025 P:2026/2025,,,Direct BvP not yet weighted; 2026/2025 Statcast baseline active,7,7,24,1,"Last 7 games: 7/24, 1 HR","same-side matchup; pitcher baseline 7.0% barrel, 19.2 HR allowed",neutral batted-ball profile; pitcher fly-ball pressure modest,2.38,22.44,83.57,94.4219,0.2658,0.066,0.2409,66.95,0.45,40.27,21.4,1.6,0.093,7.0,33.8,87.46,0.4233,0.1537,28.82,None,Open-Meteo forecast; MLB fallback,https://forecast.weather.gov/MapClick.php?lat=32.7473&lon=-97.0842,56,5,89,Globe Life Field,,,,,,,,,,,
280,670764,Taylor Walls,TB,TEX,2026-09-05T00:05:00Z,Pre-Game,9,Trevor Williams,592866,R,33.0,Longshot,Watch List,"Projected Lineup, Platoon Edge",5.7,30.4,61.6,40.2,75.0,29.7,50.0,,No,No,9,Yes,Yes,RotoWire projected lineup; MLB probable pitchers,lineup projected / unconfirmed,H:2026/2025 P:2026/2025,,,Direct BvP not yet weighted; 2026/2025 Statcast baseline active,7,7,22,0,"Last 7 games: 7/22, 0 HR","switch hitter; pitcher baseline 8.3% barrel, 5.4 HR allowed",neutral batted-ball profile; pitcher fly-ball pressure modest,2.29,23.53,86.02,95.5079,0.2754,0.078,0.254,68.35,2.13,38.47,29.12,2.6,0.0822,8.29,35.1,87.69,0.3699,0.1244,26.3,None,Open-Meteo forecast; MLB fallback,https://forecast.weather.gov/MapClick.php?lat=32.7473&lon=-97.0842,56,5,89,Globe Life Field,,,,,,,,,,,
281,665750,Leody Taveras,BAL,BOS,2026-09-04T23:05:00Z,Pre-Game,9,Ranger Suarez,624133,L,32.6,Longshot,Watch List,Platoon Edge,19.4,18.0,54.6,44.8,75.0,0.0,50.0,,Yes,Yes,9,Yes,No,MLB Stats API; RotoWire,,H:2026/2025 P:2026/2025,,,Direct BvP not yet weighted; 2026/2025 Statcast baseline active,7,2,20,0,"Last 7 games: 2/20, 0 HR","switch hitter; pitcher baseline 5.2% barrel, 9.8 HR allowed",neutral batted-ball profile; pitcher fly-ball pressure modest,4.86,33.73,88.36,99.2428,0.3194,0.111,0.2627,72.46,25.23,34.0,24.73,6.5,0.1221,5.22,32.43,86.57,0.3545,0.1124,23.54,L To R,Open-Meteo forecast; MLB fallback,https://forecast.weather.gov/MapClick.php?lat=39.2840&lon=-76.6217,64,0,86,Oriole Park at Camden Yards,,,,,,,,,,,
282,669134,Luis Campusano,SD,NYY,2026-09-05T01:40:00Z,Pre-Game,8,Max Fried,608331,L,31.3,Longshot,Watch List,Platoon Edge,20.7,9.9,46.6,52.4,78.0,0.0,50.0,,Yes,Yes,8,Yes,No,MLB Stats API; RotoWire,,H:2026/2025 P:2026/2025,,,Direct BvP not yet weighted; 2026/2025 Statcast baseline active,7,2,20,0,"Last 7 games: 2/20, 0 HR","platoon edge; pitcher baseline 3.3% barrel, 6.3 HR allowed",neutral batted-ball profile; pitcher fly-ball pressure modest,6.23,38.12,88.01,98.8443,0.2892,0.1022,0.2899,72.4,26.07,46.49,18.47,3.5,0.1176,3.26,32.72,86.36,0.2905,0.0823,22.81,L To R,Open-Meteo forecast; MLB fallback,https://forecast.weather.gov/MapClick.php?lat=32.7073&lon=-117.1573,69,0,75,Petco Park,,,,,,,,,,,
283,696285,Jacob Young,WSH,LAD,2026-09-05T02:10:00Z,Scheduled,7,Blake Snell,605483,L,31.2,Longshot,Watch List,"Projected Lineup, Platoon Edge",17.4,0.4,53.6,59.8,78.0,21.5,50.0,,No,No,7,Yes,Yes,RotoWire projected lineup; MLB probable pitchers,lineup projected / unconfirmed,H:2026/2025 P:2026/2025,,,Direct BvP not yet weighted; 2026/2025 Statcast baseline active,7,5,19,0,"Last 7 games: 5/19, 0 HR","platoon edge; pitcher baseline 2.9% barrel, 0.9 HR allowed",neutral batted-ball profile; pitcher fly-ball pressure modest,4.84,31.96,87.67,97.8615,0.3724,0.1125,0.311,69.21,2.02,35.42,24.14,7.6,0.1183,2.93,17.2,82.63,0.2394,0.0567,20.56,252 deg,Open-Meteo forecast; MLB fallback,https://forecast.weather.gov/MapClick.php?lat=34.0739&lon=-118.2400,56,0,79,UNIQLO Field at Dodger Stadium,,,,,,,,,,,
284,683766,Christian Koss,SF,NYM,2026-09-04T23:10:00Z,Pre-Game,9,Nolan McLean,690997,R,30.6,Longshot,Watch List,No major boost,11.3,28.4,46.3,44.8,50.0,25.3,50.0,,Yes,Yes,9,Yes,No,MLB Stats API; RotoWire,,H:2026/2025 P:2026/2025,,,Direct BvP not yet weighted; 2026/2025 Statcast baseline active,7,4,24,1,"Last 7 games: 4/24, 1 HR","same-side matchup; pitcher baseline 6.8% barrel, 11.7 HR allowed",neutral batted-ball profile; pitcher fly-ball pressure modest,5.37,30.87,85.5,97.8483,0.3138,0.0928,0.2557,69.72,6.28,38.3,17.09,1.6,0.0725,6.81,37.94,88.31,0.3415,0.1232,21.84,L To R,Open-Meteo forecast; MLB fallback,https://forecast.weather.gov/MapClick.php?lat=40.7571&lon=-73.8458,75,5,80,Citi Field,,,,,,,,,,,
285,801501,Nate Furman,SF,NYM,2026-09-04T23:10:00Z,Pre-Game,8,Nolan McLean,690997,R,30.1,Longshot,Watch List,Platoon Edge,0.0,28.4,46.3,52.4,80.0,16.6,50.0,,Yes,Yes,8,Yes,No,MLB Stats API; RotoWire,,H:2026 P:2026/2025,,,Direct BvP not yet weighted; 2026/2025 Statcast baseline active,7,3,13,0,"Last 7 games: 3/13, 0 HR","platoon edge; pitcher baseline 6.8% barrel, 11.7 HR allowed",neutral batted-ball profile; pitcher fly-ball pressure modest,0.0,14.3,80.0,91.072,0.23,0.035,0.241,66.0,0.0,47.6,9.5,0.0,0.0,6.81,37.94,88.31,0.3415,0.1232,21.84,L To R,Open-Meteo forecast; MLB fallback,https://forecast.weather.gov/MapClick.php?lat=40.7571&lon=-73.8458,75,5,80,Citi Field,,,,,,,,,,,
286,801126,Brock Rodden,SEA,ATH,2026-09-05T02:10:00Z,Scheduled,9,Kade Morris,695034,R,29.8,Longshot,Watch List,"Projected Lineup, Platoon Edge",14.2,23.2,39.4,40.2,75.0,8.5,50.0,,No,No,9,Yes,Yes,RotoWire projected lineup; MLB probable pitchers,lineup projected / unconfirmed,H:2026 P:2026,,,Direct BvP not yet weighted; 2026/2025 Statcast baseline active,7,3,17,0,"Last 7 games: 3/17, 0 HR","switch hitter; pitcher baseline 5.3% barrel, 4.0 HR allowed",fly-ball profile; pitcher fly-ball pressure modest,3.3,33.3,86.9,96.8688,0.205,0.069,0.232,69.3,2.5,53.3,43.3,0.0,0.087,5.3,43.9,87.7,0.359,0.096,21.1,303 deg,Open-Meteo forecast; MLB fallback,https://forecast.weather.gov/MapClick.php?lat=47.5914&lon=-122.3325,62,12,65,T-Mobile Park,,,,,,,,,,,
287,630105,Jake Cronenworth,SD,NYY,2026-09-05T01:40:00Z,Pre-Game,9,Max Fried,608331,L,26.1,Longshot,Watch List,No major boost,14.7,9.9,46.6,44.8,50.0,0.0,50.0,,Yes,Yes,9,Yes,No,MLB Stats API; RotoWire,,H:2026/2025 P:2026/2025,,,Direct BvP not yet weighted; 2026/2025 Statcast baseline active,7,2,24,0,"Last 7 games: 2/24, 0 HR","same-side matchup; pitcher baseline 3.3% barrel, 6.3 HR allowed",neutral batted-ball profile; pitcher fly-ball pressure modest,4.03,32.35,87.59,97.7665,0.3145,0.0972,0.2868,71.32,17.39,31.61,23.98,6.1,0.0925,3.26,32.72,86.36,0.2905,0.0823,22.81,L To R,Open-Meteo forecast; MLB fallback,https://forecast.weather.gov/MapClick.php?lat=32.7073&lon=-117.1573,69,0,75,Petco Park,,,,,,,,,,,
288,683083,Nasim Nunez,WSH,LAD,2026-09-05T02:10:00Z,Scheduled,9,Blake Snell,605483,L,23.6,Longshot,Watch List,"Projected Lineup, Platoon Edge",5.5,0.3,53.6,40.2,75.0,4.5,50.0,,No,No,9,Yes,Yes,RotoWire projected lineup; MLB probable pitchers,lineup projected / unconfirmed,H:2026/2025 P:2026/2025,,,Direct BvP not yet weighted; 2026/2025 Statcast baseline active,7,3,20,0,"Last 7 games: 3/20, 0 HR","switch hitter; pitcher baseline 2.9% barrel, 0.9 HR allowed",neutral batted-ball profile; pitcher fly-ball pressure modest,2.11,27.85,86.15,96.123,0.3033,0.0762,0.2757,68.67,4.7,31.08,19.8,1.9,0.0755,2.93,17.2,82.63,0.2394,0.0567,20.56,252 deg,Open-Meteo forecast; MLB fallback,https://forecast.weather.gov/MapClick.php?lat=34.0739&lon=-118.2400,56,0,79,UNIQLO Field at Dodger Stadium,,,,,,,,,,,
