rank,hitter_id,player,team,opponent,game_start_time,game_status,batting_order,pitcher,pitcher_id,pitcher_hand,hr_score,tier,play_type,reason_tags,power_score,pitcher_score,environment_score,lineup_score,platoon_score,recent_form_score,sheet_score,sheet_carry_score,confirmed_lineup,rotowire_confirmed_lineup,rotowire_batting_order,rotowire_player_found,lineup_disagreement,lineup_sources_used,source_warnings,stat_years_used,bvp_pa,bvp_hr,bvp_note,recent_games,recent_hits,recent_abs,recent_hr,recent_form_note,split_matchup_note,pitch_mix_note,barrel_pct,hard_hit_pct,avg_exit_velocity,ev50,xslg,xiso,xwoba,bat_speed,fast_swing_pct,pull_pct,fb_pct,hr_total,iso,pitcher_barrel_pct_allowed,pitcher_hard_hit_pct_allowed,pitcher_avg_exit_velocity_allowed,pitcher_xslg_allowed,pitcher_xiso_allowed,pitcher_fb_pct_allowed,wind_direction,weather_source,weather_url,weather_humidity,weather_precip_pct,weather_temp,ballpark,odds,sheet_barrel_pct,sheet_iso,sheet_ev,sheet_pm_hr,sheet_pm_pa,sheet_pa_pct,sheet_hr_env,sheet_pitcher_split_barrel,sheet_pitcher_split_hr,sheet_note
1,656941,Kyle Schwarber,PHI,STL,2026-08-30T02:07:00Z,Scheduled,1,Ryan Johnson,696270,R,68.2,Tier 3,Watch List,"Projected Lineup, Elite Power, Strong Barrel, Premium Lineup Spot, Platoon Edge, Hot Hitter/Streak",77.1,47.7,60.2,88.7,80.0,74.5,47.5,68.0,No,No,1,Yes,Yes,RotoWire projected lineup; MLB probable pitchers,lineup projected / unconfirmed,H:2026/2025 P:2026/2025,,,Direct BvP not yet weighted; 2026/2025 Statcast baseline active,7,7,28,3,Hot streak: 3 HR in last 7 games,"platoon edge; pitcher baseline 9.7% barrel, 12.4 HR allowed",lift-pull EV profile; pitcher allows elevated contact,18.56,53.58,93.18,104.3262,0.5257,0.2833,0.3779,77.16,75.56,54.49,33.25,44.8,0.2971,9.69,37.26,87.89,0.4437,0.1868,33.81,229 deg,Open-Meteo forecast; MLB fallback,https://forecast.weather.gov/MapClick.php?lat=33.8003&lon=-117.8827,49,0,93,Angel Stadium,,14.1,0.216,94,9,139,25,6,4.88,2,Power volume; less clean pitcher split than Harper
2,808959,Munetaka Murakami,CWS,MIN,2026-08-29T18:10:00Z,Pre-Game,2,Bailey Ober,641927,R,67.4,Tier 3,Watch List,"Elite Power, Strong Barrel, Premium Lineup Spot, Platoon Edge",80.3,55.6,47.1,100.0,80.0,5.1,50.0,,Yes,Yes,2,Yes,No,MLB Stats API; RotoWire,,H:2026 P:2026/2025,,,Direct BvP not yet weighted; 2026/2025 Statcast baseline active,7,4,26,0,"Last 7 games: 4/26, 0 HR","platoon edge; pitcher baseline 10.5% barrel, 21.6 HR allowed",lift-pull EV profile; pitcher allows elevated contact,20.0,58.1,94.0,104.5137,0.493,0.277,0.363,74.8,50.7,43.3,37.6,29.0,0.284,10.48,37.28,88.97,0.4655,0.2119,32.32,R To L,Open-Meteo forecast; MLB fallback,https://forecast.weather.gov/MapClick.php?lat=44.9817&lon=-93.2776,57,0,77,Target Field,,,,,,,,,,,
3,665833,Oneil Cruz,PIT,STL,2026-08-29T18:15:00Z,Pre-Game,5,Kyle Leahy,681517,R,66.7,Tier 3,Watch List,"Elite Power, Strong Barrel, Platoon Edge",75.4,51.7,56.6,86.4,80.0,49.9,50.0,,Yes,Yes,5,Yes,No,MLB Stats API; RotoWire,,H:2026/2025 P:2026/2025,,,Direct BvP not yet weighted; 2026/2025 Statcast baseline active,7,5,24,2,Hot streak: 2 HR in last 7 games,"platoon edge; pitcher baseline 9.9% barrel, 9.9 HR allowed",EV profile; pitcher fly-ball pressure modest,18.07,57.79,95.87,107.1467,0.474,0.2329,0.3478,78.45,76.73,40.44,24.64,17.9,0.2109,9.87,46.83,90.71,0.4373,0.1684,22.47,Out To LF,Open-Meteo forecast; MLB fallback,https://forecast.weather.gov/MapClick.php?lat=38.6226&lon=-90.1928,42,0,81,Busch Stadium,,,,,,,,,,,
4,805811,Bryce Eldridge,SF,AZ,2026-08-29T20:05:00Z,Scheduled,3,Merrill Kelly,518876,R,66.1,Tier 3,Watch List,"Projected Lineup, Strong Barrel, Premium Lineup Spot, Platoon Edge",70.5,65.2,37.3,92.1,80.0,44.8,50.0,,No,No,3,Yes,Yes,RotoWire projected lineup; MLB probable pitchers,lineup projected / unconfirmed,H:2026/2025 P:2026/2025,,,Direct BvP not yet weighted; 2026/2025 Statcast baseline active,7,8,27,1,"Last 7 games: 8/27, 1 HR","platoon edge; pitcher baseline 11.6% barrel, 25.1 HR allowed",lift-pull EV profile; pitcher fly-ball pressure modest,16.04,57.53,93.5,103.3222,0.4827,0.2519,0.3573,73.0,28.71,38.97,37.68,10.5,0.1574,11.61,43.57,90.27,0.5136,0.2251,26.57,301 deg,Open-Meteo forecast; MLB fallback,https://forecast.weather.gov/MapClick.php?lat=37.7786&lon=-122.3893,71,12,67,Oracle Park,,,,,,,,,,,
5,646240,Rafael Devers,SF,AZ,2026-08-29T20:05:00Z,Scheduled,2,Merrill Kelly,518876,R,64.6,Tier 3,Watch List,"Projected Lineup, Strong Barrel, Premium Lineup Spot, Platoon Edge, Hot Hitter/Streak",58.1,65.2,37.3,95.5,80.0,83.2,50.0,,No,No,2,Yes,Yes,RotoWire projected lineup; MLB probable pitchers,lineup projected / unconfirmed,H:2026/2025 P:2026/2025,,,Direct BvP not yet weighted; 2026/2025 Statcast baseline active,7,8,26,3,Hot streak: 3 HR in last 7 games,"platoon edge; pitcher baseline 11.6% barrel, 25.1 HR allowed",EV profile; pitcher fly-ball pressure modest,12.5,52.11,92.94,103.0478,0.459,0.2245,0.3397,71.81,20.3,33.77,33.6,30.8,0.2333,11.61,43.57,90.27,0.5136,0.2251,26.57,301 deg,Open-Meteo forecast; MLB fallback,https://forecast.weather.gov/MapClick.php?lat=37.7786&lon=-122.3893,71,12,67,Oracle Park,,,,,,,,,,,
6,670541,Yordan Alvarez,HOU,NYM,2026-08-29T20:10:00Z,Pre-Game,2,Nolan McLean,690997,R,63.8,Tier 3,Watch List,"Projected Lineup, Elite Power, Strong Barrel, Premium Lineup Spot, Platoon Edge",80.2,29.5,60.8,95.5,80.0,27.7,50.0,,No,No,2,Yes,Yes,RotoWire projected lineup; MLB probable pitchers,lineup projected / unconfirmed,H:2026/2025 P:2026/2025,,,Direct BvP not yet weighted; 2026/2025 Statcast baseline active,7,7,23,0,"Last 7 games: 7/23, 0 HR","platoon edge; pitcher baseline 7.1% barrel, 11.7 HR allowed",lift-pull EV profile; pitcher fly-ball pressure modest,15.97,53.25,94.56,104.9919,0.6288,0.3147,0.4364,76.17,61.94,41.09,36.31,27.0,0.2494,7.09,37.87,88.31,0.3458,0.1257,21.91,Out To CF,NOAA link only,https://forecast.weather.gov/MapClick.php?lat=40.7571&lon=-73.8458,,,80,Citi Field,,,,,,,,,,,
7,621566,Matt Olson,ATL,NYM,2026-08-29T20:10:00Z,Pre-Game,3,Ryan Feltner,663372,R,63.5,Tier 3,Watch List,"Projected Lineup, Strong Barrel, Premium Lineup Spot, Platoon Edge, Sheet Consensus",67.4,45.5,51.4,92.1,80.0,32.5,80.6,100.0,No,No,3,Yes,Yes,RotoWire projected lineup; MLB probable pitchers,lineup projected / unconfirmed,H:2026/2025 P:2026/2025,,,Direct BvP not yet weighted; 2026/2025 Statcast baseline active,7,6,28,1,"Last 7 games: 6/28, 1 HR","platoon edge; pitcher baseline 8.9% barrel, 14.5 HR allowed",lift-pull EV profile; pitcher fly-ball pressure modest,15.24,50.99,92.88,103.8247,0.5123,0.2629,0.3607,74.53,47.68,38.42,33.27,34.6,0.2554,8.86,37.24,88.04,0.4477,0.1926,28.6,L To R,Open-Meteo forecast; MLB fallback,https://forecast.weather.gov/MapClick.php?lat=33.8907&lon=-84.4677,77,16,80,Truist Park,,22.7,0.398,96,11,103,37.5,3,3.3,6,Elite LHH power; weather only mild and possible delay
8,624413,Pete Alonso,BAL,ATH,2026-08-30T02:05:00Z,Scheduled,2,Jack Perkins,678022,R,63.3,Tier 3,Watch List,"Projected Lineup, Strong Barrel, Premium Lineup Spot, Hot Hitter/Streak",73.1,39.9,52.4,95.5,50.0,85.2,50.0,,No,No,2,Yes,Yes,RotoWire projected lineup; MLB probable pitchers,lineup projected / unconfirmed,H:2026/2025 P:2026/2025,,,Direct BvP not yet weighted; 2026/2025 Statcast baseline active,7,9,28,3,Hot streak: 3 HR in last 7 games,"same-side matchup; pitcher baseline 9.1% barrel, 13.1 HR allowed",EV profile; pitcher allows elevated contact,15.47,56.29,93.99,104.2977,0.5566,0.2745,0.3909,74.78,48.79,36.15,30.67,33.8,0.2408,9.11,36.44,87.8,0.3769,0.1489,33.75,234 deg,Open-Meteo forecast; MLB fallback,https://forecast.weather.gov/MapClick.php?lat=38.5804&lon=-121.5139,51,8,74,Sutter Health Park,,,,,,,,,,,
9,805805,Walker Jenkins,MIN,CWS,2026-08-29T18:10:00Z,Pre-Game,9,Erick Fedde,607200,R,63.1,Tier 3,Watch List,"Elite Power, Strong Barrel, Platoon Edge",92.9,47.5,47.1,44.8,80.0,32.0,50.0,,Yes,Yes,9,Yes,No,MLB Stats API; RotoWire,,H:2026 P:2026/2025,,,Direct BvP not yet weighted; 2026/2025 Statcast baseline active,1,1,3,0,Contact streak: 1/3 over last 1 games,"platoon edge; pitcher baseline 8.1% barrel, 21.1 HR allowed",lift-pull EV profile; pitcher fly-ball pressure modest,50.0,100.0,100.0,102.2656,0.694,0.389,0.486,69.4,16.7,50.0,50.0,0.0,0.0,8.11,40.57,89.01,0.447,0.1832,28.98,R To L,Open-Meteo forecast; MLB fallback,https://forecast.weather.gov/MapClick.php?lat=44.9817&lon=-93.2776,57,0,77,Target Field,,,,,,,,,,,
10,660271,Shohei Ohtani,LAD,DET,2026-08-29T17:10:00Z,Pre-Game,1,Keider Montero,672456,R,62.2,Tier 3,Watch List,"Elite Power, Strong Barrel, Premium Lineup Spot, Platoon Edge",80.2,38.6,45.1,93.2,80.0,4.2,50.0,,Yes,Yes,1,Yes,No,MLB Stats API; RotoWire,,H:2026/2025 P:2026/2025,,,Direct BvP not yet weighted; 2026/2025 Statcast baseline active,7,4,27,0,"Last 7 games: 4/27, 0 HR","platoon edge; pitcher baseline 7.6% barrel, 14.6 HR allowed",lift-pull EV profile; pitcher fly-ball pressure modest,18.39,54.22,93.92,104.5399,0.5916,0.3057,0.4103,75.03,53.29,46.35,32.06,37.5,0.2798,7.57,38.07,88.68,0.4033,0.165,25.35,R To L,Open-Meteo forecast; MLB fallback,https://forecast.weather.gov/MapClick.php?lat=42.3390&lon=-83.0485,70,0,70,Comerica Park,,,,,,,,,,,
11,547180,Bryce Harper,PHI,STL,2026-08-30T02:07:00Z,Scheduled,3,Ryan Johnson,696270,R,61.9,Tier 3,Watch List,"Projected Lineup, Strong Barrel, Premium Lineup Spot, Platoon Edge, Hot Hitter/Streak",52.7,47.7,60.2,92.1,80.0,74.2,62.9,83.0,No,No,3,Yes,Yes,RotoWire projected lineup; MLB probable pitchers,lineup projected / unconfirmed,H:2026/2025 P:2026/2025,,,Direct BvP not yet weighted; 2026/2025 Statcast baseline active,7,10,27,2,Hot streak: 2 HR in last 7 games,"platoon edge; pitcher baseline 9.7% barrel, 12.4 HR allowed",neutral batted-ball profile; pitcher allows elevated contact,11.67,45.47,90.67,101.9261,0.5018,0.2282,0.3855,74.1,44.8,37.49,27.52,27.0,0.2344,9.69,37.26,87.89,0.4437,0.1868,33.81,229 deg,Open-Meteo forecast; MLB fallback,https://forecast.weather.gov/MapClick.php?lat=33.8003&lon=-117.8827,49,0,93,Angel Stadium,,16.5,0.424,93,13,118,0,6,4.88,2,Elite hitter/sheet power; pitcher split less targetable
12,700250,Ben Rice,NYY,BOS,2026-08-29T23:15:00Z,Scheduled,2,,,,61.1,Tier 3,Watch List,"Projected Lineup, Strong Barrel, Premium Lineup Spot",65.3,41.2,58.7,95.5,60.0,50.3,50.0,,No,No,2,Yes,Yes,RotoWire projected lineup; MLB probable pitchers,lineup projected / unconfirmed,H:2026/2025 P:,,,Direct BvP not yet weighted; 2026/2025 Statcast baseline active,7,8,24,1,Contact streak: 8/24 over last 7 games,"handedness incomplete; pitcher baseline 0.0% barrel, 0.0 HR allowed",lift-pull EV profile; pitcher fly-ball pressure modest,15.26,50.92,92.53,102.6002,0.525,0.2555,0.3812,72.91,28.36,46.15,30.6,32.3,0.2671,,,,,,,318 deg,Open-Meteo forecast; MLB fallback,https://forecast.weather.gov/MapClick.php?lat=40.8296&lon=-73.9262,49,7,80,Yankee Stadium,,,,,,,,,,,
13,701398,Sal Stewart,CIN,CHC,2026-08-29T18:20:00Z,Pre-Game,3,Kevin Gausman,592332,R,60.5,Tier 3,Watch List,"Strong Barrel, Premium Lineup Spot",59.6,39.6,67.8,96.6,50.0,68.7,50.0,,Yes,Yes,3,Yes,No,MLB Stats API; RotoWire,,H:2026/2025 P:2026/2025,,,Direct BvP not yet weighted; 2026/2025 Statcast baseline active,7,10,30,2,Hot streak: 2 HR in last 7 games,"same-side matchup; pitcher baseline 7.5% barrel, 18.9 HR allowed",neutral batted-ball profile; pitcher fly-ball pressure modest,14.61,42.7,91.69,101.3049,0.5208,0.2547,0.3639,72.17,26.44,38.64,32.79,21.8,0.2375,7.45,39.65,88.67,0.4,0.1557,26.23,Out To CF,Open-Meteo forecast; MLB fallback,https://forecast.weather.gov/MapClick.php?lat=41.9484&lon=-87.6553,69,0,76,Wrigley Field,,,,,,,,,,,
14,682829,Elly De La Cruz,CIN,CHC,2026-08-29T18:20:00Z,Pre-Game,2,Kevin Gausman,592332,R,60.4,Tier 3,Watch List,"Strong Barrel, Premium Lineup Spot, Platoon Edge",54.5,37.6,67.8,100.0,75.0,57.7,50.0,,Yes,Yes,2,Yes,No,MLB Stats API; RotoWire,,H:2026/2025 P:2026/2025,,,Direct BvP not yet weighted; 2026/2025 Statcast baseline active,7,13,34,1,Contact streak: 13/34 over last 7 games,"switch hitter; pitcher baseline 7.5% barrel, 18.9 HR allowed",EV profile; pitcher fly-ball pressure modest,12.54,48.89,92.96,103.9463,0.4583,0.1905,0.3486,75.38,54.12,34.96,24.82,21.3,0.1984,7.45,39.65,88.67,0.4,0.1557,26.23,Out To CF,Open-Meteo forecast; MLB fallback,https://forecast.weather.gov/MapClick.php?lat=41.9484&lon=-87.6553,69,0,76,Wrigley Field,,,,,,,,,,,
15,664040,Brandon Lowe,PIT,STL,2026-08-29T18:15:00Z,Pre-Game,2,Kyle Leahy,681517,R,59.9,Longshot,Watch List,"Strong Barrel, Premium Lineup Spot, Platoon Edge",51.3,51.7,56.6,100.0,80.0,26.4,50.0,,Yes,Yes,2,Yes,No,MLB Stats API; RotoWire,,H:2026/2025 P:2026/2025,,,Direct BvP not yet weighted; 2026/2025 Statcast baseline active,7,4,23,1,"Last 7 games: 4/23, 1 HR","platoon edge; pitcher baseline 9.9% barrel, 9.9 HR allowed",neutral batted-ball profile; pitcher fly-ball pressure modest,12.23,46.18,91.1,101.4337,0.4395,0.1995,0.3245,73.66,39.88,46.93,32.78,28.2,0.221,9.87,46.83,90.71,0.4373,0.1684,22.47,Out To LF,Open-Meteo forecast; MLB fallback,https://forecast.weather.gov/MapClick.php?lat=38.6226&lon=-90.1928,42,0,81,Busch Stadium,,,,,,,,,,,
16,696100,Hunter Goodman,COL,ATL,2026-08-29T20:10:00Z,Pre-Game,3,Martín Pérez,527048,L,59.8,Longshot,Watch List,"Strong Barrel, Premium Lineup Spot, Platoon Edge",59.8,38.1,51.4,96.6,78.0,60.7,50.0,,Yes,No,4,Yes,Yes,MLB Stats API; RotoWire,RotoWire not confirmed; order MLB 3 vs RotoWire 4,H:2026/2025 P:2026/2025,,,Direct BvP not yet weighted; 2026/2025 Statcast baseline active,7,7,25,2,Hot streak: 2 HR in last 7 games,"platoon edge; pitcher baseline 8.2% barrel, 10.2 HR allowed",neutral batted-ball profile; pitcher fly-ball pressure modest,15.56,46.06,90.52,102.7933,0.4714,0.2357,0.3283,75.0,49.37,48.07,32.76,34.5,0.2777,8.21,37.79,87.85,0.4199,0.1639,23.99,L To R,Open-Meteo forecast; MLB fallback,https://forecast.weather.gov/MapClick.php?lat=33.8907&lon=-84.4677,77,16,80,Truist Park,,,,,,,,,,,
17,665742,Juan Soto,NYM,HOU,2026-08-29T20:10:00Z,Pre-Game,2,Bennett Sousa,656986,L,59.6,Longshot,Watch List,"Strong Barrel, Premium Lineup Spot",71.4,36.1,60.8,100.0,50.0,3.4,50.0,,Yes,Yes,2,Yes,No,MLB Stats API; RotoWire,,H:2026/2025 P:2026/2025,,,Direct BvP not yet weighted; 2026/2025 Statcast baseline active,7,3,21,0,"Last 7 games: 3/21, 0 HR","same-side matchup; pitcher baseline 9.8% barrel, 2.6 HR allowed",lift-pull EV profile; pitcher allows elevated contact,15.47,50.61,92.89,103.0713,0.5947,0.3,0.4241,72.62,31.07,39.46,32.61,27.6,0.2578,9.78,33.16,88.12,0.3413,0.1325,37.87,Out To CF,NOAA link only,https://forecast.weather.gov/MapClick.php?lat=40.7571&lon=-73.8458,,,80,Citi Field,,,,,,,,,,,
18,678246,Miguel Vargas,CWS,MIN,2026-08-29T18:10:00Z,Pre-Game,3,Bailey Ober,641927,R,59.3,Longshot,Watch List,"Strong Barrel, Premium Lineup Spot",54.1,55.6,47.1,96.6,50.0,63.3,50.0,,Yes,Yes,3,Yes,No,MLB Stats API; RotoWire,,H:2026/2025 P:2026/2025,,,Direct BvP not yet weighted; 2026/2025 Statcast baseline active,7,10,21,1,Contact streak: 10/21 over last 7 games,"same-side matchup; pitcher baseline 10.5% barrel, 21.6 HR allowed",fly-ball profile; pitcher allows elevated contact,12.9,44.28,90.33,100.5159,0.4882,0.2284,0.3694,72.91,33.3,43.86,35.38,25.1,0.2209,10.48,37.28,88.97,0.4655,0.2119,32.32,R To L,Open-Meteo forecast; MLB fallback,https://forecast.weather.gov/MapClick.php?lat=44.9817&lon=-93.2776,57,0,77,Target Field,,,,,,,,,,,
19,641343,Jake Bauers,MIL,TEX,2026-08-29T23:15:00Z,Scheduled,3,Cal Quantrill,615698,R,59.3,Longshot,Watch List,"Projected Lineup, Strong Barrel, Premium Lineup Spot, Platoon Edge",60.8,44.3,48.1,92.1,80.0,34.4,50.0,,No,No,3,Yes,Yes,RotoWire projected lineup; MLB probable pitchers,lineup projected / unconfirmed,H:2026/2025 P:2026/2025,,,Direct BvP not yet weighted; 2026/2025 Statcast baseline active,7,5,22,1,"Last 7 games: 5/22, 1 HR","platoon edge; pitcher baseline 8.6% barrel, 12.9 HR allowed",lift-pull EV profile; pitcher fly-ball pressure modest,13.84,50.78,92.19,103.0546,0.4738,0.2216,0.368,76.57,70.0,40.97,30.61,18.2,0.2095,8.58,37.09,89.07,0.433,0.1786,29.01,144 deg,Open-Meteo forecast; MLB fallback,https://forecast.weather.gov/MapClick.php?lat=43.0280&lon=-87.9712,59,0,76,American Family Field,,,,,,,,,,,
20,676475,Alec Burleson,STL,PHI,2026-08-29T18:15:00Z,Pre-Game,3,Lake Bachar,669199,R,59.2,Longshot,Watch List,"Strong Barrel, Premium Lineup Spot, Platoon Edge",53.1,45.4,56.6,96.6,80.0,30.0,58.7,89.0,Yes,Yes,3,Yes,No,MLB Stats API; RotoWire,,H:2026/2025 P:2026/2025,,,Direct BvP not yet weighted; 2026/2025 Statcast baseline active,7,8,25,0,Contact streak: 8/25 over last 7 games,"platoon edge; pitcher baseline 9.4% barrel, 11.4 HR allowed",neutral batted-ball profile; pitcher allows elevated contact,10.69,47.76,91.7,101.9944,0.5137,0.2242,0.3702,73.21,34.28,43.75,27.4,20.1,0.1844,9.44,37.16,89.46,0.3899,0.1787,32.2,Out To LF,Open-Meteo forecast; MLB fallback,https://forecast.weather.gov/MapClick.php?lat=38.6226&lon=-90.1928,42,0,81,Busch Stadium,,18.3,0.244,94,8,123,27.3,6,6.35,9,"Strong LHH sheet, Busch heat/wind, Painter LHH split"
21,686948,Drake Baldwin,ATL,NYM,2026-08-29T20:10:00Z,Pre-Game,1,Ryan Feltner,663372,R,58.6,Longshot,Watch List,"Projected Lineup, Strong Barrel, Premium Lineup Spot, Platoon Edge",57.3,45.5,51.4,88.7,80.0,50.3,37.9,68.0,No,No,1,Yes,Yes,RotoWire projected lineup; MLB probable pitchers,lineup projected / unconfirmed,H:2026/2025 P:2026/2025,,,Direct BvP not yet weighted; 2026/2025 Statcast baseline active,7,9,27,1,Contact streak: 9/27 over last 7 games,"platoon edge; pitcher baseline 8.9% barrel, 14.5 HR allowed",neutral batted-ball profile; pitcher fly-ball pressure modest,12.47,51.56,91.84,102.41,0.4954,0.2185,0.367,75.3,56.3,32.5,24.97,21.1,0.1845,8.86,37.24,88.04,0.4477,0.1926,28.6,L To R,Open-Meteo forecast; MLB fallback,https://forecast.weather.gov/MapClick.php?lat=33.8907&lon=-84.4677,77,16,80,Truist Park,,16.4,0.177,93,4,79,0,3,3.3,6,Strong barrel/EV but ISO lower
22,545361,Mike Trout,LAA,PHI,2026-08-30T02:07:00Z,Scheduled,2,Cristopher Sánchez,650911,L,58.0,Longshot,Watch List,"Projected Lineup, Strong Barrel, Premium Lineup Spot, Platoon Edge",61.1,31.9,60.2,95.5,78.0,24.0,50.0,,No,No,2,Yes,Yes,RotoWire projected lineup; MLB probable pitchers,lineup projected / unconfirmed,H:2026/2025 P:2026/2025,,,Direct BvP not yet weighted; 2026/2025 Statcast baseline active,7,7,25,0,"Last 7 games: 7/25, 0 HR","platoon edge; pitcher baseline 6.8% barrel, 13.4 HR allowed",neutral batted-ball profile; pitcher fly-ball pressure modest,15.94,46.78,90.27,102.879,0.4887,0.2418,0.3741,74.63,47.77,37.0,32.82,21.8,0.1958,6.82,41.34,89.21,0.3548,0.1207,16.41,229 deg,Open-Meteo forecast; MLB fallback,https://forecast.weather.gov/MapClick.php?lat=33.8003&lon=-117.8827,49,0,93,Angel Stadium,,,,,,,,,,,
23,691718,Pete Crow-Armstrong,CHC,CIN,2026-08-29T18:20:00Z,Pre-Game,1,Andrew Abbott,671096,L,57.8,Longshot,Watch List,"Strong Barrel, Premium Lineup Spot",53.7,40.6,67.8,93.2,50.0,54.9,50.0,,Yes,Yes,1,Yes,No,MLB Stats API; RotoWire,,H:2026/2025 P:2026/2025,,,Direct BvP not yet weighted; 2026/2025 Statcast baseline active,7,7,29,2,Hot streak: 2 HR in last 7 games,"same-side matchup; pitcher baseline 7.9% barrel, 18.3 HR allowed",fly-ball profile; pitcher fly-ball pressure modest,12.47,46.43,89.92,101.4944,0.4708,0.2225,0.3469,74.17,43.83,49.74,35.64,32.4,0.2599,7.86,36.71,88.99,0.4088,0.1583,27.93,Out To CF,Open-Meteo forecast; MLB fallback,https://forecast.weather.gov/MapClick.php?lat=41.9484&lon=-87.6553,69,0,76,Wrigley Field,,,,,,,,,,,
24,673548,Seiya Suzuki,CHC,CIN,2026-08-29T18:20:00Z,Pre-Game,2,Andrew Abbott,671096,L,57.7,Longshot,Watch List,"Strong Barrel, Premium Lineup Spot, Platoon Edge",46.3,40.6,67.8,100.0,78.0,35.6,50.0,,Yes,Yes,2,Yes,No,MLB Stats API; RotoWire,,H:2026/2025 P:2026/2025,,,Direct BvP not yet weighted; 2026/2025 Statcast baseline active,7,10,28,0,Contact streak: 10/28 over last 7 games,"platoon edge; pitcher baseline 7.9% barrel, 18.3 HR allowed",neutral batted-ball profile; pitcher fly-ball pressure modest,12.19,41.63,89.2,101.0269,0.4433,0.197,0.3394,73.3,37.04,42.39,31.06,25.0,0.2169,7.86,36.71,88.99,0.4088,0.1583,27.93,Out To CF,Open-Meteo forecast; MLB fallback,https://forecast.weather.gov/MapClick.php?lat=41.9484&lon=-87.6553,69,0,76,Wrigley Field,,,,,,,,,,,
25,571970,Max Muncy,LAD,KC,2026-08-29T17:10:00Z,Pre-Game,4,Keider Montero,672456,R,57.4,Longshot,Watch List,"Strong Barrel, Premium Lineup Spot, Platoon Edge",56.3,38.6,45.1,94.9,80.0,34.4,66.5,100.0,Yes,Yes,4,Yes,No,MLB Stats API; RotoWire,,H:2026/2025 P:2026/2025,,,Direct BvP not yet weighted; 2026/2025 Statcast baseline active,7,5,22,1,"Last 7 games: 5/22, 1 HR","platoon edge; pitcher baseline 7.6% barrel, 14.6 HR allowed",fly-ball profile; pitcher fly-ball pressure modest,13.25,47.58,90.74,101.4278,0.4809,0.2394,0.3572,71.38,15.04,52.62,35.23,23.9,0.2396,7.57,38.07,88.68,0.4033,0.165,25.35,R To L,Open-Meteo forecast; MLB fallback,https://forecast.weather.gov/MapClick.php?lat=42.3390&lon=-83.0485,70,0,70,Comerica Park,,19.2,0.333,92,4,39,57.1,19,8.85,4,Dodger +19; elite sheet line vs Cameron LHH split
26,695657,Colson Montgomery,CWS,MIN,2026-08-29T18:10:00Z,Pre-Game,6,Bailey Ober,641927,R,57.3,Longshot,Watch List,"Strong Barrel, Platoon Edge",52.4,55.6,47.1,76.2,80.0,41.7,50.0,,Yes,Yes,6,Yes,No,MLB Stats API; RotoWire,,H:2026/2025 P:2026/2025,,,Direct BvP not yet weighted; 2026/2025 Statcast baseline active,7,4,26,2,Hot streak: 2 HR in last 7 games,"platoon edge; pitcher baseline 10.5% barrel, 21.6 HR allowed",neutral batted-ball profile; pitcher allows elevated contact,13.1,43.17,89.19,101.8896,0.4366,0.222,0.3137,76.65,69.67,49.02,33.86,25.9,0.2396,10.48,37.28,88.97,0.4655,0.2119,32.32,R To L,Open-Meteo forecast; MLB fallback,https://forecast.weather.gov/MapClick.php?lat=44.9817&lon=-93.2776,57,0,77,Target Field,,,,,,,,,,,
27,669065,Kyle Stowers,MIA,WSH,2026-08-29T20:05:00Z,Scheduled,1,Cade Cavalli,676917,R,57.3,Longshot,Watch List,"Projected Lineup, Strong Barrel, Premium Lineup Spot, Platoon Edge",61.8,34.2,49.7,88.7,80.0,40.7,50.0,,No,No,1,Yes,Yes,RotoWire projected lineup; MLB probable pitchers,lineup projected / unconfirmed,H:2026/2025 P:2026/2025,,,Direct BvP not yet weighted; 2026/2025 Statcast baseline active,7,9,23,0,Contact streak: 9/23 over last 7 games,"platoon edge; pitcher baseline 6.6% barrel, 14.0 HR allowed",neutral batted-ball profile; pitcher fly-ball pressure modest,14.06,54.45,91.87,103.2803,0.467,0.2237,0.3449,75.28,55.02,46.48,31.85,18.7,0.2273,6.6,41.8,88.82,0.3825,0.1361,22.1,24 deg,Open-Meteo forecast; MLB fallback,https://forecast.weather.gov/MapClick.php?lat=38.8730&lon=-77.0074,67,5,80,Nationals Park,,,,,,,,,,,
28,691023,Jordan Walker,STL,PHI,2026-08-29T18:15:00Z,Pre-Game,4,Lake Bachar,669199,R,57.0,Longshot,Watch List,"Strong Barrel, Premium Lineup Spot",55.8,45.4,56.6,94.9,50.0,48.5,32.9,55.0,Yes,Yes,4,Yes,No,MLB Stats API; RotoWire,,H:2026/2025 P:2026/2025,,,Direct BvP not yet weighted; 2026/2025 Statcast baseline active,7,9,28,1,Contact streak: 9/28 over last 7 games,"same-side matchup; pitcher baseline 9.4% barrel, 11.4 HR allowed",EV profile; pitcher allows elevated contact,12.65,48.74,92.44,104.5309,0.4477,0.1935,0.3312,78.87,82.98,37.47,24.4,20.7,0.1771,9.44,37.16,89.46,0.3899,0.1787,32.2,Out To LF,Open-Meteo forecast; MLB fallback,https://forecast.weather.gov/MapClick.php?lat=38.6226&lon=-90.1928,42,0,81,Busch Stadium,,10.9,0.144,91,9,264,0,6,7.62,6,Volume support but ISO modest
29,663728,Cal Raleigh,SEA,TOR,2026-08-29T19:07:00Z,Pre-Game,5,José Soriano,667755,R,57.0,Longshot,Watch List,"Strong Barrel, Platoon Edge, Hot Hitter/Streak",58.2,36.5,41.9,86.4,75.0,82.7,50.0,,Yes,Yes,5,Yes,No,MLB Stats API; RotoWire,,H:2026/2025 P:2026/2025,,,Direct BvP not yet weighted; 2026/2025 Statcast baseline active,7,7,23,5,Hot streak: 5 HR in last 7 games,"switch hitter; pitcher baseline 7.8% barrel, 12.7 HR allowed",fly-ball profile; pitcher fly-ball pressure modest,15.72,41.06,90.11,101.0736,0.4315,0.2362,0.3248,74.99,52.04,54.57,42.43,30.6,0.2244,7.76,41.97,89.79,0.3838,0.1383,18.54,None,Open-Meteo forecast; MLB fallback,https://forecast.weather.gov/MapClick.php?lat=43.6414&lon=-79.3894,69,0,66,Rogers Centre,,,,,,,,,,,
30,665019,Kody Clemens,MIN,BAL,2026-08-29T18:10:00Z,Pre-Game,3,Erick Fedde,607200,R,56.8,Longshot,Watch List,"Strong Barrel, Premium Lineup Spot, Platoon Edge",52.8,47.5,47.1,96.6,80.0,46.5,12.8,42.0,Yes,Yes,3,Yes,No,MLB Stats API; RotoWire,,H:2026/2025 P:2026/2025,,,Direct BvP not yet weighted; 2026/2025 Statcast baseline active,7,8,26,1,"Last 7 games: 8/26, 1 HR","platoon edge; pitcher baseline 8.1% barrel, 21.1 HR allowed",lift-pull EV profile; pitcher fly-ball pressure modest,11.86,47.04,92.13,101.549,0.4601,0.209,0.3324,72.06,14.49,46.08,32.97,21.1,0.2252,8.11,40.57,89.01,0.447,0.1832,28.98,R To L,Open-Meteo forecast; MLB fallback,https://forecast.weather.gov/MapClick.php?lat=44.9817&lon=-93.2776,57,0,77,Target Field,,9.8,0.161,89,2,62,0,-4,2.56,1,Weak pitcher split; not core
31,668804,Bryan Reynolds,PIT,STL,2026-08-29T18:15:00Z,Pre-Game,3,Kyle Leahy,681517,R,56.7,Longshot,Watch List,"Strong Barrel, Premium Lineup Spot, Platoon Edge",45.5,50.7,56.6,96.6,75.0,20.9,50.0,,Yes,Yes,3,Yes,No,MLB Stats API; RotoWire,,H:2026/2025 P:2026/2025,,,Direct BvP not yet weighted; 2026/2025 Statcast baseline active,7,7,27,0,"Last 7 games: 7/27, 0 HR","switch hitter; pitcher baseline 9.9% barrel, 9.9 HR allowed",neutral batted-ball profile; pitcher fly-ball pressure modest,10.73,46.28,90.71,101.836,0.4372,0.1862,0.3457,72.62,28.23,39.45,25.11,15.3,0.1598,9.87,46.83,90.71,0.4373,0.1684,22.47,Out To LF,Open-Meteo forecast; MLB fallback,https://forecast.weather.gov/MapClick.php?lat=38.6226&lon=-90.1928,42,0,81,Busch Stadium,,,,,,,,,,,
32,700250,Ben Rice,NYY,BOS,2026-08-29T17:05:00Z,Pre-Game,2,Jake Bennett,687562,L,56.6,Longshot,Watch List,"Strong Barrel, Premium Lineup Spot",65.3,28.8,48.2,100.0,50.0,50.3,50.0,,Yes,No,2,Yes,Yes,MLB Stats API; RotoWire,RotoWire not confirmed,H:2026/2025 P:2026,,,Direct BvP not yet weighted; 2026/2025 Statcast baseline active,7,8,24,1,Contact streak: 8/24 over last 7 games,"same-side matchup; pitcher baseline 6.4% barrel, 7.0 HR allowed",lift-pull EV profile; pitcher fly-ball pressure modest,15.26,50.92,92.53,102.6002,0.525,0.2555,0.3812,72.91,28.36,46.15,30.6,32.3,0.2671,6.4,36.4,88.2,0.37,0.137,25.8,In From CF,Open-Meteo forecast; MLB fallback,https://forecast.weather.gov/MapClick.php?lat=40.8296&lon=-73.9262,49,7,80,Yankee Stadium,,,,,,,,,,,
33,695506,Jac Caglianone,KC,CLE,2026-08-29T20:10:00Z,Pre-Game,3,Foster Griffin,656492,L,56.4,Longshot,Watch List,"Strong Barrel, Premium Lineup Spot",59.9,43.4,33.6,96.6,50.0,61.4,50.0,,Yes,Yes,3,Yes,No,MLB Stats API; RotoWire,,H:2026/2025 P:2026,,,Direct BvP not yet weighted; 2026/2025 Statcast baseline active,7,11,27,1,Contact streak: 11/27 over last 7 games,"same-side matchup; pitcher baseline 9.1% barrel, 23.0 HR allowed",neutral batted-ball profile; pitcher fly-ball pressure modest,13.82,51.08,91.99,104.7714,0.4905,0.2213,0.3504,77.26,74.13,43.58,22.33,18.2,0.1933,9.1,37.7,88.0,0.418,0.164,26.0,In From CF,Open-Meteo forecast; MLB fallback,https://forecast.weather.gov/MapClick.php?lat=41.4962&lon=-81.6852,56,0,70,Progressive Field,,,,,,,,,,,
34,686527,Dominic Canzone,SEA,TOR,2026-08-29T19:07:00Z,Pre-Game,2,José Soriano,667755,R,56.3,Longshot,Watch List,"Strong Barrel, Premium Lineup Spot, Platoon Edge",55.6,37.9,41.9,100.0,80.0,32.5,50.0,,Yes,Yes,2,Yes,No,MLB Stats API; RotoWire,,H:2026/2025 P:2026/2025,,,Direct BvP not yet weighted; 2026/2025 Statcast baseline active,7,6,28,1,"Last 7 games: 6/28, 1 HR","platoon edge; pitcher baseline 7.8% barrel, 12.7 HR allowed",neutral batted-ball profile; pitcher fly-ball pressure modest,13.1,46.06,91.53,102.5448,0.5008,0.2241,0.3634,74.08,42.48,39.97,26.23,17.3,0.2125,7.76,41.97,89.79,0.3838,0.1383,18.54,None,Open-Meteo forecast; MLB fallback,https://forecast.weather.gov/MapClick.php?lat=43.6414&lon=-79.3894,69,0,66,Rogers Centre,,,,,,,,,,,
35,677951,Bobby Witt Jr.,KC,CLE,2026-08-29T20:10:00Z,Pre-Game,2,Foster Griffin,656492,L,56.1,Longshot,Watch List,"Strong Barrel, Premium Lineup Spot, Platoon Edge",56.3,43.4,33.6,100.0,78.0,24.9,50.0,,Yes,Yes,2,Yes,No,MLB Stats API; RotoWire,,H:2026/2025 P:2026,,,Direct BvP not yet weighted; 2026/2025 Statcast baseline active,7,8,28,0,"Last 7 games: 8/28, 0 HR","platoon edge; pitcher baseline 9.1% barrel, 23.0 HR allowed",EV profile; pitcher fly-ball pressure modest,12.01,50.32,92.6,103.5835,0.508,0.2094,0.3769,73.95,42.16,30.31,26.71,18.1,0.1815,9.1,37.7,88.0,0.418,0.164,26.0,In From CF,Open-Meteo forecast; MLB fallback,https://forecast.weather.gov/MapClick.php?lat=41.4962&lon=-81.6852,56,0,70,Progressive Field,,,,,,,,,,,
36,695491,Joshua Báez,STL,PIT,2026-08-29T18:15:00Z,Pre-Game,8,Lake Bachar,669199,R,56.0,Longshot,Watch List,Strong Barrel,72.6,45.4,56.6,52.4,50.0,25.3,50.0,,Yes,Yes,8,Yes,No,MLB Stats API; RotoWire,,H:2026 P:2026/2025,,,Direct BvP not yet weighted; 2026/2025 Statcast baseline active,7,4,24,1,"Last 7 games: 4/24, 1 HR","same-side matchup; pitcher baseline 9.4% barrel, 11.4 HR allowed",EV profile; pitcher allows elevated contact,17.2,51.7,93.3,103.3151,0.456,0.259,0.299,77.7,75.3,34.5,41.4,4.0,0.286,9.44,37.16,89.46,0.3899,0.1787,32.2,Out To LF,Open-Meteo forecast; MLB fallback,https://forecast.weather.gov/MapClick.php?lat=38.6226&lon=-90.1928,42,0,81,Busch Stadium,,,,,,,,,,,
37,694192,Jackson Chourio,MIL,TEX,2026-08-29T23:15:00Z,Scheduled,2,Cal Quantrill,615698,R,56.0,Longshot,Watch List,"Projected Lineup, Strong Barrel, Premium Lineup Spot",51.4,44.3,48.1,95.5,50.0,65.2,50.0,,No,No,2,Yes,Yes,RotoWire projected lineup; MLB probable pitchers,lineup projected / unconfirmed,H:2026/2025 P:2026/2025,,,Direct BvP not yet weighted; 2026/2025 Statcast baseline active,7,9,29,2,Hot streak: 2 HR in last 7 games,"same-side matchup; pitcher baseline 8.6% barrel, 12.9 HR allowed",neutral batted-ball profile; pitcher fly-ball pressure modest,12.08,45.52,91.05,101.8889,0.461,0.2063,0.3301,74.25,43.82,30.66,28.78,19.6,0.1916,8.58,37.09,89.07,0.433,0.1786,29.01,144 deg,Open-Meteo forecast; MLB fallback,https://forecast.weather.gov/MapClick.php?lat=43.0280&lon=-87.9712,59,0,76,American Family Field,,,,,,,,,,,
38,666018,Jonathan Aranda,TB,SD,2026-08-29T20:10:00Z,Pre-Game,2,Walker Buehler,621111,R,55.9,Longshot,Watch List,"Strong Barrel, Premium Lineup Spot, Platoon Edge",47.9,41.3,50.1,100.0,80.0,32.9,50.0,,Yes,Yes,2,Yes,No,MLB Stats API; RotoWire,,H:2026/2025 P:2026/2025,,,Direct BvP not yet weighted; 2026/2025 Statcast baseline active,7,5,23,1,"Last 7 games: 5/23, 1 HR","platoon edge; pitcher baseline 8.4% barrel, 17.1 HR allowed",neutral batted-ball profile; pitcher fly-ball pressure modest,10.52,48.2,91.67,101.2688,0.4625,0.1918,0.3575,70.22,12.41,32.78,29.92,15.4,0.1499,8.45,38.43,88.88,0.4108,0.1582,23.58,None,Open-Meteo forecast; MLB fallback,https://forecast.weather.gov/MapClick.php?lat=27.7682&lon=-82.6534,89,5,80,Tropicana Field,,,,,,,,,,,
39,691406,Junior Caminero,TB,ATH,2026-08-29T20:10:00Z,Pre-Game,3,Walker Buehler,621111,R,55.9,Longshot,Watch List,"Strong Barrel, Premium Lineup Spot",61.9,41.3,50.1,96.6,50.0,39.7,14.4,48.0,Yes,Yes,3,Yes,No,MLB Stats API; RotoWire,,H:2026/2025 P:2026/2025,,,Direct BvP not yet weighted; 2026/2025 Statcast baseline active,7,10,26,0,Contact streak: 10/26 over last 7 games,"same-side matchup; pitcher baseline 8.4% barrel, 17.1 HR allowed",EV profile; pitcher fly-ball pressure modest,13.16,50.77,92.82,105.2799,0.4954,0.2278,0.3586,79.34,84.69,45.8,23.77,38.0,0.2549,8.45,38.43,88.88,0.4108,0.1582,23.58,None,Open-Meteo forecast; MLB fallback,https://forecast.weather.gov/MapClick.php?lat=27.7682&lon=-82.6534,89,5,80,Tropicana Field,,0,0,0,0,0,0,37,0,0,Ballpark Pal top hitter 27.9%; best park/weather on slate
40,699302,Héctor Rodríguez,CIN,CHC,2026-08-29T18:20:00Z,Pre-Game,1,Kevin Gausman,592332,R,55.7,Longshot,Watch List,"Premium Lineup Spot, Platoon Edge, Hot Hitter/Streak",33.2,39.6,67.8,93.2,80.0,97.0,50.0,,Yes,Yes,1,Yes,No,MLB Stats API; RotoWire,,H:2026 P:2026/2025,,,Direct BvP not yet weighted; 2026/2025 Statcast baseline active,7,10,25,3,Hot streak: 3 HR in last 7 games,"platoon edge; pitcher baseline 7.5% barrel, 18.9 HR allowed",neutral batted-ball profile; pitcher fly-ball pressure modest,9.8,31.7,87.7,99.318,0.396,0.175,0.308,74.9,55.9,39.0,24.4,3.0,0.208,7.45,39.65,88.67,0.4,0.1557,26.23,Out To CF,Open-Meteo forecast; MLB fallback,https://forecast.weather.gov/MapClick.php?lat=41.9484&lon=-87.6553,69,0,76,Wrigley Field,,,,,,,,,,,
41,683737,Michael Busch,CHC,CIN,2026-08-29T18:20:00Z,Pre-Game,4,Andrew Abbott,671096,L,55.7,Longshot,Watch List,"Strong Barrel, Premium Lineup Spot",45.2,40.6,67.8,94.9,50.0,60.7,50.0,,Yes,Yes,4,Yes,No,MLB Stats API; RotoWire,,H:2026/2025 P:2026/2025,,,Direct BvP not yet weighted; 2026/2025 Statcast baseline active,7,7,25,2,Hot streak: 2 HR in last 7 games,"same-side matchup; pitcher baseline 7.9% barrel, 18.3 HR allowed",neutral batted-ball profile; pitcher fly-ball pressure modest,11.71,42.26,89.47,99.7508,0.4472,0.2055,0.3472,68.97,5.71,40.14,34.83,22.1,0.1871,7.86,36.71,88.99,0.4088,0.1583,27.93,Out To CF,Open-Meteo forecast; MLB fallback,https://forecast.weather.gov/MapClick.php?lat=41.9484&lon=-87.6553,69,0,76,Wrigley Field,,,,,,,,,,,
42,805811,Bryce Eldridge,SF,AZ,2026-08-30T02:05:00Z,Scheduled,3,Mitch Bratt,683352,L,55.6,Longshot,Watch List,"Projected Lineup, Strong Barrel, Premium Lineup Spot",70.5,30.0,37.3,92.1,50.0,44.8,50.0,,No,No,3,Yes,Yes,RotoWire projected lineup; MLB probable pitchers,lineup projected / unconfirmed,H:2026/2025 P:2026,,,Direct BvP not yet weighted; 2026/2025 Statcast baseline active,7,8,27,1,"Last 7 games: 8/27, 1 HR","same-side matchup; pitcher baseline 7.4% barrel, 5.0 HR allowed",lift-pull EV profile; pitcher allows elevated contact,16.04,57.53,93.5,103.3222,0.4827,0.2519,0.3573,73.0,28.71,38.97,37.68,10.5,0.1574,7.4,34.4,87.2,0.365,0.139,32.0,301 deg,Open-Meteo forecast; MLB fallback,https://forecast.weather.gov/MapClick.php?lat=37.7786&lon=-122.3893,71,12,67,Oracle Park,,,,,,,,,,,
43,663886,Tyler Stephenson,CIN,CHC,2026-08-29T18:20:00Z,Pre-Game,5,Kevin Gausman,592332,R,55.5,Longshot,Watch List,Strong Barrel,51.2,39.6,67.8,86.4,50.0,48.3,50.0,,Yes,Yes,5,Yes,No,MLB Stats API; RotoWire,,H:2026/2025 P:2026/2025,,,Direct BvP not yet weighted; 2026/2025 Statcast baseline active,7,8,25,1,Contact streak: 8/25 over last 7 games,"same-side matchup; pitcher baseline 7.5% barrel, 18.9 HR allowed",neutral batted-ball profile; pitcher fly-ball pressure modest,13.17,46.61,90.85,100.5,0.441,0.2047,0.3305,70.52,7.21,37.22,32.87,13.0,0.1739,7.45,39.65,88.67,0.4,0.1557,26.23,Out To CF,Open-Meteo forecast; MLB fallback,https://forecast.weather.gov/MapClick.php?lat=41.9484&lon=-87.6553,69,0,76,Wrigley Field,,,,,,,,,,,
44,695600,Carter Jensen,KC,CLE,2026-08-29T20:10:00Z,Pre-Game,1,Foster Griffin,656492,L,55.5,Longshot,Watch List,"Strong Barrel, Premium Lineup Spot, Hot Hitter/Streak",56.3,43.4,33.6,93.2,50.0,76.1,50.0,,Yes,Yes,1,Yes,No,MLB Stats API; RotoWire,,H:2026/2025 P:2026,,,Direct BvP not yet weighted; 2026/2025 Statcast baseline active,7,6,23,3,Hot streak: 3 HR in last 7 games,"same-side matchup; pitcher baseline 9.1% barrel, 23.0 HR allowed",lift-pull EV profile; pitcher fly-ball pressure modest,13.73,48.43,92.32,102.814,0.4468,0.2039,0.3385,74.03,38.31,40.16,30.84,14.2,0.2094,9.1,37.7,88.0,0.418,0.164,26.0,In From CF,Open-Meteo forecast; MLB fallback,https://forecast.weather.gov/MapClick.php?lat=41.4962&lon=-81.6852,56,0,70,Progressive Field,,,,,,,,,,,
45,682987,Spencer Jones,NYY,BOS,2026-08-29T23:15:00Z,Scheduled,8,,,,55.4,Longshot,Watch List,"Projected Lineup, Strong Barrel",70.6,41.2,58.7,47.9,60.0,36.0,50.0,,No,No,6,Yes,Yes,RotoWire projected lineup; MLB probable pitchers,lineup projected / unconfirmed; order MLB 8 vs RotoWire 6,H:2026 P:,,,Direct BvP not yet weighted; 2026/2025 Statcast baseline active,7,5,21,1,"Last 7 games: 5/21, 1 HR","handedness incomplete; pitcher baseline 0.0% barrel, 0.0 HR allowed",EV profile; pitcher fly-ball pressure modest,15.7,57.4,94.9,104.3543,0.449,0.22,0.325,77.5,75.3,32.4,36.3,7.0,0.187,,,,,,,318 deg,Open-Meteo forecast; MLB fallback,https://forecast.weather.gov/MapClick.php?lat=40.8296&lon=-73.9262,49,7,80,Yankee Stadium,,,,,,,,,,,
46,681715,Heriberto Hernandez,MIA,WSH,2026-08-29T20:05:00Z,Scheduled,3,Cade Cavalli,676917,R,55.4,Longshot,Watch List,"Projected Lineup, Strong Barrel, Premium Lineup Spot, Hot Hitter/Streak",54.6,34.2,49.7,92.1,50.0,85.0,50.0,,No,No,3,Yes,Yes,RotoWire projected lineup; MLB probable pitchers,lineup projected / unconfirmed,H:2026/2025 P:2026/2025,,,Direct BvP not yet weighted; 2026/2025 Statcast baseline active,7,8,25,3,Hot streak: 3 HR in last 7 games,"same-side matchup; pitcher baseline 6.6% barrel, 14.0 HR allowed",neutral batted-ball profile; pitcher fly-ball pressure modest,12.68,47.29,91.04,101.7263,0.4714,0.2222,0.3473,74.14,45.11,46.75,29.64,17.7,0.2147,6.6,41.8,88.82,0.3825,0.1361,22.1,24 deg,Open-Meteo forecast; MLB fallback,https://forecast.weather.gov/MapClick.php?lat=38.8730&lon=-77.0074,67,5,80,Nationals Park,,,,,,,,,,,
47,671739,Michael Harris,ATL,NYM,2026-08-29T20:10:00Z,Pre-Game,5,Ryan Feltner,663372,R,55.4,Longshot,Watch List,"Projected Lineup, Strong Barrel, Platoon Edge, Hot Hitter/Streak",45.9,45.5,51.4,81.9,80.0,70.6,41.5,68.0,No,No,5,Yes,Yes,RotoWire projected lineup; MLB probable pitchers,lineup projected / unconfirmed,H:2026/2025 P:2026/2025,,,Direct BvP not yet weighted; 2026/2025 Statcast baseline active,7,9,26,2,Hot streak: 2 HR in last 7 games,"platoon edge; pitcher baseline 8.9% barrel, 14.5 HR allowed",neutral batted-ball profile; pitcher fly-ball pressure modest,10.22,46.97,90.41,103.2608,0.4667,0.1837,0.3346,74.72,47.19,36.71,22.21,21.4,0.1894,8.86,37.24,88.04,0.4477,0.1926,28.6,L To R,Open-Meteo forecast; MLB fallback,https://forecast.weather.gov/MapClick.php?lat=33.8907&lon=-84.4677,77,16,80,Truist Park,,14.3,0.294,91,5,68,0,3,3.3,6,Good LHH sheet line; mild park
48,665052,Griffin Conine,MIA,WSH,2026-08-29T20:05:00Z,Scheduled,2,Cade Cavalli,676917,R,55.3,Longshot,Watch List,"Projected Lineup, Strong Barrel, Premium Lineup Spot, Platoon Edge",58.8,34.2,49.7,95.5,80.0,0.0,50.0,,No,No,2,Yes,Yes,RotoWire projected lineup; MLB probable pitchers,lineup projected / unconfirmed,H:2026/2025 P:2026/2025,,,Direct BvP not yet weighted; 2026/2025 Statcast baseline active,7,2,25,0,"Last 7 games: 2/25, 0 HR","platoon edge; pitcher baseline 6.6% barrel, 14.0 HR allowed",neutral batted-ball profile; pitcher fly-ball pressure modest,15.08,50.83,91.67,103.4716,0.4649,0.2173,0.3461,74.26,43.76,43.02,24.04,10.4,0.2224,6.6,41.8,88.82,0.3825,0.1361,22.1,24 deg,Open-Meteo forecast; MLB fallback,https://forecast.weather.gov/MapClick.php?lat=38.8730&lon=-77.0074,67,5,80,Nationals Park,,,,,,,,,,,
49,665487,Fernando Tatis,SD,TB,2026-08-29T20:10:00Z,Pre-Game,1,Nick Martinez,607259,R,55.3,Longshot,Watch List,"Projected Lineup, Strong Barrel, Premium Lineup Spot, Hot Hitter/Streak",56.7,35.4,50.1,88.7,50.0,71.9,50.0,,No,No,1,Yes,Yes,RotoWire projected lineup; MLB probable pitchers,lineup projected / unconfirmed,H:2026/2025 P:2026/2025,,,Direct BvP not yet weighted; 2026/2025 Statcast baseline active,7,11,31,2,Hot streak: 2 HR in last 7 games,"same-side matchup; pitcher baseline 7.1% barrel, 18.5 HR allowed",EV profile; pitcher fly-ball pressure modest,11.98,53.48,93.02,104.5111,0.488,0.1981,0.3749,75.58,58.05,35.08,22.15,19.4,0.1647,7.07,33.52,87.39,0.424,0.1551,28.68,None,Open-Meteo forecast; MLB fallback,https://forecast.weather.gov/MapClick.php?lat=27.7682&lon=-82.6534,89,5,80,Tropicana Field,,,,,,,,,,,
50,701538,Jackson Merrill,SD,TB,2026-08-29T20:10:00Z,Pre-Game,5,Nick Martinez,607259,R,55.2,Longshot,Watch List,"Projected Lineup, Strong Barrel, Platoon Edge, Hot Hitter/Streak",51.1,35.4,50.1,81.9,80.0,75.9,50.0,,No,No,5,Yes,Yes,RotoWire projected lineup; MLB probable pitchers,lineup projected / unconfirmed,H:2026/2025 P:2026/2025,,,Direct BvP not yet weighted; 2026/2025 Statcast baseline active,7,7,27,3,Hot streak: 3 HR in last 7 games,"platoon edge; pitcher baseline 7.1% barrel, 18.5 HR allowed",neutral batted-ball profile; pitcher fly-ball pressure modest,11.88,45.56,90.4,100.7035,0.4767,0.2172,0.3386,72.88,27.4,37.7,30.27,20.2,0.186,7.07,33.52,87.39,0.424,0.1551,28.68,None,Open-Meteo forecast; MLB fallback,https://forecast.weather.gov/MapClick.php?lat=27.7682&lon=-82.6534,89,5,80,Tropicana Field,,,,,,,,,,,
51,660670,Ronald Acuna,ATL,NYM,2026-08-29T20:10:00Z,Pre-Game,2,Ryan Feltner,663372,R,54.8,Longshot,Watch List,"Projected Lineup, Strong Barrel, Premium Lineup Spot",58.2,45.5,51.4,95.5,50.0,9.8,25.7,50.0,No,No,2,Yes,Yes,RotoWire projected lineup; MLB probable pitchers,lineup projected / unconfirmed,H:2026/2025 P:2026/2025,,,Direct BvP not yet weighted; 2026/2025 Statcast baseline active,7,5,27,0,"Last 7 games: 5/27, 0 HR","same-side matchup; pitcher baseline 8.9% barrel, 14.5 HR allowed",neutral batted-ball profile; pitcher fly-ball pressure modest,13.67,47.53,90.95,103.0282,0.4916,0.2342,0.3725,76.12,63.09,36.3,27.39,15.4,0.1909,8.86,37.24,88.04,0.4477,0.1926,28.6,L To R,Open-Meteo forecast; MLB fallback,https://forecast.weather.gov/MapClick.php?lat=33.8907&lon=-84.4677,77,16,80,Truist Park,,12.0,0.041,94,1,74,0,3,4.17,1,EV helps but ISO not HR-friendly today
52,804668,Rafael Flores Jr.,PIT,STL,2026-08-29T18:15:00Z,Pre-Game,7,Kyle Leahy,681517,R,54.7,Longshot,Watch List,Strong Barrel,62.4,51.7,56.6,64.3,50.0,0.0,50.0,,Yes,Yes,7,Yes,No,MLB Stats API; RotoWire,,H:2026/2025 P:2026/2025,,,Direct BvP not yet weighted; 2026/2025 Statcast baseline active,7,2,25,0,"Last 7 games: 2/25, 0 HR","same-side matchup; pitcher baseline 9.9% barrel, 9.9 HR allowed",fly-ball profile; pitcher fly-ball pressure modest,15.44,47.94,91.09,101.6337,0.4755,0.2409,0.34,73.68,37.36,39.56,40.44,4.2,0.2415,9.87,46.83,90.71,0.4373,0.1684,22.47,Out To LF,Open-Meteo forecast; MLB fallback,https://forecast.weather.gov/MapClick.php?lat=38.6226&lon=-90.1928,42,0,81,Busch Stadium,,,,,,,,,,,
53,575929,Willson Contreras,BOS,TOR,2026-08-29T17:05:00Z,Pre-Game,4,Carlos Rodón,607074,L,54.6,Longshot,Watch List,"Strong Barrel, Premium Lineup Spot, Platoon Edge",56.8,31.9,48.2,94.9,78.0,32.5,36.0,61.0,Yes,No,4,Yes,Yes,MLB Stats API; RotoWire,RotoWire not confirmed,H:2026/2025 P:2026/2025,,,Direct BvP not yet weighted; 2026/2025 Statcast baseline active,7,6,28,1,"Last 7 games: 6/28, 1 HR","platoon edge; pitcher baseline 6.8% barrel, 9.4 HR allowed",neutral batted-ball profile; pitcher fly-ball pressure modest,13.76,45.5,90.04,102.7522,0.4887,0.2324,0.3706,76.77,68.66,45.82,29.05,24.2,0.2271,6.83,37.36,89.58,0.3489,0.1317,26.9,In From CF,Open-Meteo forecast; MLB fallback,https://forecast.weather.gov/MapClick.php?lat=40.8296&lon=-73.9262,49,7,80,Yankee Stadium,,10.8,0.173,91,4,110,0,22,10.46,12,Taillon extreme vulnerability; moderate RHH profile
54,802139,JJ Wetherholt,STL,PIT,2026-08-29T18:15:00Z,Pre-Game,1,Lake Bachar,669199,R,54.6,Longshot,Watch List,"Premium Lineup Spot, Platoon Edge",39.9,45.4,56.6,93.2,80.0,37.8,50.0,,Yes,Yes,1,Yes,No,MLB Stats API; RotoWire,,H:2026 P:2026/2025,,,Direct BvP not yet weighted; 2026/2025 Statcast baseline active,7,7,28,1,"Last 7 games: 7/28, 1 HR","platoon edge; pitcher baseline 9.4% barrel, 11.4 HR allowed",neutral batted-ball profile; pitcher allows elevated contact,7.7,45.2,89.9,99.5117,0.442,0.183,0.354,71.9,19.8,36.5,29.4,17.0,0.129,9.44,37.16,89.46,0.3899,0.1787,32.2,Out To LF,Open-Meteo forecast; MLB fallback,https://forecast.weather.gov/MapClick.php?lat=38.6226&lon=-90.1928,42,0,81,Busch Stadium,,,,,,,,,,,
55,672960,Kazuma Okamoto,TOR,BOS,2026-08-29T19:07:00Z,Pre-Game,5,Kade Anderson,807739,L,54.6,Longshot,Watch List,"Strong Barrel, Platoon Edge",51.2,51.8,41.9,86.4,78.0,37.8,15.2,52.0,Yes,Yes,5,Yes,No,MLB Stats API; RotoWire,,H:2026 P:2026,,,Direct BvP not yet weighted; 2026/2025 Statcast baseline active,7,6,24,1,"Last 7 games: 6/24, 1 HR","platoon edge; pitcher baseline 13.3% barrel, 2.0 HR allowed",neutral batted-ball profile; pitcher allows elevated contact,13.2,43.1,90.4,101.2561,0.431,0.214,0.318,73.1,34.6,50.8,33.5,27.0,0.212,13.3,33.3,86.7,0.373,0.205,46.7,None,Open-Meteo forecast; MLB fallback,https://forecast.weather.gov/MapClick.php?lat=43.6414&lon=-79.3894,69,0,66,Rogers Centre,,0,0,0,0,0,36.4,22,3.16,4,PA note only; park helps but no full sheet line
56,668709,JJ Bleday,CIN,CHC,2026-08-29T18:20:00Z,Pre-Game,4,Kevin Gausman,592332,R,54.3,Longshot,Watch List,"Premium Lineup Spot, Platoon Edge",38.5,39.6,67.8,94.9,80.0,32.5,50.0,,Yes,Yes,4,Yes,No,MLB Stats API; RotoWire,,H:2026/2025 P:2026/2025,,,Direct BvP not yet weighted; 2026/2025 Statcast baseline active,7,6,28,1,"Last 7 games: 6/28, 1 HR","platoon edge; pitcher baseline 7.5% barrel, 18.9 HR allowed",neutral batted-ball profile; pitcher fly-ball pressure modest,9.27,40.03,88.7,99.9423,0.4101,0.1774,0.3299,73.07,27.93,45.67,32.71,18.9,0.2074,7.45,39.65,88.67,0.4,0.1557,26.23,Out To CF,Open-Meteo forecast; MLB fallback,https://forecast.weather.gov/MapClick.php?lat=41.9484&lon=-87.6553,69,0,76,Wrigley Field,,,,,,,,,,,
57,687263,Zach Neto,LAA,PHI,2026-08-30T02:07:00Z,Scheduled,1,Cristopher Sánchez,650911,L,54.3,Longshot,Watch List,"Projected Lineup, Strong Barrel, Premium Lineup Spot, Platoon Edge",48.1,31.9,60.2,88.7,78.0,48.5,50.0,,No,No,1,Yes,Yes,RotoWire projected lineup; MLB probable pitchers,lineup projected / unconfirmed,H:2026/2025 P:2026/2025,,,Direct BvP not yet weighted; 2026/2025 Statcast baseline active,7,9,28,1,Contact streak: 9/28 over last 7 games,"platoon edge; pitcher baseline 6.8% barrel, 13.4 HR allowed",neutral batted-ball profile; pitcher fly-ball pressure modest,12.39,42.54,90.02,100.3036,0.4306,0.209,0.3174,71.33,13.97,47.13,34.68,23.2,0.2009,6.82,41.34,89.21,0.3548,0.1207,16.41,229 deg,Open-Meteo forecast; MLB fallback,https://forecast.weather.gov/MapClick.php?lat=33.8003&lon=-117.8827,49,0,93,Angel Stadium,,,,,,,,,,,
58,608369,Corey Seager,TEX,MIL,2026-08-29T23:15:00Z,Scheduled,2,Shane Drohan,675660,L,54.2,Longshot,Watch List,"Projected Lineup, Strong Barrel, Premium Lineup Spot",61.3,33.2,48.1,95.5,50.0,19.5,50.0,,No,No,2,Yes,Yes,RotoWire projected lineup; MLB probable pitchers,lineup projected / unconfirmed,H:2026/2025 P:2026,,,Direct BvP not yet weighted; 2026/2025 Statcast baseline active,7,7,28,0,"Last 7 games: 7/28, 0 HR","same-side matchup; pitcher baseline 8.0% barrel, 9.0 HR allowed",neutral batted-ball profile; pitcher fly-ball pressure modest,14.81,49.82,91.99,102.5639,0.4969,0.2427,0.3601,71.8,15.16,40.15,31.76,15.4,0.1943,8.0,37.5,87.9,0.361,0.131,28.2,144 deg,Open-Meteo forecast; MLB fallback,https://forecast.weather.gov/MapClick.php?lat=43.0280&lon=-87.9712,59,0,76,American Family Field,,,,,,,,,,,
59,543807,George Springer,TOR,BOS,2026-08-29T19:07:00Z,Pre-Game,4,Kade Anderson,807739,L,54.1,Longshot,Watch List,"Premium Lineup Spot, Platoon Edge, Hot Hitter/Streak",39.1,51.8,41.9,94.9,78.0,81.7,12.1,48.0,Yes,Yes,4,Yes,No,MLB Stats API; RotoWire,,H:2026/2025 P:2026,,,Direct BvP not yet weighted; 2026/2025 Statcast baseline active,7,11,22,2,Hot streak: 2 HR in last 7 games,"platoon edge; pitcher baseline 13.3% barrel, 2.0 HR allowed",neutral batted-ball profile; pitcher allows elevated contact,9.62,40.25,88.74,100.0399,0.4352,0.1834,0.3354,73.17,34.32,41.16,26.3,19.4,0.1901,13.3,33.3,86.7,0.373,0.205,46.7,None,Open-Meteo forecast; MLB fallback,https://forecast.weather.gov/MapClick.php?lat=43.6414&lon=-79.3894,69,0,66,Rogers Centre,,0,0,0,0,0,0,22,3.16,4,EV note only
60,646240,Rafael Devers,SF,AZ,2026-08-30T02:05:00Z,Scheduled,2,Mitch Bratt,683352,L,54.1,Longshot,Watch List,"Projected Lineup, Strong Barrel, Premium Lineup Spot, Hot Hitter/Streak",58.1,30.0,37.3,95.5,50.0,83.2,50.0,,No,No,2,Yes,Yes,RotoWire projected lineup; MLB probable pitchers,lineup projected / unconfirmed,H:2026/2025 P:2026,,,Direct BvP not yet weighted; 2026/2025 Statcast baseline active,7,8,26,3,Hot streak: 3 HR in last 7 games,"same-side matchup; pitcher baseline 7.4% barrel, 5.0 HR allowed",EV profile; pitcher allows elevated contact,12.5,52.11,92.94,103.0478,0.459,0.2245,0.3397,71.81,20.3,33.77,33.6,30.8,0.2333,7.4,34.4,87.2,0.365,0.139,32.0,301 deg,Open-Meteo forecast; MLB fallback,https://forecast.weather.gov/MapClick.php?lat=37.7786&lon=-122.3893,71,12,67,Oracle Park,,,,,,,,,,,
61,694212,Samuel Basallo,BAL,ATH,2026-08-30T02:05:00Z,Scheduled,4,Jack Perkins,678022,R,53.9,Longshot,Watch List,"Projected Lineup, Strong Barrel, Premium Lineup Spot, Platoon Edge",47.9,39.9,52.4,90.4,80.0,19.1,50.0,,No,No,4,Yes,Yes,RotoWire projected lineup; MLB probable pitchers,lineup projected / unconfirmed,H:2026/2025 P:2026/2025,,,Direct BvP not yet weighted; 2026/2025 Statcast baseline active,7,3,24,1,"Last 7 games: 3/24, 1 HR","platoon edge; pitcher baseline 9.1% barrel, 13.1 HR allowed",neutral batted-ball profile; pitcher allows elevated contact,11.7,44.05,90.22,102.229,0.4275,0.1973,0.3113,74.8,49.21,42.04,28.84,13.1,0.1902,9.11,36.44,87.8,0.3769,0.1489,33.75,234 deg,Open-Meteo forecast; MLB fallback,https://forecast.weather.gov/MapClick.php?lat=38.5804&lon=-121.5139,51,8,74,Sutter Health Park,,,,,,,,,,,
62,596019,Francisco Lindor,NYM,HOU,2026-08-29T20:10:00Z,Pre-Game,1,Bennett Sousa,656986,L,53.8,Longshot,Watch List,"Premium Lineup Spot, Platoon Edge",45.5,35.8,60.8,93.2,75.0,27.1,50.0,,Yes,Yes,1,Yes,No,MLB Stats API; RotoWire,,H:2026/2025 P:2026/2025,,,Direct BvP not yet weighted; 2026/2025 Statcast baseline active,7,5,28,1,"Last 7 games: 5/28, 1 HR","switch hitter; pitcher baseline 9.8% barrel, 2.6 HR allowed",neutral batted-ball profile; pitcher allows elevated contact,9.25,46.22,90.85,100.2212,0.4477,0.1982,0.3408,72.02,22.25,45.25,31.0,18.4,0.1885,9.78,33.16,88.12,0.3413,0.1325,37.87,Out To CF,NOAA link only,https://forecast.weather.gov/MapClick.php?lat=40.7571&lon=-73.8458,,,80,Citi Field,,,,,,,,,,,
63,663330,Jahmai Jones,BOS,NYY,2026-08-29T17:05:00Z,Pre-Game,1,Carlos Rodón,607074,L,53.7,Longshot,Watch List,"Strong Barrel, Premium Lineup Spot, Platoon Edge",50.2,31.9,48.2,93.2,78.0,45.0,50.0,,Yes,No,1,Yes,Yes,MLB Stats API; RotoWire,RotoWire not confirmed,H:2026/2025 P:2026/2025,,,Direct BvP not yet weighted; 2026/2025 Statcast baseline active,7,3,6,0,Contact streak: 3/6 over last 7 games,"platoon edge; pitcher baseline 6.8% barrel, 9.4 HR allowed",neutral batted-ball profile; pitcher fly-ball pressure modest,11.02,48.49,91.36,102.4875,0.4609,0.2038,0.3528,73.39,34.65,49.13,25.82,4.9,0.1937,6.83,37.36,89.58,0.3489,0.1317,26.9,In From CF,Open-Meteo forecast; MLB fallback,https://forecast.weather.gov/MapClick.php?lat=40.8296&lon=-73.9262,49,7,80,Yankee Stadium,,,,,,,,,,,
64,643217,Andrew Benintendi,CWS,MIN,2026-08-29T18:10:00Z,Pre-Game,4,Bailey Ober,641927,R,53.7,Longshot,Watch List,"Premium Lineup Spot, Platoon Edge",36.2,55.6,47.1,94.9,80.0,19.5,50.0,,Yes,Yes,4,Yes,No,MLB Stats API; RotoWire,,H:2026/2025 P:2026/2025,,,Direct BvP not yet weighted; 2026/2025 Statcast baseline active,7,6,24,0,"Last 7 games: 6/24, 0 HR","platoon edge; pitcher baseline 10.5% barrel, 21.6 HR allowed",neutral batted-ball profile; pitcher allows elevated contact,9.07,41.8,88.63,98.7526,0.4125,0.1704,0.3137,69.54,4.08,49.26,31.57,15.1,0.1812,10.48,37.28,88.97,0.4655,0.2119,32.32,R To L,Open-Meteo forecast; MLB fallback,https://forecast.weather.gov/MapClick.php?lat=44.9817&lon=-93.2776,57,0,77,Target Field,,,,,,,,,,,
65,666176,Jo Adell,CLE,KC,2026-08-29T20:10:00Z,Pre-Game,4,Daniel Lynch IV,663738,L,53.5,Longshot,Watch List,"Strong Barrel, Premium Lineup Spot, Platoon Edge",54.5,34.2,33.6,94.9,78.0,40.3,50.0,,Yes,Yes,4,Yes,No,MLB Stats API; RotoWire,,H:2026/2025 P:2026/2025,,,Direct BvP not yet weighted; 2026/2025 Statcast baseline active,7,8,30,1,"Last 7 games: 8/30, 1 HR","platoon edge; pitcher baseline 6.9% barrel, 5.2 HR allowed",neutral batted-ball profile; pitcher fly-ball pressure modest,12.05,46.57,90.72,103.091,0.479,0.2211,0.3391,77.32,71.48,38.56,27.63,25.1,0.1902,6.91,39.07,88.6,0.4,0.1529,26.12,In From CF,Open-Meteo forecast; MLB fallback,https://forecast.weather.gov/MapClick.php?lat=41.4962&lon=-81.6852,56,0,70,Progressive Field,,,,,,,,,,,
66,669003,Garrett Mitchell,MIL,TEX,2026-08-29T23:15:00Z,Scheduled,6,Cal Quantrill,615698,R,53.4,Longshot,Watch List,"Projected Lineup, Strong Barrel, Platoon Edge",47.2,44.3,48.1,71.7,80.0,58.7,50.0,,No,No,6,Yes,Yes,RotoWire projected lineup; MLB probable pitchers,lineup projected / unconfirmed,H:2026/2025 P:2026/2025,,,Direct BvP not yet weighted; 2026/2025 Statcast baseline active,7,7,18,1,Contact streak: 7/18 over last 7 games,"platoon edge; pitcher baseline 8.6% barrel, 12.9 HR allowed",EV profile; pitcher fly-ball pressure modest,10.62,49.06,92.22,103.7195,0.4096,0.1603,0.33,77.08,77.09,33.51,17.76,6.3,0.1342,8.58,37.09,89.07,0.433,0.1786,29.01,144 deg,Open-Meteo forecast; MLB fallback,https://forecast.weather.gov/MapClick.php?lat=43.0280&lon=-87.9712,59,0,76,American Family Field,,,,,,,,,,,
67,694673,Abimelec Ortiz,WSH,MIA,2026-08-29T20:05:00Z,Scheduled,2,Sandy Alcantara,645261,R,53.1,Longshot,Watch List,"Projected Lineup, Strong Barrel, Premium Lineup Spot, Platoon Edge",51.3,33.8,49.7,95.5,80.0,5.1,50.0,,No,No,2,Yes,Yes,RotoWire projected lineup; MLB probable pitchers,lineup projected / unconfirmed,H:2026 P:2026/2025,,,Direct BvP not yet weighted; 2026/2025 Statcast baseline active,7,4,26,0,"Last 7 games: 4/26, 0 HR","platoon edge; pitcher baseline 6.3% barrel, 19.2 HR allowed",fly-ball profile; pitcher fly-ball pressure modest,10.7,41.1,90.5,100.2212,0.472,0.235,0.319,75.4,59.4,48.2,35.7,5.0,0.237,6.29,38.07,88.95,0.387,0.1351,24.1,24 deg,Open-Meteo forecast; MLB fallback,https://forecast.weather.gov/MapClick.php?lat=38.8730&lon=-77.0074,67,5,80,Nationals Park,,,,,,,,,,,
68,671218,Heliot Ramos,NYY,BOS,2026-08-29T23:15:00Z,Scheduled,4,,,,53.0,Longshot,Watch List,"Projected Lineup, Strong Barrel, Premium Lineup Spot",48.7,41.2,58.7,90.4,60.0,5.7,50.0,,No,Yes,4,Yes,Yes,RotoWire projected lineup; MLB probable pitchers,lineup projected / unconfirmed,H:2026/2025 P:,,,Direct BvP not yet weighted; 2026/2025 Statcast baseline active,7,3,19,0,"Last 7 games: 3/19, 0 HR","handedness incomplete; pitcher baseline 0.0% barrel, 0.0 HR allowed",EV profile; pitcher fly-ball pressure modest,12.02,48.66,92.01,102.8784,0.4268,0.1764,0.3193,72.99,31.77,33.38,22.39,12.6,0.1454,,,,,,,318 deg,Open-Meteo forecast; MLB fallback,https://forecast.weather.gov/MapClick.php?lat=40.8296&lon=-73.9262,49,7,80,Yankee Stadium,,,,,,,,,,,
69,605137,Josh Bell,MIN,CWS,2026-08-29T18:10:00Z,Pre-Game,4,Erick Fedde,607200,R,52.8,Longshot,Watch List,"Strong Barrel, Premium Lineup Spot, Platoon Edge",44.1,45.5,47.1,94.9,75.0,6.0,50.0,,Yes,Yes,4,Yes,No,MLB Stats API; RotoWire,,H:2026/2025 P:2026/2025,,,Direct BvP not yet weighted; 2026/2025 Statcast baseline active,7,4,25,0,"Last 7 games: 4/25, 0 HR","switch hitter; pitcher baseline 8.1% barrel, 21.1 HR allowed",neutral batted-ball profile; pitcher fly-ball pressure modest,10.42,42.94,89.91,100.8556,0.4507,0.1989,0.3373,72.33,28.64,41.29,26.85,18.5,0.1716,8.11,40.57,89.01,0.447,0.1832,28.98,R To L,Open-Meteo forecast; MLB fallback,https://forecast.weather.gov/MapClick.php?lat=44.9817&lon=-93.2776,57,0,77,Target Field,,,,,,,,,,,
70,608324,Alex Bregman,CHC,CIN,2026-08-29T18:20:00Z,Pre-Game,3,Andrew Abbott,671096,L,52.7,Longshot,Watch List,"Premium Lineup Spot, Platoon Edge",26.5,40.6,67.8,96.6,78.0,68.0,50.0,,Yes,Yes,3,Yes,No,MLB Stats API; RotoWire,,H:2026/2025 P:2026/2025,,,Direct BvP not yet weighted; 2026/2025 Statcast baseline active,7,6,29,3,Hot streak: 3 HR in last 7 games,"platoon edge; pitcher baseline 7.9% barrel, 18.3 HR allowed",neutral batted-ball profile; pitcher fly-ball pressure modest,5.55,39.36,88.7,98.2872,0.3864,0.1404,0.3209,70.09,4.94,46.86,27.16,18.7,0.1687,7.86,36.71,88.99,0.4088,0.1583,27.93,Out To CF,Open-Meteo forecast; MLB fallback,https://forecast.weather.gov/MapClick.php?lat=41.9484&lon=-87.6553,69,0,76,Wrigley Field,,,,,,,,,,,
71,521692,Salvador Perez,KC,CLE,2026-08-29T20:10:00Z,Pre-Game,4,Foster Griffin,656492,L,52.7,Longshot,Watch List,"Strong Barrel, Premium Lineup Spot, Platoon Edge",45.4,43.4,33.6,94.9,78.0,37.8,50.0,,Yes,Yes,4,Yes,No,MLB Stats API; RotoWire,,H:2026/2025 P:2026,,,Direct BvP not yet weighted; 2026/2025 Statcast baseline active,7,7,28,1,"Last 7 games: 7/28, 1 HR","platoon edge; pitcher baseline 9.1% barrel, 23.0 HR allowed",neutral batted-ball profile; pitcher fly-ball pressure modest,11.3,43.34,89.09,100.5724,0.4486,0.2044,0.3171,71.92,21.79,41.84,30.78,20.9,0.1666,9.1,37.7,88.0,0.418,0.164,26.0,In From CF,Open-Meteo forecast; MLB fallback,https://forecast.weather.gov/MapClick.php?lat=41.4962&lon=-81.6852,56,0,70,Progressive Field,,,,,,,,,,,
72,806367,Turner Hill,SF,AZ,2026-08-29T20:05:00Z,Scheduled,5,Merrill Kelly,518876,R,52.2,Longshot,Watch List,"Projected Lineup, Platoon Edge",32.9,65.2,37.3,81.9,80.0,29.4,50.0,,No,No,7,Yes,Yes,RotoWire projected lineup; MLB probable pitchers,lineup projected / unconfirmed; order MLB 5 vs RotoWire 7,H:2026 P:2026/2025,,,Direct BvP not yet weighted; 2026/2025 Statcast baseline active,7,6,19,0,"Last 7 games: 6/19, 0 HR","platoon edge; pitcher baseline 11.6% barrel, 25.1 HR allowed",neutral batted-ball profile; pitcher fly-ball pressure modest,8.0,40.0,89.1,98.4382,0.442,0.165,0.356,65.8,0.0,56.0,32.0,0.0,0.143,11.61,43.57,90.27,0.5136,0.2251,26.57,301 deg,Open-Meteo forecast; MLB fallback,https://forecast.weather.gov/MapClick.php?lat=37.7786&lon=-122.3893,71,12,67,Oracle Park,,,,,,,,,,,
73,518692,Freddie Freeman,LAD,DET,2026-08-29T17:10:00Z,Pre-Game,2,Keider Montero,672456,R,52.0,Longshot,Watch List,"Premium Lineup Spot, Platoon Edge",41.1,38.6,45.1,100.0,80.0,23.4,50.0,,Yes,Yes,2,Yes,No,MLB Stats API; RotoWire,,H:2026/2025 P:2026/2025,,,Direct BvP not yet weighted; 2026/2025 Statcast baseline active,7,8,29,0,"Last 7 games: 8/29, 0 HR","platoon edge; pitcher baseline 7.6% barrel, 14.6 HR allowed",neutral batted-ball profile; pitcher fly-ball pressure modest,8.93,43.25,90.06,100.3579,0.4782,0.1888,0.3654,70.08,8.12,35.91,27.35,17.7,0.172,7.57,38.07,88.68,0.4033,0.165,25.35,R To L,Open-Meteo forecast; MLB fallback,https://forecast.weather.gov/MapClick.php?lat=42.3390&lon=-83.0485,70,0,70,Comerica Park,,,,,,,,,,,
74,691723,Coby Mayo,BAL,ATH,2026-08-30T02:05:00Z,Scheduled,5,Jack Perkins,678022,R,52.0,Longshot,Watch List,"Projected Lineup, Strong Barrel",50.5,39.9,52.4,81.9,50.0,36.3,50.0,,No,No,5,Yes,Yes,RotoWire projected lineup; MLB probable pitchers,lineup projected / unconfirmed,H:2026/2025 P:2026/2025,,,Direct BvP not yet weighted; 2026/2025 Statcast baseline active,7,6,25,1,"Last 7 games: 6/25, 1 HR","same-side matchup; pitcher baseline 9.1% barrel, 13.1 HR allowed",neutral batted-ball profile; pitcher allows elevated contact,12.06,45.1,90.52,102.8028,0.419,0.2006,0.3079,75.33,54.53,49.27,33.9,15.9,0.2088,9.11,36.44,87.8,0.3769,0.1489,33.75,234 deg,Open-Meteo forecast; MLB fallback,https://forecast.weather.gov/MapClick.php?lat=38.5804&lon=-121.5139,51,8,74,Sutter Health Park,,,,,,,,,,,
75,669394,Jake Burger,TEX,MIL,2026-08-29T23:15:00Z,Scheduled,6,Shane Drohan,675660,L,51.6,Longshot,Watch List,"Projected Lineup, Strong Barrel, Platoon Edge",51.4,33.2,48.1,71.7,78.0,50.2,50.0,,No,No,6,Yes,Yes,RotoWire projected lineup; MLB probable pitchers,lineup projected / unconfirmed,H:2026/2025 P:2026,,,Direct BvP not yet weighted; 2026/2025 Statcast baseline active,7,4,19,2,Hot streak: 2 HR in last 7 games,"platoon edge; pitcher baseline 8.0% barrel, 9.0 HR allowed",neutral batted-ball profile; pitcher fly-ball pressure modest,12.57,47.73,90.26,102.8761,0.4374,0.1998,0.317,75.37,58.42,41.18,28.25,20.9,0.19,8.0,37.5,87.9,0.361,0.131,28.2,144 deg,Open-Meteo forecast; MLB fallback,https://forecast.weather.gov/MapClick.php?lat=43.0280&lon=-87.9712,59,0,76,American Family Field,,,,,,,,,,,
76,695734,Daylen Lile,WSH,MIA,2026-08-29T20:05:00Z,Scheduled,4,Sandy Alcantara,645261,R,51.5,Longshot,Watch List,"Projected Lineup, Premium Lineup Spot, Platoon Edge, Hot Hitter/Streak",33.8,33.8,49.7,90.4,80.0,94.7,50.0,,No,No,4,Yes,Yes,RotoWire projected lineup; MLB probable pitchers,lineup projected / unconfirmed,H:2026/2025 P:2026/2025,,,Direct BvP not yet weighted; 2026/2025 Statcast baseline active,7,10,26,3,Hot streak: 3 HR in last 7 games,"platoon edge; pitcher baseline 6.3% barrel, 19.2 HR allowed",neutral batted-ball profile; pitcher fly-ball pressure modest,7.65,38.0,88.62,98.8617,0.4378,0.1663,0.3298,70.64,9.01,40.94,32.97,15.3,0.1829,6.29,38.07,88.95,0.387,0.1351,24.1,24 deg,Open-Meteo forecast; MLB fallback,https://forecast.weather.gov/MapClick.php?lat=38.8730&lon=-77.0074,67,5,80,Nationals Park,,,,,,,,,,,
77,592885,Christian Yelich,MIL,TEX,2026-08-29T23:15:00Z,Scheduled,5,Cal Quantrill,615698,R,51.4,Longshot,Watch List,"Projected Lineup, Strong Barrel, Platoon Edge",38.9,44.3,48.1,81.9,80.0,40.7,50.0,,No,No,5,Yes,Yes,RotoWire projected lineup; MLB probable pitchers,lineup projected / unconfirmed,H:2026/2025 P:2026/2025,,,Direct BvP not yet weighted; 2026/2025 Statcast baseline active,7,9,23,0,Contact streak: 9/23 over last 7 games,"platoon edge; pitcher baseline 8.6% barrel, 12.9 HR allowed",neutral batted-ball profile; pitcher fly-ball pressure modest,10.16,44.02,89.22,101.0224,0.4061,0.1688,0.3181,73.09,31.83,33.61,18.74,15.0,0.1572,8.58,37.09,89.07,0.433,0.1786,29.01,144 deg,Open-Meteo forecast; MLB fallback,https://forecast.weather.gov/MapClick.php?lat=43.0280&lon=-87.9712,59,0,76,American Family Field,,,,,,,,,,,
78,666182,Bo Bichette,NYM,HOU,2026-08-29T20:10:00Z,Pre-Game,3,Bennett Sousa,656986,L,51.3,Longshot,Watch List,"Premium Lineup Spot, Platoon Edge",32.7,36.1,60.8,96.6,78.0,41.7,50.0,,Yes,Yes,3,Yes,No,MLB Stats API; RotoWire,,H:2026/2025 P:2026/2025,,,Direct BvP not yet weighted; 2026/2025 Statcast baseline active,7,4,26,2,Hot streak: 2 HR in last 7 games,"platoon edge; pitcher baseline 9.8% barrel, 2.6 HR allowed",neutral batted-ball profile; pitcher allows elevated contact,6.78,43.83,90.02,101.0918,0.431,0.1482,0.332,69.73,13.37,26.14,22.88,15.2,0.1412,9.78,33.16,88.12,0.3413,0.1325,37.87,Out To CF,NOAA link only,https://forecast.weather.gov/MapClick.php?lat=40.7571&lon=-73.8458,,,80,Citi Field,,,,,,,,,,,
79,571970,Max Muncy,LAD,KC,2026-08-30T02:05:00Z,Scheduled,9,Shane Baz,669358,R,51.2,Longshot,Watch List,"Projected Lineup, Strong Barrel, Platoon Edge",56.3,40.6,52.4,40.2,80.0,34.4,66.5,100.0,No,No,9,Yes,Yes,RotoWire projected lineup; MLB probable pitchers,lineup projected / unconfirmed,H:2026/2025 P:2026/2025,,,Direct BvP not yet weighted; 2026/2025 Statcast baseline active,7,5,22,1,"Last 7 games: 5/22, 1 HR","platoon edge; pitcher baseline 7.5% barrel, 15.5 HR allowed",fly-ball profile; pitcher fly-ball pressure modest,13.25,47.58,90.74,101.4278,0.4809,0.2394,0.3572,71.38,15.04,52.62,35.23,23.9,0.2396,7.47,41.5,90.12,0.3909,0.1462,25.57,234 deg,Open-Meteo forecast; MLB fallback,https://forecast.weather.gov/MapClick.php?lat=38.5804&lon=-121.5139,51,8,74,Sutter Health Park,,19.2,0.333,92,4,39,57.1,19,8.85,4,Dodger +19; elite sheet line vs Cameron LHH split
80,677800,Wilyer Abreu,BOS,TOR,2026-08-29T17:05:00Z,Pre-Game,3,Carlos Rodón,607074,L,51.1,Longshot,Watch List,"Strong Barrel, Premium Lineup Spot",53.9,31.9,48.2,96.6,50.0,14.1,42.2,61.0,Yes,No,3,Yes,Yes,MLB Stats API; RotoWire,RotoWire not confirmed,H:2026/2025 P:2026/2025,,,Direct BvP not yet weighted; 2026/2025 Statcast baseline active,7,6,28,0,"Last 7 games: 6/28, 0 HR","same-side matchup; pitcher baseline 6.8% barrel, 9.4 HR allowed",fly-ball profile; pitcher fly-ball pressure modest,12.51,44.41,90.17,101.4406,0.4792,0.2264,0.3476,73.89,38.73,38.81,36.82,22.0,0.2122,6.83,37.36,89.58,0.3489,0.1317,26.9,In From CF,Open-Meteo forecast; MLB fallback,https://forecast.weather.gov/MapClick.php?lat=40.8296&lon=-73.9262,49,7,80,Yankee Stadium,,12.8,0.18,90,8,183,0,22,11.39,14,Taillon LHH split target + Rogers boost
81,502671,Paul Goldschmidt,NYY,BOS,2026-08-29T23:15:00Z,Scheduled,1,,,,51.0,Longshot,Watch List,"Projected Lineup, Premium Lineup Spot",37.0,41.2,58.7,88.7,60.0,43.2,50.0,,No,Yes,1,Yes,Yes,RotoWire projected lineup; MLB probable pitchers,lineup projected / unconfirmed,H:2026/2025 P:,,,Direct BvP not yet weighted; 2026/2025 Statcast baseline active,7,4,14,1,"Last 7 games: 4/14, 1 HR","handedness incomplete; pitcher baseline 0.0% barrel, 0.0 HR allowed",neutral batted-ball profile; pitcher fly-ball pressure modest,9.82,39.01,87.81,99.4055,0.4248,0.1812,0.3157,71.69,16.48,33.32,29.28,14.9,0.1843,,,,,,,318 deg,Open-Meteo forecast; MLB fallback,https://forecast.weather.gov/MapClick.php?lat=40.8296&lon=-73.9262,49,7,80,Yankee Stadium,,,,,,,,,,,
82,665489,Vladimir Guerrero Jr.,TOR,BOS,2026-08-29T19:07:00Z,Pre-Game,3,Kade Anderson,807739,L,51.0,Longshot,Watch List,"Premium Lineup Spot, Platoon Edge",39.1,51.8,41.9,96.6,78.0,15.3,12.1,48.0,Yes,Yes,3,Yes,No,MLB Stats API; RotoWire,,H:2026/2025 P:2026,,,Direct BvP not yet weighted; 2026/2025 Statcast baseline active,7,6,27,0,"Last 7 games: 6/27, 0 HR","platoon edge; pitcher baseline 13.3% barrel, 2.0 HR allowed",neutral batted-ball profile; pitcher allows elevated contact,8.28,45.31,90.6,102.9799,0.4318,0.1437,0.3483,76.35,63.4,35.6,19.31,11.8,0.1169,13.3,33.3,86.7,0.373,0.205,46.7,None,Open-Meteo forecast; MLB fallback,https://forecast.weather.gov/MapClick.php?lat=43.6414&lon=-79.3894,69,0,66,Rogers Centre,,0,0,0,0,0,0,22,3.16,4,EV note only
83,682987,Spencer Jones,NYY,BOS,2026-08-29T17:05:00Z,Pre-Game,8,Jake Bennett,687562,L,50.9,Longshot,Watch List,Strong Barrel,70.6,28.8,48.2,52.4,50.0,36.0,50.0,,Yes,No,6,Yes,Yes,MLB Stats API; RotoWire,RotoWire not confirmed; order MLB 8 vs RotoWire 6,H:2026 P:2026,,,Direct BvP not yet weighted; 2026/2025 Statcast baseline active,7,5,21,1,"Last 7 games: 5/21, 1 HR","same-side matchup; pitcher baseline 6.4% barrel, 7.0 HR allowed",EV profile; pitcher fly-ball pressure modest,15.7,57.4,94.9,104.3543,0.449,0.22,0.325,77.5,75.3,32.4,36.3,7.0,0.187,6.4,36.4,88.2,0.37,0.137,25.8,In From CF,Open-Meteo forecast; MLB fallback,https://forecast.weather.gov/MapClick.php?lat=40.8296&lon=-73.9262,49,7,80,Yankee Stadium,,,,,,,,,,,
84,671218,Heliot Ramos,NYY,BOS,2026-08-29T17:05:00Z,Pre-Game,4,Jake Bennett,687562,L,50.8,Longshot,Watch List,"Strong Barrel, Premium Lineup Spot, Platoon Edge",48.7,28.8,48.2,94.9,78.0,5.7,50.0,,Yes,Yes,4,Yes,No,MLB Stats API; RotoWire,,H:2026/2025 P:2026,,,Direct BvP not yet weighted; 2026/2025 Statcast baseline active,7,3,19,0,"Last 7 games: 3/19, 0 HR","platoon edge; pitcher baseline 6.4% barrel, 7.0 HR allowed",EV profile; pitcher fly-ball pressure modest,12.02,48.66,92.01,102.8784,0.4268,0.1764,0.3193,72.99,31.77,33.38,22.39,12.6,0.1454,6.4,36.4,88.2,0.37,0.137,25.8,In From CF,Open-Meteo forecast; MLB fallback,https://forecast.weather.gov/MapClick.php?lat=40.8296&lon=-73.9262,49,7,80,Yankee Stadium,,,,,,,,,,,
85,694671,Wyatt Langford,TEX,MIL,2026-08-29T23:15:00Z,Scheduled,3,Shane Drohan,675660,L,50.8,Longshot,Watch List,"Projected Lineup, Premium Lineup Spot, Platoon Edge",39.2,33.2,48.1,92.1,78.0,52.3,50.0,,No,No,3,Yes,Yes,RotoWire projected lineup; MLB probable pitchers,lineup projected / unconfirmed,H:2026/2025 P:2026,,,Direct BvP not yet weighted; 2026/2025 Statcast baseline active,7,9,26,1,Contact streak: 9/26 over last 7 games,"platoon edge; pitcher baseline 8.0% barrel, 9.0 HR allowed",neutral batted-ball profile; pitcher fly-ball pressure modest,9.1,42.03,89.93,100.8686,0.413,0.1715,0.3257,72.68,25.68,42.75,28.71,17.1,0.1984,8.0,37.5,87.9,0.361,0.131,28.2,144 deg,Open-Meteo forecast; MLB fallback,https://forecast.weather.gov/MapClick.php?lat=43.0280&lon=-87.9712,59,0,76,American Family Field,,,,,,,,,,,
86,668930,Brice Turang,MIL,TEX,2026-08-29T23:15:00Z,Scheduled,1,Cal Quantrill,615698,R,50.8,Longshot,Watch List,"Projected Lineup, Premium Lineup Spot, Platoon Edge",36.3,44.3,48.1,88.7,80.0,25.3,50.0,,No,No,1,Yes,Yes,RotoWire projected lineup; MLB probable pitchers,lineup projected / unconfirmed,H:2026/2025 P:2026/2025,,,Direct BvP not yet weighted; 2026/2025 Statcast baseline active,7,5,30,1,"Last 7 games: 5/30, 1 HR","platoon edge; pitcher baseline 8.6% barrel, 12.9 HR allowed",neutral batted-ball profile; pitcher fly-ball pressure modest,7.79,43.06,90.4,100.3504,0.4262,0.1705,0.3378,70.18,13.34,27.72,24.06,17.3,0.1659,8.58,37.09,89.07,0.433,0.1786,29.01,144 deg,Open-Meteo forecast; MLB fallback,https://forecast.weather.gov/MapClick.php?lat=43.0280&lon=-87.9712,59,0,76,American Family Field,,,,,,,,,,,
87,642708,Amed Rosario,NYY,BOS,2026-08-29T23:15:00Z,Scheduled,3,,,,50.7,Longshot,Watch List,"Projected Lineup, Premium Lineup Spot",41.4,41.2,58.7,92.1,60.0,0.0,50.0,,No,Yes,3,Yes,Yes,RotoWire projected lineup; MLB probable pitchers,lineup projected / unconfirmed,H:2026/2025 P:,,,Direct BvP not yet weighted; 2026/2025 Statcast baseline active,7,0,8,0,"Last 7 games: 0/8, 0 HR","handedness incomplete; pitcher baseline 0.0% barrel, 0.0 HR allowed",neutral batted-ball profile; pitcher fly-ball pressure modest,9.99,41.08,90.64,101.3989,0.432,0.1748,0.3177,73.59,36.99,37.4,24.21,8.8,0.1859,,,,,,,318 deg,Open-Meteo forecast; MLB fallback,https://forecast.weather.gov/MapClick.php?lat=40.8296&lon=-73.9262,49,7,80,Yankee Stadium,,,,,,,,,,,
88,671732,Lawrence Butler,ATH,BAL,2026-08-30T02:05:00Z,Scheduled,5,Shane Baz,669358,R,50.7,Longshot,Watch List,"Projected Lineup, Platoon Edge",35.3,40.6,52.4,81.9,80.0,54.3,50.0,,No,No,5,Yes,Yes,RotoWire projected lineup; MLB probable pitchers,lineup projected / unconfirmed,H:2026/2025 P:2026/2025,,,Direct BvP not yet weighted; 2026/2025 Statcast baseline active,7,9,25,1,Contact streak: 9/25 over last 7 games,"platoon edge; pitcher baseline 7.5% barrel, 15.5 HR allowed",neutral batted-ball profile; pitcher fly-ball pressure modest,8.08,44.96,89.66,101.7001,0.3825,0.1472,0.3124,73.7,38.37,34.26,22.21,14.7,0.1511,7.47,41.5,90.12,0.3909,0.1462,25.57,234 deg,Open-Meteo forecast; MLB fallback,https://forecast.weather.gov/MapClick.php?lat=38.5804&lon=-121.5139,51,8,74,Sutter Health Park,,,,,,,,,,,
89,575929,Willson Contreras,BOS,TOR,2026-08-29T23:15:00Z,Scheduled,4,Max Fried,608331,L,50.4,Longshot,Watch List,"Projected Lineup, Strong Barrel, Premium Lineup Spot, Platoon Edge",56.8,9.8,58.7,90.4,78.0,32.5,36.0,61.0,No,No,4,Yes,Yes,RotoWire projected lineup; MLB probable pitchers,lineup projected / unconfirmed,H:2026/2025 P:2026/2025,,,Direct BvP not yet weighted; 2026/2025 Statcast baseline active,7,6,28,1,"Last 7 games: 6/28, 1 HR","platoon edge; pitcher baseline 3.3% barrel, 5.6 HR allowed",neutral batted-ball profile; pitcher fly-ball pressure modest,13.76,45.5,90.04,102.7522,0.4887,0.2324,0.3706,76.77,68.66,45.82,29.05,24.2,0.2271,3.33,33.07,86.5,0.2919,0.0823,21.69,318 deg,Open-Meteo forecast; MLB fallback,https://forecast.weather.gov/MapClick.php?lat=40.8296&lon=-73.9262,49,7,80,Yankee Stadium,,10.8,0.173,91,4,110,0,22,10.46,12,Taillon extreme vulnerability; moderate RHH profile
90,677594,Julio Rodríguez,SEA,TOR,2026-08-29T19:07:00Z,Pre-Game,3,José Soriano,667755,R,50.4,Longshot,Watch List,Premium Lineup Spot,46.9,37.9,41.9,96.6,50.0,25.3,50.0,,Yes,Yes,3,Yes,No,MLB Stats API; RotoWire,,H:2026/2025 P:2026/2025,,,Direct BvP not yet weighted; 2026/2025 Statcast baseline active,7,5,30,1,"Last 7 games: 5/30, 1 HR","same-side matchup; pitcher baseline 7.8% barrel, 12.7 HR allowed",neutral batted-ball profile; pitcher fly-ball pressure modest,9.73,44.5,90.47,102.6094,0.4643,0.195,0.344,76.61,67.13,38.07,26.4,23.6,0.1741,7.76,41.97,89.79,0.3838,0.1383,18.54,None,Open-Meteo forecast; MLB fallback,https://forecast.weather.gov/MapClick.php?lat=43.6414&lon=-79.3894,69,0,66,Rogers Centre,,,,,,,,,,,
91,668227,Randy Arozarena,SEA,TOR,2026-08-29T19:07:00Z,Pre-Game,1,José Soriano,667755,R,50.3,Longshot,Watch List,"Premium Lineup Spot, Hot Hitter/Streak",39.1,37.9,41.9,93.2,50.0,80.8,50.0,,Yes,Yes,1,Yes,No,MLB Stats API; RotoWire,,H:2026/2025 P:2026/2025,,,Direct BvP not yet weighted; 2026/2025 Statcast baseline active,7,7,24,3,Hot streak: 3 HR in last 7 games,"same-side matchup; pitcher baseline 7.8% barrel, 12.7 HR allowed",neutral batted-ball profile; pitcher fly-ball pressure modest,8.77,44.58,90.88,100.9868,0.4177,0.1669,0.3424,71.32,24.59,33.84,23.96,22.1,0.188,7.76,41.97,89.79,0.3838,0.1383,18.54,None,Open-Meteo forecast; MLB fallback,https://forecast.weather.gov/MapClick.php?lat=43.6414&lon=-79.3894,69,0,66,Rogers Centre,,,,,,,,,,,
92,686797,Brooks Lee,MIN,CWS,2026-08-29T18:10:00Z,Pre-Game,2,Erick Fedde,607200,R,50.2,Longshot,Watch List,"Premium Lineup Spot, Platoon Edge, Hot Hitter/Streak",20.5,45.5,47.1,100.0,75.0,85.2,50.0,,Yes,Yes,2,Yes,No,MLB Stats API; RotoWire,,H:2026/2025 P:2026/2025,,,Direct BvP not yet weighted; 2026/2025 Statcast baseline active,7,9,28,4,Hot streak: 4 HR in last 7 games,"switch hitter; pitcher baseline 8.1% barrel, 21.1 HR allowed",neutral batted-ball profile; pitcher fly-ball pressure modest,4.54,34.79,88.18,97.6238,0.3509,0.1239,0.2785,69.92,8.7,42.2,29.35,20.2,0.1767,8.11,40.57,89.01,0.447,0.1832,28.98,R To L,Open-Meteo forecast; MLB fallback,https://forecast.weather.gov/MapClick.php?lat=44.9817&lon=-93.2776,57,0,77,Target Field,,,,,,,,,,,
93,650490,Yandy Díaz,TB,SD,2026-08-29T20:10:00Z,Pre-Game,1,Walker Buehler,621111,R,50.2,Longshot,Watch List,Premium Lineup Spot,40.6,41.3,50.1,93.2,50.0,31.4,50.0,,Yes,Yes,1,Yes,No,MLB Stats API; RotoWire,,H:2026/2025 P:2026/2025,,,Direct BvP not yet weighted; 2026/2025 Statcast baseline active,7,6,29,1,"Last 7 games: 6/29, 1 HR","same-side matchup; pitcher baseline 8.4% barrel, 17.1 HR allowed",neutral batted-ball profile; pitcher fly-ball pressure modest,7.32,49.0,91.39,103.1791,0.4499,0.1635,0.3544,73.5,37.23,23.32,19.58,21.5,0.1687,8.45,38.43,88.88,0.4108,0.1582,23.58,None,Open-Meteo forecast; MLB fallback,https://forecast.weather.gov/MapClick.php?lat=27.7682&lon=-82.6534,89,5,80,Tropicana Field,,,,,,,,,,,
94,683002,Gunnar Henderson,BAL,ATH,2026-08-30T02:05:00Z,Scheduled,3,Jack Perkins,678022,R,50.2,Longshot,Watch List,"Projected Lineup, Premium Lineup Spot, Platoon Edge",37.2,39.9,52.4,92.1,80.0,7.0,50.0,,No,No,3,Yes,Yes,RotoWire projected lineup; MLB probable pitchers,lineup projected / unconfirmed,H:2026/2025 P:2026/2025,,,Direct BvP not yet weighted; 2026/2025 Statcast baseline active,7,4,24,0,"Last 7 games: 4/24, 0 HR","platoon edge; pitcher baseline 9.1% barrel, 13.1 HR allowed",neutral batted-ball profile; pitcher allows elevated contact,7.41,45.7,90.42,101.3329,0.4033,0.1504,0.3235,74.67,47.24,41.43,23.31,19.1,0.1696,9.11,36.44,87.8,0.3769,0.1489,33.75,234 deg,Open-Meteo forecast; MLB fallback,https://forecast.weather.gov/MapClick.php?lat=38.5804&lon=-121.5139,51,8,74,Sutter Health Park,,,,,,,,,,,
95,642350,Jose Siri,LAA,PHI,2026-08-30T02:07:00Z,Scheduled,6,Cristopher Sánchez,650911,L,50.2,Longshot,Watch List,"Projected Lineup, Strong Barrel, Platoon Edge",50.1,31.9,60.2,71.7,78.0,3.4,50.0,,No,No,6,Yes,Yes,RotoWire projected lineup; MLB probable pitchers,lineup projected / unconfirmed,H:2026/2025 P:2026/2025,,,Direct BvP not yet weighted; 2026/2025 Statcast baseline active,7,3,21,0,"Last 7 games: 3/21, 0 HR","platoon edge; pitcher baseline 6.8% barrel, 13.4 HR allowed",fly-ball profile; pitcher fly-ball pressure modest,15.8,38.76,87.7,99.8407,0.3886,0.205,0.2799,73.22,36.27,31.2,44.02,4.9,0.1439,6.82,41.34,89.21,0.3548,0.1207,16.41,229 deg,Open-Meteo forecast; MLB fallback,https://forecast.weather.gov/MapClick.php?lat=33.8003&lon=-117.8827,49,0,93,Angel Stadium,,,,,,,,,,,
96,671056,Iván Herrera,STL,PIT,2026-08-29T18:15:00Z,Pre-Game,2,Lake Bachar,669199,R,50.1,Longshot,Watch List,Premium Lineup Spot,33.8,45.4,56.6,100.0,50.0,15.3,50.0,,Yes,Yes,2,Yes,No,MLB Stats API; RotoWire,,H:2026/2025 P:2026/2025,,,Direct BvP not yet weighted; 2026/2025 Statcast baseline active,7,6,27,0,"Last 7 games: 6/27, 0 HR","same-side matchup; pitcher baseline 9.4% barrel, 11.4 HR allowed",neutral batted-ball profile; pitcher allows elevated contact,7.18,42.45,89.8,101.303,0.4077,0.1523,0.343,73.81,42.37,37.38,19.45,15.5,0.1464,9.44,37.16,89.46,0.3899,0.1787,32.2,Out To LF,Open-Meteo forecast; MLB fallback,https://forecast.weather.gov/MapClick.php?lat=38.6226&lon=-90.1928,42,0,81,Busch Stadium,,,,,,,,,,,
97,679822,Justin Foscue,TEX,MIL,2026-08-29T23:15:00Z,Scheduled,1,Shane Drohan,675660,L,50.1,Longshot,Watch List,"Projected Lineup, Premium Lineup Spot, Platoon Edge",40.8,33.2,48.1,88.7,78.0,39.5,50.0,,No,No,1,Yes,Yes,RotoWire projected lineup; MLB probable pitchers,lineup projected / unconfirmed,H:2026/2025 P:2026,,,Direct BvP not yet weighted; 2026/2025 Statcast baseline active,7,6,23,1,"Last 7 games: 6/23, 1 HR","platoon edge; pitcher baseline 8.0% barrel, 9.0 HR allowed",fly-ball profile; pitcher fly-ball pressure modest,7.63,48.78,90.27,99.4642,0.3916,0.1754,0.2862,71.1,9.87,47.55,36.7,6.3,0.1894,8.0,37.5,87.9,0.361,0.131,28.2,144 deg,Open-Meteo forecast; MLB fallback,https://forecast.weather.gov/MapClick.php?lat=43.0280&lon=-87.9712,59,0,76,American Family Field,,,,,,,,,,,
98,672386,Alejandro Kirk,TOR,SEA,2026-08-29T19:07:00Z,Pre-Game,2,Kade Anderson,807739,L,50.0,Longshot,Watch List,"Premium Lineup Spot, Platoon Edge",28.5,51.8,41.9,100.0,78.0,13.3,50.0,,Yes,Yes,2,Yes,No,MLB Stats API; RotoWire,,H:2026/2025 P:2026,,,Direct BvP not yet weighted; 2026/2025 Statcast baseline active,7,5,24,0,"Last 7 games: 5/24, 0 HR","platoon edge; pitcher baseline 13.3% barrel, 2.0 HR allowed",neutral batted-ball profile; pitcher allows elevated contact,5.41,43.03,89.07,100.2593,0.4058,0.1372,0.3261,71.87,19.72,25.23,21.34,9.4,0.1355,13.3,33.3,86.7,0.373,0.205,46.7,None,Open-Meteo forecast; MLB fallback,https://forecast.weather.gov/MapClick.php?lat=43.6414&lon=-79.3894,69,0,66,Rogers Centre,,,,,,,,,,,
99,662139,Daulton Varsho,HOU,NYM,2026-08-29T20:10:00Z,Pre-Game,5,Nolan McLean,690997,R,50.0,Longshot,Watch List,"Projected Lineup, Platoon Edge",35.8,29.5,60.8,81.9,80.0,63.7,50.0,,No,No,5,Yes,Yes,RotoWire projected lineup; MLB probable pitchers,lineup projected / unconfirmed,H:2026/2025 P:2026/2025,,,Direct BvP not yet weighted; 2026/2025 Statcast baseline active,7,9,30,2,Hot streak: 2 HR in last 7 games,"platoon edge; pitcher baseline 7.1% barrel, 11.7 HR allowed",neutral batted-ball profile; pitcher fly-ball pressure modest,9.32,38.9,87.94,99.6545,0.3988,0.1662,0.3004,73.71,35.97,41.29,30.29,13.0,0.1875,7.09,37.87,88.31,0.3458,0.1257,21.91,Out To CF,NOAA link only,https://forecast.weather.gov/MapClick.php?lat=40.7571&lon=-73.8458,,,80,Citi Field,,,,,,,,,,,
100,701807,Carson Benge,NYM,HOU,2026-08-29T20:10:00Z,Pre-Game,4,Bennett Sousa,656986,L,50.0,Longshot,Watch List,Premium Lineup Spot,34.1,36.1,60.8,94.9,50.0,57.2,50.0,,Yes,Yes,4,Yes,No,MLB Stats API; RotoWire,,H:2026 P:2026/2025,,,Direct BvP not yet weighted; 2026/2025 Statcast baseline active,7,11,29,1,Contact streak: 11/29 over last 7 games,"same-side matchup; pitcher baseline 9.8% barrel, 2.6 HR allowed",neutral batted-ball profile; pitcher allows elevated contact,7.6,40.6,89.1,99.9259,0.44,0.16,0.34,71.0,17.4,32.4,27.3,16.0,0.147,9.78,33.16,88.12,0.3413,0.1325,37.87,Out To CF,NOAA link only,https://forecast.weather.gov/MapClick.php?lat=40.7571&lon=-73.8458,,,80,Citi Field,,,,,,,,,,,
101,661388,William Contreras,MIL,TEX,2026-08-29T23:15:00Z,Scheduled,4,Cal Quantrill,615698,R,50.0,Longshot,Watch List,"Projected Lineup, Premium Lineup Spot",37.7,44.3,48.1,90.4,50.0,45.0,50.0,,No,No,4,Yes,Yes,RotoWire projected lineup; MLB probable pitchers,lineup projected / unconfirmed,H:2026/2025 P:2026/2025,,,Direct BvP not yet weighted; 2026/2025 Statcast baseline active,7,13,30,0,Contact streak: 13/30 over last 7 games,"same-side matchup; pitcher baseline 8.6% barrel, 12.9 HR allowed",neutral batted-ball profile; pitcher fly-ball pressure modest,7.31,45.14,90.4,101.5636,0.4224,0.1646,0.3315,73.34,36.16,36.11,24.08,13.5,0.1278,8.58,37.09,89.07,0.433,0.1786,29.01,144 deg,Open-Meteo forecast; MLB fallback,https://forecast.weather.gov/MapClick.php?lat=43.0280&lon=-87.9712,59,0,76,American Family Field,,,,,,,,,,,
102,669357,Nolan Gorman,STL,PIT,2026-08-29T18:15:00Z,Pre-Game,7,Lake Bachar,669199,R,49.9,Longshot,Watch List,Platoon Edge,41.1,45.4,56.6,64.3,80.0,18.3,50.0,,Yes,Yes,7,Yes,No,MLB Stats API; RotoWire,,H:2026/2025 P:2026/2025,,,Direct BvP not yet weighted; 2026/2025 Statcast baseline active,7,2,19,1,"Last 7 games: 2/19, 1 HR","platoon edge; pitcher baseline 9.4% barrel, 11.4 HR allowed",fly-ball profile; pitcher allows elevated contact,9.97,43.2,89.32,100.8687,0.3706,0.1725,0.2869,72.98,28.91,42.71,37.47,9.8,0.1454,9.44,37.16,89.46,0.3899,0.1787,32.2,Out To LF,Open-Meteo forecast; MLB fallback,https://forecast.weather.gov/MapClick.php?lat=38.6226&lon=-90.1928,42,0,81,Busch Stadium,,,,,,,,,,,
103,687551,Drew Gilbert,SF,AZ,2026-08-29T20:05:00Z,Scheduled,1,Merrill Kelly,518876,R,49.8,Longshot,Watch List,"Projected Lineup, Premium Lineup Spot, Platoon Edge",20.4,65.2,37.3,88.7,80.0,39.8,50.0,,No,No,1,Yes,Yes,RotoWire projected lineup; MLB probable pitchers,lineup projected / unconfirmed,H:2026/2025 P:2026/2025,,,Direct BvP not yet weighted; 2026/2025 Statcast baseline active,7,5,19,1,"Last 7 games: 5/19, 1 HR","platoon edge; pitcher baseline 11.6% barrel, 25.1 HR allowed",neutral batted-ball profile; pitcher fly-ball pressure modest,5.39,35.87,86.74,98.2151,0.3794,0.1328,0.3127,70.45,10.2,41.54,20.18,6.5,0.1523,11.61,43.57,90.27,0.5136,0.2251,26.57,301 deg,Open-Meteo forecast; MLB fallback,https://forecast.weather.gov/MapClick.php?lat=37.7786&lon=-122.3893,71,12,67,Oracle Park,,,,,,,,,,,
104,592518,Manny Machado,SD,TB,2026-08-29T20:10:00Z,Pre-Game,3,Nick Martinez,607259,R,49.8,Longshot,Watch List,"Projected Lineup, Strong Barrel, Premium Lineup Spot",48.2,35.4,50.1,92.1,50.0,5.1,50.0,,No,No,3,Yes,Yes,RotoWire projected lineup; MLB probable pitchers,lineup projected / unconfirmed,H:2026/2025 P:2026/2025,,,Direct BvP not yet weighted; 2026/2025 Statcast baseline active,7,4,26,0,"Last 7 games: 4/26, 0 HR","same-side matchup; pitcher baseline 7.1% barrel, 18.5 HR allowed",neutral batted-ball profile; pitcher fly-ball pressure modest,10.59,46.53,91.15,101.8722,0.4432,0.1918,0.3361,74.71,44.65,39.94,27.73,24.9,0.1864,7.07,33.52,87.39,0.424,0.1551,28.68,None,Open-Meteo forecast; MLB fallback,https://forecast.weather.gov/MapClick.php?lat=27.7682&lon=-82.6534,89,5,80,Tropicana Field,,,,,,,,,,,
105,553993,Eugenio Suárez,CIN,CHC,2026-08-29T18:20:00Z,Pre-Game,6,Kevin Gausman,592332,R,49.6,Longshot,Watch List,Strong Barrel,40.4,39.6,67.8,76.2,50.0,25.3,50.0,,Yes,Yes,6,Yes,No,MLB Stats API; RotoWire,,H:2026/2025 P:2026/2025,,,Direct BvP not yet weighted; 2026/2025 Statcast baseline active,7,4,24,1,"Last 7 games: 4/24, 1 HR","same-side matchup; pitcher baseline 7.5% barrel, 18.9 HR allowed",neutral batted-ball profile; pitcher fly-ball pressure modest,11.71,38.57,88.94,99.9502,0.3748,0.1771,0.292,72.02,21.67,48.59,34.32,28.0,0.2294,7.45,39.65,88.67,0.4,0.1557,26.23,Out To CF,Open-Meteo forecast; MLB fallback,https://forecast.weather.gov/MapClick.php?lat=41.9484&lon=-87.6553,69,0,76,Wrigley Field,,,,,,,,,,,
106,663330,Jahmai Jones,BOS,NYY,2026-08-29T23:15:00Z,Scheduled,1,Max Fried,608331,L,49.4,Longshot,Watch List,"Projected Lineup, Strong Barrel, Premium Lineup Spot, Platoon Edge",50.2,9.8,58.7,88.7,78.0,45.0,50.0,,No,No,1,Yes,Yes,RotoWire projected lineup; MLB probable pitchers,lineup projected / unconfirmed,H:2026/2025 P:2026/2025,,,Direct BvP not yet weighted; 2026/2025 Statcast baseline active,7,3,6,0,Contact streak: 3/6 over last 7 games,"platoon edge; pitcher baseline 3.3% barrel, 5.6 HR allowed",neutral batted-ball profile; pitcher fly-ball pressure modest,11.02,48.49,91.36,102.4875,0.4609,0.2038,0.3528,73.39,34.65,49.13,25.82,4.9,0.1937,3.33,33.07,86.5,0.2919,0.0823,21.69,318 deg,Open-Meteo forecast; MLB fallback,https://forecast.weather.gov/MapClick.php?lat=40.8296&lon=-73.9262,49,7,80,Yankee Stadium,,,,,,,,,,,
107,687462,Spencer Horwitz,PIT,STL,2026-08-29T18:15:00Z,Pre-Game,1,Kyle Leahy,681517,R,49.3,Longshot,Watch List,"Premium Lineup Spot, Platoon Edge",23.0,51.7,56.6,93.2,80.0,8.8,50.0,,Yes,Yes,1,Yes,No,MLB Stats API; RotoWire,,H:2026/2025 P:2026/2025,,,Direct BvP not yet weighted; 2026/2025 Statcast baseline active,7,5,28,0,"Last 7 games: 5/28, 0 HR","platoon edge; pitcher baseline 9.9% barrel, 9.9 HR allowed",neutral batted-ball profile; pitcher fly-ball pressure modest,7.25,32.78,86.98,97.5575,0.3762,0.1402,0.3218,68.68,5.32,39.73,27.7,10.3,0.1459,9.87,46.83,90.71,0.4373,0.1684,22.47,Out To LF,Open-Meteo forecast; MLB fallback,https://forecast.weather.gov/MapClick.php?lat=38.6226&lon=-90.1928,42,0,81,Busch Stadium,,,,,,,,,,,
108,666126,Carlos Cortes,ATH,BAL,2026-08-30T02:05:00Z,Scheduled,4,Shane Baz,669358,R,49.2,Longshot,Watch List,"Projected Lineup, Premium Lineup Spot, Platoon Edge",30.0,40.6,52.4,90.4,80.0,32.9,50.0,,No,No,4,Yes,Yes,RotoWire projected lineup; MLB probable pitchers,lineup projected / unconfirmed,H:2026/2025 P:2026/2025,,,Direct BvP not yet weighted; 2026/2025 Statcast baseline active,7,5,23,1,"Last 7 games: 5/23, 1 HR","platoon edge; pitcher baseline 7.5% barrel, 15.5 HR allowed",neutral batted-ball profile; pitcher fly-ball pressure modest,7.31,39.17,89.31,99.577,0.3989,0.1455,0.3119,70.76,14.48,30.27,23.01,6.8,0.1724,7.47,41.5,90.12,0.3909,0.1462,25.57,234 deg,Open-Meteo forecast; MLB fallback,https://forecast.weather.gov/MapClick.php?lat=38.5804&lon=-121.5139,51,8,74,Sutter Health Park,,,,,,,,,,,
109,668904,Royce Lewis,MIN,CWS,2026-08-29T18:10:00Z,Pre-Game,5,Erick Fedde,607200,R,49.1,Longshot,Watch List,Strong Barrel,40.9,47.5,47.1,86.4,50.0,5.1,50.0,,Yes,Yes,5,Yes,No,MLB Stats API; RotoWire,,H:2026/2025 P:2026/2025,,,Direct BvP not yet weighted; 2026/2025 Statcast baseline active,7,4,26,0,"Last 7 games: 4/26, 0 HR","same-side matchup; pitcher baseline 8.1% barrel, 21.1 HR allowed",neutral batted-ball profile; pitcher fly-ball pressure modest,10.45,40.37,89.8,100.6741,0.4056,0.1635,0.3096,74.72,50.38,46.86,29.73,13.0,0.1622,8.11,40.57,89.01,0.447,0.1832,28.98,R To L,Open-Meteo forecast; MLB fallback,https://forecast.weather.gov/MapClick.php?lat=44.9817&lon=-93.2776,57,0,77,Target Field,,,,,,,,,,,
110,681393,Connor Norby,COL,ATL,2026-08-29T20:10:00Z,Pre-Game,5,Martín Pérez,527048,L,49.1,Longshot,Watch List,Platoon Edge,29.6,38.1,51.4,86.4,78.0,62.4,50.0,,Yes,No,6,Yes,Yes,MLB Stats API; RotoWire,RotoWire not confirmed; order MLB 5 vs RotoWire 6,H:2026/2025 P:2026/2025,,,Direct BvP not yet weighted; 2026/2025 Statcast baseline active,7,7,24,2,Hot streak: 2 HR in last 7 games,"platoon edge; pitcher baseline 8.2% barrel, 10.2 HR allowed",neutral batted-ball profile; pitcher fly-ball pressure modest,7.93,37.59,87.67,98.2605,0.3645,0.1501,0.2993,70.07,7.29,40.98,34.86,6.6,0.1394,8.21,37.79,87.85,0.4199,0.1639,23.99,L To R,Open-Meteo forecast; MLB fallback,https://forecast.weather.gov/MapClick.php?lat=33.8907&lon=-84.4677,77,16,80,Truist Park,,,,,,,,,,,
111,664034,Ty France,SD,TB,2026-08-29T20:10:00Z,Pre-Game,4,Nick Martinez,607259,R,49.0,Longshot,Watch List,"Projected Lineup, Premium Lineup Spot",42.5,35.4,50.1,90.4,50.0,30.3,50.0,,No,No,4,Yes,Yes,RotoWire projected lineup; MLB probable pitchers,lineup projected / unconfirmed,H:2026/2025 P:2026/2025,,,Direct BvP not yet weighted; 2026/2025 Statcast baseline active,7,4,20,1,"Last 7 games: 4/20, 1 HR","same-side matchup; pitcher baseline 7.1% barrel, 18.5 HR allowed",neutral batted-ball profile; pitcher fly-ball pressure modest,9.17,47.07,91.18,101.103,0.4264,0.1751,0.3301,71.77,19.46,35.94,25.11,14.7,0.1821,7.07,33.52,87.39,0.424,0.1551,28.68,None,Open-Meteo forecast; MLB fallback,https://forecast.weather.gov/MapClick.php?lat=27.7682&lon=-82.6534,89,5,80,Tropicana Field,,,,,,,,,,,
112,669016,Brandon Marsh,PHI,LAA,2026-08-30T02:07:00Z,Scheduled,7,Ryan Johnson,696270,R,49.0,Longshot,Watch List,"Projected Lineup, Platoon Edge",37.6,47.7,60.2,59.8,80.0,13.6,50.0,,No,No,7,Yes,Yes,RotoWire projected lineup; MLB probable pitchers,lineup projected / unconfirmed,H:2026/2025 P:2026/2025,,,Direct BvP not yet weighted; 2026/2025 Statcast baseline active,7,4,19,0,"Last 7 games: 4/19, 0 HR","platoon edge; pitcher baseline 9.7% barrel, 12.4 HR allowed",neutral batted-ball profile; pitcher allows elevated contact,8.47,44.86,89.91,100.1648,0.4187,0.1592,0.3153,71.47,15.65,37.49,26.45,15.2,0.1588,9.69,37.26,87.89,0.4437,0.1868,33.81,229 deg,Open-Meteo forecast; MLB fallback,https://forecast.weather.gov/MapClick.php?lat=33.8003&lon=-117.8827,49,0,93,Angel Stadium,,,,,,,,,,,
113,695681,Christian Moore,LAA,PHI,2026-08-30T02:07:00Z,Scheduled,5,Cristopher Sánchez,650911,L,48.9,Longshot,Watch List,"Projected Lineup, Strong Barrel, Platoon Edge",38.3,31.9,60.2,81.9,78.0,20.8,50.0,,No,No,5,Yes,Yes,RotoWire projected lineup; MLB probable pitchers,lineup projected / unconfirmed,H:2026/2025 P:2026/2025,,,Direct BvP not yet weighted; 2026/2025 Statcast baseline active,7,3,22,1,"Last 7 games: 3/22, 1 HR","platoon edge; pitcher baseline 6.8% barrel, 13.4 HR allowed",neutral batted-ball profile; pitcher fly-ball pressure modest,14.25,37.14,89.67,99.8746,0.3156,0.1266,0.2645,73.19,29.42,22.51,27.22,2.8,0.1195,6.82,41.34,89.21,0.3548,0.1207,16.41,229 deg,Open-Meteo forecast; MLB fallback,https://forecast.weather.gov/MapClick.php?lat=33.8003&lon=-117.8827,49,0,93,Angel Stadium,,,,,,,,,,,
114,502671,Paul Goldschmidt,NYY,BOS,2026-08-29T17:05:00Z,Pre-Game,1,Jake Bennett,687562,L,48.8,Longshot,Watch List,"Premium Lineup Spot, Platoon Edge",37.0,28.8,48.2,93.2,78.0,43.2,50.0,,Yes,Yes,1,Yes,No,MLB Stats API; RotoWire,,H:2026/2025 P:2026,,,Direct BvP not yet weighted; 2026/2025 Statcast baseline active,7,4,14,1,"Last 7 games: 4/14, 1 HR","platoon edge; pitcher baseline 6.4% barrel, 7.0 HR allowed",neutral batted-ball profile; pitcher fly-ball pressure modest,9.82,39.01,87.81,99.4055,0.4248,0.1812,0.3157,71.69,16.48,33.32,29.28,14.9,0.1843,6.4,36.4,88.2,0.37,0.137,25.8,In From CF,Open-Meteo forecast; MLB fallback,https://forecast.weather.gov/MapClick.php?lat=40.8296&lon=-73.9262,49,7,80,Yankee Stadium,,,,,,,,,,,
115,642708,Amed Rosario,NYY,BOS,2026-08-29T17:05:00Z,Pre-Game,3,Jake Bennett,687562,L,48.5,Longshot,Watch List,"Premium Lineup Spot, Platoon Edge",41.4,28.8,48.2,96.6,78.0,0.0,50.0,,Yes,Yes,3,Yes,No,MLB Stats API; RotoWire,,H:2026/2025 P:2026,,,Direct BvP not yet weighted; 2026/2025 Statcast baseline active,7,0,8,0,"Last 7 games: 0/8, 0 HR","platoon edge; pitcher baseline 6.4% barrel, 7.0 HR allowed",neutral batted-ball profile; pitcher fly-ball pressure modest,9.99,41.08,90.64,101.3989,0.432,0.1748,0.3177,73.59,36.99,37.4,24.21,8.8,0.1859,6.4,36.4,88.2,0.37,0.137,25.8,In From CF,Open-Meteo forecast; MLB fallback,https://forecast.weather.gov/MapClick.php?lat=40.8296&lon=-73.9262,49,7,80,Yankee Stadium,,,,,,,,,,,
116,676724,Jared Young,NYM,HOU,2026-08-29T20:10:00Z,Pre-Game,5,Bennett Sousa,656986,L,48.5,Longshot,Watch List,No major boost,39.6,36.1,60.8,86.4,50.0,15.3,50.0,,Yes,Yes,5,Yes,No,MLB Stats API; RotoWire,,H:2026/2025 P:2026/2025,,,Direct BvP not yet weighted; 2026/2025 Statcast baseline active,7,6,27,0,"Last 7 games: 6/27, 0 HR","same-side matchup; pitcher baseline 9.8% barrel, 2.6 HR allowed",neutral batted-ball profile; pitcher allows elevated contact,9.47,43.5,88.38,100.8586,0.4126,0.185,0.3065,73.37,32.9,39.37,27.23,6.8,0.2096,9.78,33.16,88.12,0.3413,0.1325,37.87,Out To CF,NOAA link only,https://forecast.weather.gov/MapClick.php?lat=40.7571&lon=-73.8458,,,80,Citi Field,,,,,,,,,,,
117,695731,Braden Montgomery,CWS,MIN,2026-08-29T18:10:00Z,Pre-Game,5,Bailey Ober,641927,R,48.4,Longshot,Watch List,Platoon Edge,23.5,53.7,47.1,86.4,75.0,31.6,50.0,,Yes,Yes,5,Yes,No,MLB Stats API; RotoWire,,H:2026 P:2026/2025,,,Direct BvP not yet weighted; 2026/2025 Statcast baseline active,7,5,24,1,"Last 7 games: 5/24, 1 HR","switch hitter; pitcher baseline 10.5% barrel, 21.6 HR allowed",neutral batted-ball profile; pitcher allows elevated contact,4.3,40.8,89.0,100.1035,0.382,0.134,0.322,69.8,8.6,35.9,20.1,5.0,0.137,10.48,37.28,88.97,0.4655,0.2119,32.32,R To L,Open-Meteo forecast; MLB fallback,https://forecast.weather.gov/MapClick.php?lat=44.9817&lon=-93.2776,57,0,77,Target Field,,,,,,,,,,,
118,682928,CJ Abrams,WSH,MIA,2026-08-29T20:05:00Z,Scheduled,1,Sandy Alcantara,645261,R,48.4,Longshot,Watch List,"Projected Lineup, Premium Lineup Spot, Platoon Edge",38.5,33.8,49.7,88.7,80.0,8.8,50.0,,No,No,1,Yes,Yes,RotoWire projected lineup; MLB probable pitchers,lineup projected / unconfirmed,H:2026/2025 P:2026/2025,,,Direct BvP not yet weighted; 2026/2025 Statcast baseline active,7,5,28,0,"Last 7 games: 5/28, 0 HR","platoon edge; pitcher baseline 6.3% barrel, 19.2 HR allowed",neutral batted-ball profile; pitcher fly-ball pressure modest,9.21,40.32,89.19,99.8212,0.4255,0.1763,0.3272,72.82,27.82,43.8,28.73,26.0,0.2229,6.29,38.07,88.95,0.387,0.1351,24.1,24 deg,Open-Meteo forecast; MLB fallback,https://forecast.weather.gov/MapClick.php?lat=38.8730&lon=-77.0074,67,5,80,Nationals Park,,,,,,,,,,,
119,686611,Dylan Crews,WSH,MIA,2026-08-29T20:05:00Z,Scheduled,3,Sandy Alcantara,645261,R,48.4,Longshot,Watch List,"Projected Lineup, Premium Lineup Spot",41.0,33.8,49.7,92.1,50.0,32.0,50.0,,No,No,3,Yes,Yes,RotoWire projected lineup; MLB probable pitchers,lineup projected / unconfirmed,H:2026/2025 P:2026/2025,,,Direct BvP not yet weighted; 2026/2025 Statcast baseline active,7,9,27,0,Contact streak: 9/27 over last 7 games,"same-side matchup; pitcher baseline 6.3% barrel, 19.2 HR allowed",neutral batted-ball profile; pitcher fly-ball pressure modest,9.66,42.06,90.26,101.0607,0.4105,0.172,0.3147,73.9,38.21,33.87,27.84,10.0,0.1461,6.29,38.07,88.95,0.387,0.1351,24.1,24 deg,Open-Meteo forecast; MLB fallback,https://forecast.weather.gov/MapClick.php?lat=38.8730&lon=-77.0074,67,5,80,Nationals Park,,,,,,,,,,,
120,687637,Dylan Beavers,BAL,ATH,2026-08-30T02:05:00Z,Scheduled,6,Jack Perkins,678022,R,48.4,Longshot,Watch List,"Projected Lineup, Platoon Edge",33.2,39.9,52.4,71.7,80.0,52.8,50.0,,No,No,6,Yes,Yes,RotoWire projected lineup; MLB probable pitchers,lineup projected / unconfirmed,H:2026/2025 P:2026/2025,,,Direct BvP not yet weighted; 2026/2025 Statcast baseline active,7,7,20,1,Contact streak: 7/20 over last 7 games,"platoon edge; pitcher baseline 9.1% barrel, 13.1 HR allowed",neutral batted-ball profile; pitcher allows elevated contact,8.25,36.47,88.59,99.3486,0.3905,0.1635,0.3202,72.41,21.4,40.46,32.09,5.4,0.1513,9.11,36.44,87.8,0.3769,0.1489,33.75,234 deg,Open-Meteo forecast; MLB fallback,https://forecast.weather.gov/MapClick.php?lat=38.5804&lon=-121.5139,51,8,74,Sutter Health Park,,,,,,,,,,,
121,607043,Brandon Nimmo,TEX,MIL,2026-08-29T23:15:00Z,Scheduled,4,Shane Drohan,675660,L,48.3,Longshot,Watch List,"Projected Lineup, Premium Lineup Spot",47.6,33.2,48.1,90.4,50.0,0.0,50.0,,No,No,4,Yes,Yes,RotoWire projected lineup; MLB probable pitchers,lineup projected / unconfirmed,H:2026/2025 P:2026,,,Direct BvP not yet weighted; 2026/2025 Statcast baseline active,7,2,27,0,"Last 7 games: 2/27, 0 HR","same-side matchup; pitcher baseline 8.0% barrel, 9.0 HR allowed",EV profile; pitcher fly-ball pressure modest,9.71,50.41,92.04,102.0841,0.4533,0.1831,0.3441,72.27,27.25,32.4,26.12,16.6,0.1614,8.0,37.5,87.9,0.361,0.131,28.2,144 deg,Open-Meteo forecast; MLB fallback,https://forecast.weather.gov/MapClick.php?lat=43.0280&lon=-87.9712,59,0,76,American Family Field,,,,,,,,,,,
122,664761,Alec Bohm,PHI,LAA,2026-08-30T02:07:00Z,Scheduled,5,Ryan Johnson,696270,R,48.3,Longshot,Watch List,Projected Lineup,31.6,47.7,60.2,81.9,50.0,22.4,50.0,,No,No,5,Yes,Yes,RotoWire projected lineup; MLB probable pitchers,lineup projected / unconfirmed,H:2026/2025 P:2026/2025,,,Direct BvP not yet weighted; 2026/2025 Statcast baseline active,7,7,26,0,"Last 7 games: 7/26, 0 HR","same-side matchup; pitcher baseline 9.7% barrel, 12.4 HR allowed",neutral batted-ball profile; pitcher allows elevated contact,5.85,43.6,90.52,100.2817,0.4081,0.1439,0.3212,71.21,14.49,28.42,22.37,13.1,0.1339,9.69,37.26,87.89,0.4437,0.1868,33.81,229 deg,Open-Meteo forecast; MLB fallback,https://forecast.weather.gov/MapClick.php?lat=33.8003&lon=-117.8827,49,0,93,Angel Stadium,,,,,,,,,,,
123,803011,Sam Antonacci,CWS,MIN,2026-08-29T18:10:00Z,Pre-Game,1,Bailey Ober,641927,R,48.2,Longshot,Watch List,"Premium Lineup Spot, Platoon Edge",18.8,55.6,47.1,93.2,80.0,21.1,50.0,,Yes,Yes,1,Yes,No,MLB Stats API; RotoWire,,H:2026 P:2026/2025,,,Direct BvP not yet weighted; 2026/2025 Statcast baseline active,7,6,23,0,"Last 7 games: 6/23, 0 HR","platoon edge; pitcher baseline 10.5% barrel, 21.6 HR allowed",neutral batted-ball profile; pitcher allows elevated contact,5.3,32.5,87.3,97.5601,0.392,0.119,0.342,69.9,8.2,33.0,21.9,8.0,0.125,10.48,37.28,88.97,0.4655,0.2119,32.32,R To L,Open-Meteo forecast; MLB fallback,https://forecast.weather.gov/MapClick.php?lat=44.9817&lon=-93.2776,57,0,77,Target Field,,,,,,,,,,,
124,699625,Jimmy Crooks,STL,PIT,2026-08-29T18:15:00Z,Pre-Game,9,Lake Bachar,669199,R,48.0,Longshot,Watch List,Platoon Edge,43.7,45.4,56.6,44.8,80.0,18.3,50.0,,Yes,Yes,9,Yes,No,MLB Stats API; RotoWire,,H:2026/2025 P:2026/2025,,,Direct BvP not yet weighted; 2026/2025 Statcast baseline active,7,2,17,1,"Last 7 games: 2/17, 1 HR","platoon edge; pitcher baseline 9.4% barrel, 11.4 HR allowed",fly-ball profile; pitcher allows elevated contact,9.62,45.53,91.14,100.6146,0.3652,0.1732,0.2671,71.87,18.43,34.13,40.39,3.8,0.1397,9.44,37.16,89.46,0.3899,0.1787,32.2,Out To LF,Open-Meteo forecast; MLB fallback,https://forecast.weather.gov/MapClick.php?lat=38.6226&lon=-90.1928,42,0,81,Busch Stadium,,,,,,,,,,,
125,687093,Vaughn Grissom,LAA,PHI,2026-08-30T02:07:00Z,Scheduled,3,Cristopher Sánchez,650911,L,48.0,Longshot,Watch List,"Projected Lineup, Premium Lineup Spot, Platoon Edge",26.2,31.9,60.2,92.1,78.0,49.9,50.0,,No,No,3,Yes,Yes,RotoWire projected lineup; MLB probable pitchers,lineup projected / unconfirmed,H:2026 P:2026/2025,,,Direct BvP not yet weighted; 2026/2025 Statcast baseline active,7,5,24,2,Hot streak: 2 HR in last 7 games,"platoon edge; pitcher baseline 6.8% barrel, 13.4 HR allowed",neutral batted-ball profile; pitcher fly-ball pressure modest,6.9,37.0,87.8,99.0229,0.381,0.134,0.31,71.3,18.1,40.8,26.0,9.0,0.14,6.82,41.34,89.21,0.3548,0.1207,16.41,229 deg,Open-Meteo forecast; MLB fallback,https://forecast.weather.gov/MapClick.php?lat=33.8003&lon=-117.8827,49,0,93,Angel Stadium,,,,,,,,,,,
126,680664,Eduardo Valencia,DET,LAD,2026-08-29T17:10:00Z,Pre-Game,5,Blake Snell,605483,L,47.9,Longshot,Watch List,"Strong Barrel, Platoon Edge",65.8,0.7,45.1,86.4,78.0,4.5,50.0,,Yes,Yes,5,Yes,No,MLB Stats API; RotoWire,,H:2026 P:2026/2025,,,Direct BvP not yet weighted; 2026/2025 Statcast baseline active,7,3,20,0,"Last 7 games: 3/20, 0 HR","platoon edge; pitcher baseline 1.7% barrel, 0.9 HR allowed",neutral batted-ball profile; pitcher fly-ball pressure modest,20.0,48.0,89.6,101.7948,0.496,0.256,0.321,73.2,29.1,36.0,26.0,6.0,0.348,1.74,17.06,82.91,0.2513,0.0546,21.82,R To L,Open-Meteo forecast; MLB fallback,https://forecast.weather.gov/MapClick.php?lat=42.3390&lon=-83.0485,70,0,70,Comerica Park,,,,,,,,,,,
127,621438,Tyrone Taylor,CHC,CIN,2026-08-29T18:20:00Z,Pre-Game,7,Andrew Abbott,671096,L,47.8,Longshot,Watch List,Platoon Edge,29.0,40.6,67.8,64.3,78.0,45.0,50.0,,Yes,Yes,7,Yes,No,MLB Stats API; RotoWire,,H:2026/2025 P:2026/2025,,,Direct BvP not yet weighted; 2026/2025 Statcast baseline active,7,7,13,0,Contact streak: 7/13 over last 7 games,"platoon edge; pitcher baseline 7.9% barrel, 18.3 HR allowed",neutral batted-ball profile; pitcher fly-ball pressure modest,7.93,34.82,86.78,98.3337,0.4025,0.1602,0.3064,71.14,12.42,50.89,31.19,7.6,0.1877,7.86,36.71,88.99,0.4088,0.1583,27.93,Out To CF,Open-Meteo forecast; MLB fallback,https://forecast.weather.gov/MapClick.php?lat=41.9484&lon=-87.6553,69,0,76,Wrigley Field,,,,,,,,,,,
128,680869,Zack Gelof,ATH,BAL,2026-08-30T02:05:00Z,Scheduled,3,Shane Baz,669358,R,47.7,Longshot,Watch List,"Projected Lineup, Premium Lineup Spot",36.8,40.6,52.4,92.1,50.0,4.2,50.0,,No,No,3,Yes,Yes,RotoWire projected lineup; MLB probable pitchers,lineup projected / unconfirmed,H:2026/2025 P:2026/2025,,,Direct BvP not yet weighted; 2026/2025 Statcast baseline active,7,4,27,0,"Last 7 games: 4/27, 0 HR","same-side matchup; pitcher baseline 7.5% barrel, 15.5 HR allowed",neutral batted-ball profile; pitcher fly-ball pressure modest,9.28,43.7,88.59,99.6436,0.3662,0.1648,0.2771,73.29,28.2,38.9,27.38,10.4,0.1666,7.47,41.5,90.12,0.3909,0.1462,25.57,234 deg,Open-Meteo forecast; MLB fallback,https://forecast.weather.gov/MapClick.php?lat=38.5804&lon=-121.5139,51,8,74,Sutter Health Park,,,,,,,,,,,
129,641355,Cody Bellinger,NYY,BOS,2026-08-29T23:15:00Z,Scheduled,5,,,,47.6,Longshot,Watch List,Projected Lineup,30.4,41.2,58.7,81.9,60.0,33.7,50.0,,No,No,4,Yes,Yes,RotoWire projected lineup; MLB probable pitchers,lineup projected / unconfirmed; order MLB 5 vs RotoWire 4,H:2026/2025 P:,,,Direct BvP not yet weighted; 2026/2025 Statcast baseline active,7,6,27,1,"Last 7 games: 6/27, 1 HR","handedness incomplete; pitcher baseline 0.0% barrel, 0.0 HR allowed",neutral batted-ball profile; pitcher fly-ball pressure modest,6.8,37.27,88.86,98.5347,0.4222,0.154,0.3405,69.75,4.12,42.4,32.06,17.1,0.1758,,,,,,,318 deg,Open-Meteo forecast; MLB fallback,https://forecast.weather.gov/MapClick.php?lat=40.8296&lon=-73.9262,49,7,80,Yankee Stadium,,,,,,,,,,,
130,663662,Daz Cameron,TOR,SEA,2026-08-29T19:07:00Z,Pre-Game,8,Kade Anderson,807739,L,47.6,Longshot,Watch List,"Strong Barrel, Platoon Edge",38.7,51.8,41.9,52.4,78.0,36.0,50.0,,Yes,Yes,8,Yes,No,MLB Stats API; RotoWire,,H:2026/2025 P:2026,,,Direct BvP not yet weighted; 2026/2025 Statcast baseline active,7,5,21,1,"Last 7 games: 5/21, 1 HR","platoon edge; pitcher baseline 13.3% barrel, 2.0 HR allowed",neutral batted-ball profile; pitcher allows elevated contact,10.88,31.54,88.96,99.0641,0.4383,0.1882,0.3001,73.87,41.38,32.62,28.21,1.0,0.1631,13.3,33.3,86.7,0.373,0.205,46.7,None,Open-Meteo forecast; MLB fallback,https://forecast.weather.gov/MapClick.php?lat=43.6414&lon=-79.3894,69,0,66,Rogers Centre,,,,,,,,,,,
131,682626,Francisco Alvarez,NYM,ATL,2026-08-29T20:10:00Z,Pre-Game,9,Bennett Sousa,656986,L,47.6,Longshot,Watch List,"Strong Barrel, Platoon Edge",52.8,36.1,60.8,44.8,78.0,0.0,38.9,73.0,Yes,Yes,9,Yes,No,MLB Stats API; RotoWire,,H:2026/2025 P:2026/2025,,,Direct BvP not yet weighted; 2026/2025 Statcast baseline active,7,2,24,0,"Last 7 games: 2/24, 0 HR","platoon edge; pitcher baseline 9.8% barrel, 2.6 HR allowed",neutral batted-ball profile; pitcher allows elevated contact,14.34,47.16,90.93,102.6448,0.4265,0.1982,0.3246,74.11,42.32,38.66,24.75,12.4,0.1721,9.78,33.16,88.12,0.3413,0.1325,37.87,Out To CF,NOAA link only,https://forecast.weather.gov/MapClick.php?lat=40.7571&lon=-73.8458,,,80,Citi Field,,14.3,0.262,89,6,84,0,3,5.98,8,Good catcher power vs Elder RHH split
132,607208,Trea Turner,PHI,LAA,2026-08-30T02:07:00Z,Scheduled,2,Ryan Johnson,696270,R,47.6,Longshot,Watch List,"Projected Lineup, Premium Lineup Spot",26.7,47.7,60.2,95.5,50.0,1.4,50.0,,No,No,2,Yes,Yes,RotoWire projected lineup; MLB probable pitchers,lineup projected / unconfirmed,H:2026/2025 P:2026/2025,,,Direct BvP not yet weighted; 2026/2025 Statcast baseline active,7,4,31,0,"Last 7 games: 4/31, 0 HR","same-side matchup; pitcher baseline 9.7% barrel, 12.4 HR allowed",neutral batted-ball profile; pitcher allows elevated contact,6.01,40.35,88.67,99.3407,0.3785,0.1267,0.3007,71.45,19.0,35.03,25.13,16.4,0.1439,9.69,37.26,87.89,0.4437,0.1868,33.81,229 deg,Open-Meteo forecast; MLB fallback,https://forecast.weather.gov/MapClick.php?lat=33.8003&lon=-117.8827,49,0,93,Angel Stadium,,,,,,,,,,,
133,703607,Henry Bolte,ATH,BAL,2026-08-30T02:05:00Z,Scheduled,1,Shane Baz,669358,R,47.5,Longshot,Watch List,"Projected Lineup, Premium Lineup Spot",34.7,40.6,52.4,88.7,50.0,22.4,50.0,,No,No,1,Yes,Yes,RotoWire projected lineup; MLB probable pitchers,lineup projected / unconfirmed,H:2026 P:2026/2025,,,Direct BvP not yet weighted; 2026/2025 Statcast baseline active,7,7,26,0,"Last 7 games: 7/26, 0 HR","same-side matchup; pitcher baseline 7.5% barrel, 15.5 HR allowed",neutral batted-ball profile; pitcher fly-ball pressure modest,7.0,47.9,91.0,104.4724,0.354,0.114,0.304,76.9,72.5,31.3,16.4,6.0,0.1,7.47,41.5,90.12,0.3909,0.1462,25.57,234 deg,Open-Meteo forecast; MLB fallback,https://forecast.weather.gov/MapClick.php?lat=38.5804&lon=-121.5139,51,8,74,Sutter Health Park,,,,,,,,,,,
134,666160,Mickey Moniak,COL,ATL,2026-08-29T20:10:00Z,Pre-Game,7,Martín Pérez,527048,L,47.4,Longshot,Watch List,Strong Barrel,47.9,38.1,51.4,64.3,50.0,21.8,50.0,,Yes,No,8,Yes,Yes,MLB Stats API; RotoWire,RotoWire not confirmed; order MLB 7 vs RotoWire 8,H:2026/2025 P:2026/2025,,,Direct BvP not yet weighted; 2026/2025 Statcast baseline active,7,4,28,1,"Last 7 games: 4/28, 1 HR","same-side matchup; pitcher baseline 8.2% barrel, 10.2 HR allowed",fly-ball profile; pitcher fly-ball pressure modest,11.28,43.13,89.7,100.3956,0.4291,0.2,0.3013,74.19,43.39,45.89,37.96,21.9,0.2578,8.21,37.79,87.85,0.4199,0.1639,23.99,L To R,Open-Meteo forecast; MLB fallback,https://forecast.weather.gov/MapClick.php?lat=33.8907&lon=-84.4677,77,16,80,Truist Park,,,,,,,,,,,
135,681297,Colton Cowser,BAL,MIN,2026-08-30T02:05:00Z,Scheduled,8,Jack Perkins,678022,R,47.3,Longshot,Watch List,"Projected Lineup, Strong Barrel, Platoon Edge",45.9,39.9,52.4,47.9,80.0,57.5,10.4,47.0,No,No,8,Yes,Yes,RotoWire projected lineup; MLB probable pitchers,lineup projected / unconfirmed,H:2026/2025 P:2026/2025,,,Direct BvP not yet weighted; 2026/2025 Statcast baseline active,7,8,21,1,Contact streak: 8/21 over last 7 games,"platoon edge; pitcher baseline 9.1% barrel, 13.1 HR allowed",neutral batted-ball profile; pitcher allows elevated contact,11.79,42.01,88.73,100.9417,0.4173,0.2016,0.3161,74.44,44.64,38.03,32.92,13.2,0.1631,9.11,36.44,87.8,0.3769,0.1489,33.75,234 deg,Open-Meteo forecast; MLB fallback,https://forecast.weather.gov/MapClick.php?lat=38.5804&lon=-121.5139,51,8,74,Sutter Health Park,,11.7,0.101,85,2,89,0,-4,5.43,7,EV/ISO weak despite recent HR note
136,691781,Brady House,WSH,MIA,2026-08-29T20:05:00Z,Scheduled,5,Sandy Alcantara,645261,R,47.2,Longshot,Watch List,Projected Lineup,41.4,33.8,49.7,81.9,50.0,32.9,50.0,,No,No,5,Yes,Yes,RotoWire projected lineup; MLB probable pitchers,lineup projected / unconfirmed,H:2026/2025 P:2026/2025,,,Direct BvP not yet weighted; 2026/2025 Statcast baseline active,7,5,23,1,"Last 7 games: 5/23, 1 HR","same-side matchup; pitcher baseline 6.3% barrel, 19.2 HR allowed",neutral batted-ball profile; pitcher fly-ball pressure modest,9.27,47.14,89.8,101.6991,0.426,0.1665,0.3197,73.31,31.09,33.45,26.14,8.2,0.1426,6.29,38.07,88.95,0.387,0.1351,24.1,24 deg,Open-Meteo forecast; MLB fallback,https://forecast.weather.gov/MapClick.php?lat=38.8730&lon=-77.0074,67,5,80,Nationals Park,,,,,,,,,,,
137,677942,Blaze Alexander,BAL,ATH,2026-08-30T02:05:00Z,Scheduled,7,Jack Perkins,678022,R,47.2,Longshot,Watch List,Projected Lineup,41.9,39.9,52.4,59.8,50.0,55.9,50.0,,No,No,7,Yes,Yes,RotoWire projected lineup; MLB probable pitchers,lineup projected / unconfirmed,H:2026/2025 P:2026/2025,,,Direct BvP not yet weighted; 2026/2025 Statcast baseline active,7,10,27,1,Contact streak: 10/27 over last 7 games,"same-side matchup; pitcher baseline 9.1% barrel, 13.1 HR allowed",neutral batted-ball profile; pitcher allows elevated contact,8.74,47.33,91.74,100.7332,0.4412,0.1626,0.3442,72.24,24.84,33.95,22.48,4.9,0.1327,9.11,36.44,87.8,0.3769,0.1489,33.75,234 deg,Open-Meteo forecast; MLB fallback,https://forecast.weather.gov/MapClick.php?lat=38.5804&lon=-121.5139,51,8,74,Sutter Health Park,,,,,,,,,,,
138,573262,Mike Yastrzemski,ATL,COL,2026-08-29T20:10:00Z,Pre-Game,7,Ryan Feltner,663372,R,47.1,Longshot,Watch List,"Projected Lineup, Platoon Edge",35.6,45.5,51.4,59.8,80.0,22.0,50.0,,No,No,7,Yes,Yes,RotoWire projected lineup; MLB probable pitchers,lineup projected / unconfirmed,H:2026/2025 P:2026/2025,,,Direct BvP not yet weighted; 2026/2025 Statcast baseline active,7,4,15,0,"Last 7 games: 4/15, 0 HR","platoon edge; pitcher baseline 8.9% barrel, 14.5 HR allowed",neutral batted-ball profile; pitcher fly-ball pressure modest,7.38,43.58,90.8,99.8996,0.3847,0.1477,0.3171,71.31,8.23,45.27,31.12,11.4,0.1567,8.86,37.24,88.04,0.4477,0.1926,28.6,L To R,Open-Meteo forecast; MLB fallback,https://forecast.weather.gov/MapClick.php?lat=33.8907&lon=-84.4677,77,16,80,Truist Park,,,,,,,,,,,
139,701785,Kaelen Culpepper,MIN,CWS,2026-08-29T18:10:00Z,Pre-Game,7,Erick Fedde,607200,R,47.0,Longshot,Watch List,Hot Hitter/Streak,33.2,47.5,47.1,64.3,50.0,72.7,50.0,,Yes,Yes,7,Yes,No,MLB Stats API; RotoWire,,H:2026 P:2026/2025,,,Direct BvP not yet weighted; 2026/2025 Statcast baseline active,7,9,25,2,Hot streak: 2 HR in last 7 games,"same-side matchup; pitcher baseline 8.1% barrel, 21.1 HR allowed",neutral batted-ball profile; pitcher fly-ball pressure modest,6.7,32.6,89.3,97.9872,0.44,0.182,0.332,73.5,35.2,41.3,30.4,3.0,0.184,8.11,40.57,89.01,0.447,0.1832,28.98,R To L,Open-Meteo forecast; MLB fallback,https://forecast.weather.gov/MapClick.php?lat=44.9817&lon=-93.2776,57,0,77,Target Field,,,,,,,,,,,
140,677800,Wilyer Abreu,BOS,TOR,2026-08-29T23:15:00Z,Scheduled,3,Max Fried,608331,L,46.9,Longshot,Watch List,"Projected Lineup, Strong Barrel, Premium Lineup Spot",53.9,9.8,58.7,92.1,50.0,14.1,42.2,61.0,No,No,3,Yes,Yes,RotoWire projected lineup; MLB probable pitchers,lineup projected / unconfirmed,H:2026/2025 P:2026/2025,,,Direct BvP not yet weighted; 2026/2025 Statcast baseline active,7,6,28,0,"Last 7 games: 6/28, 0 HR","same-side matchup; pitcher baseline 3.3% barrel, 5.6 HR allowed",fly-ball profile; pitcher fly-ball pressure modest,12.51,44.41,90.17,101.4406,0.4792,0.2264,0.3476,73.89,38.73,38.81,36.82,22.0,0.2122,3.33,33.07,86.5,0.2919,0.0823,21.69,318 deg,Open-Meteo forecast; MLB fallback,https://forecast.weather.gov/MapClick.php?lat=40.8296&lon=-73.9262,49,7,80,Yankee Stadium,,12.8,0.18,90,8,183,0,22,11.39,14,Taillon LHH split target + Rogers boost
141,701675,Nathan Church,STL,PIT,2026-08-29T18:15:00Z,Pre-Game,5,Lake Bachar,669199,R,46.9,Longshot,Watch List,Platoon Edge,15.9,45.4,56.6,86.4,80.0,53.3,50.0,,Yes,Yes,5,Yes,No,MLB Stats API; RotoWire,,H:2026/2025 P:2026/2025,,,Direct BvP not yet weighted; 2026/2025 Statcast baseline active,7,6,17,1,Contact streak: 6/17 over last 7 games,"platoon edge; pitcher baseline 9.4% barrel, 11.4 HR allowed",neutral batted-ball profile; pitcher allows elevated contact,5.2,33.31,86.69,97.5673,0.3357,0.1109,0.2736,69.53,8.48,34.57,21.95,7.3,0.113,9.44,37.16,89.46,0.3899,0.1787,32.2,Out To LF,Open-Meteo forecast; MLB fallback,https://forecast.weather.gov/MapClick.php?lat=38.6226&lon=-90.1928,42,0,81,Busch Stadium,,,,,,,,,,,
142,665161,Jeremy Pena,HOU,NYM,2026-08-29T20:10:00Z,Pre-Game,1,Nolan McLean,690997,R,46.7,Longshot,Watch List,"Projected Lineup, Premium Lineup Spot",30.7,29.5,60.8,88.7,50.0,59.1,50.0,,No,No,1,Yes,Yes,RotoWire projected lineup; MLB probable pitchers,lineup projected / unconfirmed,H:2026/2025 P:2026/2025,,,Direct BvP not yet weighted; 2026/2025 Statcast baseline active,7,7,26,2,Hot streak: 2 HR in last 7 games,"same-side matchup; pitcher baseline 7.1% barrel, 11.7 HR allowed",neutral batted-ball profile; pitcher fly-ball pressure modest,6.8,40.66,88.41,99.9146,0.4208,0.1487,0.3298,72.23,14.27,46.06,24.01,16.3,0.187,7.09,37.87,88.31,0.3458,0.1257,21.91,Out To CF,NOAA link only,https://forecast.weather.gov/MapClick.php?lat=40.7571&lon=-73.8458,,,80,Citi Field,,,,,,,,,,,
143,663586,Austin Riley,ATL,NYM,2026-08-29T20:10:00Z,Pre-Game,8,Ryan Feltner,663372,R,46.7,Longshot,Watch List,"Projected Lineup, Strong Barrel",53.1,45.5,51.4,47.9,50.0,14.6,23.0,50.0,No,No,8,Yes,Yes,RotoWire projected lineup; MLB probable pitchers,lineup projected / unconfirmed,H:2026/2025 P:2026/2025,,,Direct BvP not yet weighted; 2026/2025 Statcast baseline active,7,5,23,0,"Last 7 games: 5/23, 0 HR","same-side matchup; pitcher baseline 8.9% barrel, 14.5 HR allowed",neutral batted-ball profile; pitcher fly-ball pressure modest,12.89,46.91,91.67,102.9561,0.4167,0.1935,0.3083,75.76,58.59,40.08,31.29,15.3,0.1484,8.86,37.24,88.04,0.4477,0.1926,28.6,L To R,Open-Meteo forecast; MLB fallback,https://forecast.weather.gov/MapClick.php?lat=33.8907&lon=-84.4677,77,16,80,Truist Park,,11.8,0.107,91,4,131,0,3,4.17,1,Volume but weak ISO
144,663616,Trevor Larnach,MIN,BAL,2026-08-29T18:10:00Z,Pre-Game,6,Erick Fedde,607200,R,46.6,Longshot,Watch List,Platoon Edge,30.8,47.5,47.1,76.2,80.0,27.6,21.7,54.0,Yes,Yes,6,Yes,No,MLB Stats API; RotoWire,,H:2026/2025 P:2026/2025,,,Direct BvP not yet weighted; 2026/2025 Statcast baseline active,7,4,22,1,"Last 7 games: 4/22, 1 HR","platoon edge; pitcher baseline 8.1% barrel, 21.1 HR allowed",neutral batted-ball profile; pitcher fly-ball pressure modest,7.41,39.96,88.66,99.802,0.4037,0.1446,0.3278,72.1,22.06,42.55,24.26,12.8,0.1568,8.11,40.57,89.01,0.447,0.1832,28.98,R To L,Open-Meteo forecast; MLB fallback,https://forecast.weather.gov/MapClick.php?lat=44.9817&lon=-93.2776,57,0,77,Target Field,,10.0,0.286,79,2,21,50,-4,2.56,1,PA% and ISO but EV/pitcher split concern
145,681082,Bryson Stott,PHI,LAA,2026-08-30T02:07:00Z,Scheduled,6,Ryan Johnson,696270,R,46.6,Longshot,Watch List,"Projected Lineup, Platoon Edge",24.7,47.7,60.2,71.7,80.0,13.3,50.0,,No,No,6,Yes,Yes,RotoWire projected lineup; MLB probable pitchers,lineup projected / unconfirmed,H:2026/2025 P:2026/2025,,,Direct BvP not yet weighted; 2026/2025 Statcast baseline active,7,5,24,0,"Last 7 games: 5/24, 0 HR","platoon edge; pitcher baseline 9.7% barrel, 12.4 HR allowed",neutral batted-ball profile; pitcher allows elevated contact,5.52,35.66,88.72,98.4438,0.3972,0.1348,0.3242,69.72,6.68,34.66,27.59,10.2,0.141,9.69,37.26,87.89,0.4437,0.1868,33.81,229 deg,Open-Meteo forecast; MLB fallback,https://forecast.weather.gov/MapClick.php?lat=33.8003&lon=-117.8827,49,0,93,Angel Stadium,,,,,,,,,,,
146,683357,Owen Caissie,MIA,WSH,2026-08-29T20:05:00Z,Scheduled,7,Cade Cavalli,676917,R,46.5,Longshot,Watch List,"Projected Lineup, Strong Barrel, Platoon Edge",45.3,34.2,49.7,59.8,80.0,7.0,50.0,,No,No,7,Yes,Yes,RotoWire projected lineup; MLB probable pitchers,lineup projected / unconfirmed,H:2026/2025 P:2026/2025,,,Direct BvP not yet weighted; 2026/2025 Statcast baseline active,7,3,18,0,"Last 7 games: 3/18, 0 HR","platoon edge; pitcher baseline 6.6% barrel, 14.0 HR allowed",neutral batted-ball profile; pitcher fly-ball pressure modest,13.93,37.99,90.03,100.2531,0.3768,0.1727,0.2803,74.81,53.88,30.9,30.06,9.4,0.1848,6.6,41.8,88.82,0.3825,0.1361,22.1,24 deg,Open-Meteo forecast; MLB fallback,https://forecast.weather.gov/MapClick.php?lat=38.8730&lon=-77.0074,67,5,80,Nationals Park,,,,,,,,,,,
147,572233,Christian Walker,HOU,NYM,2026-08-29T20:10:00Z,Pre-Game,6,Nolan McLean,690997,R,46.5,Longshot,Watch List,"Projected Lineup, Strong Barrel",41.2,29.5,60.8,71.7,50.0,37.8,50.0,,No,No,6,Yes,Yes,RotoWire projected lineup; MLB probable pitchers,lineup projected / unconfirmed,H:2026/2025 P:2026/2025,,,Direct BvP not yet weighted; 2026/2025 Statcast baseline active,7,7,28,1,"Last 7 games: 7/28, 1 HR","same-side matchup; pitcher baseline 7.1% barrel, 11.7 HR allowed",neutral batted-ball profile; pitcher fly-ball pressure modest,10.17,42.74,89.78,101.5669,0.3986,0.1708,0.3049,74.31,43.76,42.13,27.51,24.9,0.1998,7.09,37.87,88.31,0.3458,0.1257,21.91,Out To CF,NOAA link only,https://forecast.weather.gov/MapClick.php?lat=40.7571&lon=-73.8458,,,80,Citi Field,,,,,,,,,,,
148,694249,Cole Carrigg,COL,ATL,2026-08-29T20:10:00Z,Pre-Game,2,Martín Pérez,527048,L,46.5,Longshot,Watch List,"Premium Lineup Spot, Platoon Edge",23.2,37.0,51.4,100.0,75.0,21.0,50.0,,Yes,No,3,Yes,Yes,MLB Stats API; RotoWire,RotoWire not confirmed; order MLB 2 vs RotoWire 3,H:2026 P:2026/2025,,,Direct BvP not yet weighted; 2026/2025 Statcast baseline active,7,4,29,1,"Last 7 games: 4/29, 1 HR","switch hitter; pitcher baseline 8.2% barrel, 10.2 HR allowed",neutral batted-ball profile; pitcher fly-ball pressure modest,5.2,33.9,87.0,98.2203,0.385,0.133,0.321,73.5,36.5,47.1,28.7,6.0,0.18,8.21,37.79,87.85,0.4199,0.1639,23.99,L To R,Open-Meteo forecast; MLB fallback,https://forecast.weather.gov/MapClick.php?lat=33.8907&lon=-84.4677,77,16,80,Truist Park,,,,,,,,,,,
149,665953,Andres Chaparro,WSH,MIA,2026-08-29T20:05:00Z,Scheduled,7,Sandy Alcantara,645261,R,46.4,Longshot,Watch List,"Projected Lineup, Strong Barrel",48.8,33.8,49.7,59.8,50.0,34.4,50.0,,No,No,7,Yes,Yes,RotoWire projected lineup; MLB probable pitchers,lineup projected / unconfirmed,H:2026/2025 P:2026/2025,,,Direct BvP not yet weighted; 2026/2025 Statcast baseline active,7,5,22,1,"Last 7 games: 5/22, 1 HR","same-side matchup; pitcher baseline 6.3% barrel, 19.2 HR allowed",neutral batted-ball profile; pitcher fly-ball pressure modest,13.55,44.66,88.45,101.2194,0.4335,0.2065,0.335,74.21,43.21,50.69,27.07,6.6,0.216,6.29,38.07,88.95,0.387,0.1351,24.1,24 deg,Open-Meteo forecast; MLB fallback,https://forecast.weather.gov/MapClick.php?lat=38.8730&lon=-77.0074,67,5,80,Nationals Park,,,,,,,,,,,
150,605141,Mookie Betts,LAD,DET,2026-08-29T17:10:00Z,Pre-Game,3,Keider Montero,672456,R,46.1,Longshot,Watch List,Premium Lineup Spot,31.4,38.6,45.1,96.6,50.0,22.4,50.0,,Yes,Yes,3,Yes,No,MLB Stats API; RotoWire,,H:2026/2025 P:2026/2025,,,Direct BvP not yet weighted; 2026/2025 Statcast baseline active,7,7,26,0,"Last 7 games: 7/26, 0 HR","same-side matchup; pitcher baseline 7.6% barrel, 14.6 HR allowed",neutral batted-ball profile; pitcher fly-ball pressure modest,6.69,36.92,89.73,98.3829,0.4213,0.1518,0.3272,69.53,8.67,39.05,34.43,17.2,0.1606,7.57,38.07,88.68,0.4033,0.165,25.35,R To L,Open-Meteo forecast; MLB fallback,https://forecast.weather.gov/MapClick.php?lat=42.3390&lon=-83.0485,70,0,70,Comerica Park,,,,,,,,,,,
151,694376,Shay Whitcomb,SF,AZ,2026-08-29T20:05:00Z,Scheduled,8,Merrill Kelly,518876,R,46.1,Longshot,Watch List,"Projected Lineup, Strong Barrel",34.8,65.2,37.3,47.9,50.0,37.4,50.0,,No,No,8,Yes,Yes,RotoWire projected lineup; MLB probable pitchers,lineup projected / unconfirmed,H:2026/2025 P:2026/2025,,,Direct BvP not yet weighted; 2026/2025 Statcast baseline active,7,3,24,2,Hot streak: 2 HR in last 7 games,"same-side matchup; pitcher baseline 11.6% barrel, 25.1 HR allowed",neutral batted-ball profile; pitcher fly-ball pressure modest,12.55,33.46,85.06,98.0442,0.3692,0.1968,0.2337,71.31,13.86,42.86,30.66,2.4,0.199,11.61,43.57,90.27,0.5136,0.2251,26.57,301 deg,Open-Meteo forecast; MLB fallback,https://forecast.weather.gov/MapClick.php?lat=37.7786&lon=-122.3893,71,12,67,Oracle Park,,,,,,,,,,,
152,694208,Moises Ballesteros,LAA,PHI,2026-08-30T02:07:00Z,Scheduled,4,Cristopher Sánchez,650911,L,46.1,Longshot,Watch List,"Projected Lineup, Premium Lineup Spot",33.5,31.9,60.2,90.4,50.0,15.9,50.0,,No,No,4,Yes,Yes,RotoWire projected lineup; MLB probable pitchers,lineup projected / unconfirmed,H:2026/2025 P:2026/2025,,,Direct BvP not yet weighted; 2026/2025 Statcast baseline active,7,7,31,0,"Last 7 games: 7/31, 0 HR","same-side matchup; pitcher baseline 6.8% barrel, 13.4 HR allowed",neutral batted-ball profile; pitcher fly-ball pressure modest,8.24,42.47,90.08,100.8112,0.3804,0.1408,0.3074,72.57,32.45,34.22,20.65,4.8,0.1326,6.82,41.34,89.21,0.3548,0.1207,16.41,229 deg,Open-Meteo forecast; MLB fallback,https://forecast.weather.gov/MapClick.php?lat=33.8003&lon=-117.8827,49,0,93,Angel Stadium,,,,,,,,,,,
153,808982,Jung Hoo Lee,SF,AZ,2026-08-29T20:05:00Z,Scheduled,4,Merrill Kelly,518876,R,46.0,Longshot,Watch List,"Projected Lineup, Premium Lineup Spot, Platoon Edge",11.9,65.2,37.3,90.4,80.0,10.6,50.0,,No,No,5,Yes,Yes,RotoWire projected lineup; MLB probable pitchers,lineup projected / unconfirmed; order MLB 4 vs RotoWire 5,H:2026/2025 P:2026/2025,,,Direct BvP not yet weighted; 2026/2025 Statcast baseline active,7,4,21,0,"Last 7 games: 4/21, 0 HR","platoon edge; pitcher baseline 11.6% barrel, 25.1 HR allowed",neutral batted-ball profile; pitcher fly-ball pressure modest,2.93,30.67,87.17,96.7448,0.3829,0.0975,0.3161,68.37,3.61,37.76,22.66,8.7,0.1354,11.61,43.57,90.27,0.5136,0.2251,26.57,301 deg,Open-Meteo forecast; MLB fallback,https://forecast.weather.gov/MapClick.php?lat=37.7786&lon=-122.3893,71,12,67,Oracle Park,,,,,,,,,,,
154,701852,Drew Cavanaugh,SF,AZ,2026-08-29T20:05:00Z,Scheduled,6,Merrill Kelly,518876,R,46.0,Longshot,Watch List,"Projected Lineup, Platoon Edge",19.5,65.2,37.3,71.7,80.0,15.3,50.0,,No,No,6,Yes,Yes,RotoWire projected lineup; MLB probable pitchers,lineup projected / unconfirmed,H:2026 P:2026/2025,,,Direct BvP not yet weighted; 2026/2025 Statcast baseline active,7,4,18,0,"Last 7 games: 4/18, 0 HR","platoon edge; pitcher baseline 11.6% barrel, 25.1 HR allowed",neutral batted-ball profile; pitcher fly-ball pressure modest,5.9,32.9,86.7,99.0642,0.382,0.13,0.331,69.3,5.1,25.7,22.9,0.0,0.01,11.61,43.57,90.27,0.5136,0.2251,26.57,301 deg,Open-Meteo forecast; MLB fallback,https://forecast.weather.gov/MapClick.php?lat=37.7786&lon=-122.3893,71,12,67,Oracle Park,,,,,,,,,,,
155,650489,Willi Castro,COL,ATL,2026-08-29T20:10:00Z,Pre-Game,6,Martín Pérez,527048,L,46.0,Longshot,Watch List,Platoon Edge,30.4,37.0,51.4,76.2,75.0,34.9,50.0,,Yes,No,2,Yes,Yes,MLB Stats API; RotoWire,RotoWire not confirmed; order MLB 6 vs RotoWire 2,H:2026/2025 P:2026/2025,,,Direct BvP not yet weighted; 2026/2025 Statcast baseline active,7,6,26,1,"Last 7 games: 6/26, 1 HR","switch hitter; pitcher baseline 8.2% barrel, 10.2 HR allowed",neutral batted-ball profile; pitcher fly-ball pressure modest,7.69,39.12,87.26,100.0598,0.3855,0.1498,0.3088,72.44,25.9,42.04,30.27,13.8,0.1547,8.21,37.79,87.85,0.4199,0.1639,23.99,L To R,Open-Meteo forecast; MLB fallback,https://forecast.weather.gov/MapClick.php?lat=33.8907&lon=-84.4677,77,16,80,Truist Park,,,,,,,,,,,
156,800050,Chase DeLauter,CLE,KC,2026-08-29T20:10:00Z,Pre-Game,2,Daniel Lynch IV,663738,L,45.5,Longshot,Watch List,Premium Lineup Spot,34.4,34.2,33.6,100.0,50.0,34.9,50.0,,Yes,Yes,2,Yes,No,MLB Stats API; RotoWire,,H:2026 P:2026/2025,,,Direct BvP not yet weighted; 2026/2025 Statcast baseline active,7,6,17,0,Contact streak: 6/17 over last 7 games,"same-side matchup; pitcher baseline 6.9% barrel, 5.2 HR allowed",neutral batted-ball profile; pitcher fly-ball pressure modest,6.3,45.5,91.3,101.3709,0.423,0.149,0.343,71.3,17.3,37.1,19.5,13.0,0.16,6.91,39.07,88.6,0.4,0.1529,26.12,In From CF,Open-Meteo forecast; MLB fallback,https://forecast.weather.gov/MapClick.php?lat=41.4962&lon=-81.6852,56,0,70,Progressive Field,,,,,,,,,,,
157,678882,Ceddanne Rafaela,BOS,NYY,2026-08-29T17:05:00Z,Pre-Game,2,Carlos Rodón,607074,L,45.4,Longshot,Watch List,"Premium Lineup Spot, Platoon Edge",22.3,31.9,48.2,100.0,78.0,32.0,50.0,,Yes,No,2,Yes,Yes,MLB Stats API; RotoWire,RotoWire not confirmed,H:2026/2025 P:2026/2025,,,Direct BvP not yet weighted; 2026/2025 Statcast baseline active,7,10,30,0,Contact streak: 10/30 over last 7 games,"platoon edge; pitcher baseline 6.8% barrel, 9.4 HR allowed",neutral batted-ball profile; pitcher fly-ball pressure modest,6.61,34.22,86.97,97.7812,0.3775,0.1306,0.2903,70.02,8.69,35.29,25.58,16.0,0.1671,6.83,37.36,89.58,0.3489,0.1317,26.9,In From CF,Open-Meteo forecast; MLB fallback,https://forecast.weather.gov/MapClick.php?lat=40.8296&lon=-73.9262,49,7,80,Yankee Stadium,,,,,,,,,,,
158,683146,Brett Baty,NYM,HOU,2026-08-29T20:10:00Z,Pre-Game,8,Bennett Sousa,656986,L,45.4,Longshot,Watch List,Strong Barrel,41.5,36.1,60.8,52.4,50.0,38.3,50.0,,Yes,Yes,8,Yes,No,MLB Stats API; RotoWire,,H:2026/2025 P:2026/2025,,,Direct BvP not yet weighted; 2026/2025 Statcast baseline active,7,6,16,0,Contact streak: 6/16 over last 7 games,"same-side matchup; pitcher baseline 9.8% barrel, 2.6 HR allowed",neutral batted-ball profile; pitcher allows elevated contact,10.17,43.05,90.21,101.6225,0.4024,0.1644,0.313,75.08,53.79,36.31,25.47,11.0,0.1348,9.78,33.16,88.12,0.3413,0.1325,37.87,Out To CF,NOAA link only,https://forecast.weather.gov/MapClick.php?lat=40.7571&lon=-73.8458,,,80,Citi Field,,,,,,,,,,,
159,807727,Charles McAdoo,TOR,SEA,2026-08-29T19:07:00Z,Pre-Game,6,Kade Anderson,807739,L,45.1,Longshot,Watch List,Platoon Edge,21.4,51.8,41.9,76.2,78.0,26.4,50.0,,Yes,Yes,6,Yes,No,MLB Stats API; RotoWire,,H:2026 P:2026,,,Direct BvP not yet weighted; 2026/2025 Statcast baseline active,7,8,27,0,"Last 7 games: 8/27, 0 HR","platoon edge; pitcher baseline 13.3% barrel, 2.0 HR allowed",neutral batted-ball profile; pitcher allows elevated contact,6.1,34.7,86.9,97.9084,0.349,0.113,0.275,73.5,34.5,16.3,24.5,2.0,0.118,13.3,33.3,86.7,0.373,0.205,46.7,None,Open-Meteo forecast; MLB fallback,https://forecast.weather.gov/MapClick.php?lat=43.6414&lon=-79.3894,69,0,66,Rogers Centre,,,,,,,,,,,
160,543760,Marcus Semien,NYM,HOU,2026-08-29T20:10:00Z,Pre-Game,6,Bennett Sousa,656986,L,45.1,Longshot,Watch List,Platoon Edge,23.8,36.1,60.8,76.2,78.0,30.0,50.0,,Yes,Yes,6,Yes,No,MLB Stats API; RotoWire,,H:2026/2025 P:2026/2025,,,Direct BvP not yet weighted; 2026/2025 Statcast baseline active,7,8,25,0,Contact streak: 8/25 over last 7 games,"platoon edge; pitcher baseline 9.8% barrel, 2.6 HR allowed",neutral batted-ball profile; pitcher allows elevated contact,6.52,33.95,87.04,97.4523,0.3915,0.1439,0.3103,68.5,3.2,46.63,31.09,14.3,0.1333,9.78,33.16,88.12,0.3413,0.1325,37.87,Out To CF,NOAA link only,https://forecast.weather.gov/MapClick.php?lat=40.7571&lon=-73.8458,,,80,Citi Field,,,,,,,,,,,
161,671976,Tristan Peters,CWS,MIN,2026-08-29T18:10:00Z,Pre-Game,8,Bailey Ober,641927,R,45.0,Longshot,Watch List,"Platoon Edge, Hot Hitter/Streak",14.2,55.6,47.1,52.4,80.0,100.0,50.0,,Yes,Yes,8,Yes,No,MLB Stats API; RotoWire,,H:2026/2025 P:2026/2025,,,Direct BvP not yet weighted; 2026/2025 Statcast baseline active,7,11,25,5,Hot streak: 5 HR in last 7 games,"platoon edge; pitcher baseline 10.5% barrel, 21.6 HR allowed",neutral batted-ball profile; pitcher allows elevated contact,4.06,34.61,87.22,97.9879,0.3278,0.105,0.2642,69.23,5.6,42.05,18.97,8.4,0.133,10.48,37.28,88.97,0.4655,0.2119,32.32,R To L,Open-Meteo forecast; MLB fallback,https://forecast.weather.gov/MapClick.php?lat=44.9817&lon=-93.2776,57,0,77,Target Field,,,,,,,,,,,
162,693304,Nick Gonzales,PIT,STL,2026-08-29T18:15:00Z,Pre-Game,4,Kyle Leahy,681517,R,45.0,Longshot,Watch List,Premium Lineup Spot,15.0,51.7,56.6,94.9,50.0,15.3,50.0,,Yes,Yes,4,Yes,No,MLB Stats API; RotoWire,,H:2026/2025 P:2026/2025,,,Direct BvP not yet weighted; 2026/2025 Statcast baseline active,7,6,27,0,"Last 7 games: 6/27, 0 HR","same-side matchup; pitcher baseline 9.9% barrel, 9.9 HR allowed",neutral batted-ball profile; pitcher fly-ball pressure modest,3.17,35.3,86.84,98.1324,0.3764,0.1042,0.3127,70.64,12.59,36.87,20.98,5.7,0.0922,9.87,46.83,90.71,0.4373,0.1684,22.47,Out To LF,Open-Meteo forecast; MLB fallback,https://forecast.weather.gov/MapClick.php?lat=38.6226&lon=-90.1928,42,0,81,Busch Stadium,,,,,,,,,,,
163,702616,Jackson Holliday,BAL,MIN,2026-08-30T02:05:00Z,Scheduled,1,Jack Perkins,678022,R,45.0,Longshot,Watch List,"Projected Lineup, Premium Lineup Spot, Platoon Edge",24.1,39.9,52.4,88.7,80.0,15.9,28.9,55.0,No,No,1,Yes,Yes,RotoWire projected lineup; MLB probable pitchers,lineup projected / unconfirmed,H:2026/2025 P:2026/2025,,,Direct BvP not yet weighted; 2026/2025 Statcast baseline active,7,7,31,0,"Last 7 games: 7/31, 0 HR","platoon edge; pitcher baseline 9.1% barrel, 13.1 HR allowed",neutral batted-ball profile; pitcher allows elevated contact,6.68,36.04,87.61,98.1128,0.3732,0.1322,0.3084,70.6,7.48,33.59,24.12,9.3,0.1253,9.11,36.44,87.8,0.3769,0.1489,33.75,234 deg,Open-Meteo forecast; MLB fallback,https://forecast.weather.gov/MapClick.php?lat=38.5804&lon=-121.5139,51,8,74,Sutter Health Park,,13.0,0.227,89,4,75,0,-4,5.43,7,Best BAL full sheet line but park neutral-negative
164,647304,Josh Naylor,SEA,TOR,2026-08-29T19:07:00Z,Pre-Game,4,José Soriano,667755,R,44.9,Longshot,Watch List,"Premium Lineup Spot, Platoon Edge",23.2,37.9,41.9,94.9,80.0,19.5,50.0,,Yes,Yes,4,Yes,No,MLB Stats API; RotoWire,,H:2026/2025 P:2026/2025,,,Direct BvP not yet weighted; 2026/2025 Statcast baseline active,7,7,28,0,"Last 7 games: 7/28, 0 HR","platoon edge; pitcher baseline 7.8% barrel, 12.7 HR allowed",neutral batted-ball profile; pitcher fly-ball pressure modest,5.16,37.98,87.87,99.0975,0.4005,0.1303,0.3208,70.41,11.68,41.92,22.43,13.0,0.1194,7.76,41.97,89.79,0.3838,0.1383,18.54,None,Open-Meteo forecast; MLB fallback,https://forecast.weather.gov/MapClick.php?lat=43.6414&lon=-79.3894,69,0,66,Rogers Centre,,,,,,,,,,,
165,650333,Luis Arraez,PHI,LAA,2026-08-30T02:07:00Z,Scheduled,4,Ryan Johnson,696270,R,44.9,Longshot,Watch List,"Projected Lineup, Premium Lineup Spot, Platoon Edge",7.4,47.7,60.2,90.4,80.0,32.0,50.0,,No,No,4,Yes,Yes,RotoWire projected lineup; MLB probable pitchers,lineup projected / unconfirmed,H:2026/2025 P:2026/2025,,,Direct BvP not yet weighted; 2026/2025 Statcast baseline active,7,8,24,0,Contact streak: 8/24 over last 7 games,"platoon edge; pitcher baseline 9.7% barrel, 12.4 HR allowed",neutral batted-ball profile; pitcher allows elevated contact,1.17,18.66,86.45,93.9444,0.377,0.0865,0.3072,62.92,0.12,30.03,28.52,6.6,0.1119,9.69,37.26,87.89,0.4437,0.1868,33.81,229 deg,Open-Meteo forecast; MLB fallback,https://forecast.weather.gov/MapClick.php?lat=33.8003&lon=-117.8827,49,0,93,Angel Stadium,,,,,,,,,,,
166,807713,Matt Shaw,CHC,CIN,2026-08-29T18:20:00Z,Pre-Game,6,Andrew Abbott,671096,L,44.7,Longshot,Watch List,Platoon Edge,17.8,40.6,67.8,76.2,78.0,19.5,50.0,,Yes,Yes,6,Yes,No,MLB Stats API; RotoWire,,H:2026/2025 P:2026/2025,,,Direct BvP not yet weighted; 2026/2025 Statcast baseline active,7,3,12,0,"Last 7 games: 3/12, 0 HR","platoon edge; pitcher baseline 7.9% barrel, 18.3 HR allowed",neutral batted-ball profile; pitcher fly-ball pressure modest,5.39,33.88,86.16,97.2252,0.3631,0.124,0.3006,69.25,8.49,34.04,24.23,6.7,0.1729,7.86,36.71,88.99,0.4088,0.1583,27.93,Out To CF,Open-Meteo forecast; MLB fallback,https://forecast.weather.gov/MapClick.php?lat=41.9484&lon=-87.6553,69,0,76,Wrigley Field,,,,,,,,,,,
167,608070,José Ramírez,CLE,KC,2026-08-29T20:10:00Z,Pre-Game,3,Daniel Lynch IV,663738,L,44.6,Longshot,Watch List,"Premium Lineup Spot, Platoon Edge",29.5,33.7,33.6,96.6,75.0,20.7,50.0,,Yes,Yes,3,Yes,No,MLB Stats API; RotoWire,,H:2026/2025 P:2026/2025,,,Direct BvP not yet weighted; 2026/2025 Statcast baseline active,7,8,31,0,"Last 7 games: 8/31, 0 HR","switch hitter; pitcher baseline 6.9% barrel, 5.2 HR allowed",neutral batted-ball profile; pitcher fly-ball pressure modest,5.39,40.43,89.25,99.6729,0.4271,0.1452,0.3434,70.34,13.12,50.83,29.27,16.0,0.1647,6.91,39.07,88.6,0.4,0.1529,26.12,In From CF,Open-Meteo forecast; MLB fallback,https://forecast.weather.gov/MapClick.php?lat=41.4962&lon=-81.6852,56,0,70,Progressive Field,,,,,,,,,,,
168,699393,Pedro Ramírez,CHC,CIN,2026-08-29T18:20:00Z,Pre-Game,8,Andrew Abbott,671096,L,44.5,Longshot,Watch List,Platoon Edge,23.2,38.6,67.8,52.4,75.0,61.5,50.0,,Yes,Yes,8,Yes,No,MLB Stats API; RotoWire,,H:2026 P:2026/2025,,,Direct BvP not yet weighted; 2026/2025 Statcast baseline active,7,8,28,2,Hot streak: 2 HR in last 7 games,"switch hitter; pitcher baseline 7.9% barrel, 18.3 HR allowed",neutral batted-ball profile; pitcher fly-ball pressure modest,4.5,41.8,89.0,99.7116,0.373,0.106,0.305,72.2,22.3,39.6,19.4,4.0,0.157,7.86,36.71,88.99,0.4088,0.1583,27.93,Out To CF,Open-Meteo forecast; MLB fallback,https://forecast.weather.gov/MapClick.php?lat=41.9484&lon=-87.6553,69,0,76,Wrigley Field,,,,,,,,,,,
169,657757,Gavin Sheets,SD,TB,2026-08-29T20:10:00Z,Pre-Game,7,Nick Martinez,607259,R,44.5,Longshot,Watch List,"Projected Lineup, Platoon Edge",33.6,35.4,50.1,59.8,80.0,32.5,50.0,,No,No,7,Yes,Yes,RotoWire projected lineup; MLB probable pitchers,lineup projected / unconfirmed,H:2026/2025 P:2026/2025,,,Direct BvP not yet weighted; 2026/2025 Statcast baseline active,7,3,14,1,"Last 7 games: 3/14, 1 HR","platoon edge; pitcher baseline 7.1% barrel, 18.5 HR allowed",neutral batted-ball profile; pitcher fly-ball pressure modest,7.78,41.18,88.15,99.6158,0.3998,0.1613,0.3232,74.52,48.16,39.89,23.42,16.9,0.1784,7.07,33.52,87.39,0.424,0.1551,28.68,None,Open-Meteo forecast; MLB fallback,https://forecast.weather.gov/MapClick.php?lat=27.7682&lon=-82.6534,89,5,80,Tropicana Field,,,,,,,,,,,
170,669242,Tommy Edman,LAD,DET,2026-08-29T17:10:00Z,Pre-Game,5,Keider Montero,672456,R,44.3,Longshot,Watch List,Platoon Edge,22.7,37.1,45.1,86.4,75.0,36.3,50.0,,Yes,Yes,5,Yes,No,MLB Stats API; RotoWire,,H:2026/2025 P:2026/2025,,,Direct BvP not yet weighted; 2026/2025 Statcast baseline active,7,6,25,1,"Last 7 games: 6/25, 1 HR","switch hitter; pitcher baseline 7.6% barrel, 14.6 HR allowed",neutral batted-ball profile; pitcher fly-ball pressure modest,5.55,36.89,87.95,99.1904,0.376,0.1174,0.3168,70.45,12.18,42.88,27.06,7.4,0.1472,7.57,38.07,88.68,0.4033,0.165,25.35,R To L,Open-Meteo forecast; MLB fallback,https://forecast.weather.gov/MapClick.php?lat=42.3390&lon=-83.0485,70,0,70,Comerica Park,,,,,,,,,,,
171,592663,J.T. Realmuto,PHI,LAA,2026-08-30T02:07:00Z,Scheduled,8,Ryan Johnson,696270,R,44.3,Longshot,Watch List,Projected Lineup,30.3,47.7,60.2,47.9,50.0,46.0,50.0,,No,No,8,Yes,Yes,RotoWire projected lineup; MLB probable pitchers,lineup projected / unconfirmed,H:2026/2025 P:2026/2025,,,Direct BvP not yet weighted; 2026/2025 Statcast baseline active,7,7,23,1,"Last 7 games: 7/23, 1 HR","same-side matchup; pitcher baseline 9.7% barrel, 12.4 HR allowed",neutral batted-ball profile; pitcher allows elevated contact,5.58,42.0,89.93,100.1909,0.3942,0.1363,0.3195,72.77,31.17,42.93,25.38,9.9,0.1298,9.69,37.26,87.89,0.4437,0.1868,33.81,229 deg,Open-Meteo forecast; MLB fallback,https://forecast.weather.gov/MapClick.php?lat=33.8003&lon=-117.8827,49,0,93,Angel Stadium,,,,,,,,,,,
172,668939,Adley Rutschman,BOS,NYY,2026-08-29T17:05:00Z,Pre-Game,6,Carlos Rodón,607074,L,44.1,Longshot,Watch List,Platoon Edge,32.6,30.9,48.2,76.2,75.0,19.9,50.0,,Yes,No,5,Yes,Yes,MLB Stats API; RotoWire,RotoWire not confirmed; order MLB 6 vs RotoWire 5,H:2026/2025 P:2026/2025,,,Direct BvP not yet weighted; 2026/2025 Statcast baseline active,7,3,23,1,"Last 7 games: 3/23, 1 HR","switch hitter; pitcher baseline 6.8% barrel, 9.4 HR allowed",neutral batted-ball profile; pitcher fly-ball pressure modest,7.15,40.42,88.98,99.4601,0.4156,0.162,0.3341,70.42,12.14,38.47,28.87,9.0,0.1614,6.83,37.36,89.58,0.3489,0.1317,26.9,In From CF,Open-Meteo forecast; MLB fallback,https://forecast.weather.gov/MapClick.php?lat=40.8296&lon=-73.9262,49,7,80,Yankee Stadium,,,,,,,,,,,
173,663656,Kyle Tucker,LAD,KC,2026-08-29T17:10:00Z,Pre-Game,6,Keider Montero,672456,R,44.1,Longshot,Watch List,Platoon Edge,32.4,38.6,45.1,76.2,80.0,8.1,27.1,57.0,Yes,Yes,6,Yes,No,MLB Stats API; RotoWire,,H:2026/2025 P:2026/2025,,,Direct BvP not yet weighted; 2026/2025 Statcast baseline active,7,4,23,0,"Last 7 games: 4/23, 0 HR","platoon edge; pitcher baseline 7.6% barrel, 14.6 HR allowed",neutral batted-ball profile; pitcher fly-ball pressure modest,7.16,38.37,89.19,98.8423,0.4095,0.1507,0.3391,71.51,20.45,43.1,32.56,14.3,0.1497,7.57,38.07,88.68,0.4033,0.165,25.35,R To L,Open-Meteo forecast; MLB fallback,https://forecast.weather.gov/MapClick.php?lat=42.3390&lon=-83.0485,70,0,70,Comerica Park,,11.1,0.152,90,1,66,30.8,19,8.85,4,Park/split help but hitter sheet not loud
174,606192,Teoscar Hernández,LAD,DET,2026-08-29T17:10:00Z,Pre-Game,7,Keider Montero,672456,R,44.0,Longshot,Watch List,No major boost,40.4,38.6,45.1,64.3,50.0,15.3,50.0,,Yes,Yes,7,Yes,No,MLB Stats API; RotoWire,,H:2026/2025 P:2026/2025,,,Direct BvP not yet weighted; 2026/2025 Statcast baseline active,7,6,27,0,"Last 7 games: 6/27, 0 HR","same-side matchup; pitcher baseline 7.6% barrel, 14.6 HR allowed",neutral batted-ball profile; pitcher fly-ball pressure modest,9.54,43.51,89.64,100.9257,0.4179,0.1738,0.3146,72.41,24.71,34.71,29.03,15.2,0.1608,7.57,38.07,88.68,0.4033,0.165,25.35,R To L,Open-Meteo forecast; MLB fallback,https://forecast.weather.gov/MapClick.php?lat=42.3390&lon=-83.0485,70,0,70,Comerica Park,,,,,,,,,,,
175,668670,Jake Rogers,CWS,MIN,2026-08-29T18:10:00Z,Pre-Game,9,Bailey Ober,641927,R,43.9,Longshot,Watch List,Strong Barrel,32.8,55.6,47.1,44.8,50.0,32.5,50.0,,Yes,Yes,9,Yes,No,MLB Stats API; RotoWire,,H:2026/2025 P:2026/2025,,,Direct BvP not yet weighted; 2026/2025 Statcast baseline active,7,3,14,1,"Last 7 games: 3/14, 1 HR","same-side matchup; pitcher baseline 10.5% barrel, 21.6 HR allowed",neutral batted-ball profile; pitcher allows elevated contact,10.18,39.22,88.8,98.3973,0.3252,0.1375,0.2782,70.57,4.93,46.11,32.78,3.7,0.146,10.48,37.28,88.97,0.4655,0.2119,32.32,R To L,Open-Meteo forecast; MLB fallback,https://forecast.weather.gov/MapClick.php?lat=44.9817&lon=-93.2776,57,0,77,Target Field,,,,,,,,,,,
176,689414,Liam Hicks,TB,SD,2026-08-29T20:10:00Z,Pre-Game,4,Walker Buehler,621111,R,43.9,Longshot,Watch List,"Premium Lineup Spot, Platoon Edge",8.7,41.3,50.1,94.9,80.0,50.3,50.0,,Yes,Yes,4,Yes,No,MLB Stats API; RotoWire,,H:2026/2025 P:2026/2025,,,Direct BvP not yet weighted; 2026/2025 Statcast baseline active,7,7,21,1,Contact streak: 7/21 over last 7 games,"platoon edge; pitcher baseline 8.4% barrel, 17.1 HR allowed",neutral batted-ball profile; pitcher fly-ball pressure modest,3.88,27.91,84.81,96.2284,0.3528,0.1018,0.3164,68.03,3.79,41.96,24.29,13.7,0.1417,8.45,38.43,88.88,0.4108,0.1582,23.58,None,Open-Meteo forecast; MLB fallback,https://forecast.weather.gov/MapClick.php?lat=27.7682&lon=-82.6534,89,5,80,Tropicana Field,,,,,,,,,,,
177,643446,Jeff McNeil,ATH,BAL,2026-08-30T02:05:00Z,Scheduled,2,Shane Baz,669358,R,43.9,Longshot,Watch List,"Projected Lineup, Premium Lineup Spot, Platoon Edge",12.5,40.6,52.4,95.5,80.0,22.0,50.0,,No,No,2,Yes,Yes,RotoWire projected lineup; MLB probable pitchers,lineup projected / unconfirmed,H:2026/2025 P:2026/2025,,,Direct BvP not yet weighted; 2026/2025 Statcast baseline active,7,8,30,0,"Last 7 games: 8/30, 0 HR","platoon edge; pitcher baseline 7.5% barrel, 15.5 HR allowed",neutral batted-ball profile; pitcher fly-ball pressure modest,2.79,31.22,86.78,96.6463,0.3768,0.1027,0.3139,69.3,5.65,43.35,23.19,7.8,0.1169,7.47,41.5,90.12,0.3909,0.1462,25.57,234 deg,Open-Meteo forecast; MLB fallback,https://forecast.weather.gov/MapClick.php?lat=38.5804&lon=-121.5139,51,8,74,Sutter Health Park,,,,,,,,,,,
178,608348,Carson Kelly,CHC,CIN,2026-08-29T18:20:00Z,Pre-Game,9,Andrew Abbott,671096,L,43.8,Longshot,Watch List,Platoon Edge,26.9,40.6,67.8,44.8,78.0,32.9,50.0,,Yes,Yes,9,Yes,No,MLB Stats API; RotoWire,,H:2026/2025 P:2026/2025,,,Direct BvP not yet weighted; 2026/2025 Statcast baseline active,7,5,23,1,"Last 7 games: 5/23, 1 HR","platoon edge; pitcher baseline 7.9% barrel, 18.3 HR allowed",neutral batted-ball profile; pitcher fly-ball pressure modest,6.73,37.78,87.68,98.8033,0.3879,0.1477,0.3154,70.68,8.4,40.76,25.57,10.7,0.1335,7.86,36.71,88.99,0.4088,0.1583,27.93,Out To CF,Open-Meteo forecast; MLB fallback,https://forecast.weather.gov/MapClick.php?lat=41.9484&lon=-87.6553,69,0,76,Wrigley Field,,,,,,,,,,,
179,677649,Ezequiel Duran,TEX,MIL,2026-08-29T23:15:00Z,Scheduled,5,Shane Drohan,675660,L,43.7,Longshot,Watch List,"Projected Lineup, Platoon Edge",20.1,33.2,48.1,81.9,78.0,58.0,50.0,,No,No,5,Yes,Yes,RotoWire projected lineup; MLB probable pitchers,lineup projected / unconfirmed,H:2026/2025 P:2026,,,Direct BvP not yet weighted; 2026/2025 Statcast baseline active,7,10,26,1,Contact streak: 10/26 over last 7 games,"platoon edge; pitcher baseline 8.0% barrel, 9.0 HR allowed",neutral batted-ball profile; pitcher fly-ball pressure modest,5.12,35.38,87.75,98.8676,0.3482,0.1139,0.2848,72.27,24.31,35.8,21.79,9.8,0.1404,8.0,37.5,87.9,0.361,0.131,28.2,144 deg,Open-Meteo forecast; MLB fallback,https://forecast.weather.gov/MapClick.php?lat=43.0280&lon=-87.9712,59,0,76,American Family Field,,,,,,,,,,,
180,805300,Jakob Marsee,MIA,WSH,2026-08-29T20:05:00Z,Scheduled,5,Cade Cavalli,676917,R,43.5,Longshot,Watch List,"Projected Lineup, Platoon Edge",20.0,34.2,49.7,81.9,80.0,41.2,50.0,,No,No,5,Yes,Yes,RotoWire projected lineup; MLB probable pitchers,lineup projected / unconfirmed,H:2026/2025 P:2026/2025,,,Direct BvP not yet weighted; 2026/2025 Statcast baseline active,7,6,22,1,"Last 7 games: 6/22, 1 HR","platoon edge; pitcher baseline 6.6% barrel, 14.0 HR allowed",neutral batted-ball profile; pitcher fly-ball pressure modest,4.81,36.78,87.71,98.6002,0.3552,0.1169,0.3162,70.5,6.07,41.65,24.03,7.1,0.1363,6.6,41.8,88.82,0.3825,0.1361,22.1,24 deg,Open-Meteo forecast; MLB fallback,https://forecast.weather.gov/MapClick.php?lat=38.8730&lon=-77.0074,67,5,80,Nationals Park,,,,,,,,,,,
181,807712,Luke Keaschall,MIN,CWS,2026-08-29T18:10:00Z,Pre-Game,1,Erick Fedde,607200,R,43.2,Longshot,Watch List,Premium Lineup Spot,13.3,47.5,47.1,93.2,50.0,40.3,50.0,,Yes,Yes,1,Yes,No,MLB Stats API; RotoWire,,H:2026/2025 P:2026/2025,,,Direct BvP not yet weighted; 2026/2025 Statcast baseline active,7,8,30,1,"Last 7 games: 8/30, 1 HR","same-side matchup; pitcher baseline 8.1% barrel, 21.1 HR allowed",neutral batted-ball profile; pitcher fly-ball pressure modest,4.08,29.94,85.64,96.8235,0.3647,0.116,0.317,68.64,7.59,38.19,27.53,6.8,0.1199,8.11,40.57,89.01,0.447,0.1832,28.98,R To L,Open-Meteo forecast; MLB fallback,https://forecast.weather.gov/MapClick.php?lat=44.9817&lon=-93.2776,57,0,77,Target Field,,,,,,,,,,,
182,641355,Cody Bellinger,NYY,BOS,2026-08-29T17:05:00Z,Pre-Game,5,Jake Bennett,687562,L,43.1,Longshot,Watch List,No major boost,30.4,28.8,48.2,86.4,50.0,33.7,50.0,,Yes,No,4,Yes,Yes,MLB Stats API; RotoWire,RotoWire not confirmed; order MLB 5 vs RotoWire 4,H:2026/2025 P:2026,,,Direct BvP not yet weighted; 2026/2025 Statcast baseline active,7,6,27,1,"Last 7 games: 6/27, 1 HR","same-side matchup; pitcher baseline 6.4% barrel, 7.0 HR allowed",neutral batted-ball profile; pitcher fly-ball pressure modest,6.8,37.27,88.86,98.5347,0.4222,0.154,0.3405,69.75,4.12,42.4,32.06,17.1,0.1758,6.4,36.4,88.2,0.37,0.137,25.8,In From CF,Open-Meteo forecast; MLB fallback,https://forecast.weather.gov/MapClick.php?lat=40.8296&lon=-73.9262,49,7,80,Yankee Stadium,,,,,,,,,,,
183,694378,Jacob Gonzalez,PIT,STL,2026-08-29T18:15:00Z,Pre-Game,8,Kyle Leahy,681517,R,43.0,Longshot,Watch List,Platoon Edge,22.4,51.7,56.6,52.4,80.0,0.0,50.0,,Yes,Yes,8,Yes,No,MLB Stats API; RotoWire,,H:2026 P:2026/2025,,,Direct BvP not yet weighted; 2026/2025 Statcast baseline active,7,1,16,0,"Last 7 games: 1/16, 0 HR","platoon edge; pitcher baseline 9.9% barrel, 9.9 HR allowed",neutral batted-ball profile; pitcher fly-ball pressure modest,3.6,36.4,88.4,98.7601,0.393,0.138,0.304,71.2,14.4,43.3,26.2,6.0,0.143,9.87,46.83,90.71,0.4373,0.1684,22.47,Out To LF,Open-Meteo forecast; MLB fallback,https://forecast.weather.gov/MapClick.php?lat=38.6226&lon=-90.1928,42,0,81,Busch Stadium,,,,,,,,,,,
184,663538,Nico Hoerner,CHC,CIN,2026-08-29T18:20:00Z,Pre-Game,5,Andrew Abbott,671096,L,43.0,Longshot,Watch List,Platoon Edge,8.4,40.6,67.8,86.4,78.0,14.1,50.0,,Yes,Yes,5,Yes,No,MLB Stats API; RotoWire,,H:2026/2025 P:2026/2025,,,Direct BvP not yet weighted; 2026/2025 Statcast baseline active,7,6,28,0,"Last 7 games: 6/28, 0 HR","platoon edge; pitcher baseline 7.9% barrel, 18.3 HR allowed",neutral batted-ball profile; pitcher fly-ball pressure modest,1.63,28.69,86.14,96.2275,0.3791,0.0829,0.3227,68.33,1.76,32.59,21.63,7.0,0.0956,7.86,36.71,88.99,0.4088,0.1583,27.93,Out To CF,Open-Meteo forecast; MLB fallback,https://forecast.weather.gov/MapClick.php?lat=41.9484&lon=-87.6553,69,0,76,Wrigley Field,,,,,,,,,,,
185,630105,Jake Cronenworth,SD,TB,2026-08-29T20:10:00Z,Pre-Game,2,Nick Martinez,607259,R,43.0,Longshot,Watch List,"Projected Lineup, Premium Lineup Spot, Platoon Edge",15.1,35.4,50.1,95.5,80.0,18.0,50.0,,No,No,2,Yes,Yes,RotoWire projected lineup; MLB probable pitchers,lineup projected / unconfirmed,H:2026/2025 P:2026/2025,,,Direct BvP not yet weighted; 2026/2025 Statcast baseline active,7,6,25,0,"Last 7 games: 6/25, 0 HR","platoon edge; pitcher baseline 7.1% barrel, 18.5 HR allowed",neutral batted-ball profile; pitcher fly-ball pressure modest,4.17,32.63,87.52,97.865,0.3236,0.0993,0.2945,71.39,17.81,31.89,22.58,6.1,0.0939,7.07,33.52,87.39,0.424,0.1551,28.68,None,Open-Meteo forecast; MLB fallback,https://forecast.weather.gov/MapClick.php?lat=27.7682&lon=-82.6534,89,5,80,Tropicana Field,,,,,,,,,,,
186,605170,Victor Caratini,MIN,CWS,2026-08-29T18:10:00Z,Pre-Game,8,Erick Fedde,607200,R,42.9,Longshot,Watch List,Platoon Edge,30.4,45.5,47.1,52.4,75.0,10.6,50.0,,Yes,Yes,8,Yes,No,MLB Stats API; RotoWire,,H:2026/2025 P:2026/2025,,,Direct BvP not yet weighted; 2026/2025 Statcast baseline active,7,4,21,0,"Last 7 games: 4/21, 0 HR","switch hitter; pitcher baseline 8.1% barrel, 21.1 HR allowed",neutral batted-ball profile; pitcher fly-ball pressure modest,6.86,39.93,89.26,99.0062,0.3928,0.1511,0.3227,71.39,16.29,37.57,23.83,8.5,0.1156,8.11,40.57,89.01,0.447,0.1832,28.98,R To L,Open-Meteo forecast; MLB fallback,https://forecast.weather.gov/MapClick.php?lat=44.9817&lon=-93.2776,57,0,77,Target Field,,,,,,,,,,,
187,680574,Matt McLain,CIN,CHC,2026-08-29T18:20:00Z,Pre-Game,9,Kevin Gausman,592332,R,42.7,Longshot,Watch List,No major boost,33.7,39.6,67.8,44.8,50.0,18.3,50.0,,Yes,Yes,9,Yes,No,MLB Stats API; RotoWire,,H:2026/2025 P:2026/2025,,,Direct BvP not yet weighted; 2026/2025 Statcast baseline active,7,2,26,1,"Last 7 games: 2/26, 1 HR","same-side matchup; pitcher baseline 7.5% barrel, 18.9 HR allowed",neutral batted-ball profile; pitcher fly-ball pressure modest,9.34,38.04,88.31,99.0306,0.3785,0.1574,0.3061,71.0,9.89,35.15,32.87,13.6,0.1454,7.45,39.65,88.67,0.4,0.1557,26.23,Out To CF,Open-Meteo forecast; MLB fallback,https://forecast.weather.gov/MapClick.php?lat=41.9484&lon=-87.6553,69,0,76,Wrigley Field,,,,,,,,,,,
188,678662,Ezequiel Tovar,COL,ATL,2026-08-29T20:10:00Z,Pre-Game,9,Martín Pérez,527048,L,42.7,Longshot,Watch List,Platoon Edge,29.4,38.1,51.4,44.8,78.0,53.3,50.0,,Yes,No,9,Yes,Yes,MLB Stats API; RotoWire,RotoWire not confirmed,H:2026/2025 P:2026/2025,,,Direct BvP not yet weighted; 2026/2025 Statcast baseline active,7,6,17,1,Contact streak: 6/17 over last 7 games,"platoon edge; pitcher baseline 8.2% barrel, 10.2 HR allowed",neutral batted-ball profile; pitcher fly-ball pressure modest,7.41,35.4,88.07,99.0755,0.3892,0.1534,0.2917,71.95,20.82,37.68,29.85,9.7,0.1323,8.21,37.79,87.85,0.4199,0.1639,23.99,L To R,Open-Meteo forecast; MLB fallback,https://forecast.weather.gov/MapClick.php?lat=33.8907&lon=-84.4677,77,16,80,Truist Park,,,,,,,,,,,
189,679845,Nick Loftin,KC,CLE,2026-08-29T20:10:00Z,Pre-Game,5,Foster Griffin,656492,L,42.6,Longshot,Watch List,Platoon Edge,16.2,43.4,33.6,86.4,78.0,40.7,50.0,,Yes,Yes,5,Yes,No,MLB Stats API; RotoWire,,H:2026/2025 P:2026,,,Direct BvP not yet weighted; 2026/2025 Statcast baseline active,7,7,26,1,"Last 7 games: 7/26, 1 HR","platoon edge; pitcher baseline 9.1% barrel, 23.0 HR allowed",neutral batted-ball profile; pitcher fly-ball pressure modest,4.69,29.94,87.43,96.9251,0.345,0.1144,0.2975,69.12,5.94,43.87,28.29,5.4,0.1469,9.1,37.7,88.0,0.418,0.164,26.0,In From CF,Open-Meteo forecast; MLB fallback,https://forecast.weather.gov/MapClick.php?lat=41.4962&lon=-81.6852,56,0,70,Progressive Field,,,,,,,,,,,
190,645277,Ozzie Albies,ATL,COL,2026-08-29T20:10:00Z,Pre-Game,6,Ryan Feltner,663372,R,42.6,Longshot,Watch List,"Projected Lineup, Platoon Edge",16.5,43.9,51.4,71.7,75.0,32.0,50.0,,No,No,6,Yes,Yes,RotoWire projected lineup; MLB probable pitchers,lineup projected / unconfirmed,H:2026/2025 P:2026/2025,,,Direct BvP not yet weighted; 2026/2025 Statcast baseline active,7,9,27,0,Contact streak: 9/27 over last 7 games,"switch hitter; pitcher baseline 8.9% barrel, 14.5 HR allowed",neutral batted-ball profile; pitcher fly-ball pressure modest,4.34,28.74,87.08,96.6645,0.3611,0.1244,0.2906,68.86,5.81,46.35,31.97,18.8,0.1502,8.86,37.24,88.04,0.4477,0.1926,28.6,L To R,Open-Meteo forecast; MLB fallback,https://forecast.weather.gov/MapClick.php?lat=33.8907&lon=-84.4677,77,16,80,Truist Park,,,,,,,,,,,
191,702284,Cole Young,SEA,TOR,2026-08-29T19:07:00Z,Pre-Game,6,José Soriano,667755,R,42.4,Longshot,Watch List,Platoon Edge,23.5,37.9,41.9,76.2,80.0,18.3,50.0,,Yes,Yes,6,Yes,No,MLB Stats API; RotoWire,,H:2026/2025 P:2026/2025,,,Direct BvP not yet weighted; 2026/2025 Statcast baseline active,7,3,26,1,"Last 7 games: 3/26, 1 HR","platoon edge; pitcher baseline 7.8% barrel, 12.7 HR allowed",neutral batted-ball profile; pitcher fly-ball pressure modest,4.97,36.0,88.3,98.8909,0.3823,0.1303,0.3103,71.44,21.51,42.33,26.87,12.4,0.1283,7.76,41.97,89.79,0.3838,0.1383,18.54,None,Open-Meteo forecast; MLB fallback,https://forecast.weather.gov/MapClick.php?lat=43.6414&lon=-79.3894,69,0,66,Rogers Centre,,,,,,,,,,,
192,676439,Hunter Feduccia,LAD,DET,2026-08-29T17:10:00Z,Pre-Game,8,Keider Montero,672456,R,42.3,Longshot,Watch List,Platoon Edge,29.4,38.6,45.1,52.4,80.0,35.6,50.0,,Yes,Yes,8,Yes,No,MLB Stats API; RotoWire,,H:2026/2025 P:2026/2025,,,Direct BvP not yet weighted; 2026/2025 Statcast baseline active,7,5,14,0,Contact streak: 5/14 over last 7 games,"platoon edge; pitcher baseline 7.6% barrel, 14.6 HR allowed",neutral batted-ball profile; pitcher fly-ball pressure modest,8.13,37.56,89.49,99.0515,0.3608,0.1276,0.3086,70.78,12.91,32.66,28.22,2.1,0.0948,7.57,38.07,88.68,0.4033,0.165,25.35,R To L,Open-Meteo forecast; MLB fallback,https://forecast.weather.gov/MapClick.php?lat=42.3390&lon=-83.0485,70,0,70,Comerica Park,,,,,,,,,,,
193,701678,Hao-Yu Lee,DET,LAD,2026-08-29T17:10:00Z,Pre-Game,2,Blake Snell,605483,L,42.1,Longshot,Watch List,"Premium Lineup Spot, Platoon Edge",36.5,0.7,45.1,100.0,78.0,30.3,50.0,,Yes,Yes,2,Yes,No,MLB Stats API; RotoWire,,H:2026 P:2026/2025,,,Direct BvP not yet weighted; 2026/2025 Statcast baseline active,7,5,25,1,"Last 7 games: 5/25, 1 HR","platoon edge; pitcher baseline 1.7% barrel, 0.9 HR allowed",neutral batted-ball profile; pitcher fly-ball pressure modest,8.8,41.4,89.7,100.2374,0.409,0.165,0.304,71.5,21.8,29.8,26.5,7.0,0.149,1.74,17.06,82.91,0.2513,0.0546,21.82,R To L,Open-Meteo forecast; MLB fallback,https://forecast.weather.gov/MapClick.php?lat=42.3390&lon=-83.0485,70,0,70,Comerica Park,,,,,,,,,,,
194,672640,Otto Lopez,MIA,WSH,2026-08-29T20:05:00Z,Scheduled,6,Cade Cavalli,676917,R,42.1,Longshot,Watch List,Projected Lineup,30.4,34.2,49.7,71.7,50.0,26.4,50.0,,No,No,6,Yes,Yes,RotoWire projected lineup; MLB probable pitchers,lineup projected / unconfirmed,H:2026/2025 P:2026/2025,,,Direct BvP not yet weighted; 2026/2025 Statcast baseline active,7,8,27,0,"Last 7 games: 8/27, 0 HR","same-side matchup; pitcher baseline 6.6% barrel, 14.0 HR allowed",neutral batted-ball profile; pitcher fly-ball pressure modest,6.54,40.4,88.99,100.222,0.427,0.1475,0.3272,71.7,22.53,32.51,22.5,10.8,0.1318,6.6,41.8,88.82,0.3825,0.1361,22.1,24 deg,Open-Meteo forecast; MLB fallback,https://forecast.weather.gov/MapClick.php?lat=38.8730&lon=-77.0074,67,5,80,Nationals Park,,,,,,,,,,,
195,693307,Dillon Dingler,DET,LAD,2026-08-29T17:10:00Z,Pre-Game,4,Blake Snell,605483,L,42.0,Longshot,Watch List,"Premium Lineup Spot, Platoon Edge",42.8,0.7,45.1,94.9,78.0,5.1,50.0,,Yes,Yes,4,Yes,No,MLB Stats API; RotoWire,,H:2026/2025 P:2026/2025,,,Direct BvP not yet weighted; 2026/2025 Statcast baseline active,7,4,26,0,"Last 7 games: 4/26, 0 HR","platoon edge; pitcher baseline 1.7% barrel, 0.9 HR allowed",neutral batted-ball profile; pitcher fly-ball pressure modest,9.76,43.25,88.88,100.5655,0.4734,0.2004,0.3497,71.77,15.62,40.8,28.92,22.1,0.2009,1.74,17.06,82.91,0.2513,0.0546,21.82,R To L,Open-Meteo forecast; MLB fallback,https://forecast.weather.gov/MapClick.php?lat=42.3390&lon=-83.0485,70,0,70,Comerica Park,,,,,,,,,,,
196,805999,A.J. Ewing,NYM,HOU,2026-08-29T20:10:00Z,Pre-Game,7,Bennett Sousa,656986,L,41.9,Longshot,Watch List,No major boost,30.6,36.1,60.8,64.3,50.0,2.0,50.0,,Yes,Yes,7,Yes,No,MLB Stats API; RotoWire,,H:2026 P:2026/2025,,,Direct BvP not yet weighted; 2026/2025 Statcast baseline active,7,4,30,0,"Last 7 games: 4/30, 0 HR","same-side matchup; pitcher baseline 9.8% barrel, 2.6 HR allowed",neutral batted-ball profile; pitcher allows elevated contact,7.3,41.9,89.2,100.1047,0.391,0.139,0.315,70.4,12.0,31.9,25.4,7.0,0.113,9.78,33.16,88.12,0.3413,0.1325,37.87,Out To CF,NOAA link only,https://forecast.weather.gov/MapClick.php?lat=40.7571&lon=-73.8458,,,80,Citi Field,,,,,,,,,,,
197,695720,Tommy White,ATH,BAL,2026-08-30T02:05:00Z,Scheduled,6,Shane Baz,669358,R,41.9,Longshot,Watch List,Projected Lineup,23.1,40.6,52.4,71.7,50.0,30.2,50.0,,No,No,6,Yes,Yes,RotoWire projected lineup; MLB probable pitchers,lineup projected / unconfirmed,H:2026 P:2026/2025,,,Direct BvP not yet weighted; 2026/2025 Statcast baseline active,7,9,28,0,Contact streak: 9/28 over last 7 games,"same-side matchup; pitcher baseline 7.5% barrel, 15.5 HR allowed",neutral batted-ball profile; pitcher fly-ball pressure modest,8.7,32.2,85.8,97.3225,0.413,0.132,0.314,69.2,13.5,27.0,22.6,2.0,0.073,7.47,41.5,90.12,0.3909,0.1462,25.57,234 deg,Open-Meteo forecast; MLB fallback,https://forecast.weather.gov/MapClick.php?lat=38.5804&lon=-121.5139,51,8,74,Sutter Health Park,,,,,,,,,,,
198,806146,George Lombard,NYY,BOS,2026-08-29T23:15:00Z,Scheduled,6,,,,41.8,Longshot,Watch List,Projected Lineup,20.0,41.2,58.7,71.7,60.0,10.8,50.0,,No,No,5,Yes,Yes,RotoWire projected lineup; MLB probable pitchers,lineup projected / unconfirmed; order MLB 6 vs RotoWire 5,H:2026 P:,,,Direct BvP not yet weighted; 2026/2025 Statcast baseline active,7,5,26,0,"Last 7 games: 5/26, 0 HR","handedness incomplete; pitcher baseline 0.0% barrel, 0.0 HR allowed",neutral batted-ball profile; pitcher fly-ball pressure modest,7.7,34.0,85.3,97.667,0.355,0.108,0.298,72.0,18.2,32.1,22.6,2.0,0.121,,,,,,,318 deg,Open-Meteo forecast; MLB fallback,https://forecast.weather.gov/MapClick.php?lat=40.8296&lon=-73.9262,49,7,80,Yankee Stadium,,,,,,,,,,,
199,670623,Isaac Paredes,HOU,NYM,2026-08-29T20:10:00Z,Pre-Game,3,Nolan McLean,690997,R,41.8,Longshot,Watch List,"Projected Lineup, Premium Lineup Spot",17.4,29.5,60.8,92.1,50.0,34.4,50.0,,No,No,3,Yes,Yes,RotoWire projected lineup; MLB probable pitchers,lineup projected / unconfirmed,H:2026/2025 P:2026/2025,,,Direct BvP not yet weighted; 2026/2025 Statcast baseline active,7,5,22,1,"Last 7 games: 5/22, 1 HR","same-side matchup; pitcher baseline 7.1% barrel, 11.7 HR allowed",neutral batted-ball profile; pitcher fly-ball pressure modest,5.39,29.75,86.35,96.903,0.3744,0.1292,0.3235,67.74,7.36,52.0,30.87,17.9,0.176,7.09,37.87,88.31,0.3458,0.1257,21.91,Out To CF,NOAA link only,https://forecast.weather.gov/MapClick.php?lat=40.7571&lon=-73.8458,,,80,Citi Field,,,,,,,,,,,
200,643289,Mauricio Dubon,ATL,COL,2026-08-29T20:10:00Z,Pre-Game,4,Ryan Feltner,663372,R,41.8,Longshot,Watch List,"Projected Lineup, Premium Lineup Spot",10.2,45.5,51.4,90.4,50.0,37.6,50.0,,No,No,4,Yes,Yes,RotoWire projected lineup; MLB probable pitchers,lineup projected / unconfirmed,H:2026/2025 P:2026/2025,,,Direct BvP not yet weighted; 2026/2025 Statcast baseline active,7,10,27,0,Contact streak: 10/27 over last 7 games,"same-side matchup; pitcher baseline 8.9% barrel, 14.5 HR allowed",neutral batted-ball profile; pitcher fly-ball pressure modest,3.02,28.82,85.97,96.2938,0.3632,0.1015,0.2969,68.8,3.47,31.61,25.16,9.1,0.1189,8.86,37.24,88.04,0.4477,0.1926,28.6,L To R,Open-Meteo forecast; MLB fallback,https://forecast.weather.gov/MapClick.php?lat=33.8907&lon=-84.4677,77,16,80,Truist Park,,,,,,,,,,,
201,641680,Jonah Heim,ATH,BAL,2026-08-30T02:05:00Z,Scheduled,7,Shane Baz,669358,R,41.8,Longshot,Watch List,"Projected Lineup, Platoon Edge",23.9,39.0,52.4,59.8,75.0,23.4,50.0,,No,No,7,Yes,Yes,RotoWire projected lineup; MLB probable pitchers,lineup projected / unconfirmed,H:2026/2025 P:2026/2025,,,Direct BvP not yet weighted; 2026/2025 Statcast baseline active,7,4,26,1,"Last 7 games: 4/26, 1 HR","switch hitter; pitcher baseline 7.5% barrel, 15.5 HR allowed",neutral batted-ball profile; pitcher fly-ball pressure modest,6.73,33.31,87.82,97.8491,0.367,0.1396,0.2893,69.77,9.45,40.49,27.97,11.7,0.1603,7.47,41.5,90.12,0.3909,0.1462,25.57,234 deg,Open-Meteo forecast; MLB fallback,https://forecast.weather.gov/MapClick.php?lat=38.5804&lon=-121.5139,51,8,74,Sutter Health Park,,,,,,,,,,,
202,806367,Turner Hill,SF,AZ,2026-08-30T02:05:00Z,Scheduled,5,Mitch Bratt,683352,L,41.7,Longshot,Watch List,Projected Lineup,32.9,30.0,37.3,81.9,50.0,29.4,50.0,,No,No,7,Yes,Yes,RotoWire projected lineup; MLB probable pitchers,lineup projected / unconfirmed; order MLB 5 vs RotoWire 7,H:2026 P:2026,,,Direct BvP not yet weighted; 2026/2025 Statcast baseline active,7,6,19,0,"Last 7 games: 6/19, 0 HR","same-side matchup; pitcher baseline 7.4% barrel, 5.0 HR allowed",neutral batted-ball profile; pitcher allows elevated contact,8.0,40.0,89.1,98.4382,0.442,0.165,0.356,65.8,0.0,56.0,32.0,0.0,0.143,7.4,34.4,87.2,0.365,0.139,32.0,301 deg,Open-Meteo forecast; MLB fallback,https://forecast.weather.gov/MapClick.php?lat=37.7786&lon=-122.3893,71,12,67,Oracle Park,,,,,,,,,,,
203,691788,Joe Mack,MIA,WSH,2026-08-29T20:05:00Z,Scheduled,8,Cade Cavalli,676917,R,41.5,Longshot,Watch List,"Projected Lineup, Platoon Edge",35.4,34.2,49.7,47.9,80.0,2.5,50.0,,No,No,8,Yes,Yes,RotoWire projected lineup; MLB probable pitchers,lineup projected / unconfirmed,H:2026 P:2026/2025,,,Direct BvP not yet weighted; 2026/2025 Statcast baseline active,7,3,22,0,"Last 7 games: 3/22, 0 HR","platoon edge; pitcher baseline 6.6% barrel, 14.0 HR allowed",neutral batted-ball profile; pitcher fly-ball pressure modest,8.9,38.9,88.3,99.5563,0.397,0.173,0.296,74.3,42.9,48.9,25.0,12.0,0.182,6.6,41.8,88.82,0.3825,0.1361,22.1,24 deg,Open-Meteo forecast; MLB fallback,https://forecast.weather.gov/MapClick.php?lat=38.8730&lon=-77.0074,67,5,80,Nationals Park,,,,,,,,,,,
204,518595,Travis d'Arnaud,LAA,PHI,2026-08-30T02:07:00Z,Scheduled,8,Cristopher Sánchez,650911,L,41.5,Longshot,Watch List,"Projected Lineup, Strong Barrel, Platoon Edge",33.4,31.9,60.2,47.9,78.0,0.0,50.0,,No,No,8,Yes,Yes,RotoWire projected lineup; MLB probable pitchers,lineup projected / unconfirmed,H:2026/2025 P:2026/2025,,,Direct BvP not yet weighted; 2026/2025 Statcast baseline active,7,0,12,0,"Last 7 games: 0/12, 0 HR","platoon edge; pitcher baseline 6.8% barrel, 13.4 HR allowed",neutral batted-ball profile; pitcher fly-ball pressure modest,12.38,32.93,87.64,97.717,0.3278,0.1561,0.2662,71.22,14.16,29.04,31.02,2.5,0.0935,6.82,41.34,89.21,0.3548,0.1207,16.41,229 deg,Open-Meteo forecast; MLB fallback,https://forecast.weather.gov/MapClick.php?lat=33.8003&lon=-117.8827,49,0,93,Angel Stadium,,,,,,,,,,,
205,682657,Angel Martínez,CLE,KC,2026-08-29T20:10:00Z,Pre-Game,5,Daniel Lynch IV,663738,L,41.4,Longshot,Watch List,Platoon Edge,22.8,33.7,33.6,86.4,75.0,25.8,50.0,,Yes,Yes,5,Yes,No,MLB Stats API; RotoWire,,H:2026/2025 P:2026/2025,,,Direct BvP not yet weighted; 2026/2025 Statcast baseline active,7,7,24,0,"Last 7 games: 7/24, 0 HR","switch hitter; pitcher baseline 6.9% barrel, 5.2 HR allowed",neutral batted-ball profile; pitcher fly-ball pressure modest,6.16,33.71,87.38,98.5884,0.3767,0.1326,0.2886,70.94,15.39,45.93,26.66,11.7,0.1651,6.91,39.07,88.6,0.4,0.1529,26.12,In From CF,Open-Meteo forecast; MLB fallback,https://forecast.weather.gov/MapClick.php?lat=41.4962&lon=-81.6852,56,0,70,Progressive Field,,,,,,,,,,,
206,660688,Keibert Ruiz,WSH,MIA,2026-08-29T20:05:00Z,Scheduled,6,Sandy Alcantara,645261,R,41.3,Longshot,Watch List,"Projected Lineup, Platoon Edge, Hot Hitter/Streak",16.0,31.7,49.7,71.7,75.0,70.8,50.0,,No,No,6,Yes,Yes,RotoWire projected lineup; MLB probable pitchers,lineup projected / unconfirmed,H:2026/2025 P:2026/2025,,,Direct BvP not yet weighted; 2026/2025 Statcast baseline active,7,8,23,2,Hot streak: 2 HR in last 7 games,"switch hitter; pitcher baseline 6.3% barrel, 19.2 HR allowed",neutral batted-ball profile; pitcher fly-ball pressure modest,3.95,35.1,87.6,97.5608,0.3594,0.1087,0.2849,67.29,0.93,54.89,26.14,6.9,0.1417,6.29,38.07,88.95,0.387,0.1351,24.1,24 deg,Open-Meteo forecast; MLB fallback,https://forecast.weather.gov/MapClick.php?lat=38.8730&lon=-77.0074,67,5,80,Nationals Park,,,,,,,,,,,
207,701358,Cam Smith,HOU,NYM,2026-08-29T20:10:00Z,Pre-Game,8,Nolan McLean,690997,R,41.3,Longshot,Watch List,Projected Lineup,41.2,29.5,60.8,47.9,50.0,0.0,50.0,,No,No,8,Yes,Yes,RotoWire projected lineup; MLB probable pitchers,lineup projected / unconfirmed,H:2026/2025 P:2026/2025,,,Direct BvP not yet weighted; 2026/2025 Statcast baseline active,7,1,20,0,"Last 7 games: 1/20, 0 HR","same-side matchup; pitcher baseline 7.1% barrel, 11.7 HR allowed",neutral batted-ball profile; pitcher fly-ball pressure modest,9.91,43.32,88.81,101.5465,0.411,0.1725,0.3152,76.74,68.04,37.56,25.28,14.6,0.1577,7.09,37.87,88.31,0.3458,0.1257,21.91,Out To CF,NOAA link only,https://forecast.weather.gov/MapClick.php?lat=40.7571&lon=-73.8458,,,80,Citi Field,,,,,,,,,,,
208,664983,Jake McCarthy,COL,ATL,2026-08-29T20:10:00Z,Pre-Game,1,Martín Pérez,527048,L,41.2,Longshot,Watch List,Premium Lineup Spot,14.5,38.1,51.4,93.2,50.0,23.4,50.0,,Yes,No,1,Yes,Yes,MLB Stats API; RotoWire,RotoWire not confirmed,H:2026/2025 P:2026/2025,,,Direct BvP not yet weighted; 2026/2025 Statcast baseline active,7,8,29,0,"Last 7 games: 8/29, 0 HR","same-side matchup; pitcher baseline 8.2% barrel, 10.2 HR allowed",neutral batted-ball profile; pitcher fly-ball pressure modest,5.02,27.39,84.91,96.7198,0.3943,0.1301,0.3084,70.82,12.35,37.94,20.89,10.3,0.1704,8.21,37.79,87.85,0.4199,0.1639,23.99,L To R,Open-Meteo forecast; MLB fallback,https://forecast.weather.gov/MapClick.php?lat=33.8907&lon=-84.4677,77,16,80,Truist Park,,,,,,,,,,,
209,678882,Ceddanne Rafaela,BOS,NYY,2026-08-29T23:15:00Z,Scheduled,2,Max Fried,608331,L,41.1,Longshot,Watch List,"Projected Lineup, Premium Lineup Spot, Platoon Edge",22.3,9.8,58.7,95.5,78.0,32.0,50.0,,No,No,2,Yes,Yes,RotoWire projected lineup; MLB probable pitchers,lineup projected / unconfirmed,H:2026/2025 P:2026/2025,,,Direct BvP not yet weighted; 2026/2025 Statcast baseline active,7,10,30,0,Contact streak: 10/30 over last 7 games,"platoon edge; pitcher baseline 3.3% barrel, 5.6 HR allowed",neutral batted-ball profile; pitcher fly-ball pressure modest,6.61,34.22,86.97,97.7812,0.3775,0.1306,0.2903,70.02,8.69,35.29,25.58,16.0,0.1671,3.33,33.07,86.5,0.2919,0.0823,21.69,318 deg,Open-Meteo forecast; MLB fallback,https://forecast.weather.gov/MapClick.php?lat=40.8296&lon=-73.9262,49,7,80,Yankee Stadium,,,,,,,,,,,
210,679529,Spencer Torkelson,DET,LAD,2026-08-29T17:10:00Z,Pre-Game,6,Blake Snell,605483,L,40.9,Longshot,Watch List,"Strong Barrel, Platoon Edge",47.6,0.7,45.1,76.2,78.0,5.7,50.0,,Yes,Yes,6,Yes,No,MLB Stats API; RotoWire,,H:2026/2025 P:2026/2025,,,Direct BvP not yet weighted; 2026/2025 Statcast baseline active,7,3,19,0,"Last 7 games: 3/19, 0 HR","platoon edge; pitcher baseline 1.7% barrel, 0.9 HR allowed",fly-ball profile; pitcher fly-ball pressure modest,12.73,42.3,89.57,100.1348,0.4126,0.195,0.3165,73.07,25.88,46.86,35.69,23.3,0.1936,1.74,17.06,82.91,0.2513,0.0546,21.82,R To L,Open-Meteo forecast; MLB fallback,https://forecast.weather.gov/MapClick.php?lat=42.3390&lon=-83.0485,70,0,70,Comerica Park,,,,,,,,,,,
211,686555,Isaac Collins,KC,CLE,2026-08-29T20:10:00Z,Pre-Game,7,Foster Griffin,656492,L,40.7,Longshot,Watch List,Platoon Edge,23.6,41.7,33.6,64.3,75.0,32.0,50.0,,Yes,Yes,7,Yes,No,MLB Stats API; RotoWire,,H:2026/2025 P:2026,,,Direct BvP not yet weighted; 2026/2025 Statcast baseline active,7,8,24,0,Contact streak: 8/24 over last 7 games,"switch hitter; pitcher baseline 9.1% barrel, 23.0 HR allowed",neutral batted-ball profile; pitcher fly-ball pressure modest,5.39,40.09,88.8,99.9909,0.3317,0.0983,0.3066,73.33,30.41,40.05,26.02,6.9,0.1284,9.1,37.7,88.0,0.418,0.164,26.0,In From CF,Open-Meteo forecast; MLB fallback,https://forecast.weather.gov/MapClick.php?lat=41.4962&lon=-81.6852,56,0,70,Progressive Field,,,,,,,,,,,
212,514888,Jose Altuve,HOU,NYM,2026-08-29T20:10:00Z,Pre-Game,4,Nolan McLean,690997,R,40.7,Longshot,Watch List,"Projected Lineup, Premium Lineup Spot",14.0,29.5,60.8,90.4,50.0,39.2,50.0,,No,No,4,Yes,Yes,RotoWire projected lineup; MLB probable pitchers,lineup projected / unconfirmed,H:2026/2025 P:2026/2025,,,Direct BvP not yet weighted; 2026/2025 Statcast baseline active,7,7,27,1,"Last 7 games: 7/27, 1 HR","same-side matchup; pitcher baseline 7.1% barrel, 11.7 HR allowed",neutral batted-ball profile; pitcher fly-ball pressure modest,5.08,32.23,85.31,97.1412,0.3434,0.1169,0.2825,69.14,10.13,45.57,22.02,17.6,0.1581,7.09,37.87,88.31,0.3458,0.1257,21.91,Out To CF,NOAA link only,https://forecast.weather.gov/MapClick.php?lat=40.7571&lon=-73.8458,,,80,Citi Field,,,,,,,,,,,
213,694203,Denzer Guzman,LAA,PHI,2026-08-30T02:07:00Z,Scheduled,7,Cristopher Sánchez,650911,L,40.7,Longshot,Watch List,"Projected Lineup, Platoon Edge",25.2,31.9,60.2,59.8,78.0,0.0,50.0,,No,No,7,Yes,Yes,RotoWire projected lineup; MLB probable pitchers,lineup projected / unconfirmed,H:2026/2025 P:2026/2025,,,Direct BvP not yet weighted; 2026/2025 Statcast baseline active,7,2,22,0,"Last 7 games: 2/22, 0 HR","platoon edge; pitcher baseline 6.8% barrel, 13.4 HR allowed",neutral batted-ball profile; pitcher fly-ball pressure modest,8.77,36.81,86.71,98.4876,0.3237,0.1141,0.2511,73.43,34.57,40.95,24.26,4.8,0.139,6.82,41.34,89.21,0.3548,0.1207,16.41,229 deg,Open-Meteo forecast; MLB fallback,https://forecast.weather.gov/MapClick.php?lat=33.8003&lon=-117.8827,49,0,93,Angel Stadium,,,,,,,,,,,
214,663968,Jake Mangum,PIT,STL,2026-08-29T18:15:00Z,Pre-Game,6,Kyle Leahy,681517,R,40.6,Longshot,Watch List,Platoon Edge,6.0,50.7,56.6,76.2,75.0,0.0,50.0,,Yes,Yes,6,Yes,No,MLB Stats API; RotoWire,,H:2026/2025 P:2026/2025,,,Direct BvP not yet weighted; 2026/2025 Statcast baseline active,7,1,20,0,"Last 7 games: 1/20, 0 HR","switch hitter; pitcher baseline 9.9% barrel, 9.9 HR allowed",neutral batted-ball profile; pitcher fly-ball pressure modest,2.28,29.27,85.9,96.664,0.3283,0.0808,0.2816,67.58,3.94,27.79,15.63,3.7,0.0832,9.87,46.83,90.71,0.4373,0.1684,22.47,Out To LF,Open-Meteo forecast; MLB fallback,https://forecast.weather.gov/MapClick.php?lat=38.6226&lon=-90.1928,42,0,81,Busch Stadium,,,,,,,,,,,
215,694197,Angel Genao,CLE,KC,2026-08-29T20:10:00Z,Pre-Game,7,Daniel Lynch IV,663738,L,40.6,Longshot,Watch List,Platoon Edge,32.5,33.7,33.6,64.3,75.0,10.8,50.0,,Yes,Yes,7,Yes,No,MLB Stats API; RotoWire,,H:2026 P:2026/2025,,,Direct BvP not yet weighted; 2026/2025 Statcast baseline active,7,5,26,0,"Last 7 games: 5/26, 0 HR","switch hitter; pitcher baseline 6.9% barrel, 5.2 HR allowed",neutral batted-ball profile; pitcher fly-ball pressure modest,5.1,55.9,91.7,100.9015,0.357,0.099,0.302,72.1,22.1,35.6,15.3,1.0,0.089,6.91,39.07,88.6,0.4,0.1529,26.12,In From CF,Open-Meteo forecast; MLB fallback,https://forecast.weather.gov/MapClick.php?lat=41.4962&lon=-81.6852,56,0,70,Progressive Field,,,,,,,,,,,
216,665877,José Fermín,STL,PIT,2026-08-29T18:15:00Z,Pre-Game,6,Lake Bachar,669199,R,40.4,Longshot,Watch List,No major boost,10.5,45.4,56.6,76.2,50.0,31.4,50.0,,Yes,Yes,6,Yes,No,MLB Stats API; RotoWire,,H:2026/2025 P:2026/2025,,,Direct BvP not yet weighted; 2026/2025 Statcast baseline active,7,6,29,1,"Last 7 games: 6/29, 1 HR","same-side matchup; pitcher baseline 9.4% barrel, 11.4 HR allowed",neutral batted-ball profile; pitcher allows elevated contact,1.82,31.36,86.54,96.6243,0.353,0.0934,0.3089,68.14,3.23,48.67,24.45,4.5,0.1242,9.44,37.16,89.46,0.3899,0.1787,32.2,Out To LF,Open-Meteo forecast; MLB fallback,https://forecast.weather.gov/MapClick.php?lat=38.6226&lon=-90.1928,42,0,81,Busch Stadium,,,,,,,,,,,
217,656775,Cedric Mullins,TB,SD,2026-08-29T20:10:00Z,Pre-Game,8,Walker Buehler,621111,R,40.3,Longshot,Watch List,Platoon Edge,20.4,41.3,50.1,52.4,80.0,25.3,50.0,,Yes,Yes,8,Yes,No,MLB Stats API; RotoWire,,H:2026/2025 P:2026/2025,,,Direct BvP not yet weighted; 2026/2025 Statcast baseline active,7,3,18,1,"Last 7 games: 3/18, 1 HR","platoon edge; pitcher baseline 8.4% barrel, 17.1 HR allowed",neutral batted-ball profile; pitcher fly-ball pressure modest,4.8,33.03,88.1,97.8776,0.3183,0.126,0.2679,70.96,9.01,45.39,32.08,14.9,0.1582,8.45,38.43,88.88,0.4108,0.1582,23.58,None,Open-Meteo forecast; MLB fallback,https://forecast.weather.gov/MapClick.php?lat=27.7682&lon=-82.6534,89,5,80,Tropicana Field,,,,,,,,,,,
218,681198,TJ Rumfield,COL,ATL,2026-08-29T20:10:00Z,Pre-Game,4,Martín Pérez,527048,L,40.3,Longshot,Watch List,Premium Lineup Spot,11.3,38.1,51.4,94.9,50.0,21.5,50.0,,Yes,No,5,Yes,Yes,MLB Stats API; RotoWire,RotoWire not confirmed; order MLB 4 vs RotoWire 5,H:2026 P:2026/2025,,,Direct BvP not yet weighted; 2026/2025 Statcast baseline active,7,5,19,0,"Last 7 games: 5/19, 0 HR","same-side matchup; pitcher baseline 8.2% barrel, 10.2 HR allowed",neutral batted-ball profile; pitcher fly-ball pressure modest,4.4,27.4,84.0,96.0611,0.374,0.12,0.327,68.6,8.1,41.6,28.4,13.0,0.15,8.21,37.79,87.85,0.4199,0.1639,23.99,L To R,Open-Meteo forecast; MLB fallback,https://forecast.weather.gov/MapClick.php?lat=33.8907&lon=-84.4677,77,16,80,Truist Park,,,,,,,,,,,
219,694376,Shay Whitcomb,SF,AZ,2026-08-30T02:05:00Z,Scheduled,8,Mitch Bratt,683352,L,40.2,Longshot,Watch List,"Projected Lineup, Strong Barrel, Platoon Edge",34.8,30.0,37.3,47.9,78.0,37.4,50.0,,No,No,8,Yes,Yes,RotoWire projected lineup; MLB probable pitchers,lineup projected / unconfirmed,H:2026/2025 P:2026,,,Direct BvP not yet weighted; 2026/2025 Statcast baseline active,7,3,24,2,Hot streak: 2 HR in last 7 games,"platoon edge; pitcher baseline 7.4% barrel, 5.0 HR allowed",neutral batted-ball profile; pitcher allows elevated contact,12.55,33.46,85.06,98.0442,0.3692,0.1968,0.2337,71.31,13.86,42.86,30.66,2.4,0.199,7.4,34.4,87.2,0.365,0.139,32.0,301 deg,Open-Meteo forecast; MLB fallback,https://forecast.weather.gov/MapClick.php?lat=37.7786&lon=-122.3893,71,12,67,Oracle Park,,,,,,,,,,,
220,668939,Adley Rutschman,BOS,NYY,2026-08-29T23:15:00Z,Scheduled,6,Max Fried,608331,L,40.0,Longshot,Watch List,"Projected Lineup, Platoon Edge",32.6,9.2,58.7,71.7,75.0,19.9,50.0,,No,No,5,Yes,Yes,RotoWire projected lineup; MLB probable pitchers,lineup projected / unconfirmed; order MLB 6 vs RotoWire 5,H:2026/2025 P:2026/2025,,,Direct BvP not yet weighted; 2026/2025 Statcast baseline active,7,3,23,1,"Last 7 games: 3/23, 1 HR","switch hitter; pitcher baseline 3.3% barrel, 5.6 HR allowed",neutral batted-ball profile; pitcher fly-ball pressure modest,7.15,40.42,88.98,99.4601,0.4156,0.162,0.3341,70.42,12.14,38.47,28.87,9.0,0.1614,3.33,33.07,86.5,0.2919,0.0823,21.69,318 deg,Open-Meteo forecast; MLB fallback,https://forecast.weather.gov/MapClick.php?lat=40.8296&lon=-73.9262,49,7,80,Yankee Stadium,,,,,,,,,,,
221,673237,Yainer Diaz,HOU,NYM,2026-08-29T20:10:00Z,Pre-Game,9,Nolan McLean,690997,R,40.0,Longshot,Watch List,"Projected Lineup, Hot Hitter/Streak",29.0,29.5,60.8,40.2,50.0,70.8,50.0,,No,No,9,Yes,Yes,RotoWire projected lineup; MLB probable pitchers,lineup projected / unconfirmed,H:2026/2025 P:2026/2025,,,Direct BvP not yet weighted; 2026/2025 Statcast baseline active,7,8,23,2,Hot streak: 2 HR in last 7 games,"same-side matchup; pitcher baseline 7.1% barrel, 11.7 HR allowed",neutral batted-ball profile; pitcher fly-ball pressure modest,6.73,37.79,88.57,99.5823,0.4174,0.1515,0.3092,72.41,21.74,37.47,19.59,13.0,0.1568,7.09,37.87,88.31,0.3458,0.1257,21.91,Out To CF,NOAA link only,https://forecast.weather.gov/MapClick.php?lat=40.7571&lon=-73.8458,,,80,Citi Field,,,,,,,,,,,
222,669221,Sean Murphy,ATL,COL,2026-08-29T20:10:00Z,Pre-Game,9,Ryan Feltner,663372,R,40.0,Longshot,Watch List,Projected Lineup,26.0,45.5,51.4,40.2,50.0,44.1,50.0,,No,No,9,Yes,Yes,RotoWire projected lineup; MLB probable pitchers,lineup projected / unconfirmed,H:2026/2025 P:2026/2025,,,Direct BvP not yet weighted; 2026/2025 Statcast baseline active,7,7,24,1,"Last 7 games: 7/24, 1 HR","same-side matchup; pitcher baseline 8.9% barrel, 14.5 HR allowed",neutral batted-ball profile; pitcher fly-ball pressure modest,8.29,38.41,86.16,100.4616,0.3352,0.1412,0.2489,71.97,24.97,48.56,23.9,5.5,0.1435,8.86,37.24,88.04,0.4477,0.1926,28.6,L To R,Open-Meteo forecast; MLB fallback,https://forecast.weather.gov/MapClick.php?lat=33.8907&lon=-84.4677,77,16,80,Truist Park,,,,,,,,,,,
223,805367,Chase Meidroth,CWS,MIN,2026-08-29T18:10:00Z,Pre-Game,7,Bailey Ober,641927,R,39.9,Longshot,Watch List,No major boost,12.5,55.6,47.1,64.3,50.0,23.4,50.0,,Yes,Yes,7,Yes,No,MLB Stats API; RotoWire,,H:2026/2025 P:2026/2025,,,Direct BvP not yet weighted; 2026/2025 Statcast baseline active,7,8,29,0,"Last 7 games: 8/29, 0 HR","same-side matchup; pitcher baseline 10.5% barrel, 21.6 HR allowed",neutral batted-ball profile; pitcher allows elevated contact,3.56,35.12,87.85,97.414,0.3337,0.0926,0.2951,67.12,1.25,38.68,19.63,9.9,0.1104,10.48,37.28,88.97,0.4655,0.2119,32.32,R To L,Open-Meteo forecast; MLB fallback,https://forecast.weather.gov/MapClick.php?lat=44.9817&lon=-93.2776,57,0,77,Target Field,,,,,,,,,,,
224,621493,Taylor Ward,SEA,TOR,2026-08-29T19:07:00Z,Pre-Game,7,José Soriano,667755,R,39.9,Longshot,Watch List,No major boost,31.7,37.9,41.9,64.3,50.0,0.0,50.0,,Yes,Yes,7,Yes,No,MLB Stats API; RotoWire,,H:2026/2025 P:2026/2025,,,Direct BvP not yet weighted; 2026/2025 Statcast baseline active,7,0,20,0,"Last 7 games: 0/20, 0 HR","same-side matchup; pitcher baseline 7.8% barrel, 12.7 HR allowed",neutral batted-ball profile; pitcher fly-ball pressure modest,7.96,39.41,89.26,99.402,0.3926,0.1532,0.3365,68.8,4.09,33.38,30.01,15.7,0.1385,7.76,41.97,89.79,0.3838,0.1383,18.54,None,Open-Meteo forecast; MLB fallback,https://forecast.weather.gov/MapClick.php?lat=43.6414&lon=-79.3894,69,0,66,Rogers Centre,,,,,,,,,,,
225,703520,Brett Bateman,TOR,SEA,2026-08-29T19:07:00Z,Pre-Game,1,Kade Anderson,807739,L,39.9,Longshot,Watch List,Premium Lineup Spot,1.4,51.8,41.9,93.2,50.0,43.1,50.0,,Yes,Yes,1,Yes,No,MLB Stats API; RotoWire,,H:2026 P:2026,,,Direct BvP not yet weighted; 2026/2025 Statcast baseline active,7,11,27,0,Contact streak: 11/27 over last 7 games,"same-side matchup; pitcher baseline 13.3% barrel, 2.0 HR allowed",neutral batted-ball profile; pitcher allows elevated contact,0.0,19.0,82.6,93.7913,0.29,0.051,0.26,68.4,2.8,31.0,6.9,0.0,0.068,13.3,33.3,86.7,0.373,0.205,46.7,None,Open-Meteo forecast; MLB fallback,https://forecast.weather.gov/MapClick.php?lat=43.6414&lon=-79.3894,69,0,66,Rogers Centre,,,,,,,,,,,
226,553869,Elias Diaz,TEX,MIL,2026-08-29T23:15:00Z,Scheduled,8,Shane Drohan,675660,L,39.9,Longshot,Watch List,"Projected Lineup, Platoon Edge",28.8,33.2,48.1,47.9,78.0,23.4,50.0,,No,No,8,Yes,Yes,RotoWire projected lineup; MLB probable pitchers,lineup projected / unconfirmed,H:2026/2025 P:2026,,,Direct BvP not yet weighted; 2026/2025 Statcast baseline active,7,2,13,1,"Last 7 games: 2/13, 1 HR","platoon edge; pitcher baseline 8.0% barrel, 9.0 HR allowed",neutral batted-ball profile; pitcher fly-ball pressure modest,7.53,38.42,87.49,100.1283,0.3543,0.1376,0.2694,74.2,43.09,37.93,27.52,6.9,0.1508,8.0,37.5,87.9,0.361,0.131,28.2,144 deg,Open-Meteo forecast; MLB fallback,https://forecast.weather.gov/MapClick.php?lat=43.0280&lon=-87.9712,59,0,76,American Family Field,,,,,,,,,,,
227,687597,Jordan Beck,COL,ATL,2026-08-29T20:10:00Z,Pre-Game,8,Martín Pérez,527048,L,39.8,Longshot,Watch List,Platoon Edge,20.9,38.1,51.4,52.4,78.0,26.1,50.0,,Yes,No,7,Yes,Yes,MLB Stats API; RotoWire,RotoWire not confirmed; order MLB 8 vs RotoWire 7,H:2026/2025 P:2026/2025,,,Direct BvP not yet weighted; 2026/2025 Statcast baseline active,7,5,17,0,"Last 7 games: 5/17, 0 HR","platoon edge; pitcher baseline 8.2% barrel, 10.2 HR allowed",neutral batted-ball profile; pitcher fly-ball pressure modest,6.1,33.04,87.05,98.578,0.3292,0.1087,0.2702,73.69,36.62,37.98,28.6,5.5,0.1258,8.21,37.79,87.85,0.4199,0.1639,23.99,L To R,Open-Meteo forecast; MLB fallback,https://forecast.weather.gov/MapClick.php?lat=33.8907&lon=-84.4677,77,16,80,Truist Park,,,,,,,,,,,
228,677950,Alek Thomas,LAD,DET,2026-08-29T17:10:00Z,Pre-Game,9,Keider Montero,672456,R,39.7,Longshot,Watch List,Platoon Edge,29.4,38.6,45.1,44.8,80.0,5.7,50.0,,Yes,Yes,9,Yes,No,MLB Stats API; RotoWire,,H:2026/2025 P:2026/2025,,,Direct BvP not yet weighted; 2026/2025 Statcast baseline active,7,3,19,0,"Last 7 games: 3/19, 0 HR","platoon edge; pitcher baseline 7.6% barrel, 14.6 HR allowed",neutral batted-ball profile; pitcher fly-ball pressure modest,7.38,39.79,89.46,100.0964,0.3741,0.1384,0.2855,70.19,8.45,31.05,24.58,4.1,0.1308,7.57,38.07,88.68,0.4033,0.165,25.35,R To L,Open-Meteo forecast; MLB fallback,https://forecast.weather.gov/MapClick.php?lat=42.3390&lon=-83.0485,70,0,70,Comerica Park,,,,,,,,,,,
229,806146,George Lombard Jr.,NYY,BOS,2026-08-29T17:05:00Z,Pre-Game,6,Jake Bennett,687562,L,39.5,Longshot,Watch List,Platoon Edge,20.0,28.8,48.2,76.2,78.0,10.8,50.0,,Yes,No,5,Yes,Yes,MLB Stats API; RotoWire,RotoWire not confirmed; order MLB 6 vs RotoWire 5,H:2026 P:2026,,,Direct BvP not yet weighted; 2026/2025 Statcast baseline active,7,5,26,0,"Last 7 games: 5/26, 0 HR","platoon edge; pitcher baseline 6.4% barrel, 7.0 HR allowed",neutral batted-ball profile; pitcher fly-ball pressure modest,7.7,34.0,85.3,97.667,0.355,0.108,0.298,72.0,18.2,32.1,22.6,2.0,0.121,6.4,36.4,88.2,0.37,0.137,25.8,In From CF,Open-Meteo forecast; MLB fallback,https://forecast.weather.gov/MapClick.php?lat=40.8296&lon=-73.9262,49,7,80,Yankee Stadium,,,,,,,,,,,
230,669364,Xavier Edwards,MIA,WSH,2026-08-29T20:05:00Z,Scheduled,4,Cade Cavalli,676917,R,39.4,Longshot,Watch List,"Projected Lineup, Premium Lineup Spot, Platoon Edge",9.1,32.7,49.7,90.4,75.0,19.5,50.0,,No,No,4,Yes,Yes,RotoWire projected lineup; MLB probable pitchers,lineup projected / unconfirmed,H:2026/2025 P:2026/2025,,,Direct BvP not yet weighted; 2026/2025 Statcast baseline active,7,7,28,0,"Last 7 games: 7/28, 0 HR","switch hitter; pitcher baseline 6.6% barrel, 14.0 HR allowed",neutral batted-ball profile; pitcher fly-ball pressure modest,2.55,29.12,86.8,96.6314,0.3544,0.0907,0.309,67.95,2.54,28.59,21.77,5.1,0.0882,6.6,41.8,88.82,0.3825,0.1361,22.1,24 deg,Open-Meteo forecast; MLB fallback,https://forecast.weather.gov/MapClick.php?lat=38.8730&lon=-77.0074,67,5,80,Nationals Park,,,,,,,,,,,
231,802415,Chandler Simpson,TB,SD,2026-08-29T20:10:00Z,Pre-Game,5,Walker Buehler,621111,R,39.4,Longshot,Watch List,Platoon Edge,0.2,41.3,50.1,86.4,80.0,36.0,50.0,,Yes,Yes,5,Yes,No,MLB Stats API; RotoWire,,H:2026/2025 P:2026/2025,,,Direct BvP not yet weighted; 2026/2025 Statcast baseline active,7,9,25,0,Contact streak: 9/25 over last 7 games,"platoon edge; pitcher baseline 8.4% barrel, 17.1 HR allowed",neutral batted-ball profile; pitcher fly-ball pressure modest,0.0,14.5,83.95,92.8305,0.3066,0.0382,0.2725,64.66,0.51,28.48,12.58,0.0,0.0535,8.45,38.43,88.88,0.4108,0.1582,23.58,None,Open-Meteo forecast; MLB fallback,https://forecast.weather.gov/MapClick.php?lat=27.7682&lon=-82.6534,89,5,80,Tropicana Field,,,,,,,,,,,
232,687551,Drew Gilbert,SF,AZ,2026-08-30T02:05:00Z,Scheduled,1,Mitch Bratt,683352,L,39.3,Longshot,Watch List,"Projected Lineup, Premium Lineup Spot",20.4,30.0,37.3,88.7,50.0,39.8,50.0,,No,No,1,Yes,Yes,RotoWire projected lineup; MLB probable pitchers,lineup projected / unconfirmed,H:2026/2025 P:2026,,,Direct BvP not yet weighted; 2026/2025 Statcast baseline active,7,5,19,1,"Last 7 games: 5/19, 1 HR","same-side matchup; pitcher baseline 7.4% barrel, 5.0 HR allowed",neutral batted-ball profile; pitcher allows elevated contact,5.39,35.87,86.74,98.2151,0.3794,0.1328,0.3127,70.45,10.2,41.54,20.18,6.5,0.1523,7.4,34.4,87.2,0.365,0.139,32.0,301 deg,Open-Meteo forecast; MLB fallback,https://forecast.weather.gov/MapClick.php?lat=37.7786&lon=-122.3893,71,12,67,Oracle Park,,,,,,,,,,,
233,622268,Donovan Walton,ATH,BAL,2026-08-30T02:05:00Z,Scheduled,8,Shane Baz,669358,R,39.3,Longshot,Watch List,"Projected Lineup, Platoon Edge",16.0,40.6,52.4,47.9,80.0,39.8,50.0,,No,No,8,Yes,Yes,RotoWire projected lineup; MLB probable pitchers,lineup projected / unconfirmed,H:2026/2025 P:2026/2025,,,Direct BvP not yet weighted; 2026/2025 Statcast baseline active,7,5,19,1,"Last 7 games: 5/19, 1 HR","platoon edge; pitcher baseline 7.5% barrel, 15.5 HR allowed",neutral batted-ball profile; pitcher fly-ball pressure modest,3.15,35.47,89.17,97.6798,0.3639,0.1026,0.3083,67.78,0.42,36.37,21.67,2.8,0.112,7.47,41.5,90.12,0.3909,0.1462,25.57,234 deg,Open-Meteo forecast; MLB fallback,https://forecast.weather.gov/MapClick.php?lat=38.5804&lon=-121.5139,51,8,74,Sutter Health Park,,,,,,,,,,,
234,670770,TJ Friedl,CIN,CHC,2026-08-29T18:20:00Z,Pre-Game,8,Kevin Gausman,592332,R,39.2,Longshot,Watch List,Platoon Edge,9.6,39.6,67.8,52.4,80.0,27.6,50.0,,Yes,Yes,8,Yes,No,MLB Stats API; RotoWire,,H:2026/2025 P:2026/2025,,,Direct BvP not yet weighted; 2026/2025 Statcast baseline active,7,2,11,1,"Last 7 games: 2/11, 1 HR","platoon edge; pitcher baseline 7.5% barrel, 18.9 HR allowed",neutral batted-ball profile; pitcher fly-ball pressure modest,2.98,28.95,87.31,97.0941,0.2736,0.0809,0.258,70.67,9.68,39.88,25.03,7.0,0.0981,7.45,39.65,88.67,0.4,0.1557,26.23,Out To CF,Open-Meteo forecast; MLB fallback,https://forecast.weather.gov/MapClick.php?lat=41.9484&lon=-87.6553,69,0,76,Wrigley Field,,,,,,,,,,,
235,655316,Andruw Monasterio,BOS,NYY,2026-08-29T17:05:00Z,Pre-Game,7,Carlos Rodón,607074,L,39.1,Longshot,Watch List,Platoon Edge,23.4,31.9,48.2,64.3,78.0,0.8,50.0,,Yes,No,7,Yes,Yes,MLB Stats API; RotoWire,RotoWire not confirmed,H:2026/2025 P:2026/2025,,,Direct BvP not yet weighted; 2026/2025 Statcast baseline active,7,3,24,0,"Last 7 games: 3/24, 0 HR","platoon edge; pitcher baseline 6.8% barrel, 9.4 HR allowed",neutral batted-ball profile; pitcher fly-ball pressure modest,6.56,32.93,87.63,97.3842,0.3707,0.1355,0.2947,69.24,3.5,39.85,31.34,5.4,0.1586,6.83,37.36,89.58,0.3489,0.1317,26.9,In From CF,Open-Meteo forecast; MLB fallback,https://forecast.weather.gov/MapClick.php?lat=40.8296&lon=-73.9262,49,7,80,Yankee Stadium,,,,,,,,,,,
236,669707,Jared Triolo,PIT,STL,2026-08-29T18:15:00Z,Pre-Game,9,Kyle Leahy,681517,R,39.0,Longshot,Watch List,No major boost,15.2,51.7,56.6,44.8,50.0,34.5,50.0,,Yes,Yes,9,Yes,No,MLB Stats API; RotoWire,,H:2026/2025 P:2026/2025,,,Direct BvP not yet weighted; 2026/2025 Statcast baseline active,7,7,20,0,Contact streak: 7/20 over last 7 games,"same-side matchup; pitcher baseline 9.9% barrel, 9.9 HR allowed",neutral batted-ball profile; pitcher fly-ball pressure modest,3.47,36.45,87.53,98.3725,0.3417,0.0943,0.2988,70.9,7.93,38.2,20.54,3.5,0.0842,9.87,46.83,90.71,0.4373,0.1684,22.47,Out To LF,Open-Meteo forecast; MLB fallback,https://forecast.weather.gov/MapClick.php?lat=38.6226&lon=-90.1928,42,0,81,Busch Stadium,,,,,,,,,,,
237,676356,Jonny DeLuca,TB,SD,2026-08-29T20:10:00Z,Pre-Game,6,Walker Buehler,621111,R,39.0,Longshot,Watch List,No major boost,11.8,41.3,50.1,76.2,50.0,33.9,50.0,,Yes,Yes,6,Yes,No,MLB Stats API; RotoWire,,H:2026/2025 P:2026/2025,,,Direct BvP not yet weighted; 2026/2025 Statcast baseline active,7,9,26,0,Contact streak: 9/26 over last 7 games,"same-side matchup; pitcher baseline 8.4% barrel, 17.1 HR allowed",neutral batted-ball profile; pitcher fly-ball pressure modest,3.28,30.68,85.67,97.4919,0.3451,0.0977,0.2733,72.82,29.29,46.51,21.85,5.6,0.1517,8.45,38.43,88.88,0.4108,0.1582,23.58,None,Open-Meteo forecast; MLB fallback,https://forecast.weather.gov/MapClick.php?lat=27.7682&lon=-82.6534,89,5,80,Tropicana Field,,,,,,,,,,,
238,624431,Jose Trevino,CIN,CHC,2026-08-29T18:20:00Z,Pre-Game,7,Kevin Gausman,592332,R,38.9,Longshot,Watch List,No major boost,11.0,39.6,67.8,64.3,50.0,27.6,50.0,,Yes,Yes,7,Yes,No,MLB Stats API; RotoWire,,H:2026/2025 P:2026/2025,,,Direct BvP not yet weighted; 2026/2025 Statcast baseline active,7,4,22,1,"Last 7 games: 4/22, 1 HR","same-side matchup; pitcher baseline 7.5% barrel, 18.9 HR allowed",neutral batted-ball profile; pitcher fly-ball pressure modest,3.52,32.72,86.43,97.4785,0.313,0.0983,0.2367,68.73,2.71,34.6,22.9,4.7,0.141,7.45,39.65,88.67,0.4,0.1557,26.23,Out To CF,Open-Meteo forecast; MLB fallback,https://forecast.weather.gov/MapClick.php?lat=41.9484&lon=-87.6553,69,0,76,Wrigley Field,,,,,,,,,,,
239,680700,Richie Palacios,TB,SD,2026-08-29T20:10:00Z,Pre-Game,7,Walker Buehler,621111,R,38.8,Longshot,Watch List,Platoon Edge,14.2,41.3,50.1,64.3,80.0,0.0,50.0,,Yes,Yes,7,Yes,No,MLB Stats API; RotoWire,,H:2026/2025 P:2026/2025,,,Direct BvP not yet weighted; 2026/2025 Statcast baseline active,7,2,25,0,"Last 7 games: 2/25, 0 HR","platoon edge; pitcher baseline 8.4% barrel, 17.1 HR allowed",neutral batted-ball profile; pitcher fly-ball pressure modest,4.29,32.48,87.24,96.9639,0.3625,0.099,0.3194,68.84,3.59,35.69,21.4,3.8,0.112,8.45,38.43,88.88,0.4108,0.1582,23.58,None,Open-Meteo forecast; MLB fallback,https://forecast.weather.gov/MapClick.php?lat=27.7682&lon=-82.6534,89,5,80,Tropicana Field,,,,,,,,,,,
240,669134,Luis Campusano,SD,TB,2026-08-29T20:10:00Z,Pre-Game,6,Nick Martinez,607259,R,38.6,Longshot,Watch List,Projected Lineup,22.4,35.4,50.1,71.7,50.0,0.0,50.0,,No,No,6,Yes,Yes,RotoWire projected lineup; MLB probable pitchers,lineup projected / unconfirmed,H:2026/2025 P:2026/2025,,,Direct BvP not yet weighted; 2026/2025 Statcast baseline active,7,1,17,0,"Last 7 games: 1/17, 0 HR","same-side matchup; pitcher baseline 7.1% barrel, 18.5 HR allowed",neutral batted-ball profile; pitcher fly-ball pressure modest,6.65,38.75,88.15,98.9207,0.3025,0.1092,0.2983,72.47,26.28,45.72,18.19,3.5,0.1274,7.07,33.52,87.39,0.424,0.1551,28.68,None,Open-Meteo forecast; MLB fallback,https://forecast.weather.gov/MapClick.php?lat=27.7682&lon=-82.6534,89,5,80,Tropicana Field,,,,,,,,,,,
241,805808,Kevin McGonigle,DET,LAD,2026-08-29T17:10:00Z,Pre-Game,3,Blake Snell,605483,L,38.4,Longshot,Watch List,Premium Lineup Spot,33.9,0.7,45.1,96.6,50.0,27.1,50.0,,Yes,Yes,3,Yes,No,MLB Stats API; RotoWire,,H:2026 P:2026/2025,,,Direct BvP not yet weighted; 2026/2025 Statcast baseline active,7,5,28,1,"Last 7 games: 5/28, 1 HR","same-side matchup; pitcher baseline 1.7% barrel, 0.9 HR allowed",fly-ball profile; pitcher fly-ball pressure modest,7.4,36.8,88.2,98.3089,0.437,0.174,0.353,71.2,16.2,37.4,36.5,14.0,0.144,1.74,17.06,82.91,0.2513,0.0546,21.82,R To L,Open-Meteo forecast; MLB fallback,https://forecast.weather.gov/MapClick.php?lat=42.3390&lon=-83.0485,70,0,70,Comerica Park,,,,,,,,,,,
242,686217,Sal Frelick,MIL,TEX,2026-08-29T23:15:00Z,Scheduled,7,Cal Quantrill,615698,R,38.4,Longshot,Watch List,"Projected Lineup, Platoon Edge",5.9,44.3,48.1,59.8,80.0,48.3,50.0,,No,No,7,Yes,Yes,RotoWire projected lineup; MLB probable pitchers,lineup projected / unconfirmed,H:2026/2025 P:2026/2025,,,Direct BvP not yet weighted; 2026/2025 Statcast baseline active,7,8,25,1,Contact streak: 8/25 over last 7 games,"platoon edge; pitcher baseline 8.6% barrel, 12.9 HR allowed",neutral batted-ball profile; pitcher fly-ball pressure modest,2.54,28.03,85.85,96.5228,0.3285,0.0812,0.2885,68.17,3.69,39.6,20.62,6.4,0.103,8.58,37.09,89.07,0.433,0.1786,29.01,144 deg,Open-Meteo forecast; MLB fallback,https://forecast.weather.gov/MapClick.php?lat=43.0280&lon=-87.9712,59,0,76,American Family Field,,,,,,,,,,,
243,801501,Nate Furman,SF,AZ,2026-08-29T20:05:00Z,Scheduled,7,Merrill Kelly,518876,R,38.2,Longshot,Watch List,"Projected Lineup, Platoon Edge",2.4,65.2,37.3,59.8,80.0,0.0,50.0,,No,No,7,Yes,Yes,RotoWire projected lineup; MLB probable pitchers,lineup projected / unconfirmed,H:2026 P:2026/2025,,,Direct BvP not yet weighted; 2026/2025 Statcast baseline active,7,1,9,0,"Last 7 games: 1/9, 0 HR","platoon edge; pitcher baseline 11.6% barrel, 25.1 HR allowed",neutral batted-ball profile; pitcher fly-ball pressure modest,0.0,30.0,83.7,96.0632,0.197,0.032,0.226,66.5,0.0,40.0,20.0,0.0,0.0,11.61,43.57,90.27,0.5136,0.2251,26.57,301 deg,Open-Meteo forecast; MLB fallback,https://forecast.weather.gov/MapClick.php?lat=37.7786&lon=-122.3893,71,12,67,Oracle Park,,,,,,,,,,,
244,681807,David Fry,CLE,KC,2026-08-29T20:10:00Z,Pre-Game,6,Daniel Lynch IV,663738,L,38.2,Longshot,Watch List,Platoon Edge,20.1,34.2,33.6,76.2,78.0,0.0,50.0,,Yes,Yes,6,Yes,No,MLB Stats API; RotoWire,,H:2026/2025 P:2026/2025,,,Direct BvP not yet weighted; 2026/2025 Statcast baseline active,7,0,10,0,"Last 7 games: 0/10, 0 HR","platoon edge; pitcher baseline 6.9% barrel, 5.2 HR allowed",neutral batted-ball profile; pitcher fly-ball pressure modest,7.28,34.76,86.46,97.5425,0.2581,0.101,0.2398,70.75,10.91,54.55,31.34,6.6,0.164,6.91,39.07,88.6,0.4,0.1529,26.12,In From CF,Open-Meteo forecast; MLB fallback,https://forecast.weather.gov/MapClick.php?lat=41.4962&lon=-81.6852,56,0,70,Progressive Field,,,,,,,,,,,
245,683766,Christian Koss,SF,AZ,2026-08-29T20:05:00Z,Scheduled,9,Merrill Kelly,518876,R,38.1,Longshot,Watch List,Projected Lineup,12.9,65.2,37.3,40.2,50.0,36.0,50.0,,No,No,9,Yes,Yes,RotoWire projected lineup; MLB probable pitchers,lineup projected / unconfirmed,H:2026/2025 P:2026/2025,,,Direct BvP not yet weighted; 2026/2025 Statcast baseline active,7,5,21,1,"Last 7 games: 5/21, 1 HR","same-side matchup; pitcher baseline 11.6% barrel, 25.1 HR allowed",neutral batted-ball profile; pitcher fly-ball pressure modest,6.07,30.94,85.71,97.7822,0.3138,0.0949,0.2578,69.79,6.42,39.21,19.33,1.6,0.0802,11.61,43.57,90.27,0.5136,0.2251,26.57,301 deg,Open-Meteo forecast; MLB fallback,https://forecast.weather.gov/MapClick.php?lat=37.7786&lon=-122.3893,71,12,67,Oracle Park,,,,,,,,,,,
246,666152,David Hamilton,MIL,TEX,2026-08-29T23:15:00Z,Scheduled,9,Cal Quantrill,615698,R,37.8,Longshot,Watch List,"Projected Lineup, Platoon Edge",11.4,44.3,48.1,40.2,80.0,55.9,50.0,,No,No,9,Yes,Yes,RotoWire projected lineup; MLB probable pitchers,lineup projected / unconfirmed,H:2026/2025 P:2026/2025,,,Direct BvP not yet weighted; 2026/2025 Statcast baseline active,7,10,27,1,Contact streak: 10/27 over last 7 games,"platoon edge; pitcher baseline 8.6% barrel, 12.9 HR allowed",neutral batted-ball profile; pitcher fly-ball pressure modest,4.25,27.8,86.81,96.8234,0.3141,0.0953,0.2719,69.73,6.87,34.69,25.67,4.6,0.1063,8.58,37.09,89.07,0.433,0.1786,29.01,144 deg,Open-Meteo forecast; MLB fallback,https://forecast.weather.gov/MapClick.php?lat=43.0280&lon=-87.9712,59,0,76,American Family Field,,,,,,,,,,,
247,593428,Xander Bogaerts,SD,TB,2026-08-29T20:10:00Z,Pre-Game,8,Nick Martinez,607259,R,37.7,Longshot,Watch List,Projected Lineup,28.8,35.4,50.1,47.9,50.0,7.0,50.0,,No,No,8,Yes,Yes,RotoWire projected lineup; MLB probable pitchers,lineup projected / unconfirmed,H:2026/2025 P:2026/2025,,,Direct BvP not yet weighted; 2026/2025 Statcast baseline active,7,4,24,0,"Last 7 games: 4/24, 0 HR","same-side matchup; pitcher baseline 7.1% barrel, 18.5 HR allowed",neutral batted-ball profile; pitcher fly-ball pressure modest,6.41,40.46,89.0,100.0351,0.3878,0.1355,0.3249,72.38,27.94,43.59,23.34,11.0,0.1126,7.07,33.52,87.39,0.424,0.1551,28.68,None,Open-Meteo forecast; MLB fallback,https://forecast.weather.gov/MapClick.php?lat=27.7682&lon=-82.6534,89,5,80,Tropicana Field,,,,,,,,,,,
248,702222,Justin Crawford,PHI,LAA,2026-08-30T02:07:00Z,Scheduled,9,Ryan Johnson,696270,R,37.7,Longshot,Watch List,"Projected Lineup, Platoon Edge",10.8,47.7,60.2,40.2,80.0,8.5,50.0,,No,No,9,Yes,Yes,RotoWire projected lineup; MLB probable pitchers,lineup projected / unconfirmed,H:2026 P:2026/2025,,,Direct BvP not yet weighted; 2026/2025 Statcast baseline active,7,3,17,0,"Last 7 games: 3/17, 0 HR","platoon edge; pitcher baseline 9.7% barrel, 12.4 HR allowed",neutral batted-ball profile; pitcher allows elevated contact,1.3,35.5,87.1,98.2448,0.322,0.063,0.286,69.1,5.7,26.9,16.9,2.0,0.086,9.69,37.26,87.89,0.4437,0.1868,33.81,229 deg,Open-Meteo forecast; MLB fallback,https://forecast.weather.gov/MapClick.php?lat=33.8003&lon=-117.8827,49,0,93,Angel Stadium,,,,,,,,,,,
249,676391,Ernie Clement,TOR,SEA,2026-08-29T19:07:00Z,Pre-Game,7,Kade Anderson,807739,L,37.5,Longshot,Watch List,Platoon Edge,5.1,51.8,41.9,64.3,78.0,8.8,50.0,,Yes,Yes,7,Yes,No,MLB Stats API; RotoWire,,H:2026/2025 P:2026,,,Direct BvP not yet weighted; 2026/2025 Statcast baseline active,7,5,28,0,"Last 7 games: 5/28, 0 HR","platoon edge; pitcher baseline 13.3% barrel, 2.0 HR allowed",neutral batted-ball profile; pitcher allows elevated contact,2.26,21.87,84.99,94.588,0.338,0.0853,0.2729,67.46,2.75,40.94,27.55,9.0,0.1168,13.3,33.3,86.7,0.373,0.205,46.7,None,Open-Meteo forecast; MLB fallback,https://forecast.weather.gov/MapClick.php?lat=43.6414&lon=-79.3894,69,0,66,Rogers Centre,,,,,,,,,,,
250,664774,LaMonte Wade,HOU,NYM,2026-08-29T20:10:00Z,Pre-Game,7,Nolan McLean,690997,R,37.5,Longshot,Watch List,"Projected Lineup, Platoon Edge",15.1,29.5,60.8,59.8,80.0,5.7,50.0,,No,No,7,Yes,Yes,RotoWire projected lineup; MLB probable pitchers,lineup projected / unconfirmed,H:2026/2025 P:2026/2025,,,Direct BvP not yet weighted; 2026/2025 Statcast baseline active,7,3,19,0,"Last 7 games: 3/19, 0 HR","platoon edge; pitcher baseline 7.1% barrel, 11.7 HR allowed",neutral batted-ball profile; pitcher fly-ball pressure modest,3.38,34.53,87.6,98.2494,0.2986,0.1013,0.2831,70.77,7.87,36.09,28.31,2.0,0.1059,7.09,37.87,88.31,0.3458,0.1257,21.91,Out To CF,NOAA link only,https://forecast.weather.gov/MapClick.php?lat=40.7571&lon=-73.8458,,,80,Citi Field,,,,,,,,,,,
251,665750,Leody Taveras,BAL,ATH,2026-08-30T02:05:00Z,Scheduled,9,Jack Perkins,678022,R,37.5,Longshot,Watch List,"Projected Lineup, Platoon Edge",19.5,38.5,52.4,40.2,75.0,21.8,50.0,,No,No,9,Yes,Yes,RotoWire projected lineup; MLB probable pitchers,lineup projected / unconfirmed,H:2026/2025 P:2026/2025,,,Direct BvP not yet weighted; 2026/2025 Statcast baseline active,7,4,28,1,"Last 7 games: 4/28, 1 HR","switch hitter; pitcher baseline 9.1% barrel, 13.1 HR allowed",neutral batted-ball profile; pitcher allows elevated contact,4.93,33.66,88.29,99.2447,0.3216,0.1117,0.2628,72.46,24.88,33.72,24.52,6.5,0.1221,9.11,36.44,87.8,0.3769,0.1489,33.75,234 deg,Open-Meteo forecast; MLB fallback,https://forecast.weather.gov/MapClick.php?lat=38.5804&lon=-121.5139,51,8,74,Sutter Health Park,,,,,,,,,,,
252,641487,J.P. Crawford,SEA,TOR,2026-08-29T19:07:00Z,Pre-Game,8,José Soriano,667755,R,37.4,Longshot,Watch List,Platoon Edge,21.2,37.9,41.9,52.4,80.0,0.0,50.0,,Yes,Yes,8,Yes,No,MLB Stats API; RotoWire,,H:2026/2025 P:2026/2025,,,Direct BvP not yet weighted; 2026/2025 Statcast baseline active,7,1,20,0,"Last 7 games: 1/20, 0 HR","platoon edge; pitcher baseline 7.8% barrel, 12.7 HR allowed",neutral batted-ball profile; pitcher fly-ball pressure modest,5.88,35.33,87.55,98.2939,0.3664,0.1214,0.3227,71.21,18.6,35.56,20.72,10.6,0.1225,7.76,41.97,89.79,0.3838,0.1383,18.54,None,Open-Meteo forecast; MLB fallback,https://forecast.weather.gov/MapClick.php?lat=43.6414&lon=-79.3894,69,0,66,Rogers Centre,,,,,,,,,,,
253,664702,Myles Straw,TOR,SEA,2026-08-29T19:07:00Z,Pre-Game,9,Kade Anderson,807739,L,37.4,Longshot,Watch List,Platoon Edge,10.2,51.8,41.9,44.8,78.0,28.9,50.0,,Yes,Yes,9,Yes,No,MLB Stats API; RotoWire,,H:2026/2025 P:2026,,,Direct BvP not yet weighted; 2026/2025 Statcast baseline active,7,5,16,0,"Last 7 games: 5/16, 0 HR","platoon edge; pitcher baseline 13.3% barrel, 2.0 HR allowed",neutral batted-ball profile; pitcher allows elevated contact,3.55,26.33,86.22,95.8771,0.358,0.1046,0.2943,68.12,5.31,35.59,26.69,3.3,0.1134,13.3,33.3,86.7,0.373,0.205,46.7,None,Open-Meteo forecast; MLB fallback,https://forecast.weather.gov/MapClick.php?lat=43.6414&lon=-79.3894,69,0,66,Rogers Centre,,,,,,,,,,,
254,702332,Caleb Durbin,BOS,NYY,2026-08-29T17:05:00Z,Pre-Game,5,Carlos Rodón,607074,L,37.3,Longshot,Watch List,Platoon Edge,4.1,31.9,48.2,86.4,78.0,22.9,50.0,,Yes,No,6,Yes,Yes,MLB Stats API; RotoWire,RotoWire not confirmed; order MLB 5 vs RotoWire 6,H:2026/2025 P:2026/2025,,,Direct BvP not yet weighted; 2026/2025 Statcast baseline active,7,6,22,0,"Last 7 games: 6/22, 0 HR","platoon edge; pitcher baseline 6.8% barrel, 9.4 HR allowed",neutral batted-ball profile; pitcher fly-ball pressure modest,3.09,26.06,84.08,95.5924,0.3333,0.0909,0.2952,68.88,5.16,40.18,20.03,11.7,0.138,6.83,37.36,89.58,0.3489,0.1317,26.9,In From CF,Open-Meteo forecast; MLB fallback,https://forecast.weather.gov/MapClick.php?lat=40.8296&lon=-73.9262,49,7,80,Yankee Stadium,,,,,,,,,,,
255,686475,Tyler Tolbert,KC,CLE,2026-08-29T20:10:00Z,Pre-Game,6,Foster Griffin,656492,L,37.2,Longshot,Watch List,Platoon Edge,7.6,43.4,33.6,76.2,78.0,14.1,50.0,,Yes,Yes,6,Yes,No,MLB Stats API; RotoWire,,H:2026/2025 P:2026,,,Direct BvP not yet weighted; 2026/2025 Statcast baseline active,7,3,14,0,"Last 7 games: 3/14, 0 HR","platoon edge; pitcher baseline 9.1% barrel, 23.0 HR allowed",neutral batted-ball profile; pitcher fly-ball pressure modest,3.03,28.93,86.13,96.6112,0.3269,0.076,0.3032,69.25,3.58,33.66,23.05,2.4,0.1189,9.1,37.7,88.0,0.418,0.164,26.0,In From CF,Open-Meteo forecast; MLB fallback,https://forecast.weather.gov/MapClick.php?lat=41.4962&lon=-81.6852,56,0,70,Progressive Field,,,,,,,,,,,
256,650402,Gleyber Torres,DET,LAD,2026-08-29T17:10:00Z,Pre-Game,1,Blake Snell,605483,L,36.5,Longshot,Watch List,"Premium Lineup Spot, Platoon Edge",25.2,0.7,45.1,93.2,78.0,8.8,50.0,,Yes,Yes,1,Yes,No,MLB Stats API; RotoWire,,H:2026/2025 P:2026/2025,,,Direct BvP not yet weighted; 2026/2025 Statcast baseline active,7,5,28,0,"Last 7 games: 5/28, 0 HR","platoon edge; pitcher baseline 1.7% barrel, 0.9 HR allowed",neutral batted-ball profile; pitcher fly-ball pressure modest,7.08,34.52,87.41,97.6618,0.4011,0.1454,0.3385,68.7,5.89,26.62,27.66,10.4,0.1247,1.74,17.06,82.91,0.2513,0.0546,21.82,R To L,Open-Meteo forecast; MLB fallback,https://forecast.weather.gov/MapClick.php?lat=42.3390&lon=-83.0485,70,0,70,Comerica Park,,,,,,,,,,,
257,676609,Jose Caballero,NYY,BOS,2026-08-29T23:15:00Z,Scheduled,7,,,,36.3,Longshot,Watch List,Projected Lineup,9.3,41.2,58.7,59.8,60.0,1.6,50.0,,No,No,9,Yes,Yes,RotoWire projected lineup; MLB probable pitchers,lineup projected / unconfirmed; order MLB 7 vs RotoWire 9,H:2026/2025 P:,,,Direct BvP not yet weighted; 2026/2025 Statcast baseline active,7,3,23,0,"Last 7 games: 3/23, 0 HR","handedness incomplete; pitcher baseline 0.0% barrel, 0.0 HR allowed",neutral batted-ball profile; pitcher fly-ball pressure modest,4.64,27.24,84.53,96.531,0.3362,0.1101,0.2857,68.89,8.05,41.25,21.52,9.9,0.1278,,,,,,,318 deg,Open-Meteo forecast; MLB fallback,https://forecast.weather.gov/MapClick.php?lat=40.8296&lon=-73.9262,49,7,80,Yankee Stadium,,,,,,,,,,,
258,642201,Eli White,BOS,NYY,2026-08-29T17:05:00Z,Pre-Game,9,Carlos Rodón,607074,L,36.2,Longshot,Watch List,Platoon Edge,19.3,31.9,48.2,44.8,78.0,22.9,50.0,,Yes,No,8,Yes,Yes,MLB Stats API; RotoWire,RotoWire not confirmed; order MLB 9 vs RotoWire 8,H:2026/2025 P:2026/2025,,,Direct BvP not yet weighted; 2026/2025 Statcast baseline active,7,3,11,0,"Last 7 games: 3/11, 0 HR","platoon edge; pitcher baseline 6.8% barrel, 9.4 HR allowed",neutral batted-ball profile; pitcher fly-ball pressure modest,6.23,32.21,86.16,98.3206,0.3426,0.1185,0.2708,72.76,26.84,36.61,24.01,6.5,0.1524,6.83,37.36,89.58,0.3489,0.1317,26.9,In From CF,Open-Meteo forecast; MLB fallback,https://forecast.weather.gov/MapClick.php?lat=40.8296&lon=-73.9262,49,7,80,Yankee Stadium,,,,,,,,,,,
259,808982,Jung Hoo Lee,SF,AZ,2026-08-30T02:05:00Z,Scheduled,4,Mitch Bratt,683352,L,35.5,Longshot,Watch List,"Projected Lineup, Premium Lineup Spot",11.9,30.0,37.3,90.4,50.0,10.6,50.0,,No,No,5,Yes,Yes,RotoWire projected lineup; MLB probable pitchers,lineup projected / unconfirmed; order MLB 4 vs RotoWire 5,H:2026/2025 P:2026,,,Direct BvP not yet weighted; 2026/2025 Statcast baseline active,7,4,21,0,"Last 7 games: 4/21, 0 HR","same-side matchup; pitcher baseline 7.4% barrel, 5.0 HR allowed",neutral batted-ball profile; pitcher allows elevated contact,2.93,30.67,87.17,96.7448,0.3829,0.0975,0.3161,68.37,3.61,37.76,22.66,8.7,0.1354,7.4,34.4,87.2,0.365,0.139,32.0,301 deg,Open-Meteo forecast; MLB fallback,https://forecast.weather.gov/MapClick.php?lat=37.7786&lon=-122.3893,71,12,67,Oracle Park,,,,,,,,,,,
260,701852,Drew Cavanaugh,SF,AZ,2026-08-30T02:05:00Z,Scheduled,6,Mitch Bratt,683352,L,35.5,Longshot,Watch List,Projected Lineup,19.5,30.0,37.3,71.7,50.0,15.3,50.0,,No,No,6,Yes,Yes,RotoWire projected lineup; MLB probable pitchers,lineup projected / unconfirmed,H:2026 P:2026,,,Direct BvP not yet weighted; 2026/2025 Statcast baseline active,7,4,18,0,"Last 7 games: 4/18, 0 HR","same-side matchup; pitcher baseline 7.4% barrel, 5.0 HR allowed",neutral batted-ball profile; pitcher allows elevated contact,5.9,32.9,86.7,99.0642,0.382,0.13,0.331,69.3,5.1,25.7,22.9,0.0,0.01,7.4,34.4,87.2,0.365,0.139,32.0,301 deg,Open-Meteo forecast; MLB fallback,https://forecast.weather.gov/MapClick.php?lat=37.7786&lon=-122.3893,71,12,67,Oracle Park,,,,,,,,,,,
261,686765,Nick Sogard,BOS,NYY,2026-08-29T17:05:00Z,Pre-Game,8,Carlos Rodón,607074,L,35.4,Longshot,Watch List,Platoon Edge,13.3,30.9,48.2,52.4,75.0,32.5,50.0,,Yes,No,9,Yes,Yes,MLB Stats API; RotoWire,RotoWire not confirmed; order MLB 8 vs RotoWire 9,H:2026/2025 P:2026/2025,,,Direct BvP not yet weighted; 2026/2025 Statcast baseline active,7,6,28,1,"Last 7 games: 6/28, 1 HR","switch hitter; pitcher baseline 6.8% barrel, 9.4 HR allowed",neutral batted-ball profile; pitcher fly-ball pressure modest,5.39,28.96,85.72,96.3053,0.3547,0.1093,0.3139,68.78,3.4,44.89,23.04,1.4,0.1106,6.83,37.36,89.58,0.3489,0.1317,26.9,In From CF,Open-Meteo forecast; MLB fallback,https://forecast.weather.gov/MapClick.php?lat=40.8296&lon=-73.9262,49,7,80,Yankee Stadium,,,,,,,,,,,
262,683090,Matthew Lugo,KC,CLE,2026-08-29T20:10:00Z,Pre-Game,8,Foster Griffin,656492,L,35.4,Longshot,Watch List,Platoon Edge,7.5,43.4,33.6,52.4,78.0,45.0,50.0,,Yes,Yes,8,Yes,No,MLB Stats API; RotoWire,,H:2026/2025 P:2026,,,Direct BvP not yet weighted; 2026/2025 Statcast baseline active,1,1,1,0,Contact streak: 1/1 over last 1 games,"platoon edge; pitcher baseline 9.1% barrel, 23.0 HR allowed",neutral batted-ball profile; pitcher fly-ball pressure modest,3.99,12.66,74.9,78.5506,0.1165,0.0493,0.0808,76.62,80.56,15.33,6.66,1.2,0.0696,9.1,37.7,88.0,0.418,0.164,26.0,In From CF,Open-Meteo forecast; MLB fallback,https://forecast.weather.gov/MapClick.php?lat=41.4962&lon=-81.6852,56,0,70,Progressive Field,,,,,,,,,,,
263,801126,Brock Rodden,SEA,TOR,2026-08-29T19:07:00Z,Pre-Game,9,José Soriano,667755,R,35.2,Longshot,Watch List,Platoon Edge,19.8,36.5,41.9,44.8,75.0,0.0,50.0,,Yes,Yes,9,Yes,No,MLB Stats API; RotoWire,,H:2026 P:2026/2025,,,Direct BvP not yet weighted; 2026/2025 Statcast baseline active,7,1,18,0,"Last 7 games: 1/18, 0 HR","switch hitter; pitcher baseline 7.8% barrel, 12.7 HR allowed",fly-ball profile; pitcher fly-ball pressure modest,4.5,40.9,87.7,97.7912,0.211,0.083,0.219,69.0,1.6,63.6,40.9,0.0,0.115,7.76,41.97,89.79,0.3838,0.1383,18.54,None,Open-Meteo forecast; MLB fallback,https://forecast.weather.gov/MapClick.php?lat=43.6414&lon=-79.3894,69,0,66,Rogers Centre,,,,,,,,,,,
264,655316,Andruw Monasterio,BOS,NYY,2026-08-29T23:15:00Z,Scheduled,7,Max Fried,608331,L,34.9,Longshot,Watch List,"Projected Lineup, Platoon Edge",23.4,9.8,58.7,59.8,78.0,0.8,50.0,,No,No,7,Yes,Yes,RotoWire projected lineup; MLB probable pitchers,lineup projected / unconfirmed,H:2026/2025 P:2026/2025,,,Direct BvP not yet weighted; 2026/2025 Statcast baseline active,7,3,24,0,"Last 7 games: 3/24, 0 HR","platoon edge; pitcher baseline 3.3% barrel, 5.6 HR allowed",neutral batted-ball profile; pitcher fly-ball pressure modest,6.56,32.93,87.63,97.3842,0.3707,0.1355,0.2947,69.24,3.5,39.85,31.34,5.4,0.1586,3.33,33.07,86.5,0.2919,0.0823,21.69,318 deg,Open-Meteo forecast; MLB fallback,https://forecast.weather.gov/MapClick.php?lat=40.8296&lon=-73.9262,49,7,80,Yankee Stadium,,,,,,,,,,,
265,680757,Steven Kwan,CLE,KC,2026-08-29T20:10:00Z,Pre-Game,1,Daniel Lynch IV,663738,L,34.8,Longshot,Watch List,Premium Lineup Spot,2.6,34.2,33.6,93.2,50.0,36.5,50.0,,Yes,Yes,1,Yes,No,MLB Stats API; RotoWire,,H:2026/2025 P:2026/2025,,,Direct BvP not yet weighted; 2026/2025 Statcast baseline active,7,12,33,0,Contact streak: 12/33 over last 7 games,"same-side matchup; pitcher baseline 6.9% barrel, 5.2 HR allowed",neutral batted-ball profile; pitcher fly-ball pressure modest,0.92,12.51,84.52,92.6431,0.3422,0.072,0.3191,62.8,0.38,28.23,23.58,4.7,0.0719,6.91,39.07,88.6,0.4,0.1529,26.12,In From CF,Open-Meteo forecast; MLB fallback,https://forecast.weather.gov/MapClick.php?lat=41.4962&lon=-81.6852,56,0,70,Progressive Field,,,,,,,,,,,
266,645305,Ali Sanchez,NYY,BOS,2026-08-29T23:15:00Z,Scheduled,9,,,,34.7,Longshot,Watch List,Projected Lineup,13.1,41.2,58.7,40.2,60.0,0.8,50.0,,No,Yes,9,Yes,Yes,RotoWire projected lineup; MLB probable pitchers,lineup projected / unconfirmed,H:2026/2025 P:,,,Direct BvP not yet weighted; 2026/2025 Statcast baseline active,7,1,8,0,"Last 7 games: 1/8, 0 HR","handedness incomplete; pitcher baseline 0.0% barrel, 0.0 HR allowed",neutral batted-ball profile; pitcher fly-ball pressure modest,6.82,30.63,84.52,96.1167,0.3344,0.0931,0.2613,70.14,7.77,36.72,20.47,0.7,0.0814,,,,,,,318 deg,Open-Meteo forecast; MLB fallback,https://forecast.weather.gov/MapClick.php?lat=40.8296&lon=-73.9262,49,7,80,Yankee Stadium,,,,,,,,,,,
267,595978,Austin Hedges,CLE,KC,2026-08-29T20:10:00Z,Pre-Game,8,Daniel Lynch IV,663738,L,34.7,Longshot,Watch List,Platoon Edge,13.7,34.2,33.6,52.4,78.0,36.0,50.0,,Yes,Yes,8,Yes,No,MLB Stats API; RotoWire,,H:2026/2025 P:2026/2025,,,Direct BvP not yet weighted; 2026/2025 Statcast baseline active,7,5,21,1,"Last 7 games: 5/21, 1 HR","platoon edge; pitcher baseline 6.9% barrel, 5.2 HR allowed",neutral batted-ball profile; pitcher fly-ball pressure modest,4.31,32.34,87.01,97.8339,0.3141,0.0972,0.2728,70.1,10.23,49.0,24.01,5.0,0.1216,6.91,39.07,88.6,0.4,0.1529,26.12,In From CF,Open-Meteo forecast; MLB fallback,https://forecast.weather.gov/MapClick.php?lat=41.4962&lon=-81.6852,56,0,70,Progressive Field,,,,,,,,,,,
268,806198,Cooper Pratt,MIL,TEX,2026-08-29T23:15:00Z,Scheduled,8,Cal Quantrill,615698,R,34.4,Longshot,Watch List,Projected Lineup,10.9,44.3,48.1,47.9,50.0,17.3,50.0,,No,No,8,Yes,Yes,RotoWire projected lineup; MLB probable pitchers,lineup projected / unconfirmed,H:2026 P:2026/2025,,,Direct BvP not yet weighted; 2026/2025 Statcast baseline active,7,4,17,0,"Last 7 games: 4/17, 0 HR","same-side matchup; pitcher baseline 8.6% barrel, 12.9 HR allowed",neutral batted-ball profile; pitcher fly-ball pressure modest,3.3,29.0,86.9,96.7445,0.341,0.091,0.306,70.1,7.8,33.1,24.2,2.0,0.085,8.58,37.09,89.07,0.433,0.1786,29.01,144 deg,Open-Meteo forecast; MLB fallback,https://forecast.weather.gov/MapClick.php?lat=43.0280&lon=-87.9712,59,0,76,American Family Field,,,,,,,,,,,
269,650859,Luis Rengifo,SD,TB,2026-08-29T20:10:00Z,Pre-Game,9,Nick Martinez,607259,R,34.3,Longshot,Watch List,"Projected Lineup, Platoon Edge",16.0,33.5,50.1,40.2,75.0,9.3,50.0,,No,No,9,Yes,Yes,RotoWire projected lineup; MLB probable pitchers,lineup projected / unconfirmed,H:2026/2025 P:2026/2025,,,Direct BvP not yet weighted; 2026/2025 Statcast baseline active,7,4,22,0,"Last 7 games: 4/22, 0 HR","switch hitter; pitcher baseline 7.1% barrel, 18.5 HR allowed",neutral batted-ball profile; pitcher fly-ball pressure modest,4.44,33.75,87.52,97.7532,0.354,0.0989,0.3027,70.83,14.09,36.9,17.94,5.5,0.083,7.07,33.52,87.39,0.424,0.1551,28.68,None,Open-Meteo forecast; MLB fallback,https://forecast.weather.gov/MapClick.php?lat=27.7682&lon=-82.6534,89,5,80,Tropicana Field,,,,,,,,,,,
270,676609,José Caballero,NYY,BOS,2026-08-29T17:05:00Z,Pre-Game,7,Jake Bennett,687562,L,34.1,Longshot,Watch List,Platoon Edge,9.3,28.8,48.2,64.3,78.0,1.6,50.0,,Yes,No,9,Yes,Yes,MLB Stats API; RotoWire,RotoWire not confirmed; order MLB 7 vs RotoWire 9,H:2026/2025 P:2026,,,Direct BvP not yet weighted; 2026/2025 Statcast baseline active,7,3,23,0,"Last 7 games: 3/23, 0 HR","platoon edge; pitcher baseline 6.4% barrel, 7.0 HR allowed",neutral batted-ball profile; pitcher fly-ball pressure modest,4.64,27.24,84.53,96.531,0.3362,0.1101,0.2857,68.89,8.05,41.25,21.52,9.9,0.1278,6.4,36.4,88.2,0.37,0.137,25.8,In From CF,Open-Meteo forecast; MLB fallback,https://forecast.weather.gov/MapClick.php?lat=40.8296&lon=-73.9262,49,7,80,Yankee Stadium,,,,,,,,,,,
271,694497,Evan Carter,TEX,MIL,2026-08-29T23:15:00Z,Scheduled,9,Shane Drohan,675660,L,33.7,Longshot,Watch List,Projected Lineup,20.8,33.2,48.1,40.2,50.0,15.3,50.0,,No,No,9,Yes,Yes,RotoWire projected lineup; MLB probable pitchers,lineup projected / unconfirmed,H:2026/2025 P:2026,,,Direct BvP not yet weighted; 2026/2025 Statcast baseline active,7,4,18,0,"Last 7 games: 4/18, 0 HR","same-side matchup; pitcher baseline 8.0% barrel, 9.0 HR allowed",neutral batted-ball profile; pitcher fly-ball pressure modest,5.55,35.23,87.47,98.6229,0.332,0.1197,0.2898,70.95,17.23,38.07,28.19,7.1,0.1317,8.0,37.5,87.9,0.361,0.131,28.2,144 deg,Open-Meteo forecast; MLB fallback,https://forecast.weather.gov/MapClick.php?lat=43.0280&lon=-87.9712,59,0,76,American Family Field,,,,,,,,,,,
272,702332,Caleb Durbin,BOS,NYY,2026-08-29T23:15:00Z,Scheduled,5,Max Fried,608331,L,33.1,Longshot,Watch List,"Projected Lineup, Platoon Edge",4.1,9.8,58.7,81.9,78.0,22.9,50.0,,No,No,6,Yes,Yes,RotoWire projected lineup; MLB probable pitchers,lineup projected / unconfirmed; order MLB 5 vs RotoWire 6,H:2026/2025 P:2026/2025,,,Direct BvP not yet weighted; 2026/2025 Statcast baseline active,7,6,22,0,"Last 7 games: 6/22, 0 HR","platoon edge; pitcher baseline 3.3% barrel, 5.6 HR allowed",neutral batted-ball profile; pitcher fly-ball pressure modest,3.09,26.06,84.08,95.5924,0.3333,0.0909,0.2952,68.88,5.16,40.18,20.03,11.7,0.138,3.33,33.07,86.5,0.2919,0.0823,21.69,318 deg,Open-Meteo forecast; MLB fallback,https://forecast.weather.gov/MapClick.php?lat=40.8296&lon=-73.9262,49,7,80,Yankee Stadium,,,,,,,,,,,
273,696285,Jacob Young,WSH,MIA,2026-08-29T20:05:00Z,Scheduled,9,Sandy Alcantara,645261,R,33.1,Longshot,Watch List,Projected Lineup,17.9,33.8,49.7,40.2,50.0,14.6,50.0,,No,No,9,Yes,Yes,RotoWire projected lineup; MLB probable pitchers,lineup projected / unconfirmed,H:2026/2025 P:2026/2025,,,Direct BvP not yet weighted; 2026/2025 Statcast baseline active,7,5,23,0,"Last 7 games: 5/23, 0 HR","same-side matchup; pitcher baseline 6.3% barrel, 19.2 HR allowed",neutral batted-ball profile; pitcher fly-ball pressure modest,4.91,32.24,87.74,97.9032,0.3745,0.1139,0.3117,69.21,2.09,35.84,24.14,7.6,0.1211,6.29,38.07,88.95,0.387,0.1351,24.1,24 deg,Open-Meteo forecast; MLB fallback,https://forecast.weather.gov/MapClick.php?lat=38.8730&lon=-77.0074,67,5,80,Nationals Park,,,,,,,,,,,
274,670764,Taylor Walls,TB,SD,2026-08-29T20:10:00Z,Pre-Game,9,Walker Buehler,621111,R,32.8,Longshot,Watch List,Platoon Edge,5.5,39.5,50.1,44.8,75.0,3.4,50.0,,Yes,Yes,9,Yes,No,MLB Stats API; RotoWire,,H:2026/2025 P:2026/2025,,,Direct BvP not yet weighted; 2026/2025 Statcast baseline active,7,3,21,0,"Last 7 games: 3/21, 0 HR","switch hitter; pitcher baseline 8.4% barrel, 17.1 HR allowed",neutral batted-ball profile; pitcher fly-ball pressure modest,2.36,23.32,85.95,95.4954,0.2712,0.0766,0.2519,68.35,2.06,37.84,28.77,2.6,0.0815,8.45,38.43,88.88,0.4108,0.1582,23.58,None,Open-Meteo forecast; MLB fallback,https://forecast.weather.gov/MapClick.php?lat=27.7682&lon=-82.6534,89,5,80,Tropicana Field,,,,,,,,,,,
275,683227,Cody Freeman,TEX,MIL,2026-08-29T23:15:00Z,Scheduled,7,Shane Drohan,675660,L,32.8,Longshot,Watch List,"Projected Lineup, Platoon Edge",0.5,33.2,48.1,59.8,78.0,22.9,50.0,,No,No,7,Yes,Yes,RotoWire projected lineup; MLB probable pitchers,lineup projected / unconfirmed,H:2026/2025 P:2026,,,Direct BvP not yet weighted; 2026/2025 Statcast baseline active,7,6,22,0,"Last 7 games: 6/22, 0 HR","platoon edge; pitcher baseline 8.0% barrel, 9.0 HR allowed",neutral batted-ball profile; pitcher fly-ball pressure modest,1.26,19.71,83.29,93.96,0.2378,0.0464,0.2346,66.95,0.45,41.11,17.55,0.9,0.0629,8.0,37.5,87.9,0.361,0.131,28.2,144 deg,Open-Meteo forecast; MLB fallback,https://forecast.weather.gov/MapClick.php?lat=43.0280&lon=-87.9712,59,0,76,American Family Field,,,,,,,,,,,
276,645305,Ali Sánchez,NYY,BOS,2026-08-29T17:05:00Z,Pre-Game,9,Jake Bennett,687562,L,32.5,Longshot,Watch List,Platoon Edge,13.1,28.8,48.2,44.8,78.0,0.8,50.0,,Yes,Yes,9,Yes,No,MLB Stats API; RotoWire,,H:2026/2025 P:2026,,,Direct BvP not yet weighted; 2026/2025 Statcast baseline active,7,1,8,0,"Last 7 games: 1/8, 0 HR","platoon edge; pitcher baseline 6.4% barrel, 7.0 HR allowed",neutral batted-ball profile; pitcher fly-ball pressure modest,6.82,30.63,84.52,96.1167,0.3344,0.0931,0.2613,70.14,7.77,36.72,20.47,0.7,0.0814,6.4,36.4,88.2,0.37,0.137,25.8,In From CF,Open-Meteo forecast; MLB fallback,https://forecast.weather.gov/MapClick.php?lat=40.8296&lon=-73.9262,49,7,80,Yankee Stadium,,,,,,,,,,,
277,683766,Christian Koss,SF,AZ,2026-08-30T02:05:00Z,Scheduled,9,Mitch Bratt,683352,L,32.3,Longshot,Watch List,"Projected Lineup, Platoon Edge",12.9,30.0,37.3,40.2,78.0,36.0,50.0,,No,No,9,Yes,Yes,RotoWire projected lineup; MLB probable pitchers,lineup projected / unconfirmed,H:2026/2025 P:2026,,,Direct BvP not yet weighted; 2026/2025 Statcast baseline active,7,5,21,1,"Last 7 games: 5/21, 1 HR","platoon edge; pitcher baseline 7.4% barrel, 5.0 HR allowed",neutral batted-ball profile; pitcher allows elevated contact,6.07,30.94,85.71,97.7822,0.3138,0.0949,0.2578,69.79,6.42,39.21,19.33,1.6,0.0802,7.4,34.4,87.2,0.365,0.139,32.0,301 deg,Open-Meteo forecast; MLB fallback,https://forecast.weather.gov/MapClick.php?lat=37.7786&lon=-122.3893,71,12,67,Oracle Park,,,,,,,,,,,
278,571912,Luke Maile,KC,CLE,2026-08-29T20:10:00Z,Pre-Game,9,Foster Griffin,656492,L,32.3,Longshot,Watch List,Platoon Edge,8.3,43.4,33.6,44.8,78.0,0.0,50.0,,Yes,Yes,9,Yes,No,MLB Stats API; RotoWire,,H:2026/2025 P:2026,,,Direct BvP not yet weighted; 2026/2025 Statcast baseline active,7,2,17,0,"Last 7 games: 2/17, 0 HR","platoon edge; pitcher baseline 9.1% barrel, 23.0 HR allowed",neutral batted-ball profile; pitcher fly-ball pressure modest,5.87,25.25,84.85,96.0169,0.2701,0.0857,0.2251,69.57,2.68,38.84,22.32,1.0,0.1302,9.1,37.7,88.0,0.418,0.164,26.0,In From CF,Open-Meteo forecast; MLB fallback,https://forecast.weather.gov/MapClick.php?lat=41.4962&lon=-81.6852,56,0,70,Progressive Field,,,,,,,,,,,
279,677587,Brayan Rocchio,CLE,KC,2026-08-29T20:10:00Z,Pre-Game,9,Daniel Lynch IV,663738,L,32.2,Longshot,Watch List,Platoon Edge,14.2,33.7,33.6,44.8,75.0,10.8,50.0,,Yes,Yes,9,Yes,No,MLB Stats API; RotoWire,,H:2026/2025 P:2026/2025,,,Direct BvP not yet weighted; 2026/2025 Statcast baseline active,7,5,26,0,"Last 7 games: 5/26, 0 HR","switch hitter; pitcher baseline 6.9% barrel, 5.2 HR allowed",neutral batted-ball profile; pitcher fly-ball pressure modest,3.16,32.49,87.16,97.3172,0.3517,0.1067,0.2936,69.93,7.01,43.71,25.44,8.5,0.114,6.91,39.07,88.6,0.4,0.1529,26.12,In From CF,Open-Meteo forecast; MLB fallback,https://forecast.weather.gov/MapClick.php?lat=41.4962&lon=-81.6852,56,0,70,Progressive Field,,,,,,,,,,,
280,642201,Eli White,BOS,NYY,2026-08-29T23:15:00Z,Scheduled,9,Max Fried,608331,L,32.0,Longshot,Watch List,"Projected Lineup, Platoon Edge",19.3,9.8,58.7,40.2,78.0,22.9,50.0,,No,No,8,Yes,Yes,RotoWire projected lineup; MLB probable pitchers,lineup projected / unconfirmed; order MLB 9 vs RotoWire 8,H:2026/2025 P:2026/2025,,,Direct BvP not yet weighted; 2026/2025 Statcast baseline active,7,3,11,0,"Last 7 games: 3/11, 0 HR","platoon edge; pitcher baseline 3.3% barrel, 5.6 HR allowed",neutral batted-ball profile; pitcher fly-ball pressure modest,6.23,32.21,86.16,98.3206,0.3426,0.1185,0.2708,72.76,26.84,36.61,24.01,6.5,0.1524,3.33,33.07,86.5,0.2919,0.0823,21.69,318 deg,Open-Meteo forecast; MLB fallback,https://forecast.weather.gov/MapClick.php?lat=40.8296&lon=-73.9262,49,7,80,Yankee Stadium,,,,,,,,,,,
281,701162,Ben Malgeri,DET,LAD,2026-08-29T17:10:00Z,Pre-Game,7,Blake Snell,605483,L,31.9,Longshot,Watch List,Platoon Edge,24.6,0.7,45.1,64.3,78.0,0.0,50.0,,Yes,Yes,7,Yes,No,MLB Stats API; RotoWire,,H:2026 P:2026/2025,,,Direct BvP not yet weighted; 2026/2025 Statcast baseline active,7,1,14,0,"Last 7 games: 1/14, 0 HR","platoon edge; pitcher baseline 1.7% barrel, 0.9 HR allowed",neutral batted-ball profile; pitcher fly-ball pressure modest,5.9,41.2,89.8,99.9523,0.339,0.109,0.315,69.1,4.6,41.2,25.5,3.0,0.157,1.74,17.06,82.91,0.2513,0.0546,21.82,R To L,Open-Meteo forecast; MLB fallback,https://forecast.weather.gov/MapClick.php?lat=42.3390&lon=-83.0485,70,0,70,Comerica Park,,,,,,,,,,,
282,685133,Wade Meckler,LAA,PHI,2026-08-30T02:07:00Z,Scheduled,9,Cristopher Sánchez,650911,L,31.6,Longshot,Watch List,Projected Lineup,10.8,31.9,60.2,40.2,50.0,8.1,50.0,,No,No,9,Yes,Yes,RotoWire projected lineup; MLB probable pitchers,lineup projected / unconfirmed,H:2026 P:2026/2025,,,Direct BvP not yet weighted; 2026/2025 Statcast baseline active,7,4,23,0,"Last 7 games: 4/23, 0 HR","same-side matchup; pitcher baseline 6.8% barrel, 13.4 HR allowed",neutral batted-ball profile; pitcher fly-ball pressure modest,3.1,31.9,86.5,96.5606,0.351,0.099,0.306,68.9,2.4,33.8,18.8,3.0,0.092,6.82,41.34,89.21,0.3548,0.1207,16.41,229 deg,Open-Meteo forecast; MLB fallback,https://forecast.weather.gov/MapClick.php?lat=33.8003&lon=-117.8827,49,0,93,Angel Stadium,,,,,,,,,,,
283,691594,Javier Sanoja,MIA,WSH,2026-08-29T20:05:00Z,Scheduled,9,Cade Cavalli,676917,R,31.4,Longshot,Watch List,Projected Lineup,10.0,34.2,49.7,40.2,50.0,28.2,50.0,,No,No,9,Yes,Yes,RotoWire projected lineup; MLB probable pitchers,lineup projected / unconfirmed,H:2026/2025 P:2026/2025,,,Direct BvP not yet weighted; 2026/2025 Statcast baseline active,7,8,26,0,"Last 7 games: 8/26, 0 HR","same-side matchup; pitcher baseline 6.6% barrel, 14.0 HR allowed",neutral batted-ball profile; pitcher fly-ball pressure modest,2.08,32.13,87.38,97.393,0.3357,0.0795,0.2806,68.93,6.6,37.31,19.53,6.0,0.1453,6.6,41.8,88.82,0.3825,0.1361,22.1,24 deg,Open-Meteo forecast; MLB fallback,https://forecast.weather.gov/MapClick.php?lat=38.8730&lon=-77.0074,67,5,80,Nationals Park,,,,,,,,,,,
284,686765,Nick Sogard,BOS,NYY,2026-08-29T23:15:00Z,Scheduled,8,Max Fried,608331,L,31.3,Longshot,Watch List,"Projected Lineup, Platoon Edge",13.3,9.2,58.7,47.9,75.0,32.5,50.0,,No,No,9,Yes,Yes,RotoWire projected lineup; MLB probable pitchers,lineup projected / unconfirmed; order MLB 8 vs RotoWire 9,H:2026/2025 P:2026/2025,,,Direct BvP not yet weighted; 2026/2025 Statcast baseline active,7,6,28,1,"Last 7 games: 6/28, 1 HR","switch hitter; pitcher baseline 3.3% barrel, 5.6 HR allowed",neutral batted-ball profile; pitcher fly-ball pressure modest,5.39,28.96,85.72,96.3053,0.3547,0.1093,0.3139,68.78,3.4,44.89,23.04,1.4,0.1106,3.33,33.07,86.5,0.2919,0.0823,21.69,318 deg,Open-Meteo forecast; MLB fallback,https://forecast.weather.gov/MapClick.php?lat=40.8296&lon=-73.9262,49,7,80,Yankee Stadium,,,,,,,,,,,
285,683083,Nasim Nunez,WSH,MIA,2026-08-29T20:05:00Z,Scheduled,8,Sandy Alcantara,645261,R,31.1,Longshot,Watch List,"Projected Lineup, Platoon Edge",5.4,31.7,49.7,47.9,75.0,0.0,50.0,,No,No,8,Yes,Yes,RotoWire projected lineup; MLB probable pitchers,lineup projected / unconfirmed,H:2026/2025 P:2026/2025,,,Direct BvP not yet weighted; 2026/2025 Statcast baseline active,7,2,22,0,"Last 7 games: 2/22, 0 HR","switch hitter; pitcher baseline 6.3% barrel, 19.2 HR allowed",neutral batted-ball profile; pitcher fly-ball pressure modest,1.62,27.71,86.15,96.0872,0.2991,0.072,0.275,68.74,4.77,30.52,19.59,1.9,0.0748,6.29,38.07,88.95,0.387,0.1351,24.1,24 deg,Open-Meteo forecast; MLB fallback,https://forecast.weather.gov/MapClick.php?lat=38.8730&lon=-77.0074,67,5,80,Nationals Park,,,,,,,,,,,
286,801501,Nate Furman,SF,AZ,2026-08-30T02:05:00Z,Scheduled,7,Mitch Bratt,683352,L,27.7,Longshot,Watch List,Projected Lineup,2.4,30.0,37.3,59.8,50.0,0.0,50.0,,No,No,7,Yes,Yes,RotoWire projected lineup; MLB probable pitchers,lineup projected / unconfirmed,H:2026 P:2026,,,Direct BvP not yet weighted; 2026/2025 Statcast baseline active,7,1,9,0,"Last 7 games: 1/9, 0 HR","same-side matchup; pitcher baseline 7.4% barrel, 5.0 HR allowed",neutral batted-ball profile; pitcher allows elevated contact,0.0,30.0,83.7,96.0632,0.197,0.032,0.226,66.5,0.0,40.0,20.0,0.0,0.0,7.4,34.4,87.2,0.365,0.139,32.0,301 deg,Open-Meteo forecast; MLB fallback,https://forecast.weather.gov/MapClick.php?lat=37.7786&lon=-122.3893,71,12,67,Oracle Park,,,,,,,,,,,
287,595879,Javier Báez,DET,LAD,2026-08-29T17:10:00Z,Pre-Game,8,Blake Snell,605483,L,27.4,Longshot,Watch List,Platoon Edge,14.0,0.7,45.1,52.4,78.0,10.6,50.0,,Yes,Yes,8,Yes,No,MLB Stats API; RotoWire,,H:2026/2025 P:2026/2025,,,Direct BvP not yet weighted; 2026/2025 Statcast baseline active,7,4,21,0,"Last 7 games: 4/21, 0 HR","platoon edge; pitcher baseline 1.7% barrel, 0.9 HR allowed",neutral batted-ball profile; pitcher fly-ball pressure modest,3.4,35.49,86.31,97.7758,0.3338,0.0891,0.2696,73.22,31.57,42.53,21.42,5.0,0.1217,1.74,17.06,82.91,0.2513,0.0546,21.82,R To L,Open-Meteo forecast; MLB fallback,https://forecast.weather.gov/MapClick.php?lat=42.3390&lon=-83.0485,70,0,70,Comerica Park,,,,,,,,,,,
288,703601,Max Clark,DET,LAD,2026-08-29T17:10:00Z,Pre-Game,9,Blake Snell,605483,L,26.1,Longshot,Watch List,No major boost,18.5,0.7,45.1,44.8,50.0,22.8,50.0,,Yes,Yes,9,Yes,No,MLB Stats API; RotoWire,,H:2026 P:2026/2025,,,Direct BvP not yet weighted; 2026/2025 Statcast baseline active,7,3,20,1,"Last 7 games: 3/20, 1 HR","same-side matchup; pitcher baseline 1.7% barrel, 0.9 HR allowed",neutral batted-ball profile; pitcher fly-ball pressure modest,1.4,40.0,86.5,97.9392,0.366,0.095,0.31,73.4,28.7,37.1,28.6,2.0,0.167,1.74,17.06,82.91,0.2513,0.0546,21.82,R To L,Open-Meteo forecast; MLB fallback,https://forecast.weather.gov/MapClick.php?lat=42.3390&lon=-83.0485,70,0,70,Comerica Park,,,,,,,,,,,
