rank,hitter_id,player,team,opponent,game_start_time,game_status,batting_order,pitcher,pitcher_id,pitcher_hand,hr_score,tier,play_type,reason_tags,power_score,pitcher_score,environment_score,lineup_score,platoon_score,recent_form_score,confirmed_lineup,rotowire_confirmed_lineup,rotowire_batting_order,rotowire_player_found,lineup_disagreement,lineup_sources_used,source_warnings,stat_years_used,bvp_pa,bvp_hr,bvp_note,recent_games,recent_hits,recent_abs,recent_hr,recent_form_note,split_matchup_note,pitch_mix_note,barrel_pct,hard_hit_pct,avg_exit_velocity,ev50,xslg,xiso,xwoba,bat_speed,fast_swing_pct,pull_pct,fb_pct,hr_total,iso,pitcher_barrel_pct_allowed,pitcher_hard_hit_pct_allowed,pitcher_avg_exit_velocity_allowed,pitcher_xslg_allowed,pitcher_xiso_allowed,pitcher_fb_pct_allowed,wind_direction,weather_source,weather_url,weather_humidity,weather_precip_pct,weather_temp,ballpark,odds
1,695578,James Wood,WSH,TOR,2026-07-28T22:45:00Z,Scheduled,1,Shane Bieber,669456,R,73.8,Tier 2,Watch List,"Projected Lineup, Elite Power, Strong Barrel, Premium Lineup Spot, Platoon Edge",83.9,65.5,51.7,88.7,80.0,60.0,No,No,1,Yes,Yes,RotoWire projected lineup; MLB probable pitchers,lineup projected / unconfirmed,H:2026/2025 P:2026/2025,,,Direct BvP not yet weighted; 2026/2025 Statcast baseline active,7,8,29,2,Hot streak: 2 HR in last 7 games,"platoon edge; pitcher baseline 11.5% barrel, 7.3 HR allowed",EV profile; pitcher fly-ball pressure modest,20.32,57.91,94.86,106.3512,0.57,0.2974,0.4058,76.63,66.83,30.82,26.48,30.3,0.2645,11.53,47.29,90.61,0.5315,0.2369,25.47,139 deg,Open-Meteo forecast; MLB fallback,https://forecast.weather.gov/MapClick.php?lat=38.8730&lon=-77.0074,65,2,82,Nationals Park,
2,808959,Munetaka Murakami,CWS,NYY,2026-07-28T23:40:00Z,Scheduled,2,Gerrit Cole,543037,R,71.8,Tier 2,Watch List,"Projected Lineup, Elite Power, Strong Barrel, Premium Lineup Spot, Platoon Edge",84.0,51.0,53.0,95.5,80.0,66.7,No,No,2,Yes,Yes,RotoWire projected lineup; MLB probable pitchers,lineup projected / unconfirmed,H:2026 P:2026,,,Direct BvP not yet weighted; 2026/2025 Statcast baseline active,7,8,25,2,Hot streak: 2 HR in last 7 games,"platoon edge; pitcher baseline 10.7% barrel, 11.0 HR allowed",lift-pull EV profile; pitcher allows elevated contact,20.1,59.7,94.2,104.6149,0.518,0.295,0.377,75.2,54.1,44.3,39.6,22.0,0.301,10.7,43.1,90.1,0.391,0.154,32.8,167 deg,Open-Meteo forecast; MLB fallback,https://forecast.weather.gov/MapClick.php?lat=41.8300&lon=-87.6338,88,8,74,Rate Field,
3,670541,Yordan Alvarez,HOU,LAA,2026-07-29T01:38:00Z,Scheduled,2,Reid Detmers,672282,L,67.7,Tier 3,Watch List,"Projected Lineup, Elite Power, Strong Barrel, Premium Lineup Spot, Hot Hitter/Streak",84.8,36.9,55.7,95.5,50.0,93.3,No,No,2,Yes,Yes,RotoWire projected lineup; MLB probable pitchers,lineup projected / unconfirmed,H:2026/2025 P:2026/2025,,,Direct BvP not yet weighted; 2026/2025 Statcast baseline active,7,9,24,3,Hot streak: 3 HR in last 7 games,"same-side matchup; pitcher baseline 7.8% barrel, 10.9 HR allowed",lift-pull EV profile; pitcher fly-ball pressure modest,17.23,53.25,94.63,105.1078,0.661,0.3413,0.449,76.1,62.23,41.86,36.94,25.6,0.2697,7.78,39.3,89.89,0.3567,0.1341,27.64,230 deg,Open-Meteo forecast; MLB fallback,https://forecast.weather.gov/MapClick.php?lat=33.8003&lon=-117.8827,50,0,86,Angel Stadium,
4,660271,Shohei Ohtani,LAD,SEA,2026-07-29T02:10:00Z,Scheduled,1,Luis Castillo,622491,R,67.7,Tier 3,Watch List,"Projected Lineup, Elite Power, Strong Barrel, Premium Lineup Spot, Platoon Edge",80.7,51.0,57.6,88.7,80.0,12.0,No,No,1,Yes,Yes,RotoWire projected lineup; MLB probable pitchers,lineup projected / unconfirmed,H:2026/2025 P:2026/2025,,,Direct BvP not yet weighted; 2026/2025 Statcast baseline active,7,6,30,0,"Last 7 games: 6/30, 0 HR","platoon edge; pitcher baseline 9.7% barrel, 16.7 HR allowed",lift-pull EV profile; pitcher fly-ball pressure modest,18.53,55.06,93.92,104.3247,0.5888,0.3043,0.411,74.96,52.87,47.33,33.11,31.9,0.2686,9.7,42.69,89.88,0.4243,0.173,28.14,253 deg,Open-Meteo forecast; MLB fallback,https://forecast.weather.gov/MapClick.php?lat=34.0739&lon=-118.2400,50,0,87,UNIQLO Field at Dodger Stadium,
5,699013,Esmerlyn Valdez,PIT,AZ,2026-07-28T22:40:00Z,Scheduled,4,Brandon Pfaadt,694297,R,65.9,Tier 3,Watch List,"Projected Lineup, Elite Power, Strong Barrel, Premium Lineup Spot",84.7,47.5,45.8,90.4,50.0,50.2,No,No,4,Yes,Yes,RotoWire projected lineup; MLB probable pitchers,lineup projected / unconfirmed,H:2026 P:2026/2025,,,Direct BvP not yet weighted; 2026/2025 Statcast baseline active,7,4,19,2,Hot streak: 2 HR in last 7 games,"same-side matchup; pitcher baseline 9.9% barrel, 13.4 HR allowed",EV profile; pitcher fly-ball pressure modest,28.2,54.9,93.1,104.6449,0.557,0.327,0.378,74.9,50.9,32.4,43.7,14.0,0.412,9.92,40.27,89.47,0.4331,0.1757,21.1,243 deg,Open-Meteo forecast; MLB fallback,https://forecast.weather.gov/MapClick.php?lat=40.4469&lon=-80.0057,77,8,78,PNC Park,
6,701398,Sal Stewart,CIN,CLE,2026-07-28T23:10:00Z,Scheduled,2,Gavin Williams,668909,R,64.7,Tier 3,Watch List,"Projected Lineup, Strong Barrel, Premium Lineup Spot",61.4,57.2,67.8,95.5,50.0,53.3,No,No,2,Yes,Yes,RotoWire projected lineup; MLB probable pitchers,lineup projected / unconfirmed,H:2026/2025 P:2026/2025,,,Direct BvP not yet weighted; 2026/2025 Statcast baseline active,7,6,26,2,Hot streak: 2 HR in last 7 games,"same-side matchup; pitcher baseline 10.8% barrel, 20.9 HR allowed",neutral batted-ball profile; pitcher fly-ball pressure modest,15.31,43.54,91.9,101.6056,0.5201,0.2568,0.3639,72.38,27.91,38.78,32.09,16.2,0.2389,10.75,47.38,90.68,0.4162,0.181,25.09,69 deg,Open-Meteo forecast; MLB fallback,https://forecast.weather.gov/MapClick.php?lat=39.0979&lon=-84.5082,91,47,74,Great American Ball Park,
7,682829,Elly De La Cruz,CIN,CLE,2026-07-28T23:10:00Z,Scheduled,1,Gavin Williams,668909,R,64.6,Tier 3,Watch List,"Projected Lineup, Strong Barrel, Premium Lineup Spot, Platoon Edge",58.6,55.2,67.8,88.7,75.0,53.3,No,No,1,Yes,Yes,RotoWire projected lineup; MLB probable pitchers,lineup projected / unconfirmed,H:2026/2025 P:2026/2025,,,Direct BvP not yet weighted; 2026/2025 Statcast baseline active,7,6,26,2,Hot streak: 2 HR in last 7 games,"switch hitter; pitcher baseline 10.8% barrel, 20.9 HR allowed",EV profile; pitcher fly-ball pressure modest,13.73,50.15,93.24,104.2836,0.4744,0.2038,0.357,75.13,51.65,36.08,25.73,19.2,0.2124,10.75,47.38,90.68,0.4162,0.181,25.09,69 deg,Open-Meteo forecast; MLB fallback,https://forecast.weather.gov/MapClick.php?lat=39.0979&lon=-84.5082,91,47,74,Great American Ball Park,
8,621439,Byron Buxton,MIN,KC,2026-07-28T23:40:00Z,Scheduled,2,Seth Lugo,607625,R,64.5,Tier 3,Watch List,"Projected Lineup, Strong Barrel, Premium Lineup Spot",68.4,60.0,60.1,95.5,50.0,13.3,No,No,2,Yes,Yes,RotoWire projected lineup; MLB probable pitchers,lineup projected / unconfirmed,H:2026/2025 P:2026/2025,,,Direct BvP not yet weighted; 2026/2025 Statcast baseline active,7,5,24,0,"Last 7 games: 5/24, 0 HR","same-side matchup; pitcher baseline 9.9% barrel, 18.6 HR allowed",neutral batted-ball profile; pitcher allows elevated contact,17.7,49.53,91.17,102.3669,0.5119,0.2618,0.3493,74.44,44.2,47.75,34.91,28.0,0.2842,9.91,44.71,90.7,0.4793,0.2079,30.3,22 deg,Open-Meteo forecast; MLB fallback,https://forecast.weather.gov/MapClick.php?lat=44.9817&lon=-93.2776,66,1,87,Target Field,
9,682829,Elly De La Cruz,CIN,CLE,2026-07-28T17:40:00Z,Scheduled,1,Slade Cecconi,677944,R,63.4,Tier 3,Watch List,"Projected Lineup, Strong Barrel, Premium Lineup Spot, Platoon Edge",58.6,50.1,67.8,88.7,75.0,53.3,No,No,1,Yes,Yes,RotoWire projected lineup; MLB probable pitchers,lineup projected / unconfirmed,H:2026/2025 P:2026/2025,,,Direct BvP not yet weighted; 2026/2025 Statcast baseline active,7,6,26,2,Hot streak: 2 HR in last 7 games,"switch hitter; pitcher baseline 9.5% barrel, 17.7 HR allowed",EV profile; pitcher fly-ball pressure modest,13.73,50.15,93.24,104.2836,0.4744,0.2038,0.357,75.13,51.65,36.08,25.73,19.2,0.2124,9.54,42.03,89.53,0.4561,0.1884,25.96,69 deg,Open-Meteo forecast; MLB fallback,https://forecast.weather.gov/MapClick.php?lat=39.0979&lon=-84.5082,91,47,74,Great American Ball Park,
10,701398,Sal Stewart,CIN,CLE,2026-07-28T17:40:00Z,Scheduled,2,Slade Cecconi,677944,R,63.4,Tier 3,Watch List,"Projected Lineup, Strong Barrel, Premium Lineup Spot",61.4,52.0,67.8,95.5,50.0,53.3,No,No,2,Yes,Yes,RotoWire projected lineup; MLB probable pitchers,lineup projected / unconfirmed,H:2026/2025 P:2026/2025,,,Direct BvP not yet weighted; 2026/2025 Statcast baseline active,7,6,26,2,Hot streak: 2 HR in last 7 games,"same-side matchup; pitcher baseline 9.5% barrel, 17.7 HR allowed",neutral batted-ball profile; pitcher fly-ball pressure modest,15.31,43.54,91.9,101.6056,0.5201,0.2568,0.3639,72.38,27.91,38.78,32.09,16.2,0.2389,9.54,42.03,89.53,0.4561,0.1884,25.96,69 deg,Open-Meteo forecast; MLB fallback,https://forecast.weather.gov/MapClick.php?lat=39.0979&lon=-84.5082,91,47,74,Great American Ball Park,
11,682928,CJ Abrams,WSH,TOR,2026-07-28T22:45:00Z,Scheduled,4,Shane Bieber,669456,R,62.7,Tier 3,Watch List,"Projected Lineup, Strong Barrel, Premium Lineup Spot, Platoon Edge, Hot Hitter/Streak",43.4,65.5,51.7,90.4,80.0,100.0,No,No,4,Yes,Yes,RotoWire projected lineup; MLB probable pitchers,lineup projected / unconfirmed,H:2026/2025 P:2026/2025,,,Direct BvP not yet weighted; 2026/2025 Statcast baseline active,7,15,28,6,Hot streak: 6 HR in last 7 games,"platoon edge; pitcher baseline 11.5% barrel, 7.3 HR allowed",neutral batted-ball profile; pitcher fly-ball pressure modest,10.33,41.72,89.54,100.1868,0.4521,0.1945,0.3405,72.75,27.18,43.8,29.43,24.6,0.2453,11.53,47.29,90.61,0.5315,0.2369,25.47,139 deg,Open-Meteo forecast; MLB fallback,https://forecast.weather.gov/MapClick.php?lat=38.8730&lon=-77.0074,65,2,82,Nationals Park,
12,671277,Luis Garcia,WSH,TOR,2026-07-28T22:45:00Z,Scheduled,2,Shane Bieber,669456,R,62.2,Tier 3,Watch List,"Projected Lineup, Strong Barrel, Premium Lineup Spot, Platoon Edge",48.6,65.5,51.7,95.5,80.0,43.2,No,No,2,Yes,Yes,RotoWire projected lineup; MLB probable pitchers,lineup projected / unconfirmed,H:2026/2025 P:2026/2025,,,Direct BvP not yet weighted; 2026/2025 Statcast baseline active,7,8,28,1,"Last 7 games: 8/28, 1 HR","platoon edge; pitcher baseline 11.5% barrel, 7.3 HR allowed",neutral batted-ball profile; pitcher fly-ball pressure modest,10.82,45.52,91.04,101.6701,0.4938,0.2072,0.3495,73.38,35.42,40.38,21.63,19.5,0.2335,11.53,47.29,90.61,0.5315,0.2369,25.47,139 deg,Open-Meteo forecast; MLB fallback,https://forecast.weather.gov/MapClick.php?lat=38.8730&lon=-77.0074,65,2,82,Nationals Park,
13,656941,Kyle Schwarber,PHI,MIA,2026-07-28T22:40:00Z,Scheduled,2,Sandy Alcantara,645261,R,62.0,Tier 3,Watch List,"Projected Lineup, Elite Power, Strong Barrel, Premium Lineup Spot, Platoon Edge",78.5,34.8,42.0,95.5,80.0,18.0,No,No,2,Yes,Yes,RotoWire projected lineup; MLB probable pitchers,lineup projected / unconfirmed,H:2026/2025 P:2026/2025,,,Direct BvP not yet weighted; 2026/2025 Statcast baseline active,7,6,25,0,"Last 7 games: 6/25, 0 HR","platoon edge; pitcher baseline 6.6% barrel, 18.5 HR allowed",lift-pull EV profile; pitcher fly-ball pressure modest,18.77,54.42,93.6,104.5073,0.5243,0.2826,0.3779,77.16,75.28,54.77,34.3,39.9,0.302,6.57,38.28,89.02,0.3905,0.1358,24.45,198 deg,Open-Meteo forecast; MLB fallback,https://forecast.weather.gov/MapClick.php?lat=25.7781&lon=-80.2197,92,39,78,loanDepot park,
14,665019,Kody Clemens,MIN,KC,2026-07-28T23:40:00Z,Scheduled,4,Seth Lugo,607625,R,61.7,Tier 3,Watch List,"Projected Lineup, Strong Barrel, Premium Lineup Spot, Platoon Edge",53.0,60.0,60.1,90.4,80.0,18.2,No,No,4,Yes,Yes,RotoWire projected lineup; MLB probable pitchers,lineup projected / unconfirmed,H:2026/2025 P:2026/2025,,,Direct BvP not yet weighted; 2026/2025 Statcast baseline active,7,7,29,0,"Last 7 games: 7/29, 0 HR","platoon edge; pitcher baseline 9.9% barrel, 18.6 HR allowed",lift-pull EV profile; pitcher allows elevated contact,12.14,47.46,92.34,101.6199,0.4517,0.2034,0.3289,72.06,14.24,44.61,32.97,18.3,0.2378,9.91,44.71,90.7,0.4793,0.2079,30.3,22 deg,Open-Meteo forecast; MLB fallback,https://forecast.weather.gov/MapClick.php?lat=44.9817&lon=-93.2776,66,1,87,Target Field,
15,695506,Jac Caglianone,KC,MIN,2026-07-28T23:40:00Z,Scheduled,3,Taj Bradley,671737,R,61.1,Tier 3,Watch List,"Projected Lineup, Strong Barrel, Premium Lineup Spot, Platoon Edge",58.7,48.9,60.1,92.1,80.0,19.1,No,No,3,Yes,Yes,RotoWire projected lineup; MLB probable pitchers,lineup projected / unconfirmed,H:2026/2025 P:2026/2025,,,Direct BvP not yet weighted; 2026/2025 Statcast baseline active,7,3,24,1,"Last 7 games: 3/24, 1 HR","platoon edge; pitcher baseline 9.2% barrel, 17.6 HR allowed",neutral batted-ball profile; pitcher fly-ball pressure modest,13.75,51.36,91.85,104.7768,0.4695,0.2129,0.3399,77.4,75.39,43.51,22.68,13.3,0.1807,9.15,43.05,90.46,0.391,0.161,29.89,22 deg,Open-Meteo forecast; MLB fallback,https://forecast.weather.gov/MapClick.php?lat=44.9817&lon=-93.2776,66,1,87,Target Field,
16,682985,Riley Greene,DET,BAL,2026-07-28T22:40:00Z,Scheduled,4,Dean Kremer,665152,R,60.8,Tier 3,Watch List,"Projected Lineup, Strong Barrel, Premium Lineup Spot, Platoon Edge",64.0,47.3,53.1,90.4,80.0,10.8,No,No,4,Yes,Yes,RotoWire projected lineup; MLB probable pitchers,lineup projected / unconfirmed,H:2026/2025 P:2026/2025,,,Direct BvP not yet weighted; 2026/2025 Statcast baseline active,7,5,26,0,"Last 7 games: 5/26, 0 HR","platoon edge; pitcher baseline 9.0% barrel, 13.6 HR allowed",neutral batted-ball profile; pitcher allows elevated contact,16.05,49.42,90.95,102.851,0.4973,0.2403,0.36,75.67,58.32,39.75,33.1,21.3,0.1986,8.98,34.61,87.4,0.4606,0.2156,34.77,210 deg,Open-Meteo forecast; MLB fallback,https://forecast.weather.gov/MapClick.php?lat=42.3390&lon=-83.0485,56,13,80,Comerica Park,
17,669065,Kyle Stowers,MIA,PHI,2026-07-28T22:40:00Z,Scheduled,2,Aaron Nola,605400,R,60.8,Tier 3,Watch List,"Projected Lineup, Strong Barrel, Premium Lineup Spot, Platoon Edge",59.5,51.0,42.0,95.5,80.0,41.7,No,No,2,Yes,Yes,RotoWire projected lineup; MLB probable pitchers,lineup projected / unconfirmed,H:2026/2025 P:2026/2025,,,Direct BvP not yet weighted; 2026/2025 Statcast baseline active,7,8,29,1,"Last 7 games: 8/29, 1 HR","platoon edge; pitcher baseline 10.0% barrel, 22.9 HR allowed",neutral batted-ball profile; pitcher fly-ball pressure modest,13.92,53.26,91.52,103.1999,0.4572,0.2181,0.3379,75.14,53.59,46.97,29.96,16.6,0.2224,10.01,41.34,88.84,0.4282,0.1808,28.02,198 deg,Open-Meteo forecast; MLB fallback,https://forecast.weather.gov/MapClick.php?lat=25.7781&lon=-80.2197,92,39,78,loanDepot park,
18,663993,Nathaniel Lowe,CIN,CLE,2026-07-28T23:10:00Z,Scheduled,5,Gavin Williams,668909,R,60.4,Tier 3,Watch List,"Projected Lineup, Platoon Edge, Hot Hitter/Streak",40.5,57.2,67.8,81.9,80.0,88.7,No,No,5,Yes,Yes,RotoWire projected lineup; MLB probable pitchers,lineup projected / unconfirmed,H:2026/2025 P:2026/2025,,,Direct BvP not yet weighted; 2026/2025 Statcast baseline active,7,10,29,3,Hot streak: 3 HR in last 7 games,"platoon edge; pitcher baseline 10.8% barrel, 20.9 HR allowed",neutral batted-ball profile; pitcher fly-ball pressure modest,9.8,40.66,89.0,100.9481,0.4381,0.1828,0.3366,74.03,38.3,37.2,26.97,13.8,0.1992,10.75,47.38,90.68,0.4162,0.181,25.09,69 deg,Open-Meteo forecast; MLB fallback,https://forecast.weather.gov/MapClick.php?lat=39.0979&lon=-84.5082,91,47,74,Great American Ball Park,
19,592626,Joc Pederson,TEX,TB,2026-07-28T22:40:00Z,Scheduled,1,Griffin Jax,643377,R,59.7,Longshot,Watch List,"Projected Lineup, Strong Barrel, Premium Lineup Spot, Platoon Edge, Hot Hitter/Streak",49.0,46.5,51.6,88.7,80.0,100.0,No,No,1,Yes,Yes,RotoWire projected lineup; MLB probable pitchers,lineup projected / unconfirmed,H:2026/2025 P:2026/2025,,,Direct BvP not yet weighted; 2026/2025 Statcast baseline active,7,12,28,4,Hot streak: 4 HR in last 7 games,"platoon edge; pitcher baseline 10.0% barrel, 11.2 HR allowed",neutral batted-ball profile; pitcher fly-ball pressure modest,10.83,47.95,91.69,101.9072,0.4448,0.195,0.3458,72.42,23.61,41.15,28.7,16.0,0.2254,10.03,41.16,88.92,0.422,0.1674,23.72,237 deg,Open-Meteo forecast; MLB fallback,https://forecast.weather.gov/MapClick.php?lat=27.7682&lon=-82.6534,85,5,79,Tropicana Field,
20,695657,Colson Montgomery,CWS,NYY,2026-07-28T23:40:00Z,Scheduled,4,Gerrit Cole,543037,R,59.7,Longshot,Watch List,"Projected Lineup, Strong Barrel, Premium Lineup Spot, Platoon Edge",54.3,51.0,53.0,90.4,80.0,34.9,No,No,4,Yes,Yes,RotoWire projected lineup; MLB probable pitchers,lineup projected / unconfirmed,H:2026/2025 P:2026,,,Direct BvP not yet weighted; 2026/2025 Statcast baseline active,7,6,26,1,"Last 7 games: 6/26, 1 HR","platoon edge; pitcher baseline 10.7% barrel, 11.0 HR allowed",neutral batted-ball profile; pitcher allows elevated contact,13.45,43.1,89.19,101.8492,0.4562,0.2325,0.3263,76.58,68.62,49.16,34.63,23.1,0.255,10.7,43.1,90.1,0.391,0.154,32.8,167 deg,Open-Meteo forecast; MLB fallback,https://forecast.weather.gov/MapClick.php?lat=41.8300&lon=-87.6338,88,8,74,Rate Field,
21,575929,Willson Contreras,BOS,ATH,2026-07-29T01:40:00Z,Scheduled,3,Gage Jump,695611,L,59.7,Longshot,Watch List,"Projected Lineup, Strong Barrel, Premium Lineup Spot, Platoon Edge",60.1,37.3,62.4,92.1,78.0,32.0,No,No,3,Yes,Yes,RotoWire projected lineup; MLB probable pitchers,lineup projected / unconfirmed,H:2026/2025 P:2026,,,Direct BvP not yet weighted; 2026/2025 Statcast baseline active,7,7,21,0,Contact streak: 7/21 over last 7 games,"platoon edge; pitcher baseline 6.3% barrel, 7.0 HR allowed",neutral batted-ball profile; pitcher fly-ball pressure modest,14.32,47.11,90.6,103.1223,0.5055,0.2415,0.3783,76.77,68.96,44.56,28.77,21.4,0.2369,6.3,43.1,90.3,0.4,0.144,26.9,221 deg,Open-Meteo forecast; MLB fallback,https://forecast.weather.gov/MapClick.php?lat=38.5804&lon=-121.5139,23,0,94,Sutter Health Park,
22,695600,Carter Jensen,KC,MIN,2026-07-28T23:40:00Z,Scheduled,1,Taj Bradley,671737,R,59.5,Longshot,Watch List,"Projected Lineup, Strong Barrel, Premium Lineup Spot, Platoon Edge",54.3,48.9,60.1,88.7,80.0,24.3,No,No,1,Yes,Yes,RotoWire projected lineup; MLB probable pitchers,lineup projected / unconfirmed,H:2026/2025 P:2026/2025,,,Direct BvP not yet weighted; 2026/2025 Statcast baseline active,7,4,25,1,"Last 7 games: 4/25, 1 HR","platoon edge; pitcher baseline 9.2% barrel, 17.6 HR allowed",EV profile; pitcher fly-ball pressure modest,13.03,47.66,92.11,102.8185,0.4454,0.1997,0.3336,74.2,39.59,39.18,29.93,10.7,0.2066,9.15,43.05,90.46,0.391,0.161,29.89,22 deg,Open-Meteo forecast; MLB fallback,https://forecast.weather.gov/MapClick.php?lat=44.9817&lon=-93.2776,66,1,87,Target Field,
23,700250,Ben Rice,NYY,CWS,2026-07-28T23:40:00Z,Scheduled,2,Anthony Kay,641743,L,59.4,Longshot,Watch List,"Projected Lineup, Strong Barrel, Premium Lineup Spot",65.4,39.8,53.0,95.5,50.0,49.7,No,No,2,Yes,Yes,RotoWire projected lineup; MLB probable pitchers,lineup projected / unconfirmed,H:2026/2025 P:2026,,,Direct BvP not yet weighted; 2026/2025 Statcast baseline active,7,6,29,2,Hot streak: 2 HR in last 7 games,"same-side matchup; pitcher baseline 8.6% barrel, 14.0 HR allowed",EV profile; pitcher fly-ball pressure modest,15.54,50.43,92.46,102.5415,0.5313,0.2562,0.3826,72.84,27.92,46.43,29.41,29.5,0.2902,8.6,39.0,88.5,0.416,0.148,22.0,167 deg,Open-Meteo forecast; MLB fallback,https://forecast.weather.gov/MapClick.php?lat=41.8300&lon=-87.6338,88,8,74,Rate Field,
24,805811,Bryce Eldridge,SF,MIL,2026-07-29T01:45:00Z,Scheduled,3,Logan Henderson,701656,R,59.4,Longshot,Watch List,"Projected Lineup, Strong Barrel, Premium Lineup Spot, Platoon Edge",72.3,34.1,48.3,92.1,80.0,0.0,No,No,3,Yes,Yes,RotoWire projected lineup; MLB probable pitchers,lineup projected / unconfirmed,H:2026/2025 P:2026/2025,,,Direct BvP not yet weighted; 2026/2025 Statcast baseline active,7,2,23,0,"Last 7 games: 2/23, 0 HR","platoon edge; pitcher baseline 8.6% barrel, 4.4 HR allowed",lift-pull EV profile; pitcher allows elevated contact,16.53,58.3,93.36,103.4962,0.4925,0.2596,0.365,73.11,29.49,41.77,37.89,7.0,0.1595,8.6,35.46,88.1,0.359,0.14,30.65,290 deg,Open-Meteo forecast; MLB fallback,https://forecast.weather.gov/MapClick.php?lat=37.7786&lon=-122.3893,65,0,69,Oracle Park,
25,663993,Nathaniel Lowe,CIN,CLE,2026-07-28T17:40:00Z,Scheduled,5,Slade Cecconi,677944,R,59.1,Longshot,Watch List,"Projected Lineup, Platoon Edge, Hot Hitter/Streak",40.5,52.0,67.8,81.9,80.0,88.7,No,No,5,Yes,Yes,RotoWire projected lineup; MLB probable pitchers,lineup projected / unconfirmed,H:2026/2025 P:2026/2025,,,Direct BvP not yet weighted; 2026/2025 Statcast baseline active,7,10,29,3,Hot streak: 3 HR in last 7 games,"platoon edge; pitcher baseline 9.5% barrel, 17.7 HR allowed",neutral batted-ball profile; pitcher fly-ball pressure modest,9.8,40.66,89.0,100.9481,0.4381,0.1828,0.3366,74.03,38.3,37.2,26.97,13.8,0.1992,9.54,42.03,89.53,0.4561,0.1884,25.96,69 deg,Open-Meteo forecast; MLB fallback,https://forecast.weather.gov/MapClick.php?lat=39.0979&lon=-84.5082,91,47,74,Great American Ball Park,
26,701762,Nick Kurtz,ATH,BOS,2026-07-29T01:40:00Z,Scheduled,2,Jake Bennett,687562,L,59.1,Longshot,Watch List,"Projected Lineup, Elite Power, Strong Barrel, Premium Lineup Spot",75.6,24.9,62.4,95.5,50.0,18.3,No,No,2,Yes,Yes,RotoWire projected lineup; MLB probable pitchers,lineup projected / unconfirmed,H:2026/2025 P:2026,,,Direct BvP not yet weighted; 2026/2025 Statcast baseline active,7,1,22,1,"Last 7 games: 1/22, 1 HR","same-side matchup; pitcher baseline 5.7% barrel, 4.0 HR allowed",EV profile; pitcher fly-ball pressure modest,18.43,55.93,93.26,105.6244,0.5062,0.2591,0.3755,77.9,78.3,34.25,30.77,25.5,0.2625,5.7,36.9,87.4,0.369,0.137,24.4,221 deg,Open-Meteo forecast; MLB fallback,https://forecast.weather.gov/MapClick.php?lat=38.5804&lon=-121.5139,23,0,94,Sutter Health Park,
27,624413,Pete Alonso,BAL,DET,2026-07-28T22:40:00Z,Scheduled,2,Troy Melton,675512,R,58.9,Longshot,Watch List,"Projected Lineup, Strong Barrel, Premium Lineup Spot",68.8,33.3,53.1,95.5,50.0,47.2,No,No,2,Yes,Yes,RotoWire projected lineup; MLB probable pitchers,lineup projected / unconfirmed,H:2026/2025 P:2026/2025,,,Direct BvP not yet weighted; 2026/2025 Statcast baseline active,7,10,32,1,"Last 7 games: 10/32, 1 HR","same-side matchup; pitcher baseline 7.0% barrel, 7.7 HR allowed",EV profile; pitcher fly-ball pressure modest,14.28,54.89,93.92,104.0952,0.5307,0.2577,0.3804,74.88,49.41,37.2,30.81,26.8,0.2275,6.99,39.68,89.33,0.3577,0.1428,24.84,210 deg,Open-Meteo forecast; MLB fallback,https://forecast.weather.gov/MapClick.php?lat=42.3390&lon=-83.0485,56,13,80,Comerica Park,
28,680777,Ryan Jeffers,MIN,KC,2026-07-28T23:40:00Z,Scheduled,3,Seth Lugo,607625,R,58.8,Longshot,Watch List,"Projected Lineup, Strong Barrel, Premium Lineup Spot",45.1,60.0,60.1,92.1,50.0,63.1,No,No,3,Yes,Yes,RotoWire projected lineup; MLB probable pitchers,lineup projected / unconfirmed,H:2026/2025 P:2026/2025,,,Direct BvP not yet weighted; 2026/2025 Statcast baseline active,7,8,27,2,Hot streak: 2 HR in last 7 games,"same-side matchup; pitcher baseline 9.9% barrel, 18.6 HR allowed",neutral batted-ball profile; pitcher allows elevated contact,11.2,41.61,89.79,101.2736,0.4532,0.1983,0.3586,72.79,34.89,37.25,28.38,9.0,0.2087,9.91,44.71,90.7,0.4793,0.2079,30.3,22 deg,Open-Meteo forecast; MLB fallback,https://forecast.weather.gov/MapClick.php?lat=44.9817&lon=-93.2776,66,1,87,Target Field,
29,701538,Jackson Merrill,SD,COL,2026-07-29T01:40:00Z,Scheduled,5,Michael Lorenzen,547179,R,58.8,Longshot,Watch List,"Projected Lineup, Strong Barrel, Platoon Edge, Hot Hitter/Streak",47.4,53.6,46.1,81.9,80.0,93.3,No,No,5,Yes,Yes,RotoWire projected lineup; MLB probable pitchers,lineup projected / unconfirmed,H:2026/2025 P:2026/2025,,,Direct BvP not yet weighted; 2026/2025 Statcast baseline active,7,9,24,3,Hot streak: 3 HR in last 7 games,"platoon edge; pitcher baseline 9.1% barrel, 18.7 HR allowed",neutral batted-ball profile; pitcher fly-ball pressure modest,11.25,45.42,89.77,100.4428,0.4564,0.2025,0.3281,72.98,27.25,37.7,28.87,15.3,0.1699,9.08,44.45,90.28,0.4671,0.1847,25.66,246 deg,Open-Meteo forecast; MLB fallback,https://forecast.weather.gov/MapClick.php?lat=32.7073&lon=-117.1573,76,0,78,Petco Park,
30,607043,Brandon Nimmo,TEX,TB,2026-07-28T22:40:00Z,Scheduled,4,Griffin Jax,643377,R,58.7,Longshot,Watch List,"Projected Lineup, Strong Barrel, Premium Lineup Spot, Platoon Edge",52.1,46.5,51.6,90.4,80.0,55.9,No,No,4,Yes,Yes,RotoWire projected lineup; MLB probable pitchers,lineup projected / unconfirmed,H:2026/2025 P:2026/2025,,,Direct BvP not yet weighted; 2026/2025 Statcast baseline active,7,10,27,1,Contact streak: 10/27 over last 7 games,"platoon edge; pitcher baseline 10.0% barrel, 11.2 HR allowed",EV profile; pitcher fly-ball pressure modest,10.97,51.25,92.18,102.3002,0.4785,0.1999,0.356,72.44,27.83,31.98,26.12,14.5,0.167,10.03,41.16,88.92,0.422,0.1674,23.72,237 deg,Open-Meteo forecast; MLB fallback,https://forecast.weather.gov/MapClick.php?lat=27.7682&lon=-82.6534,85,5,79,Tropicana Field,
31,696100,Hunter Goodman,COL,SD,2026-07-29T01:40:00Z,Scheduled,3,Michael King,650633,R,58.7,Longshot,Watch List,"Projected Lineup, Strong Barrel, Premium Lineup Spot, Hot Hitter/Streak",60.5,40.6,46.1,92.1,50.0,93.3,No,No,3,Yes,Yes,RotoWire projected lineup; MLB probable pitchers,lineup projected / unconfirmed,H:2026/2025 P:2026/2025,,,Direct BvP not yet weighted; 2026/2025 Statcast baseline active,7,9,24,4,Hot streak: 4 HR in last 7 games,"same-side matchup; pitcher baseline 9.4% barrel, 11.3 HR allowed",neutral batted-ball profile; pitcher fly-ball pressure modest,15.91,45.92,90.73,102.8406,0.4749,0.2364,0.3325,75.1,50.96,48.28,31.85,31.0,0.2805,9.37,35.23,87.66,0.4123,0.1702,26.91,246 deg,Open-Meteo forecast; MLB fallback,https://forecast.weather.gov/MapClick.php?lat=32.7073&lon=-117.1573,76,0,78,Petco Park,
32,663886,Tyler Stephenson,CIN,CLE,2026-07-28T23:10:00Z,Scheduled,6,Gavin Williams,668909,R,58.4,Longshot,Watch List,"Projected Lineup, Strong Barrel",50.8,57.2,67.8,71.7,50.0,64.3,No,No,6,Yes,Yes,RotoWire projected lineup; MLB probable pitchers,lineup projected / unconfirmed,H:2026/2025 P:2026/2025,,,Direct BvP not yet weighted; 2026/2025 Statcast baseline active,7,7,23,2,Hot streak: 2 HR in last 7 games,"same-side matchup; pitcher baseline 10.8% barrel, 20.9 HR allowed",neutral batted-ball profile; pitcher fly-ball pressure modest,12.68,46.89,90.78,100.6097,0.448,0.2061,0.3354,70.8,8.47,38.2,31.89,9.5,0.1606,10.75,47.38,90.68,0.4162,0.181,25.09,69 deg,Open-Meteo forecast; MLB fallback,https://forecast.weather.gov/MapClick.php?lat=39.0979&lon=-84.5082,91,47,74,Great American Ball Park,
33,686527,Dominic Canzone,SEA,LAD,2026-07-29T02:10:00Z,Scheduled,3,,,,58.4,Longshot,Watch List,"Projected Lineup, Strong Barrel, Premium Lineup Spot",59.5,41.2,57.6,92.1,60.0,37.8,No,No,3,Yes,Yes,RotoWire projected lineup; MLB probable pitchers,lineup projected / unconfirmed,H:2026/2025 P:,,,Direct BvP not yet weighted; 2026/2025 Statcast baseline active,7,7,28,1,"Last 7 games: 7/28, 1 HR","handedness incomplete; pitcher baseline 0.0% barrel, 0.0 HR allowed",EV profile; pitcher fly-ball pressure modest,14.01,47.67,92.09,102.8795,0.5113,0.2353,0.3655,74.22,44.12,41.23,26.37,14.5,0.2279,,,,,,,253 deg,Open-Meteo forecast; MLB fallback,https://forecast.weather.gov/MapClick.php?lat=34.0739&lon=-118.2400,50,0,87,UNIQLO Field at Dodger Stadium,
34,668709,JJ Bleday,CIN,CLE,2026-07-28T23:10:00Z,Scheduled,3,Gavin Williams,668909,R,58.3,Longshot,Watch List,"Projected Lineup, Premium Lineup Spot, Platoon Edge",39.8,57.2,67.8,92.1,80.0,23.4,No,No,3,Yes,Yes,RotoWire projected lineup; MLB probable pitchers,lineup projected / unconfirmed,H:2026/2025 P:2026/2025,,,Direct BvP not yet weighted; 2026/2025 Statcast baseline active,7,4,26,1,"Last 7 games: 4/26, 1 HR","platoon edge; pitcher baseline 10.8% barrel, 20.9 HR allowed",neutral batted-ball profile; pitcher fly-ball pressure modest,9.41,40.52,88.77,100.0422,0.4227,0.183,0.3362,73.24,28.73,45.6,32.29,16.1,0.2221,10.75,47.38,90.68,0.4162,0.181,25.09,69 deg,Open-Meteo forecast; MLB fallback,https://forecast.weather.gov/MapClick.php?lat=39.0979&lon=-84.5082,91,47,74,Great American Ball Park,
35,592518,Manny Machado,SD,COL,2026-07-29T01:40:00Z,Scheduled,3,Michael Lorenzen,547179,R,58.3,Longshot,Watch List,"Projected Lineup, Strong Barrel, Premium Lineup Spot, Hot Hitter/Streak",50.7,53.6,46.1,92.1,50.0,88.6,No,No,3,Yes,Yes,RotoWire projected lineup; MLB probable pitchers,lineup projected / unconfirmed,H:2026/2025 P:2026/2025,,,Direct BvP not yet weighted; 2026/2025 Statcast baseline active,7,11,32,4,Hot streak: 4 HR in last 7 games,"same-side matchup; pitcher baseline 9.1% barrel, 18.7 HR allowed",neutral batted-ball profile; pitcher fly-ball pressure modest,11.5,46.04,91.15,101.9089,0.4523,0.2044,0.3361,74.64,44.4,40.78,28.57,24.2,0.2151,9.08,44.45,90.28,0.4671,0.1847,25.66,246 deg,Open-Meteo forecast; MLB fallback,https://forecast.weather.gov/MapClick.php?lat=32.7073&lon=-117.1573,76,0,78,Petco Park,
36,691406,Junior Caminero,TB,TEX,2026-07-28T22:40:00Z,Scheduled,3,,,,58.2,Longshot,Watch List,"Projected Lineup, Strong Barrel, Premium Lineup Spot",62.8,41.2,51.6,92.1,60.0,30.2,No,No,3,Yes,Yes,RotoWire projected lineup; MLB probable pitchers,lineup projected / unconfirmed,H:2026/2025 P:,,,Direct BvP not yet weighted; 2026/2025 Statcast baseline active,7,9,28,0,Contact streak: 9/28 over last 7 games,"handedness incomplete; pitcher baseline 0.0% barrel, 0.0 HR allowed",EV profile; pitcher fly-ball pressure modest,13.44,50.98,92.82,105.3411,0.5017,0.2313,0.3635,79.48,86.21,46.78,23.14,33.8,0.2633,,,,,,,237 deg,Open-Meteo forecast; MLB fallback,https://forecast.weather.gov/MapClick.php?lat=27.7682&lon=-82.6534,85,5,79,Tropicana Field,
37,681715,Heriberto Hernandez,MIA,PHI,2026-07-28T22:40:00Z,Scheduled,3,Aaron Nola,605400,R,58.1,Longshot,Watch List,"Projected Lineup, Strong Barrel, Premium Lineup Spot",57.5,51.0,42.0,92.1,50.0,63.7,No,No,3,Yes,Yes,RotoWire projected lineup; MLB probable pitchers,lineup projected / unconfirmed,H:2026/2025 P:2026/2025,,,Direct BvP not yet weighted; 2026/2025 Statcast baseline active,7,9,30,2,Hot streak: 2 HR in last 7 games,"same-side matchup; pitcher baseline 10.0% barrel, 22.9 HR allowed",neutral batted-ball profile; pitcher fly-ball pressure modest,12.47,49.81,91.6,101.9576,0.4833,0.2299,0.3501,74.38,47.13,44.16,31.53,13.5,0.2203,10.01,41.34,88.84,0.4282,0.1808,28.02,198 deg,Open-Meteo forecast; MLB fallback,https://forecast.weather.gov/MapClick.php?lat=25.7781&lon=-80.2197,92,39,78,loanDepot park,
38,518692,Freddie Freeman,LAD,SEA,2026-07-29T02:10:00Z,Scheduled,3,Luis Castillo,622491,R,58.1,Longshot,Watch List,"Projected Lineup, Strong Barrel, Premium Lineup Spot, Platoon Edge",45.2,51.0,57.6,92.1,80.0,45.0,No,No,3,Yes,Yes,RotoWire projected lineup; MLB probable pitchers,lineup projected / unconfirmed,H:2026/2025 P:2026/2025,,,Direct BvP not yet weighted; 2026/2025 Statcast baseline active,7,14,28,0,Contact streak: 14/28 over last 7 games,"platoon edge; pitcher baseline 9.7% barrel, 16.7 HR allowed",neutral batted-ball profile; pitcher fly-ball pressure modest,10.12,44.23,90.34,100.6782,0.4894,0.2014,0.3731,70.25,8.61,36.47,28.47,17.7,0.1951,9.7,42.69,89.88,0.4243,0.173,28.14,253 deg,Open-Meteo forecast; MLB fallback,https://forecast.weather.gov/MapClick.php?lat=34.0739&lon=-118.2400,50,0,87,UNIQLO Field at Dodger Stadium,
39,545361,Mike Trout,LAA,HOU,2026-07-29T01:38:00Z,Scheduled,2,Peter Lambert,663567,R,58.0,Longshot,Watch List,"Projected Lineup, Strong Barrel, Premium Lineup Spot",66.5,34.0,55.7,95.5,50.0,34.2,No,No,2,Yes,Yes,RotoWire projected lineup; MLB probable pitchers,lineup projected / unconfirmed,H:2026/2025 P:2026,,,Direct BvP not yet weighted; 2026/2025 Statcast baseline active,7,8,23,0,Contact streak: 8/23 over last 7 games,"same-side matchup; pitcher baseline 6.8% barrel, 11.0 HR allowed",neutral batted-ball profile; pitcher allows elevated contact,17.55,48.18,90.55,103.3126,0.5139,0.26,0.3888,74.77,49.62,39.31,32.61,20.4,0.2147,6.8,37.6,89.0,0.348,0.142,33.5,230 deg,Open-Meteo forecast; MLB fallback,https://forecast.weather.gov/MapClick.php?lat=33.8003&lon=-117.8827,50,0,86,Angel Stadium,
40,687952,Christian Encarnacion-Strand,BAL,DET,2026-07-28T22:40:00Z,Scheduled,5,Troy Melton,675512,R,57.8,Longshot,Watch List,"Projected Lineup, Strong Barrel, Hot Hitter/Streak",64.5,33.3,53.1,81.9,50.0,92.6,No,No,5,Yes,Yes,RotoWire projected lineup; MLB probable pitchers,lineup projected / unconfirmed,H:2026/2025 P:2026/2025,,,Direct BvP not yet weighted; 2026/2025 Statcast baseline active,7,10,27,3,Hot streak: 3 HR in last 7 games,"same-side matchup; pitcher baseline 7.0% barrel, 7.7 HR allowed",neutral batted-ball profile; pitcher fly-ball pressure modest,15.44,41.83,90.49,101.4436,0.5536,0.2997,0.3506,73.74,33.26,36.36,34.48,3.9,0.3104,6.99,39.68,89.33,0.3577,0.1428,24.84,210 deg,Open-Meteo forecast; MLB fallback,https://forecast.weather.gov/MapClick.php?lat=42.3390&lon=-83.0485,56,13,80,Comerica Park,
41,664040,Brandon Lowe,PIT,AZ,2026-07-28T22:40:00Z,Scheduled,2,Brandon Pfaadt,694297,R,57.6,Longshot,Watch List,"Projected Lineup, Strong Barrel, Premium Lineup Spot, Platoon Edge",52.2,47.5,45.8,95.5,80.0,30.2,No,No,2,Yes,Yes,RotoWire projected lineup; MLB probable pitchers,lineup projected / unconfirmed,H:2026/2025 P:2026/2025,,,Direct BvP not yet weighted; 2026/2025 Statcast baseline active,7,9,28,0,Contact streak: 9/28 over last 7 games,"platoon edge; pitcher baseline 9.9% barrel, 13.4 HR allowed",neutral batted-ball profile; pitcher fly-ball pressure modest,12.3,45.41,90.96,101.5024,0.4591,0.2093,0.3357,73.69,40.12,46.65,32.99,24.0,0.2252,9.92,40.27,89.47,0.4331,0.1757,21.1,243 deg,Open-Meteo forecast; MLB fallback,https://forecast.weather.gov/MapClick.php?lat=40.4469&lon=-80.0057,77,8,78,PNC Park,
42,678246,Miguel Vargas,CWS,NYY,2026-07-28T23:40:00Z,Scheduled,3,Gerrit Cole,543037,R,57.6,Longshot,Watch List,"Projected Lineup, Strong Barrel, Premium Lineup Spot",55.4,51.0,53.0,92.1,50.0,35.3,No,No,3,Yes,Yes,RotoWire projected lineup; MLB probable pitchers,lineup projected / unconfirmed,H:2026/2025 P:2026,,,Direct BvP not yet weighted; 2026/2025 Statcast baseline active,7,7,30,1,"Last 7 games: 7/30, 1 HR","same-side matchup; pitcher baseline 10.7% barrel, 11.0 HR allowed",fly-ball profile; pitcher allows elevated contact,13.18,44.91,90.4,100.5415,0.4903,0.2312,0.3687,73.05,34.73,43.02,36.22,20.2,0.2188,10.7,43.1,90.1,0.391,0.154,32.8,167 deg,Open-Meteo forecast; MLB fallback,https://forecast.weather.gov/MapClick.php?lat=41.8300&lon=-87.6338,88,8,74,Rate Field,
43,646240,Rafael Devers,SF,MIL,2026-07-29T01:45:00Z,Scheduled,4,Logan Henderson,701656,R,57.6,Longshot,Watch List,"Projected Lineup, Strong Barrel, Premium Lineup Spot, Platoon Edge",58.2,34.1,48.3,90.4,80.0,62.4,No,No,4,Yes,Yes,RotoWire projected lineup; MLB probable pitchers,lineup projected / unconfirmed,H:2026/2025 P:2026/2025,,,Direct BvP not yet weighted; 2026/2025 Statcast baseline active,7,7,24,2,Hot streak: 2 HR in last 7 games,"platoon edge; pitcher baseline 8.6% barrel, 4.4 HR allowed",EV profile; pitcher allows elevated contact,12.71,52.18,92.59,103.0622,0.4625,0.2273,0.3369,71.81,21.62,33.49,33.25,25.9,0.2326,8.6,35.46,88.1,0.359,0.14,30.65,290 deg,Open-Meteo forecast; MLB fallback,https://forecast.weather.gov/MapClick.php?lat=37.7786&lon=-122.3893,65,0,69,Oracle Park,
44,686611,Dylan Crews,WSH,TOR,2026-07-28T22:45:00Z,Scheduled,5,Shane Bieber,669456,R,57.4,Longshot,Watch List,"Projected Lineup, Hot Hitter/Streak",42.6,65.5,51.7,81.9,50.0,77.4,No,No,5,Yes,Yes,RotoWire projected lineup; MLB probable pitchers,lineup projected / unconfirmed,H:2026/2025 P:2026/2025,,,Direct BvP not yet weighted; 2026/2025 Statcast baseline active,7,9,23,2,Hot streak: 2 HR in last 7 games,"same-side matchup; pitcher baseline 11.5% barrel, 7.3 HR allowed",neutral batted-ball profile; pitcher fly-ball pressure modest,9.73,42.34,90.4,101.4451,0.4196,0.1818,0.3224,73.72,35.32,33.8,29.59,8.6,0.1517,11.53,47.29,90.61,0.5315,0.2369,25.47,139 deg,Open-Meteo forecast; MLB fallback,https://forecast.weather.gov/MapClick.php?lat=38.8730&lon=-77.0074,65,2,82,Nationals Park,
45,686948,Drake Baldwin,ATL,NYM,2026-07-28T23:10:00Z,Scheduled,2,Christian Scott,681035,R,57.4,Longshot,Watch List,"Projected Lineup, Strong Barrel, Premium Lineup Spot, Platoon Edge",59.2,28.7,46.8,95.5,80.0,66.7,No,No,2,Yes,Yes,RotoWire projected lineup; MLB probable pitchers,lineup projected / unconfirmed,H:2026/2025 P:2026,,,Direct BvP not yet weighted; 2026/2025 Statcast baseline active,7,8,25,2,Hot streak: 2 HR in last 7 games,"platoon edge; pitcher baseline 6.9% barrel, 7.0 HR allowed",neutral batted-ball profile; pitcher fly-ball pressure modest,13.66,50.72,91.7,102.4816,0.5066,0.2283,0.3754,75.02,53.25,31.52,24.41,19.7,0.202,6.9,34.0,87.6,0.366,0.141,28.3,197 deg,Open-Meteo forecast; MLB fallback,https://forecast.weather.gov/MapClick.php?lat=40.7571&lon=-73.8458,65,25,79,Citi Field,
46,663886,Tyler Stephenson,CIN,CLE,2026-07-28T17:40:00Z,Scheduled,6,Slade Cecconi,677944,R,57.2,Longshot,Watch List,"Projected Lineup, Strong Barrel",50.8,52.0,67.8,71.7,50.0,64.3,No,No,6,Yes,Yes,RotoWire projected lineup; MLB probable pitchers,lineup projected / unconfirmed,H:2026/2025 P:2026/2025,,,Direct BvP not yet weighted; 2026/2025 Statcast baseline active,7,7,23,2,Hot streak: 2 HR in last 7 games,"same-side matchup; pitcher baseline 9.5% barrel, 17.7 HR allowed",neutral batted-ball profile; pitcher fly-ball pressure modest,12.68,46.89,90.78,100.6097,0.448,0.2061,0.3354,70.8,8.47,38.2,31.89,9.5,0.1606,9.54,42.03,89.53,0.4561,0.1884,25.96,69 deg,Open-Meteo forecast; MLB fallback,https://forecast.weather.gov/MapClick.php?lat=39.0979&lon=-84.5082,91,47,74,Great American Ball Park,
47,668709,JJ Bleday,CIN,CLE,2026-07-28T17:40:00Z,Scheduled,3,Slade Cecconi,677944,R,57.0,Longshot,Watch List,"Projected Lineup, Premium Lineup Spot, Platoon Edge",39.8,52.0,67.8,92.1,80.0,23.4,No,No,3,Yes,Yes,RotoWire projected lineup; MLB probable pitchers,lineup projected / unconfirmed,H:2026/2025 P:2026/2025,,,Direct BvP not yet weighted; 2026/2025 Statcast baseline active,7,4,26,1,"Last 7 games: 4/26, 1 HR","platoon edge; pitcher baseline 9.5% barrel, 17.7 HR allowed",neutral batted-ball profile; pitcher fly-ball pressure modest,9.41,40.52,88.77,100.0422,0.4227,0.183,0.3362,73.24,28.73,45.6,32.29,16.1,0.2221,9.54,42.03,89.53,0.4561,0.1884,25.96,69 deg,Open-Meteo forecast; MLB fallback,https://forecast.weather.gov/MapClick.php?lat=39.0979&lon=-84.5082,91,47,74,Great American Ball Park,
48,621566,Matt Olson,ATL,NYM,2026-07-28T23:10:00Z,Scheduled,4,Christian Scott,681035,R,57.0,Longshot,Watch List,"Projected Lineup, Strong Barrel, Premium Lineup Spot, Platoon Edge",65.2,28.7,46.8,90.4,80.0,33.7,No,No,4,Yes,Yes,RotoWire projected lineup; MLB probable pitchers,lineup projected / unconfirmed,H:2026/2025 P:2026,,,Direct BvP not yet weighted; 2026/2025 Statcast baseline active,7,6,27,1,"Last 7 games: 6/27, 1 HR","platoon edge; pitcher baseline 6.9% barrel, 7.0 HR allowed",EV profile; pitcher fly-ball pressure modest,14.33,51.2,92.88,103.8989,0.5039,0.2559,0.3593,74.6,48.23,37.65,32.36,27.6,0.2449,6.9,34.0,87.6,0.366,0.141,28.3,197 deg,Open-Meteo forecast; MLB fallback,https://forecast.weather.gov/MapClick.php?lat=40.7571&lon=-73.8458,65,25,79,Citi Field,
49,665052,Griffin Conine,MIA,PHI,2026-07-28T22:40:00Z,Scheduled,6,Aaron Nola,605400,R,56.6,Longshot,Watch List,"Projected Lineup, Strong Barrel, Platoon Edge",57.8,51.0,42.0,71.7,80.0,34.4,No,No,6,Yes,Yes,RotoWire projected lineup; MLB probable pitchers,lineup projected / unconfirmed,H:2026/2025 P:2026/2025,,,Direct BvP not yet weighted; 2026/2025 Statcast baseline active,7,5,22,1,"Last 7 games: 5/22, 1 HR","platoon edge; pitcher baseline 10.0% barrel, 22.9 HR allowed",neutral batted-ball profile; pitcher fly-ball pressure modest,15.15,53.35,90.69,103.5476,0.4691,0.2103,0.351,74.05,43.34,48.06,21.66,6.2,0.2357,10.01,41.34,88.84,0.4282,0.1808,28.02,198 deg,Open-Meteo forecast; MLB fallback,https://forecast.weather.gov/MapClick.php?lat=25.7781&lon=-80.2197,92,39,78,loanDepot park,
50,678577,Junior Perez,CWS,NYY,2026-07-28T23:40:00Z,Scheduled,7,Gerrit Cole,543037,R,56.6,Longshot,Watch List,"Projected Lineup, Strong Barrel",68.2,51.0,53.0,59.8,50.0,21.8,No,No,7,Yes,Yes,RotoWire projected lineup; MLB probable pitchers,lineup projected / unconfirmed,H:2026 P:2026,,,Direct BvP not yet weighted; 2026/2025 Statcast baseline active,7,1,7,1,"Last 7 games: 1/7, 1 HR","same-side matchup; pitcher baseline 10.7% barrel, 11.0 HR allowed",neutral batted-ball profile; pitcher allows elevated contact,14.3,52.4,91.0,101.5824,0.516,0.31,0.312,75.1,57.1,28.6,33.3,3.0,0.258,10.7,43.1,90.1,0.391,0.154,32.8,167 deg,Open-Meteo forecast; MLB fallback,https://forecast.weather.gov/MapClick.php?lat=41.8300&lon=-87.6338,88,8,74,Rate Field,
51,605137,Josh Bell,MIN,KC,2026-07-28T23:40:00Z,Scheduled,5,Seth Lugo,607625,R,56.4,Longshot,Watch List,"Projected Lineup, Strong Barrel, Platoon Edge",44.7,58.0,60.1,81.9,75.0,9.8,No,No,5,Yes,Yes,RotoWire projected lineup; MLB probable pitchers,lineup projected / unconfirmed,H:2026/2025 P:2026/2025,,,Direct BvP not yet weighted; 2026/2025 Statcast baseline active,7,5,27,0,"Last 7 games: 5/27, 0 HR","switch hitter; pitcher baseline 9.9% barrel, 18.6 HR allowed",neutral batted-ball profile; pitcher allows elevated contact,10.42,44.27,90.05,100.9738,0.4486,0.2003,0.3317,72.26,28.11,41.15,26.36,15.7,0.173,9.91,44.71,90.7,0.4793,0.2079,30.3,22 deg,Open-Meteo forecast; MLB fallback,https://forecast.weather.gov/MapClick.php?lat=44.9817&lon=-93.2776,66,1,87,Target Field,
52,663330,Jahmai Jones,BOS,ATH,2026-07-29T01:40:00Z,Scheduled,1,Gage Jump,695611,L,56.4,Longshot,Watch List,"Projected Lineup, Strong Barrel, Premium Lineup Spot, Platoon Edge",49.5,37.3,62.4,88.7,78.0,45.3,No,No,1,Yes,Yes,RotoWire projected lineup; MLB probable pitchers,lineup projected / unconfirmed,H:2026/2025 P:2026,,,Direct BvP not yet weighted; 2026/2025 Statcast baseline active,7,3,10,1,"Last 7 games: 3/10, 1 HR","platoon edge; pitcher baseline 6.3% barrel, 7.0 HR allowed",neutral batted-ball profile; pitcher fly-ball pressure modest,11.58,47.3,91.08,102.3199,0.4406,0.1982,0.3332,73.25,34.73,46.68,27.85,4.2,0.1608,6.3,43.1,90.3,0.4,0.144,26.9,221 deg,Open-Meteo forecast; MLB fallback,https://forecast.weather.gov/MapClick.php?lat=38.5804&lon=-121.5139,23,0,94,Sutter Health Park,
53,521692,Salvador Perez,KC,MIN,2026-07-28T23:40:00Z,Scheduled,4,Taj Bradley,671737,R,56.3,Longshot,Watch List,"Projected Lineup, Strong Barrel, Premium Lineup Spot",46.6,48.9,60.1,90.4,50.0,61.0,No,No,4,Yes,Yes,RotoWire projected lineup; MLB probable pitchers,lineup projected / unconfirmed,H:2026/2025 P:2026/2025,,,Direct BvP not yet weighted; 2026/2025 Statcast baseline active,7,4,25,3,Hot streak: 3 HR in last 7 games,"same-side matchup; pitcher baseline 9.2% barrel, 17.6 HR allowed",neutral batted-ball profile; pitcher fly-ball pressure modest,11.58,44.04,89.37,100.836,0.4479,0.2072,0.3171,72.06,22.38,42.19,29.87,19.5,0.1729,9.15,43.05,90.46,0.391,0.161,29.89,22 deg,Open-Meteo forecast; MLB fallback,https://forecast.weather.gov/MapClick.php?lat=44.9817&lon=-93.2776,66,1,87,Target Field,
54,553993,Eugenio Suarez,CIN,CLE,2026-07-28T23:10:00Z,Scheduled,4,Gavin Williams,668909,R,56.2,Longshot,Watch List,"Projected Lineup, Strong Barrel, Premium Lineup Spot",39.7,57.2,67.8,90.4,50.0,40.9,No,No,4,Yes,Yes,RotoWire projected lineup; MLB probable pitchers,lineup projected / unconfirmed,H:2026/2025 P:2026/2025,,,Direct BvP not yet weighted; 2026/2025 Statcast baseline active,7,4,27,2,Hot streak: 2 HR in last 7 games,"same-side matchup; pitcher baseline 10.8% barrel, 20.9 HR allowed",neutral batted-ball profile; pitcher fly-ball pressure modest,11.78,36.89,88.94,99.9195,0.3748,0.1785,0.2829,71.81,21.04,47.54,33.62,24.5,0.2259,10.75,47.38,90.68,0.4162,0.181,25.09,69 deg,Open-Meteo forecast; MLB fallback,https://forecast.weather.gov/MapClick.php?lat=39.0979&lon=-84.5082,91,47,74,Great American Ball Park,
55,677588,Jose Tena,WSH,TOR,2026-07-28T22:45:00Z,Scheduled,3,Shane Bieber,669456,R,56.2,Longshot,Watch List,"Projected Lineup, Premium Lineup Spot, Platoon Edge",34.9,65.5,51.7,92.1,80.0,22.0,No,No,3,Yes,Yes,RotoWire projected lineup; MLB probable pitchers,lineup projected / unconfirmed,H:2026/2025 P:2026/2025,,,Direct BvP not yet weighted; 2026/2025 Statcast baseline active,7,4,15,0,"Last 7 games: 4/15, 0 HR","platoon edge; pitcher baseline 11.5% barrel, 7.3 HR allowed",neutral batted-ball profile; pitcher fly-ball pressure modest,7.26,47.71,91.02,102.2984,0.378,0.1329,0.3048,72.97,33.56,31.23,16.8,3.5,0.1435,11.53,47.29,90.61,0.5315,0.2369,25.47,139 deg,Open-Meteo forecast; MLB fallback,https://forecast.weather.gov/MapClick.php?lat=38.8730&lon=-77.0074,65,2,82,Nationals Park,
56,664034,Ty France,SD,COL,2026-07-29T01:40:00Z,Scheduled,4,Michael Lorenzen,547179,R,56.2,Longshot,Watch List,"Projected Lineup, Strong Barrel, Premium Lineup Spot, Hot Hitter/Streak",47.1,53.6,46.1,90.4,50.0,73.7,No,No,4,Yes,Yes,RotoWire projected lineup; MLB probable pitchers,lineup projected / unconfirmed,H:2026/2025 P:2026/2025,,,Direct BvP not yet weighted; 2026/2025 Statcast baseline active,7,11,30,2,Hot streak: 2 HR in last 7 games,"same-side matchup; pitcher baseline 9.1% barrel, 18.7 HR allowed",neutral batted-ball profile; pitcher fly-ball pressure modest,10.57,48.47,91.6,101.6172,0.4453,0.1905,0.3322,71.77,18.55,36.78,23.71,13.3,0.2143,9.08,44.45,90.28,0.4671,0.1847,25.66,246 deg,Open-Meteo forecast; MLB fallback,https://forecast.weather.gov/MapClick.php?lat=32.7073&lon=-117.1573,76,0,78,Petco Park,
57,545341,Randal Grichuk,CWS,NYY,2026-07-28T23:40:00Z,Scheduled,1,Gerrit Cole,543037,R,56.0,Longshot,Watch List,"Projected Lineup, Strong Barrel, Premium Lineup Spot",53.1,51.0,53.0,88.7,50.0,28.2,No,No,1,Yes,Yes,RotoWire projected lineup; MLB probable pitchers,lineup projected / unconfirmed,H:2026/2025 P:2026,,,Direct BvP not yet weighted; 2026/2025 Statcast baseline active,7,4,13,0,"Last 7 games: 4/13, 0 HR","same-side matchup; pitcher baseline 10.7% barrel, 11.0 HR allowed",neutral batted-ball profile; pitcher allows elevated contact,12.05,47.75,91.07,102.5981,0.4843,0.2103,0.3386,74.04,41.03,47.41,28.22,9.0,0.236,10.7,43.1,90.1,0.391,0.154,32.8,167 deg,Open-Meteo forecast; MLB fallback,https://forecast.weather.gov/MapClick.php?lat=41.8300&lon=-87.6338,88,8,74,Rate Field,
58,676475,Alec Burleson,STL,CHC,2026-07-28T23:45:00Z,Scheduled,3,Colin Rea,607067,R,55.9,Longshot,Watch List,"Projected Lineup, Strong Barrel, Premium Lineup Spot, Platoon Edge",52.4,54.2,22.1,92.1,80.0,44.1,No,No,3,Yes,Yes,RotoWire projected lineup; MLB probable pitchers,lineup projected / unconfirmed,H:2026/2025 P:2026/2025,,,Direct BvP not yet weighted; 2026/2025 Statcast baseline active,7,12,29,0,Contact streak: 12/29 over last 7 games,"platoon edge; pitcher baseline 10.4% barrel, 17.9 HR allowed",neutral batted-ball profile; pitcher fly-ball pressure modest,10.69,46.78,91.49,101.7417,0.5151,0.2249,0.3702,73.03,31.58,43.96,27.4,15.9,0.1774,10.37,40.02,89.59,0.4667,0.1945,26.05,,NOAA link only,https://forecast.weather.gov/MapClick.php?lat=38.6226&lon=-90.1928,,,,Busch Stadium,
59,666160,Mickey Moniak,COL,SD,2026-07-29T01:40:00Z,Scheduled,2,Michael King,650633,R,55.9,Longshot,Watch List,"Projected Lineup, Strong Barrel, Premium Lineup Spot, Platoon Edge",50.3,40.6,46.1,95.5,80.0,40.7,No,No,2,Yes,Yes,RotoWire projected lineup; MLB probable pitchers,lineup projected / unconfirmed,H:2026/2025 P:2026/2025,,,Direct BvP not yet weighted; 2026/2025 Statcast baseline active,7,7,26,1,"Last 7 games: 7/26, 1 HR","platoon edge; pitcher baseline 9.4% barrel, 11.3 HR allowed",fly-ball profile; pitcher fly-ball pressure modest,11.77,43.97,89.63,100.4826,0.448,0.2119,0.3118,74.22,44.05,47.99,37.82,18.4,0.2676,9.37,35.23,87.66,0.4123,0.1702,26.91,246 deg,Open-Meteo forecast; MLB fallback,https://forecast.weather.gov/MapClick.php?lat=32.7073&lon=-117.1573,76,0,78,Petco Park,
60,663616,Trevor Larnach,MIN,KC,2026-07-28T23:40:00Z,Scheduled,1,Seth Lugo,607625,R,55.4,Longshot,Watch List,"Projected Lineup, Premium Lineup Spot, Platoon Edge",29.7,60.0,60.1,88.7,80.0,52.5,No,No,1,Yes,Yes,RotoWire projected lineup; MLB probable pitchers,lineup projected / unconfirmed,H:2026/2025 P:2026/2025,,,Direct BvP not yet weighted; 2026/2025 Statcast baseline active,7,8,23,1,Contact streak: 8/23 over last 7 games,"platoon edge; pitcher baseline 9.9% barrel, 18.6 HR allowed",neutral batted-ball profile; pitcher allows elevated contact,7.55,37.65,88.24,99.272,0.4079,0.1467,0.3334,71.92,20.47,41.99,24.47,10.7,0.161,9.91,44.71,90.7,0.4793,0.2079,30.3,22 deg,Open-Meteo forecast; MLB fallback,https://forecast.weather.gov/MapClick.php?lat=44.9817&lon=-93.2776,66,1,87,Target Field,
61,663728,Cal Raleigh,SEA,LAD,2026-07-29T02:10:00Z,Scheduled,4,,,,55.3,Longshot,Watch List,"Projected Lineup, Strong Barrel, Premium Lineup Spot, Platoon Edge",49.7,40.2,57.6,90.4,75.0,24.3,No,No,4,Yes,Yes,RotoWire projected lineup; MLB probable pitchers,lineup projected / unconfirmed,H:2026/2025 P:,,,Direct BvP not yet weighted; 2026/2025 Statcast baseline active,7,4,25,1,"Last 7 games: 4/25, 1 HR","switch hitter; pitcher baseline 0.0% barrel, 0.0 HR allowed",fly-ball profile; pitcher fly-ball pressure modest,13.48,37.7,89.06,100.1078,0.407,0.2145,0.3101,74.99,53.3,53.52,41.73,25.0,0.1971,,,,,,,253 deg,Open-Meteo forecast; MLB fallback,https://forecast.weather.gov/MapClick.php?lat=34.0739&lon=-118.2400,50,0,87,UNIQLO Field at Dodger Stadium,
62,553993,Eugenio Suarez,CIN,CLE,2026-07-28T17:40:00Z,Scheduled,4,Slade Cecconi,677944,R,54.9,Longshot,Watch List,"Projected Lineup, Strong Barrel, Premium Lineup Spot",39.7,52.0,67.8,90.4,50.0,40.9,No,No,4,Yes,Yes,RotoWire projected lineup; MLB probable pitchers,lineup projected / unconfirmed,H:2026/2025 P:2026/2025,,,Direct BvP not yet weighted; 2026/2025 Statcast baseline active,7,4,27,2,Hot streak: 2 HR in last 7 games,"same-side matchup; pitcher baseline 9.5% barrel, 17.7 HR allowed",neutral batted-ball profile; pitcher fly-ball pressure modest,11.78,36.89,88.94,99.9195,0.3748,0.1785,0.2829,71.81,21.04,47.54,33.62,24.5,0.2259,9.54,42.03,89.53,0.4561,0.1884,25.96,69 deg,Open-Meteo forecast; MLB fallback,https://forecast.weather.gov/MapClick.php?lat=39.0979&lon=-84.5082,91,47,74,Great American Ball Park,
63,665487,Fernando Tatis,SD,COL,2026-07-29T01:40:00Z,Scheduled,1,Michael Lorenzen,547179,R,54.9,Longshot,Watch List,"Projected Lineup, Strong Barrel, Premium Lineup Spot",51.1,53.6,46.1,88.7,50.0,27.1,No,No,1,Yes,Yes,RotoWire projected lineup; MLB probable pitchers,lineup projected / unconfirmed,H:2026/2025 P:2026/2025,,,Direct BvP not yet weighted; 2026/2025 Statcast baseline active,7,5,28,1,"Last 7 games: 5/28, 1 HR","same-side matchup; pitcher baseline 9.1% barrel, 18.7 HR allowed",EV profile; pitcher fly-ball pressure modest,10.86,53.13,92.46,104.2771,0.4537,0.1729,0.3588,75.4,57.26,33.12,21.45,13.1,0.1346,9.08,44.45,90.28,0.4671,0.1847,25.66,246 deg,Open-Meteo forecast; MLB fallback,https://forecast.weather.gov/MapClick.php?lat=32.7073&lon=-117.1573,76,0,78,Petco Park,
64,547180,Bryce Harper,PHI,MIA,2026-07-28T22:40:00Z,Scheduled,3,Sandy Alcantara,645261,R,54.4,Longshot,Watch List,"Projected Lineup, Strong Barrel, Premium Lineup Spot, Platoon Edge",52.8,34.8,42.0,92.1,80.0,43.7,No,No,3,Yes,Yes,RotoWire projected lineup; MLB probable pitchers,lineup projected / unconfirmed,H:2026/2025 P:2026/2025,,,Direct BvP not yet weighted; 2026/2025 Statcast baseline active,7,4,24,2,Hot streak: 2 HR in last 7 games,"platoon edge; pitcher baseline 6.6% barrel, 18.5 HR allowed",neutral batted-ball profile; pitcher fly-ball pressure modest,11.74,45.61,90.46,101.9853,0.4983,0.2289,0.3785,74.27,46.61,38.61,28.01,23.5,0.2351,6.57,38.28,89.02,0.3905,0.1358,24.45,198 deg,Open-Meteo forecast; MLB fallback,https://forecast.weather.gov/MapClick.php?lat=25.7781&lon=-80.2197,92,39,78,loanDepot park,
65,677594,Julio Rodriguez,SEA,LAD,2026-07-29T02:10:00Z,Scheduled,2,,,,54.4,Longshot,Watch List,"Projected Lineup, Premium Lineup Spot",46.1,41.2,57.6,95.5,60.0,36.3,No,No,2,Yes,Yes,RotoWire projected lineup; MLB probable pitchers,lineup projected / unconfirmed,H:2026/2025 P:,,,Direct BvP not yet weighted; 2026/2025 Statcast baseline active,7,6,25,1,"Last 7 games: 6/25, 1 HR","handedness incomplete; pitcher baseline 0.0% barrel, 0.0 HR allowed",neutral batted-ball profile; pitcher fly-ball pressure modest,9.1,44.57,90.47,102.8292,0.4699,0.1978,0.3454,76.54,66.35,37.58,25.49,20.1,0.1748,,,,,,,253 deg,Open-Meteo forecast; MLB fallback,https://forecast.weather.gov/MapClick.php?lat=34.0739&lon=-118.2400,50,0,87,UNIQLO Field at Dodger Stadium,
66,694671,Wyatt Langford,TEX,TB,2026-07-28T22:40:00Z,Scheduled,2,Griffin Jax,643377,R,54.3,Longshot,Watch List,"Projected Lineup, Strong Barrel, Premium Lineup Spot",43.6,46.5,51.6,95.5,50.0,63.1,No,No,2,Yes,Yes,RotoWire projected lineup; MLB probable pitchers,lineup projected / unconfirmed,H:2026/2025 P:2026/2025,,,Direct BvP not yet weighted; 2026/2025 Statcast baseline active,7,8,27,2,Hot streak: 2 HR in last 7 games,"same-side matchup; pitcher baseline 10.0% barrel, 11.2 HR allowed",neutral batted-ball profile; pitcher fly-ball pressure modest,10.43,41.05,89.93,100.8238,0.441,0.1939,0.3264,72.82,26.27,41.49,29.9,15.0,0.2208,10.03,41.16,88.92,0.422,0.1674,23.72,237 deg,Open-Meteo forecast; MLB fallback,https://forecast.weather.gov/MapClick.php?lat=27.7682&lon=-82.6534,85,5,79,Tropicana Field,
67,693307,Dillon Dingler,DET,BAL,2026-07-28T22:40:00Z,Scheduled,5,Dean Kremer,665152,R,54.0,Longshot,Watch List,"Projected Lineup, Strong Barrel",48.3,47.3,53.1,81.9,50.0,54.9,No,No,5,Yes,Yes,RotoWire projected lineup; MLB probable pitchers,lineup projected / unconfirmed,H:2026/2025 P:2026/2025,,,Direct BvP not yet weighted; 2026/2025 Statcast baseline active,7,8,22,1,Contact streak: 8/22 over last 7 games,"same-side matchup; pitcher baseline 9.0% barrel, 13.6 HR allowed",neutral batted-ball profile; pitcher allows elevated contact,10.6,45.84,89.58,101.029,0.5079,0.2186,0.3706,71.84,16.14,40.73,28.5,19.3,0.2226,8.98,34.61,87.4,0.4606,0.2156,34.77,210 deg,Open-Meteo forecast; MLB fallback,https://forecast.weather.gov/MapClick.php?lat=42.3390&lon=-83.0485,56,13,80,Comerica Park,
68,682626,Francisco Alvarez,NYM,ATL,2026-07-28T23:10:00Z,Scheduled,5,Chris Sale,519242,L,53.8,Longshot,Watch List,"Projected Lineup, Strong Barrel, Platoon Edge, Hot Hitter/Streak",56.3,21.9,46.8,81.9,78.0,89.5,No,No,5,Yes,Yes,RotoWire projected lineup; MLB probable pitchers,lineup projected / unconfirmed,H:2026/2025 P:2026/2025,,,Direct BvP not yet weighted; 2026/2025 Statcast baseline active,7,7,20,3,Hot streak: 3 HR in last 7 games,"platoon edge; pitcher baseline 5.9% barrel, 8.9 HR allowed",neutral batted-ball profile; pitcher fly-ball pressure modest,14.83,47.37,91.14,102.7644,0.458,0.2171,0.3379,74.14,43.46,40.2,25.24,11.7,0.1889,5.88,34.07,87.41,0.3284,0.1108,26.46,197 deg,Open-Meteo forecast; MLB fallback,https://forecast.weather.gov/MapClick.php?lat=40.7571&lon=-73.8458,65,25,79,Citi Field,
69,800050,Chase DeLauter,CLE,CIN,2026-07-28T17:40:00Z,Scheduled,3,Chase Burns,695505,R,53.3,Longshot,Watch List,"Projected Lineup, Premium Lineup Spot, Platoon Edge",35.8,39.7,67.8,92.1,80.0,33.9,No,No,3,Yes,Yes,RotoWire projected lineup; MLB probable pitchers,lineup projected / unconfirmed,H:2026 P:2026/2025,,,Direct BvP not yet weighted; 2026/2025 Statcast baseline active,7,9,26,0,Contact streak: 9/26 over last 7 games,"platoon edge; pitcher baseline 9.0% barrel, 9.9 HR allowed",neutral batted-ball profile; pitcher fly-ball pressure modest,6.7,45.4,91.1,101.5859,0.435,0.157,0.346,71.4,18.3,38.2,20.5,11.0,0.165,9.01,39.19,89.29,0.3525,0.1439,29.43,69 deg,Open-Meteo forecast; MLB fallback,https://forecast.weather.gov/MapClick.php?lat=39.0979&lon=-84.5082,91,47,74,Great American Ball Park,
70,669394,Jake Burger,TEX,TB,2026-07-28T22:40:00Z,Scheduled,6,Griffin Jax,643377,R,53.2,Longshot,Watch List,"Projected Lineup, Strong Barrel, Hot Hitter/Streak",48.4,46.5,51.6,71.7,50.0,75.9,No,No,6,Yes,Yes,RotoWire projected lineup; MLB probable pitchers,lineup projected / unconfirmed,H:2026/2025 P:2026/2025,,,Direct BvP not yet weighted; 2026/2025 Statcast baseline active,7,7,27,3,Hot streak: 3 HR in last 7 games,"same-side matchup; pitcher baseline 10.0% barrel, 11.2 HR allowed",neutral batted-ball profile; pitcher fly-ball pressure modest,11.87,46.89,90.12,102.7176,0.4255,0.1886,0.3107,75.23,56.44,43.0,27.27,18.1,0.1893,10.03,41.16,88.92,0.422,0.1674,23.72,237 deg,Open-Meteo forecast; MLB fallback,https://forecast.weather.gov/MapClick.php?lat=27.7682&lon=-82.6534,85,5,79,Tropicana Field,
71,666018,Jonathan Aranda,TB,TEX,2026-07-28T22:40:00Z,Scheduled,2,,,,53.2,Longshot,Watch List,"Projected Lineup, Strong Barrel, Premium Lineup Spot",49.3,41.2,51.6,95.5,60.0,11.0,No,No,2,Yes,Yes,RotoWire projected lineup; MLB probable pitchers,lineup projected / unconfirmed,H:2026/2025 P:,,,Direct BvP not yet weighted; 2026/2025 Statcast baseline active,7,6,31,0,"Last 7 games: 6/31, 0 HR","handedness incomplete; pitcher baseline 0.0% barrel, 0.0 HR allowed",neutral batted-ball profile; pitcher fly-ball pressure modest,11.08,47.71,91.67,101.3215,0.4702,0.1995,0.3652,70.08,12.09,30.4,30.34,14.0,0.1611,,,,,,,237 deg,Open-Meteo forecast; MLB fallback,https://forecast.weather.gov/MapClick.php?lat=27.7682&lon=-82.6534,85,5,79,Tropicana Field,
72,691023,Jordan Walker,STL,CHC,2026-07-28T23:45:00Z,Scheduled,4,Colin Rea,607067,R,53.2,Longshot,Watch List,"Projected Lineup, Strong Barrel, Premium Lineup Spot",58.2,54.2,22.1,90.4,50.0,9.8,No,No,4,Yes,Yes,RotoWire projected lineup; MLB probable pitchers,lineup projected / unconfirmed,H:2026/2025 P:2026/2025,,,Direct BvP not yet weighted; 2026/2025 Statcast baseline active,7,5,27,0,"Last 7 games: 5/27, 0 HR","same-side matchup; pitcher baseline 10.4% barrel, 17.9 HR allowed",EV profile; pitcher fly-ball pressure modest,13.0,50.0,93.14,105.1722,0.4589,0.1991,0.3389,78.87,83.19,38.45,23.14,17.2,0.1827,10.37,40.02,89.59,0.4667,0.1945,26.05,,NOAA link only,https://forecast.weather.gov/MapClick.php?lat=38.6226&lon=-90.1928,,,,Busch Stadium,
73,668804,Bryan Reynolds,PIT,AZ,2026-07-28T22:40:00Z,Scheduled,3,Brandon Pfaadt,694297,R,53.1,Longshot,Watch List,"Projected Lineup, Strong Barrel, Premium Lineup Spot, Platoon Edge",47.0,46.0,45.8,92.1,75.0,0.0,No,No,3,Yes,Yes,RotoWire projected lineup; MLB probable pitchers,lineup projected / unconfirmed,H:2026/2025 P:2026/2025,,,Direct BvP not yet weighted; 2026/2025 Statcast baseline active,7,3,28,0,"Last 7 games: 3/28, 0 HR","switch hitter; pitcher baseline 9.9% barrel, 13.4 HR allowed",neutral batted-ball profile; pitcher fly-ball pressure modest,11.01,46.7,90.99,101.9733,0.4456,0.1918,0.3527,72.62,28.58,40.78,24.97,14.6,0.1766,9.92,40.27,89.47,0.4331,0.1757,21.1,243 deg,Open-Meteo forecast; MLB fallback,https://forecast.weather.gov/MapClick.php?lat=40.4469&lon=-80.0057,77,8,78,PNC Park,
74,668227,Randy Arozarena,SEA,LAD,2026-07-29T02:10:00Z,Scheduled,1,,,,53.1,Longshot,Watch List,"Projected Lineup, Premium Lineup Spot",40.7,41.2,57.6,88.7,60.0,66.9,No,No,1,Yes,Yes,RotoWire projected lineup; MLB probable pitchers,lineup projected / unconfirmed,H:2026/2025 P:,,,Direct BvP not yet weighted; 2026/2025 Statcast baseline active,7,9,28,2,Hot streak: 2 HR in last 7 games,"handedness incomplete; pitcher baseline 0.0% barrel, 0.0 HR allowed",neutral batted-ball profile; pitcher fly-ball pressure modest,9.26,45.35,91.23,101.082,0.4247,0.1704,0.3459,71.32,24.62,33.49,22.28,17.2,0.1761,,,,,,,253 deg,Open-Meteo forecast; MLB fallback,https://forecast.weather.gov/MapClick.php?lat=34.0739&lon=-118.2400,50,0,87,UNIQLO Field at Dodger Stadium,
75,679529,Spencer Torkelson,DET,BAL,2026-07-28T22:40:00Z,Scheduled,6,Dean Kremer,665152,R,53.0,Longshot,Watch List,"Projected Lineup, Strong Barrel",51.9,47.3,53.1,71.7,50.0,39.8,No,No,6,Yes,Yes,RotoWire projected lineup; MLB probable pitchers,lineup projected / unconfirmed,H:2026/2025 P:2026/2025,,,Direct BvP not yet weighted; 2026/2025 Statcast baseline active,7,5,19,1,"Last 7 games: 5/19, 1 HR","same-side matchup; pitcher baseline 9.0% barrel, 13.6 HR allowed",fly-ball profile; pitcher allows elevated contact,13.92,43.0,90.06,100.3644,0.4266,0.2083,0.3228,73.14,26.19,47.98,36.74,22.6,0.2118,8.98,34.61,87.4,0.4606,0.2156,34.77,210 deg,Open-Meteo forecast; MLB fallback,https://forecast.weather.gov/MapClick.php?lat=42.3390&lon=-83.0485,56,13,80,Comerica Park,
76,677800,Wilyer Abreu,BOS,ATH,2026-07-29T01:40:00Z,Scheduled,4,Gage Jump,695611,L,52.7,Longshot,Watch List,"Projected Lineup, Strong Barrel, Premium Lineup Spot",52.1,37.3,62.4,90.4,50.0,0.0,No,No,4,Yes,Yes,RotoWire projected lineup; MLB probable pitchers,lineup projected / unconfirmed,H:2026/2025 P:2026,,,Direct BvP not yet weighted; 2026/2025 Statcast baseline active,7,2,27,0,"Last 7 games: 2/27, 0 HR","same-side matchup; pitcher baseline 6.3% barrel, 7.0 HR allowed",fly-ball profile; pitcher fly-ball pressure modest,12.37,43.08,90.1,101.2155,0.4673,0.2166,0.3392,73.89,38.45,37.2,37.52,17.1,0.1968,6.3,43.1,90.3,0.4,0.144,26.9,221 deg,Open-Meteo forecast; MLB fallback,https://forecast.weather.gov/MapClick.php?lat=38.5804&lon=-121.5139,23,0,94,Sutter Health Park,
77,686469,Vinnie Pasquantino,KC,MIN,2026-07-28T23:40:00Z,Scheduled,5,Taj Bradley,671737,R,52.6,Longshot,Watch List,"Projected Lineup, Platoon Edge",34.7,48.9,60.1,81.9,80.0,36.0,No,No,5,Yes,Yes,RotoWire projected lineup; MLB probable pitchers,lineup projected / unconfirmed,H:2026/2025 P:2026/2025,,,Direct BvP not yet weighted; 2026/2025 Statcast baseline active,7,9,25,0,Contact streak: 9/25 over last 7 games,"platoon edge; pitcher baseline 9.2% barrel, 17.6 HR allowed",neutral batted-ball profile; pitcher fly-ball pressure modest,8.0,41.13,89.57,99.9119,0.4112,0.1602,0.3214,70.96,14.57,43.0,27.39,13.8,0.1431,9.15,43.05,90.46,0.391,0.161,29.89,22 deg,Open-Meteo forecast; MLB fallback,https://forecast.weather.gov/MapClick.php?lat=44.9817&lon=-93.2776,66,1,87,Target Field,
78,805808,Kevin McGonigle,DET,BAL,2026-07-28T22:40:00Z,Scheduled,2,Dean Kremer,665152,R,52.2,Longshot,Watch List,"Projected Lineup, Premium Lineup Spot, Platoon Edge",33.5,47.3,53.1,95.5,80.0,24.9,No,No,2,Yes,Yes,RotoWire projected lineup; MLB probable pitchers,lineup projected / unconfirmed,H:2026 P:2026/2025,,,Direct BvP not yet weighted; 2026/2025 Statcast baseline active,7,8,28,0,"Last 7 games: 8/28, 0 HR","platoon edge; pitcher baseline 9.0% barrel, 13.6 HR allowed",fly-ball profile; pitcher allows elevated contact,7.4,37.5,88.1,98.4398,0.438,0.169,0.359,71.2,17.2,38.0,35.0,9.0,0.136,8.98,34.61,87.4,0.4606,0.2156,34.77,210 deg,Open-Meteo forecast; MLB fallback,https://forecast.weather.gov/MapClick.php?lat=42.3390&lon=-83.0485,56,13,80,Comerica Park,
79,641343,Jake Bauers,MIL,SF,2026-07-29T01:45:00Z,Scheduled,5,Landen Roupp,694738,R,52.1,Longshot,Watch List,"Projected Lineup, Strong Barrel, Platoon Edge",59.6,19.9,48.3,81.9,80.0,34.5,No,No,5,Yes,Yes,RotoWire projected lineup; MLB probable pitchers,lineup projected / unconfirmed,H:2026/2025 P:2026/2025,,,Direct BvP not yet weighted; 2026/2025 Statcast baseline active,7,7,20,0,Contact streak: 7/20 over last 7 games,"platoon edge; pitcher baseline 5.5% barrel, 8.9 HR allowed",EV profile; pitcher fly-ball pressure modest,13.56,50.99,92.33,103.2315,0.4598,0.2139,0.3561,76.64,71.12,39.71,29.63,14.7,0.2039,5.54,32.02,87.14,0.3499,0.1183,21.68,290 deg,Open-Meteo forecast; MLB fallback,https://forecast.weather.gov/MapClick.php?lat=37.7786&lon=-122.3893,65,0,69,Oracle Park,
80,690993,Colt Keith,DET,BAL,2026-07-28T22:40:00Z,Scheduled,1,Dean Kremer,665152,R,52.0,Longshot,Watch List,"Projected Lineup, Premium Lineup Spot, Platoon Edge",35.9,47.3,53.1,88.7,80.0,24.9,No,No,1,Yes,Yes,RotoWire projected lineup; MLB probable pitchers,lineup projected / unconfirmed,H:2026/2025 P:2026/2025,,,Direct BvP not yet weighted; 2026/2025 Statcast baseline active,7,6,21,0,"Last 7 games: 6/21, 0 HR","platoon edge; pitcher baseline 9.0% barrel, 13.6 HR allowed",neutral batted-ball profile; pitcher allows elevated contact,8.08,41.95,89.02,100.0364,0.4314,0.1674,0.3277,71.47,16.23,37.24,27.63,9.5,0.1458,8.98,34.61,87.4,0.4606,0.2156,34.77,210 deg,Open-Meteo forecast; MLB fallback,https://forecast.weather.gov/MapClick.php?lat=42.3390&lon=-83.0485,56,13,80,Comerica Park,
81,800050,Chase DeLauter,CLE,CIN,2026-07-28T23:10:00Z,Scheduled,3,,,,51.9,Longshot,Watch List,"Projected Lineup, Premium Lineup Spot",35.8,41.2,67.8,92.1,60.0,33.9,No,No,3,Yes,Yes,RotoWire projected lineup; MLB probable pitchers,lineup projected / unconfirmed,H:2026 P:,,,Direct BvP not yet weighted; 2026/2025 Statcast baseline active,7,9,26,0,Contact streak: 9/26 over last 7 games,"handedness incomplete; pitcher baseline 0.0% barrel, 0.0 HR allowed",neutral batted-ball profile; pitcher fly-ball pressure modest,6.7,45.4,91.1,101.5859,0.435,0.157,0.346,71.4,18.3,38.2,20.5,11.0,0.165,,,,,,,69 deg,Open-Meteo forecast; MLB fallback,https://forecast.weather.gov/MapClick.php?lat=39.0979&lon=-84.5082,91,47,74,Great American Ball Park,
82,665161,Jeremy Pena,HOU,LAA,2026-07-29T01:38:00Z,Scheduled,1,Reid Detmers,672282,L,51.9,Longshot,Watch List,"Projected Lineup, Premium Lineup Spot, Platoon Edge, Hot Hitter/Streak",31.0,36.9,55.7,88.7,78.0,100.0,No,No,1,Yes,Yes,RotoWire projected lineup; MLB probable pitchers,lineup projected / unconfirmed,H:2026/2025 P:2026/2025,,,Direct BvP not yet weighted; 2026/2025 Statcast baseline active,7,14,31,5,Hot streak: 5 HR in last 7 games,"platoon edge; pitcher baseline 7.8% barrel, 10.9 HR allowed",neutral batted-ball profile; pitcher fly-ball pressure modest,6.1,40.73,88.41,99.9074,0.4481,0.1543,0.3501,72.23,14.37,46.9,24.71,12.8,0.1821,7.78,39.3,89.89,0.3567,0.1341,27.64,230 deg,Open-Meteo forecast; MLB fallback,https://forecast.weather.gov/MapClick.php?lat=33.8003&lon=-117.8827,50,0,86,Angel Stadium,
83,671218,Heliot Ramos,SF,MIL,2026-07-29T01:45:00Z,Scheduled,2,Logan Henderson,701656,R,51.7,Longshot,Watch List,"Projected Lineup, Strong Barrel, Premium Lineup Spot",52.9,34.1,48.3,95.5,50.0,18.3,No,No,2,Yes,Yes,RotoWire projected lineup; MLB probable pitchers,lineup projected / unconfirmed,H:2026/2025 P:2026/2025,,,Direct BvP not yet weighted; 2026/2025 Statcast baseline active,7,3,29,1,"Last 7 games: 3/29, 1 HR","same-side matchup; pitcher baseline 8.6% barrel, 4.4 HR allowed",EV profile; pitcher allows elevated contact,13.21,49.01,92.15,103.1323,0.4541,0.1953,0.327,72.74,30.42,35.13,23.16,12.6,0.165,8.6,35.46,88.1,0.359,0.14,30.65,290 deg,Open-Meteo forecast; MLB fallback,https://forecast.weather.gov/MapClick.php?lat=37.7786&lon=-122.3893,65,0,69,Oracle Park,
84,681624,Andy Pages,LAD,SEA,2026-07-29T02:10:00Z,Scheduled,2,Luis Castillo,622491,R,51.7,Longshot,Watch List,"Projected Lineup, Premium Lineup Spot",37.2,51.0,57.6,95.5,50.0,14.1,No,No,2,Yes,Yes,RotoWire projected lineup; MLB probable pitchers,lineup projected / unconfirmed,H:2026/2025 P:2026/2025,,,Direct BvP not yet weighted; 2026/2025 Statcast baseline active,7,6,28,0,"Last 7 games: 6/28, 0 HR","same-side matchup; pitcher baseline 9.7% barrel, 16.7 HR allowed",neutral batted-ball profile; pitcher fly-ball pressure modest,8.26,41.61,88.81,100.0491,0.4343,0.1714,0.3314,72.95,27.31,36.5,28.93,20.0,0.1904,9.7,42.69,89.88,0.4243,0.173,28.14,253 deg,Open-Meteo forecast; MLB fallback,https://forecast.weather.gov/MapClick.php?lat=34.0739&lon=-118.2400,50,0,87,UNIQLO Field at Dodger Stadium,
85,695734,Daylen Lile,WSH,TOR,2026-07-28T22:45:00Z,Scheduled,6,Shane Bieber,669456,R,51.6,Longshot,Watch List,"Projected Lineup, Platoon Edge",30.4,65.5,51.7,71.7,80.0,16.1,No,No,6,Yes,Yes,RotoWire projected lineup; MLB probable pitchers,lineup projected / unconfirmed,H:2026/2025 P:2026/2025,,,Direct BvP not yet weighted; 2026/2025 Statcast baseline active,7,5,22,0,"Last 7 games: 5/22, 0 HR","platoon edge; pitcher baseline 11.5% barrel, 7.3 HR allowed",neutral batted-ball profile; pitcher fly-ball pressure modest,7.16,36.67,88.34,98.5832,0.4224,0.1544,0.3235,70.32,6.7,40.66,31.92,10.4,0.1724,11.53,47.29,90.61,0.5315,0.2369,25.47,139 deg,Open-Meteo forecast; MLB fallback,https://forecast.weather.gov/MapClick.php?lat=38.8730&lon=-77.0074,65,2,82,Nationals Park,
86,691718,Pete Crow-Armstrong,CHC,STL,2026-07-28T23:45:00Z,Scheduled,1,,,,51.6,Longshot,Watch List,"Projected Lineup, Strong Barrel, Premium Lineup Spot, Hot Hitter/Streak",51.7,41.2,22.1,88.7,60.0,70.6,No,No,1,Yes,Yes,RotoWire projected lineup; MLB probable pitchers,lineup projected / unconfirmed,H:2026/2025 P:,,,Direct BvP not yet weighted; 2026/2025 Statcast baseline active,7,9,26,2,Hot streak: 2 HR in last 7 games,"handedness incomplete; pitcher baseline 0.0% barrel, 0.0 HR allowed",neutral batted-ball profile; pitcher fly-ball pressure modest,11.77,46.22,89.85,101.653,0.4694,0.2169,0.349,74.17,43.9,49.39,33.96,25.4,0.2466,,,,,,,,NOAA link only,https://forecast.weather.gov/MapClick.php?lat=38.6226&lon=-90.1928,,,,Busch Stadium,
87,660670,Ronald Acuna,ATL,NYM,2026-07-28T23:10:00Z,Scheduled,1,Christian Scott,681035,R,51.5,Longshot,Watch List,"Projected Lineup, Strong Barrel, Premium Lineup Spot",59.2,28.7,46.8,88.7,50.0,22.4,No,No,1,Yes,Yes,RotoWire projected lineup; MLB probable pitchers,lineup projected / unconfirmed,H:2026/2025 P:2026,,,Direct BvP not yet weighted; 2026/2025 Statcast baseline active,7,7,26,0,"Last 7 games: 7/26, 0 HR","same-side matchup; pitcher baseline 6.9% barrel, 7.0 HR allowed",neutral batted-ball profile; pitcher fly-ball pressure modest,13.74,46.2,90.95,102.7307,0.5014,0.2447,0.3823,76.12,63.8,36.37,29.42,11.2,0.1846,6.9,34.0,87.6,0.366,0.141,28.3,197 deg,Open-Meteo forecast; MLB fallback,https://forecast.weather.gov/MapClick.php?lat=40.7571&lon=-73.8458,65,25,79,Citi Field,
88,668904,Royce Lewis,MIN,KC,2026-07-28T23:40:00Z,Scheduled,6,Seth Lugo,607625,R,51.5,Longshot,Watch List,"Projected Lineup, Strong Barrel",40.3,60.0,60.1,71.7,50.0,6.0,No,No,6,Yes,Yes,RotoWire projected lineup; MLB probable pitchers,lineup projected / unconfirmed,H:2026/2025 P:2026/2025,,,Direct BvP not yet weighted; 2026/2025 Statcast baseline active,7,4,25,0,"Last 7 games: 4/25, 0 HR","same-side matchup; pitcher baseline 9.9% barrel, 18.6 HR allowed",neutral batted-ball profile; pitcher allows elevated contact,10.73,41.0,89.45,100.5235,0.3846,0.1593,0.2998,74.37,47.78,46.65,30.92,10.9,0.1608,9.91,44.71,90.7,0.4793,0.2079,30.3,22 deg,Open-Meteo forecast; MLB fallback,https://forecast.weather.gov/MapClick.php?lat=44.9817&lon=-93.2776,66,1,87,Target Field,
89,502671,Paul Goldschmidt,NYY,CWS,2026-07-28T23:40:00Z,Scheduled,1,Anthony Kay,641743,L,51.4,Longshot,Watch List,"Projected Lineup, Strong Barrel, Premium Lineup Spot, Platoon Edge",38.1,39.8,53.0,88.7,78.0,37.8,No,No,1,Yes,Yes,RotoWire projected lineup; MLB probable pitchers,lineup projected / unconfirmed,H:2026/2025 P:2026,,,Direct BvP not yet weighted; 2026/2025 Statcast baseline active,7,6,24,1,"Last 7 games: 6/24, 1 HR","platoon edge; pitcher baseline 8.6% barrel, 14.0 HR allowed",neutral batted-ball profile; pitcher fly-ball pressure modest,10.38,39.22,87.6,99.4616,0.429,0.1868,0.3157,71.69,16.23,33.74,28.79,14.2,0.1941,8.6,39.0,88.5,0.416,0.148,22.0,167 deg,Open-Meteo forecast; MLB fallback,https://forecast.weather.gov/MapClick.php?lat=41.8300&lon=-87.6338,88,8,74,Rate Field,
90,663457,Lars Nootbaar,STL,CHC,2026-07-28T23:45:00Z,Scheduled,5,Colin Rea,607067,R,51.4,Longshot,Watch List,"Projected Lineup, Platoon Edge",48.7,54.2,22.1,81.9,80.0,7.0,No,No,5,Yes,Yes,RotoWire projected lineup; MLB probable pitchers,lineup projected / unconfirmed,H:2026/2025 P:2026/2025,,,Direct BvP not yet weighted; 2026/2025 Statcast baseline active,7,4,24,0,"Last 7 games: 4/24, 0 HR","platoon edge; pitcher baseline 10.4% barrel, 17.9 HR allowed",EV profile; pitcher fly-ball pressure modest,9.85,51.05,92.0,101.8311,0.4287,0.1865,0.3359,73.12,34.93,38.0,28.9,6.0,0.1298,10.37,40.02,89.59,0.4667,0.1945,26.05,,NOAA link only,https://forecast.weather.gov/MapClick.php?lat=38.6226&lon=-90.1928,,,,Busch Stadium,
91,678554,Curtis Mead,BOS,ATH,2026-07-29T01:40:00Z,Scheduled,2,Gage Jump,695611,L,51.4,Longshot,Watch List,"Projected Lineup, Premium Lineup Spot, Platoon Edge",36.6,37.3,62.4,95.5,78.0,12.0,No,No,2,Yes,Yes,RotoWire projected lineup; MLB probable pitchers,lineup projected / unconfirmed,H:2026/2025 P:2026,,,Direct BvP not yet weighted; 2026/2025 Statcast baseline active,7,4,20,0,"Last 7 games: 4/20, 0 HR","platoon edge; pitcher baseline 6.3% barrel, 7.0 HR allowed",neutral batted-ball profile; pitcher fly-ball pressure modest,8.98,40.05,87.85,99.7969,0.4249,0.174,0.3373,72.81,30.27,43.05,30.51,12.8,0.1979,6.3,43.1,90.3,0.4,0.144,26.9,221 deg,Open-Meteo forecast; MLB fallback,https://forecast.weather.gov/MapClick.php?lat=38.5804&lon=-121.5139,23,0,94,Sutter Health Park,
92,608070,Jose Ramirez,CLE,CIN,2026-07-28T23:10:00Z,Scheduled,2,,,,51.2,Longshot,Watch List,"Projected Lineup, Premium Lineup Spot, Platoon Edge",32.6,40.2,67.8,95.5,75.0,9.8,No,No,2,Yes,Yes,RotoWire projected lineup; MLB probable pitchers,lineup projected / unconfirmed,H:2026/2025 P:,,,Direct BvP not yet weighted; 2026/2025 Statcast baseline active,7,5,27,0,"Last 7 games: 5/27, 0 HR","switch hitter; pitcher baseline 0.0% barrel, 0.0 HR allowed",neutral batted-ball profile; pitcher fly-ball pressure modest,6.44,40.43,89.32,99.8584,0.4376,0.1585,0.3462,70.27,13.33,49.29,30.39,16.0,0.1843,,,,,,,69 deg,Open-Meteo forecast; MLB fallback,https://forecast.weather.gov/MapClick.php?lat=39.0979&lon=-84.5082,91,47,74,Great American Ball Park,
93,672960,Kazuma Okamoto,TOR,WSH,2026-07-28T22:45:00Z,Scheduled,3,Cade Cavalli,676917,R,51.2,Longshot,Watch List,"Projected Lineup, Strong Barrel, Premium Lineup Spot",53.7,29.7,51.7,92.1,50.0,23.4,No,No,3,Yes,Yes,RotoWire projected lineup; MLB probable pitchers,lineup projected / unconfirmed,H:2026 P:2026/2025,,,Direct BvP not yet weighted; 2026/2025 Statcast baseline active,7,4,26,1,"Last 7 games: 4/26, 1 HR","same-side matchup; pitcher baseline 6.0% barrel, 8.4 HR allowed",neutral batted-ball profile; pitcher fly-ball pressure modest,13.7,46.4,90.9,102.0532,0.422,0.214,0.312,73.3,36.2,50.8,33.1,23.0,0.217,5.97,41.03,88.82,0.3769,0.1284,21.05,139 deg,Open-Meteo forecast; MLB fallback,https://forecast.weather.gov/MapClick.php?lat=38.8730&lon=-77.0074,65,2,82,Nationals Park,
94,671739,Michael Harris,ATL,NYM,2026-07-28T23:10:00Z,Scheduled,5,Christian Scott,681035,R,51.2,Longshot,Watch List,"Projected Lineup, Strong Barrel, Platoon Edge",50.3,28.7,46.8,81.9,80.0,40.3,No,No,5,Yes,Yes,RotoWire projected lineup; MLB probable pitchers,lineup projected / unconfirmed,H:2026/2025 P:2026,,,Direct BvP not yet weighted; 2026/2025 Statcast baseline active,7,8,30,1,"Last 7 games: 8/30, 1 HR","platoon edge; pitcher baseline 6.9% barrel, 7.0 HR allowed",neutral batted-ball profile; pitcher fly-ball pressure modest,11.2,48.02,90.97,103.592,0.4849,0.197,0.3444,74.72,47.35,36.57,23.54,19.3,0.1915,6.9,34.0,87.6,0.366,0.141,28.3,197 deg,Open-Meteo forecast; MLB fallback,https://forecast.weather.gov/MapClick.php?lat=40.7571&lon=-73.8458,65,25,79,Citi Field,
95,691777,Max Muncy,LAD,SEA,2026-07-29T02:10:00Z,Scheduled,4,Luis Castillo,622491,R,51.2,Longshot,Watch List,"Projected Lineup, Strong Barrel, Premium Lineup Spot",38.9,51.0,57.6,90.4,50.0,5.7,No,No,4,Yes,Yes,RotoWire projected lineup; MLB probable pitchers,lineup projected / unconfirmed,H:2026/2025 P:2026/2025,,,Direct BvP not yet weighted; 2026/2025 Statcast baseline active,7,3,19,0,"Last 7 games: 3/19, 0 HR","same-side matchup; pitcher baseline 9.7% barrel, 16.7 HR allowed",neutral batted-ball profile; pitcher fly-ball pressure modest,10.8,43.67,89.69,101.5962,0.3614,0.1507,0.2831,74.08,45.26,43.1,23.63,6.2,0.1657,9.7,42.69,89.88,0.4243,0.173,28.14,253 deg,Open-Meteo forecast; MLB fallback,https://forecast.weather.gov/MapClick.php?lat=34.0739&lon=-118.2400,50,0,87,UNIQLO Field at Dodger Stadium,
96,596019,Francisco Lindor,NYM,ATL,2026-07-28T23:10:00Z,Scheduled,2,Chris Sale,519242,L,51.0,Longshot,Watch List,"Projected Lineup, Premium Lineup Spot, Platoon Edge",47.0,21.0,46.8,95.5,75.0,65.2,No,No,2,Yes,Yes,RotoWire projected lineup; MLB probable pitchers,lineup projected / unconfirmed,H:2026/2025 P:2026/2025,,,Direct BvP not yet weighted; 2026/2025 Statcast baseline active,7,9,29,2,Hot streak: 2 HR in last 7 games,"switch hitter; pitcher baseline 5.9% barrel, 8.9 HR allowed",neutral batted-ball profile; pitcher fly-ball pressure modest,9.39,47.9,91.27,100.3785,0.4603,0.1989,0.3499,72.12,22.35,44.06,29.32,14.9,0.1941,5.88,34.07,87.41,0.3284,0.1108,26.46,197 deg,Open-Meteo forecast; MLB fallback,https://forecast.weather.gov/MapClick.php?lat=40.7571&lon=-73.8458,65,25,79,Citi Field,
97,666176,Jo Adell,LAA,HOU,2026-07-29T01:38:00Z,Scheduled,7,Peter Lambert,663567,R,51.0,Longshot,Watch List,"Projected Lineup, Strong Barrel, Hot Hitter/Streak",52.1,34.0,55.7,59.8,50.0,89.2,No,No,7,Yes,Yes,RotoWire projected lineup; MLB probable pitchers,lineup projected / unconfirmed,H:2026/2025 P:2026,,,Direct BvP not yet weighted; 2026/2025 Statcast baseline active,7,8,23,3,Hot streak: 3 HR in last 7 games,"same-side matchup; pitcher baseline 6.8% barrel, 11.0 HR allowed",neutral batted-ball profile; pitcher allows elevated contact,11.35,45.38,90.23,102.5944,0.479,0.2176,0.3405,77.39,71.86,37.58,27.49,22.3,0.1881,6.8,37.6,89.0,0.348,0.142,33.5,230 deg,Open-Meteo forecast; MLB fallback,https://forecast.weather.gov/MapClick.php?lat=33.8003&lon=-117.8827,50,0,86,Angel Stadium,
98,605141,Mookie Betts,LAD,SEA,2026-07-29T02:10:00Z,Scheduled,5,Luis Castillo,622491,R,50.9,Longshot,Watch List,Projected Lineup,34.5,51.0,57.6,81.9,50.0,53.3,No,No,5,Yes,Yes,RotoWire projected lineup; MLB probable pitchers,lineup projected / unconfirmed,H:2026/2025 P:2026/2025,,,Direct BvP not yet weighted; 2026/2025 Statcast baseline active,7,6,26,2,Hot streak: 2 HR in last 7 games,"same-side matchup; pitcher baseline 9.7% barrel, 16.7 HR allowed",fly-ball profile; pitcher fly-ball pressure modest,7.6,37.76,90.01,98.5654,0.429,0.1602,0.3293,69.35,7.79,39.54,35.83,15.1,0.1711,9.7,42.69,89.88,0.4243,0.173,28.14,253 deg,Open-Meteo forecast; MLB fallback,https://forecast.weather.gov/MapClick.php?lat=34.0739&lon=-118.2400,50,0,87,UNIQLO Field at Dodger Stadium,
99,608070,Jose Ramirez,CLE,CIN,2026-07-28T17:40:00Z,Scheduled,2,Chase Burns,695505,R,50.8,Longshot,Watch List,"Projected Lineup, Premium Lineup Spot, Platoon Edge",32.6,38.6,67.8,95.5,75.0,9.8,No,No,2,Yes,Yes,RotoWire projected lineup; MLB probable pitchers,lineup projected / unconfirmed,H:2026/2025 P:2026/2025,,,Direct BvP not yet weighted; 2026/2025 Statcast baseline active,7,5,27,0,"Last 7 games: 5/27, 0 HR","switch hitter; pitcher baseline 9.0% barrel, 9.9 HR allowed",neutral batted-ball profile; pitcher fly-ball pressure modest,6.44,40.43,89.32,99.8584,0.4376,0.1585,0.3462,70.27,13.33,49.29,30.39,16.0,0.1843,9.01,39.19,89.29,0.3525,0.1439,29.43,69 deg,Open-Meteo forecast; MLB fallback,https://forecast.weather.gov/MapClick.php?lat=39.0979&lon=-84.5082,91,47,74,Great American Ball Park,
100,642708,Amed Rosario,NYY,CWS,2026-07-28T23:40:00Z,Scheduled,3,Anthony Kay,641743,L,50.8,Longshot,Watch List,"Projected Lineup, Premium Lineup Spot, Platoon Edge",39.6,39.8,53.0,92.1,78.0,7.0,No,No,3,Yes,Yes,RotoWire projected lineup; MLB probable pitchers,lineup projected / unconfirmed,H:2026/2025 P:2026,,,Direct BvP not yet weighted; 2026/2025 Statcast baseline active,7,2,12,0,"Last 7 games: 2/12, 0 HR","platoon edge; pitcher baseline 8.6% barrel, 14.0 HR allowed",neutral batted-ball profile; pitcher fly-ball pressure modest,9.36,40.94,90.5,101.4128,0.4257,0.1685,0.3156,73.76,38.23,39.71,23.3,8.1,0.1943,8.6,39.0,88.5,0.416,0.148,22.0,167 deg,Open-Meteo forecast; MLB fallback,https://forecast.weather.gov/MapClick.php?lat=41.8300&lon=-87.6338,88,8,74,Rate Field,
101,665862,Jazz Chisholm,NYY,CWS,2026-07-28T23:40:00Z,Scheduled,6,Anthony Kay,641743,L,50.7,Longshot,Watch List,"Projected Lineup, Strong Barrel, Hot Hitter/Streak",45.1,39.8,53.0,71.7,50.0,75.9,No,No,6,Yes,Yes,RotoWire projected lineup; MLB probable pitchers,lineup projected / unconfirmed,H:2026/2025 P:2026,,,Direct BvP not yet weighted; 2026/2025 Statcast baseline active,7,7,27,3,Hot streak: 3 HR in last 7 games,"same-side matchup; pitcher baseline 8.6% barrel, 14.0 HR allowed",neutral batted-ball profile; pitcher fly-ball pressure modest,11.43,42.32,90.33,100.5458,0.4061,0.1896,0.3068,73.34,34.06,52.96,29.98,20.5,0.2033,8.6,39.0,88.5,0.416,0.148,22.0,167 deg,Open-Meteo forecast; MLB fallback,https://forecast.weather.gov/MapClick.php?lat=41.8300&lon=-87.6338,88,8,74,Rate Field,
102,656811,Ryan O'Hearn,PIT,AZ,2026-07-28T22:40:00Z,Scheduled,5,Brandon Pfaadt,694297,R,50.6,Longshot,Watch List,"Projected Lineup, Platoon Edge",36.1,47.5,45.8,81.9,80.0,36.3,No,No,5,Yes,Yes,RotoWire projected lineup; MLB probable pitchers,lineup projected / unconfirmed,H:2026/2025 P:2026/2025,,,Direct BvP not yet weighted; 2026/2025 Statcast baseline active,7,6,25,1,"Last 7 games: 6/25, 1 HR","platoon edge; pitcher baseline 9.9% barrel, 13.4 HR allowed",neutral batted-ball profile; pitcher fly-ball pressure modest,7.67,44.11,89.54,99.5514,0.4204,0.1607,0.3302,71.1,11.92,38.94,28.78,17.0,0.1777,9.92,40.27,89.47,0.4331,0.1757,21.1,243 deg,Open-Meteo forecast; MLB fallback,https://forecast.weather.gov/MapClick.php?lat=40.4469&lon=-80.0057,77,8,78,PNC Park,
103,673548,Seiya Suzuki,CHC,STL,2026-07-28T23:45:00Z,Scheduled,2,,,,50.6,Longshot,Watch List,"Projected Lineup, Strong Barrel, Premium Lineup Spot",46.9,41.2,22.1,95.5,60.0,62.0,No,No,2,Yes,Yes,RotoWire projected lineup; MLB probable pitchers,lineup projected / unconfirmed,H:2026/2025 P:,,,Direct BvP not yet weighted; 2026/2025 Statcast baseline active,7,5,30,3,Hot streak: 3 HR in last 7 games,"handedness incomplete; pitcher baseline 0.0% barrel, 0.0 HR allowed",neutral batted-ball profile; pitcher fly-ball pressure modest,11.98,42.47,89.62,101.2511,0.4447,0.1984,0.338,73.4,36.85,43.37,30.43,22.2,0.2155,,,,,,,,NOAA link only,https://forecast.weather.gov/MapClick.php?lat=38.6226&lon=-90.1928,,,,Busch Stadium,
104,687263,Zach Neto,LAA,HOU,2026-07-29T01:38:00Z,Scheduled,1,Peter Lambert,663567,R,50.6,Longshot,Watch List,"Projected Lineup, Strong Barrel, Premium Lineup Spot",49.4,34.0,55.7,88.7,50.0,16.6,No,No,1,Yes,Yes,RotoWire projected lineup; MLB probable pitchers,lineup projected / unconfirmed,H:2026/2025 P:2026,,,Direct BvP not yet weighted; 2026/2025 Statcast baseline active,7,6,26,0,"Last 7 games: 6/26, 0 HR","same-side matchup; pitcher baseline 6.8% barrel, 11.0 HR allowed",fly-ball profile; pitcher allows elevated contact,13.23,41.91,89.81,100.2383,0.4334,0.2153,0.3209,71.26,13.51,47.41,35.17,21.1,0.2086,6.8,37.6,89.0,0.348,0.142,33.5,230 deg,Open-Meteo forecast; MLB fallback,https://forecast.weather.gov/MapClick.php?lat=33.8003&lon=-117.8827,50,0,86,Angel Stadium,
105,650490,Yandy Diaz,TB,TEX,2026-07-28T22:40:00Z,Scheduled,1,,,,50.5,Longshot,Watch List,"Projected Lineup, Premium Lineup Spot",40.5,41.2,51.6,88.7,60.0,33.1,No,No,1,Yes,Yes,RotoWire projected lineup; MLB probable pitchers,lineup projected / unconfirmed,H:2026/2025 P:,,,Direct BvP not yet weighted; 2026/2025 Statcast baseline active,7,7,32,1,"Last 7 games: 7/32, 1 HR","handedness incomplete; pitcher baseline 0.0% barrel, 0.0 HR allowed",neutral batted-ball profile; pitcher fly-ball pressure modest,7.32,48.65,91.39,103.2433,0.4485,0.1621,0.3558,73.74,38.38,22.69,19.72,17.3,0.1652,,,,,,,237 deg,Open-Meteo forecast; MLB fallback,https://forecast.weather.gov/MapClick.php?lat=27.7682&lon=-82.6534,85,5,79,Tropicana Field,
106,686681,Michael Massey,KC,MIN,2026-07-28T23:40:00Z,Scheduled,6,Taj Bradley,671737,R,50.4,Longshot,Watch List,"Projected Lineup, Platoon Edge",29.8,48.9,60.1,71.7,80.0,52.5,No,No,6,Yes,Yes,RotoWire projected lineup; MLB probable pitchers,lineup projected / unconfirmed,H:2026/2025 P:2026/2025,,,Direct BvP not yet weighted; 2026/2025 Statcast baseline active,7,8,23,1,Contact streak: 8/23 over last 7 games,"platoon edge; pitcher baseline 9.2% barrel, 17.6 HR allowed",neutral batted-ball profile; pitcher fly-ball pressure modest,5.75,38.95,89.32,98.7168,0.3859,0.1458,0.2909,71.43,11.94,48.31,33.46,6.5,0.1369,9.15,43.05,90.46,0.391,0.161,29.89,22 deg,Open-Meteo forecast; MLB fallback,https://forecast.weather.gov/MapClick.php?lat=44.9817&lon=-93.2776,66,1,87,Target Field,
107,663656,Kyle Tucker,LAD,SEA,2026-07-29T02:10:00Z,Scheduled,7,Luis Castillo,622491,R,50.3,Longshot,Watch List,"Projected Lineup, Platoon Edge",35.3,51.0,57.6,59.8,80.0,43.7,No,No,7,Yes,Yes,RotoWire projected lineup; MLB probable pitchers,lineup projected / unconfirmed,H:2026/2025 P:2026/2025,,,Direct BvP not yet weighted; 2026/2025 Statcast baseline active,7,4,24,2,Hot streak: 2 HR in last 7 games,"platoon edge; pitcher baseline 9.7% barrel, 16.7 HR allowed",neutral batted-ball profile; pitcher fly-ball pressure modest,8.0,39.35,89.33,98.9305,0.4256,0.1605,0.3482,71.51,20.87,43.8,32.28,12.9,0.1553,9.7,42.69,89.88,0.4243,0.173,28.14,253 deg,Open-Meteo forecast; MLB fallback,https://forecast.weather.gov/MapClick.php?lat=34.0739&lon=-118.2400,50,0,87,UNIQLO Field at Dodger Stadium,
108,700932,Kyle Manzardo,CLE,CIN,2026-07-28T17:40:00Z,Scheduled,7,Chase Burns,695505,R,50.2,Longshot,Watch List,"Projected Lineup, Strong Barrel, Platoon Edge",40.7,39.7,67.8,59.8,80.0,30.3,No,No,7,Yes,Yes,RotoWire projected lineup; MLB probable pitchers,lineup projected / unconfirmed,H:2026/2025 P:2026/2025,,,Direct BvP not yet weighted; 2026/2025 Statcast baseline active,7,4,20,1,"Last 7 games: 4/20, 1 HR","platoon edge; pitcher baseline 9.0% barrel, 9.9 HR allowed",neutral batted-ball profile; pitcher fly-ball pressure modest,11.31,41.49,89.67,99.1247,0.3884,0.171,0.3045,70.04,6.95,42.15,33.83,15.8,0.1706,9.01,39.19,89.29,0.3525,0.1439,29.43,69 deg,Open-Meteo forecast; MLB fallback,https://forecast.weather.gov/MapClick.php?lat=39.0979&lon=-84.5082,91,47,74,Great American Ball Park,
109,691016,Tyler Soderstrom,ATH,BOS,2026-07-29T01:40:00Z,Scheduled,3,Jake Bennett,687562,L,50.2,Longshot,Watch List,"Projected Lineup, Strong Barrel, Premium Lineup Spot",44.9,24.9,62.4,92.1,50.0,52.3,No,No,3,Yes,Yes,RotoWire projected lineup; MLB probable pitchers,lineup projected / unconfirmed,H:2026/2025 P:2026,,,Direct BvP not yet weighted; 2026/2025 Statcast baseline active,7,9,26,1,Contact streak: 9/26 over last 7 games,"same-side matchup; pitcher baseline 5.7% barrel, 4.0 HR allowed",neutral batted-ball profile; pitcher fly-ball pressure modest,10.21,46.16,90.62,101.9659,0.4346,0.1771,0.3403,74.28,42.31,36.0,26.02,19.4,0.2197,5.7,36.9,87.4,0.369,0.137,24.4,221 deg,Open-Meteo forecast; MLB fallback,https://forecast.weather.gov/MapClick.php?lat=38.5804&lon=-121.5139,23,0,94,Sutter Health Park,
110,572233,Christian Walker,HOU,LAA,2026-07-29T01:38:00Z,Scheduled,5,Reid Detmers,672282,L,50.1,Longshot,Watch List,"Projected Lineup, Strong Barrel, Platoon Edge",41.8,36.9,55.7,81.9,78.0,12.0,No,No,5,Yes,Yes,RotoWire projected lineup; MLB probable pitchers,lineup projected / unconfirmed,H:2026/2025 P:2026/2025,,,Direct BvP not yet weighted; 2026/2025 Statcast baseline active,7,4,20,0,"Last 7 games: 4/20, 0 HR","platoon edge; pitcher baseline 7.8% barrel, 10.9 HR allowed",neutral batted-ball profile; pitcher fly-ball pressure modest,10.59,43.09,89.78,101.4676,0.3923,0.1687,0.3014,74.38,44.14,43.67,28.21,22.1,0.2047,7.78,39.3,89.89,0.3567,0.1341,27.64,230 deg,Open-Meteo forecast; MLB fallback,https://forecast.weather.gov/MapClick.php?lat=33.8003&lon=-117.8827,50,0,86,Angel Stadium,
111,683002,Gunnar Henderson,BAL,DET,2026-07-28T22:40:00Z,Scheduled,3,Troy Melton,675512,R,50.0,Longshot,Watch List,"Projected Lineup, Premium Lineup Spot, Platoon Edge",36.6,33.3,53.1,92.1,80.0,36.5,No,No,3,Yes,Yes,RotoWire projected lineup; MLB probable pitchers,lineup projected / unconfirmed,H:2026/2025 P:2026/2025,,,Direct BvP not yet weighted; 2026/2025 Statcast baseline active,7,7,29,1,"Last 7 games: 7/29, 1 HR","platoon edge; pitcher baseline 7.0% barrel, 7.7 HR allowed",neutral batted-ball profile; pitcher fly-ball pressure modest,7.48,45.56,90.21,101.2949,0.3942,0.1476,0.3137,74.67,47.1,41.57,24.08,17.7,0.1752,6.99,39.68,89.33,0.3577,0.1428,24.84,210 deg,Open-Meteo forecast; MLB fallback,https://forecast.weather.gov/MapClick.php?lat=42.3390&lon=-83.0485,56,13,80,Comerica Park,
112,687221,Dalton Rushing,LAD,SEA,2026-07-29T02:10:00Z,Scheduled,9,Luis Castillo,622491,R,49.9,Longshot,Watch List,"Projected Lineup, Strong Barrel, Platoon Edge",44.3,51.0,57.6,40.2,80.0,31.9,No,No,9,Yes,Yes,RotoWire projected lineup; MLB probable pitchers,lineup projected / unconfirmed,H:2026/2025 P:2026/2025,,,Direct BvP not yet weighted; 2026/2025 Statcast baseline active,7,4,19,1,"Last 7 games: 4/19, 1 HR","platoon edge; pitcher baseline 9.7% barrel, 16.7 HR allowed",neutral batted-ball profile; pitcher fly-ball pressure modest,12.18,44.11,89.61,101.7371,0.4112,0.1753,0.3215,72.61,18.03,47.19,27.9,8.9,0.1879,9.7,42.69,89.88,0.4243,0.173,28.14,253 deg,Open-Meteo forecast; MLB fallback,https://forecast.weather.gov/MapClick.php?lat=34.0739&lon=-118.2400,50,0,87,UNIQLO Field at Dodger Stadium,
113,683748,Victor Mesa,TB,TEX,2026-07-28T22:40:00Z,Scheduled,6,,,,49.8,Longshot,Watch List,"Projected Lineup, Hot Hitter/Streak",38.7,41.2,51.6,71.7,60.0,79.9,No,No,6,Yes,Yes,RotoWire projected lineup; MLB probable pitchers,lineup projected / unconfirmed,H:2026/2025 P:,,,Direct BvP not yet weighted; 2026/2025 Statcast baseline active,7,6,21,3,Hot streak: 3 HR in last 7 games,"handedness incomplete; pitcher baseline 0.0% barrel, 0.0 HR allowed",neutral batted-ball profile; pitcher fly-ball pressure modest,9.9,39.68,89.07,100.0965,0.4087,0.1739,0.3256,73.68,33.46,44.16,27.33,5.9,0.2127,,,,,,,237 deg,Open-Meteo forecast; MLB fallback,https://forecast.weather.gov/MapClick.php?lat=27.7682&lon=-82.6534,85,5,79,Tropicana Field,
114,802139,JJ Wetherholt,STL,CHC,2026-07-28T23:45:00Z,Scheduled,1,Colin Rea,607067,R,49.7,Longshot,Watch List,"Projected Lineup, Premium Lineup Spot, Platoon Edge",38.3,54.2,22.1,88.7,80.0,22.6,No,No,1,Yes,Yes,RotoWire projected lineup; MLB probable pitchers,lineup projected / unconfirmed,H:2026 P:2026/2025,,,Direct BvP not yet weighted; 2026/2025 Statcast baseline active,7,4,27,1,"Last 7 games: 4/27, 1 HR","platoon edge; pitcher baseline 10.4% barrel, 17.9 HR allowed",neutral batted-ball profile; pitcher fly-ball pressure modest,7.2,44.9,89.9,99.4025,0.431,0.174,0.346,72.3,22.2,37.3,29.6,15.0,0.138,10.37,40.02,89.59,0.4667,0.1945,26.05,,NOAA link only,https://forecast.weather.gov/MapClick.php?lat=38.6226&lon=-90.1928,,,,Busch Stadium,
115,691788,Joe Mack,MIA,PHI,2026-07-28T22:40:00Z,Scheduled,8,Aaron Nola,605400,R,49.6,Longshot,Watch List,"Projected Lineup, Strong Barrel, Platoon Edge",42.1,51.0,42.0,47.9,80.0,65.6,No,No,8,Yes,Yes,RotoWire projected lineup; MLB probable pitchers,lineup projected / unconfirmed,H:2026 P:2026/2025,,,Direct BvP not yet weighted; 2026/2025 Statcast baseline active,7,4,21,3,Hot streak: 3 HR in last 7 games,"platoon edge; pitcher baseline 10.0% barrel, 22.9 HR allowed",neutral batted-ball profile; pitcher fly-ball pressure modest,10.3,39.7,88.9,100.1589,0.434,0.198,0.314,74.3,43.3,47.8,27.9,10.0,0.195,10.01,41.34,88.84,0.4282,0.1808,28.02,198 deg,Open-Meteo forecast; MLB fallback,https://forecast.weather.gov/MapClick.php?lat=25.7781&lon=-80.2197,92,39,78,loanDepot park,
116,691781,Brady House,WSH,TOR,2026-07-28T22:45:00Z,Scheduled,8,Shane Bieber,669456,R,49.3,Longshot,Watch List,Projected Lineup,38.8,65.5,51.7,47.9,50.0,34.9,No,No,8,Yes,Yes,RotoWire projected lineup; MLB probable pitchers,lineup projected / unconfirmed,H:2026/2025 P:2026/2025,,,Direct BvP not yet weighted; 2026/2025 Statcast baseline active,7,6,26,1,"Last 7 games: 6/26, 1 HR","same-side matchup; pitcher baseline 11.5% barrel, 7.3 HR allowed",neutral batted-ball profile; pitcher fly-ball pressure modest,9.06,44.76,89.45,101.5686,0.4148,0.1616,0.3099,73.17,28.92,34.01,26.14,6.1,0.1517,11.53,47.29,90.61,0.5315,0.2369,25.47,139 deg,Open-Meteo forecast; MLB fallback,https://forecast.weather.gov/MapClick.php?lat=38.8730&lon=-77.0074,65,2,82,Nationals Park,
117,630105,Jake Cronenworth,SD,COL,2026-07-29T01:40:00Z,Scheduled,2,Michael Lorenzen,547179,R,48.9,Longshot,Watch List,"Projected Lineup, Premium Lineup Spot, Platoon Edge",21.1,53.6,46.1,95.5,80.0,32.0,No,No,2,Yes,Yes,RotoWire projected lineup; MLB probable pitchers,lineup projected / unconfirmed,H:2026/2025 P:2026/2025,,,Direct BvP not yet weighted; 2026/2025 Statcast baseline active,7,8,24,0,Contact streak: 8/24 over last 7 games,"platoon edge; pitcher baseline 9.1% barrel, 18.7 HR allowed",neutral batted-ball profile; pitcher fly-ball pressure modest,5.57,36.06,88.22,98.8147,0.3516,0.1154,0.3141,71.46,17.81,32.94,20.69,5.4,0.0953,9.08,44.45,90.28,0.4671,0.1847,25.66,246 deg,Open-Meteo forecast; MLB fallback,https://forecast.weather.gov/MapClick.php?lat=32.7073&lon=-117.1573,76,0,78,Petco Park,
118,700932,Kyle Manzardo,CLE,CIN,2026-07-28T23:10:00Z,Scheduled,7,,,,48.8,Longshot,Watch List,"Projected Lineup, Strong Barrel",40.7,41.2,67.8,59.8,60.0,30.3,No,No,7,Yes,Yes,RotoWire projected lineup; MLB probable pitchers,lineup projected / unconfirmed,H:2026/2025 P:,,,Direct BvP not yet weighted; 2026/2025 Statcast baseline active,7,4,20,1,"Last 7 games: 4/20, 1 HR","handedness incomplete; pitcher baseline 0.0% barrel, 0.0 HR allowed",neutral batted-ball profile; pitcher fly-ball pressure modest,11.31,41.49,89.67,99.1247,0.3884,0.171,0.3045,70.04,6.95,42.15,33.83,15.8,0.1706,,,,,,,69 deg,Open-Meteo forecast; MLB fallback,https://forecast.weather.gov/MapClick.php?lat=39.0979&lon=-84.5082,91,47,74,Great American Ball Park,
119,682848,Endy Rodriguez,PIT,AZ,2026-07-28T22:40:00Z,Scheduled,8,Brandon Pfaadt,694297,R,48.8,Longshot,Watch List,"Projected Lineup, Platoon Edge",43.4,46.0,45.8,47.9,75.0,62.4,No,No,8,Yes,Yes,RotoWire projected lineup; MLB probable pitchers,lineup projected / unconfirmed,H:2026/2025 P:2026/2025,,,Direct BvP not yet weighted; 2026/2025 Statcast baseline active,7,7,24,2,Hot streak: 2 HR in last 7 games,"switch hitter; pitcher baseline 9.9% barrel, 13.4 HR allowed",lift-pull EV profile; pitcher fly-ball pressure modest,9.39,46.03,92.34,100.5817,0.3922,0.1554,0.3288,72.2,21.5,43.97,34.2,3.5,0.1673,9.92,40.27,89.47,0.4331,0.1757,21.1,243 deg,Open-Meteo forecast; MLB fallback,https://forecast.weather.gov/MapClick.php?lat=40.4469&lon=-80.0057,77,8,78,PNC Park,
120,669016,Brandon Marsh,PHI,MIA,2026-07-28T22:40:00Z,Scheduled,4,Sandy Alcantara,645261,R,48.7,Longshot,Watch List,"Projected Lineup, Premium Lineup Spot, Platoon Edge",39.9,34.8,42.0,90.4,80.0,19.9,No,No,4,Yes,Yes,RotoWire projected lineup; MLB probable pitchers,lineup projected / unconfirmed,H:2026/2025 P:2026/2025,,,Direct BvP not yet weighted; 2026/2025 Statcast baseline active,7,3,23,1,"Last 7 games: 3/23, 1 HR","platoon edge; pitcher baseline 6.6% barrel, 18.5 HR allowed",neutral batted-ball profile; pitcher fly-ball pressure modest,9.03,45.91,90.05,100.3765,0.4285,0.1662,0.3188,71.47,15.4,38.12,26.59,14.5,0.1749,6.57,38.28,89.02,0.3905,0.1358,24.45,198 deg,Open-Meteo forecast; MLB fallback,https://forecast.weather.gov/MapClick.php?lat=25.7781&lon=-80.2197,92,39,78,loanDepot park,
121,687515,Colby Thomas,ATH,BOS,2026-07-29T01:40:00Z,Scheduled,5,Jake Bennett,687562,L,48.6,Longshot,Watch List,"Projected Lineup, Strong Barrel, Platoon Edge",42.9,24.9,62.4,81.9,78.0,12.0,No,No,5,Yes,Yes,RotoWire projected lineup; MLB probable pitchers,lineup projected / unconfirmed,H:2026/2025 P:2026,,,Direct BvP not yet weighted; 2026/2025 Statcast baseline active,7,3,15,0,"Last 7 games: 3/15, 0 HR","platoon edge; pitcher baseline 5.7% barrel, 4.0 HR allowed",neutral batted-ball profile; pitcher fly-ball pressure modest,10.5,39.99,90.1,100.9592,0.3741,0.1802,0.264,75.29,54.94,37.32,34.7,4.6,0.1542,5.7,36.9,87.4,0.369,0.137,24.4,221 deg,Open-Meteo forecast; MLB fallback,https://forecast.weather.gov/MapClick.php?lat=38.5804&lon=-121.5139,23,0,94,Sutter Health Park,
122,683737,Michael Busch,CHC,STL,2026-07-28T23:45:00Z,Scheduled,3,,,,48.5,Longshot,Watch List,"Projected Lineup, Strong Barrel, Premium Lineup Spot",46.0,41.2,22.1,92.1,60.0,36.7,No,No,3,Yes,Yes,RotoWire projected lineup; MLB probable pitchers,lineup projected / unconfirmed,H:2026/2025 P:,,,Direct BvP not yet weighted; 2026/2025 Statcast baseline active,7,8,33,1,"Last 7 games: 8/33, 1 HR","handedness incomplete; pitcher baseline 0.0% barrel, 0.0 HR allowed",fly-ball profile; pitcher fly-ball pressure modest,11.99,42.47,89.61,99.7037,0.4479,0.2076,0.35,68.69,5.11,39.86,35.25,19.3,0.1871,,,,,,,,NOAA link only,https://forecast.weather.gov/MapClick.php?lat=38.6226&lon=-90.1928,,,,Busch Stadium,
123,624585,Jorge Soler,LAA,HOU,2026-07-29T01:38:00Z,Scheduled,4,Peter Lambert,663567,R,48.4,Longshot,Watch List,"Projected Lineup, Strong Barrel, Premium Lineup Spot",41.7,34.0,55.7,90.4,50.0,18.3,No,No,4,Yes,Yes,RotoWire projected lineup; MLB probable pitchers,lineup projected / unconfirmed,H:2026/2025 P:2026,,,Direct BvP not yet weighted; 2026/2025 Statcast baseline active,7,3,28,1,"Last 7 games: 3/28, 1 HR","same-side matchup; pitcher baseline 6.8% barrel, 11.0 HR allowed",neutral batted-ball profile; pitcher allows elevated contact,11.75,43.47,89.07,101.8374,0.3744,0.1676,0.2968,74.7,48.48,50.63,25.03,12.0,0.1706,6.8,37.6,89.0,0.348,0.142,33.5,230 deg,Open-Meteo forecast; MLB fallback,https://forecast.weather.gov/MapClick.php?lat=33.8003&lon=-117.8827,50,0,86,Angel Stadium,
124,667472,Dane Myers,CIN,CLE,2026-07-28T23:10:00Z,Scheduled,7,Gavin Williams,668909,R,48.3,Longshot,Watch List,Projected Lineup,31.4,57.2,67.8,59.8,50.0,22.9,No,No,7,Yes,Yes,RotoWire projected lineup; MLB probable pitchers,lineup projected / unconfirmed,H:2026/2025 P:2026/2025,,,Direct BvP not yet weighted; 2026/2025 Statcast baseline active,7,6,22,0,"Last 7 games: 6/22, 0 HR","same-side matchup; pitcher baseline 10.8% barrel, 20.9 HR allowed",neutral batted-ball profile; pitcher fly-ball pressure modest,6.89,36.89,90.21,99.6729,0.4035,0.1533,0.3285,71.42,20.04,26.32,26.85,3.9,0.1071,10.75,47.38,90.68,0.4162,0.181,25.09,69 deg,Open-Meteo forecast; MLB fallback,https://forecast.weather.gov/MapClick.php?lat=39.0979&lon=-84.5082,91,47,74,Great American Ball Park,
125,657041,Lane Thomas,KC,MIN,2026-07-28T23:40:00Z,Scheduled,2,Taj Bradley,671737,R,48.3,Longshot,Watch List,"Projected Lineup, Premium Lineup Spot",25.9,48.9,60.1,95.5,50.0,21.8,No,No,2,Yes,Yes,RotoWire projected lineup; MLB probable pitchers,lineup projected / unconfirmed,H:2026/2025 P:2026/2025,,,Direct BvP not yet weighted; 2026/2025 Statcast baseline active,7,4,28,1,"Last 7 games: 4/28, 1 HR","same-side matchup; pitcher baseline 9.2% barrel, 17.6 HR allowed",neutral batted-ball profile; pitcher fly-ball pressure modest,5.99,38.93,88.92,99.542,0.3455,0.125,0.2969,72.56,23.43,42.47,25.16,8.2,0.1526,9.15,43.05,90.46,0.391,0.161,29.89,22 deg,Open-Meteo forecast; MLB fallback,https://forecast.weather.gov/MapClick.php?lat=44.9817&lon=-93.2776,66,1,87,Target Field,
126,543807,George Springer,TOR,WSH,2026-07-28T22:45:00Z,Scheduled,4,Cade Cavalli,676917,R,48.1,Longshot,Watch List,"Projected Lineup, Strong Barrel, Premium Lineup Spot",41.3,29.7,51.7,90.4,50.0,48.5,No,No,4,Yes,Yes,RotoWire projected lineup; MLB probable pitchers,lineup projected / unconfirmed,H:2026/2025 P:2026/2025,,,Direct BvP not yet weighted; 2026/2025 Statcast baseline active,7,9,28,1,Contact streak: 9/28 over last 7 games,"same-side matchup; pitcher baseline 6.0% barrel, 8.4 HR allowed",neutral batted-ball profile; pitcher fly-ball pressure modest,10.25,42.0,88.95,100.2702,0.4345,0.1855,0.3354,73.21,34.88,42.63,26.72,17.3,0.1887,5.97,41.03,88.82,0.3769,0.1284,21.05,139 deg,Open-Meteo forecast; MLB fallback,https://forecast.weather.gov/MapClick.php?lat=38.8730&lon=-77.0074,65,2,82,Nationals Park,
127,669242,Tommy Edman,LAD,SEA,2026-07-29T02:10:00Z,Scheduled,6,Luis Castillo,622491,R,48.1,Longshot,Watch List,"Projected Lineup, Platoon Edge",28.7,49.2,57.6,71.7,75.0,28.2,No,No,6,Yes,Yes,RotoWire projected lineup; MLB probable pitchers,lineup projected / unconfirmed,H:2026/2025 P:2026/2025,,,Direct BvP not yet weighted; 2026/2025 Statcast baseline active,7,8,26,0,"Last 7 games: 8/26, 0 HR","switch hitter; pitcher baseline 9.7% barrel, 16.7 HR allowed",neutral batted-ball profile; pitcher fly-ball pressure modest,6.67,40.32,89.07,100.3103,0.4313,0.1272,0.3567,70.41,11.16,44.7,23.28,5.3,0.1542,9.7,42.69,89.88,0.4243,0.173,28.14,253 deg,Open-Meteo forecast; MLB fallback,https://forecast.weather.gov/MapClick.php?lat=34.0739&lon=-118.2400,50,0,87,UNIQLO Field at Dodger Stadium,
128,681297,Colton Cowser,BAL,DET,2026-07-28T22:40:00Z,Scheduled,6,Troy Melton,675512,R,47.9,Longshot,Watch List,"Projected Lineup, Strong Barrel, Platoon Edge",43.5,33.3,53.1,71.7,80.0,7.0,No,No,6,Yes,Yes,RotoWire projected lineup; MLB probable pitchers,lineup projected / unconfirmed,H:2026/2025 P:2026/2025,,,Direct BvP not yet weighted; 2026/2025 Statcast baseline active,7,1,6,0,"Last 7 games: 1/6, 0 HR","platoon edge; pitcher baseline 7.0% barrel, 7.7 HR allowed",neutral batted-ball profile; pitcher fly-ball pressure modest,11.44,39.84,88.17,100.4885,0.4089,0.2009,0.3126,74.44,44.85,38.59,33.13,10.4,0.1442,6.99,39.68,89.33,0.3577,0.1428,24.84,210 deg,Open-Meteo forecast; MLB fallback,https://forecast.weather.gov/MapClick.php?lat=42.3390&lon=-83.0485,56,13,80,Comerica Park,
129,664023,Ian Happ,CHC,STL,2026-07-28T23:45:00Z,Scheduled,5,,,,47.8,Longshot,Watch List,"Projected Lineup, Strong Barrel, Platoon Edge",45.0,40.2,22.1,81.9,75.0,34.9,No,No,5,Yes,Yes,RotoWire projected lineup; MLB probable pitchers,lineup projected / unconfirmed,H:2026/2025 P:,,,Direct BvP not yet weighted; 2026/2025 Statcast baseline active,7,6,26,1,"Last 7 games: 6/26, 1 HR","switch hitter; pitcher baseline 0.0% barrel, 0.0 HR allowed",neutral batted-ball profile; pitcher fly-ball pressure modest,11.31,42.44,89.51,100.9423,0.4178,0.2,0.3274,71.98,19.16,43.35,33.65,19.5,0.1945,,,,,,,,NOAA link only,https://forecast.weather.gov/MapClick.php?lat=38.6226&lon=-90.1928,,,,Busch Stadium,
130,701358,Cam Smith,HOU,LAA,2026-07-29T01:38:00Z,Scheduled,7,Reid Detmers,672282,L,47.7,Longshot,Watch List,"Projected Lineup, Strong Barrel, Platoon Edge",42.9,36.9,55.7,59.8,78.0,18.3,No,No,7,Yes,Yes,RotoWire projected lineup; MLB probable pitchers,lineup projected / unconfirmed,H:2026/2025 P:2026/2025,,,Direct BvP not yet weighted; 2026/2025 Statcast baseline active,7,1,10,1,"Last 7 games: 1/10, 1 HR","platoon edge; pitcher baseline 7.8% barrel, 10.9 HR allowed",neutral batted-ball profile; pitcher fly-ball pressure modest,10.4,43.39,89.02,101.5321,0.4222,0.1795,0.3243,76.6,67.48,36.93,24.93,11.8,0.1465,7.78,39.3,89.89,0.3567,0.1341,27.64,230 deg,Open-Meteo forecast; MLB fallback,https://forecast.weather.gov/MapClick.php?lat=33.8003&lon=-117.8827,50,0,86,Angel Stadium,
131,678882,Ceddanne Rafaela,BOS,ATH,2026-07-29T01:40:00Z,Scheduled,5,Gage Jump,695611,L,47.6,Longshot,Watch List,"Projected Lineup, Platoon Edge, Hot Hitter/Streak",21.7,37.3,62.4,81.9,78.0,73.2,No,No,5,Yes,Yes,RotoWire projected lineup; MLB probable pitchers,lineup projected / unconfirmed,H:2026/2025 P:2026,,,Direct BvP not yet weighted; 2026/2025 Statcast baseline active,7,7,29,3,Hot streak: 3 HR in last 7 games,"platoon edge; pitcher baseline 6.3% barrel, 7.0 HR allowed",neutral batted-ball profile; pitcher fly-ball pressure modest,6.19,34.92,87.04,97.9607,0.3691,0.1271,0.2882,70.16,9.11,35.29,25.44,12.5,0.165,6.3,43.1,90.3,0.4,0.144,26.9,221 deg,Open-Meteo forecast; MLB fallback,https://forecast.weather.gov/MapClick.php?lat=38.5804&lon=-121.5139,23,0,94,Sutter Health Park,
132,668930,Brice Turang,MIL,SF,2026-07-29T01:45:00Z,Scheduled,3,Landen Roupp,694738,R,47.6,Longshot,Watch List,"Projected Lineup, Premium Lineup Spot, Platoon Edge",39.5,19.9,48.3,92.1,80.0,48.3,No,No,3,Yes,Yes,RotoWire projected lineup; MLB probable pitchers,lineup projected / unconfirmed,H:2026/2025 P:2026/2025,,,Direct BvP not yet weighted; 2026/2025 Statcast baseline active,7,8,25,1,Contact streak: 8/25 over last 7 games,"platoon edge; pitcher baseline 5.5% barrel, 8.9 HR allowed",neutral batted-ball profile; pitcher fly-ball pressure modest,8.35,44.39,90.82,100.606,0.4395,0.1817,0.3441,70.25,12.43,27.79,24.27,15.9,0.1806,5.54,32.02,87.14,0.3499,0.1183,21.68,290 deg,Open-Meteo forecast; MLB fallback,https://forecast.weather.gov/MapClick.php?lat=37.7786&lon=-122.3893,65,0,69,Oracle Park,
133,665489,Vladimir Guerrero,TOR,WSH,2026-07-28T22:45:00Z,Scheduled,2,Cade Cavalli,676917,R,47.5,Longshot,Watch List,"Projected Lineup, Premium Lineup Spot",40.0,29.7,51.7,95.5,50.0,30.2,No,No,2,Yes,Yes,RotoWire projected lineup; MLB probable pitchers,lineup projected / unconfirmed,H:2026/2025 P:2026/2025,,,Direct BvP not yet weighted; 2026/2025 Statcast baseline active,7,9,28,0,Contact streak: 9/28 over last 7 games,"same-side matchup; pitcher baseline 6.0% barrel, 8.4 HR allowed",neutral batted-ball profile; pitcher fly-ball pressure modest,8.35,45.8,90.81,103.1633,0.4367,0.1451,0.3539,76.42,64.06,35.95,19.24,11.1,0.1169,5.97,41.03,88.82,0.3769,0.1284,21.05,139 deg,Open-Meteo forecast; MLB fallback,https://forecast.weather.gov/MapClick.php?lat=38.8730&lon=-77.0074,65,2,82,Nationals Park,
134,691176,Jasson Dominguez,NYY,CWS,2026-07-28T23:40:00Z,Scheduled,4,Anthony Kay,641743,L,47.5,Longshot,Watch List,"Projected Lineup, Premium Lineup Spot, Platoon Edge",27.8,38.3,53.0,90.4,75.0,36.5,No,No,4,Yes,Yes,RotoWire projected lineup; MLB probable pitchers,lineup projected / unconfirmed,H:2026/2025 P:2026,,,Direct BvP not yet weighted; 2026/2025 Statcast baseline active,7,7,29,1,"Last 7 games: 7/29, 1 HR","switch hitter; pitcher baseline 8.6% barrel, 14.0 HR allowed",neutral batted-ball profile; pitcher fly-ball pressure modest,5.67,41.62,88.78,100.881,0.3728,0.1218,0.2955,74.38,40.25,43.74,24.06,7.2,0.1527,8.6,39.0,88.5,0.416,0.148,22.0,167 deg,Open-Meteo forecast; MLB fallback,https://forecast.weather.gov/MapClick.php?lat=41.8300&lon=-87.6338,88,8,74,Rate Field,
135,694192,Jackson Chourio,MIL,SF,2026-07-29T01:45:00Z,Scheduled,2,Landen Roupp,694738,R,47.5,Longshot,Watch List,"Projected Lineup, Strong Barrel, Premium Lineup Spot",50.6,19.9,48.3,95.5,50.0,19.5,No,No,2,Yes,Yes,RotoWire projected lineup; MLB probable pitchers,lineup projected / unconfirmed,H:2026/2025 P:2026/2025,,,Direct BvP not yet weighted; 2026/2025 Statcast baseline active,7,7,28,0,"Last 7 games: 7/28, 0 HR","same-side matchup; pitcher baseline 5.5% barrel, 8.9 HR allowed",neutral batted-ball profile; pitcher fly-ball pressure modest,12.15,44.54,91.26,101.9947,0.4491,0.2007,0.3224,74.39,45.39,31.85,28.29,15.4,0.193,5.54,32.02,87.14,0.3499,0.1183,21.68,290 deg,Open-Meteo forecast; MLB fallback,https://forecast.weather.gov/MapClick.php?lat=37.7786&lon=-122.3893,65,0,69,Oracle Park,
136,606192,Teoscar Hernandez,LAD,SEA,2026-07-29T02:10:00Z,Scheduled,8,Luis Castillo,622491,R,47.3,Longshot,Watch List,Projected Lineup,41.7,51.0,57.6,47.9,50.0,28.2,No,No,8,Yes,Yes,RotoWire projected lineup; MLB probable pitchers,lineup projected / unconfirmed,H:2026/2025 P:2026/2025,,,Direct BvP not yet weighted; 2026/2025 Statcast baseline active,7,8,26,0,"Last 7 games: 8/26, 0 HR","same-side matchup; pitcher baseline 9.7% barrel, 16.7 HR allowed",neutral batted-ball profile; pitcher fly-ball pressure modest,9.82,44.49,89.57,100.851,0.4228,0.1759,0.3216,72.48,25.47,32.26,30.22,13.1,0.1594,9.7,42.69,89.88,0.4243,0.173,28.14,253 deg,Open-Meteo forecast; MLB fallback,https://forecast.weather.gov/MapClick.php?lat=34.0739&lon=-118.2400,50,0,87,UNIQLO Field at Dodger Stadium,
137,683953,Travis Bazzana,CLE,CIN,2026-07-28T17:40:00Z,Scheduled,5,Chase Burns,695505,R,47.1,Longshot,Watch List,"Projected Lineup, Platoon Edge",21.0,39.7,67.8,81.9,80.0,36.3,No,No,5,Yes,Yes,RotoWire projected lineup; MLB probable pitchers,lineup projected / unconfirmed,H:2026 P:2026/2025,,,Direct BvP not yet weighted; 2026/2025 Statcast baseline active,7,6,25,1,"Last 7 games: 6/25, 1 HR","platoon edge; pitcher baseline 9.0% barrel, 9.9 HR allowed",neutral batted-ball profile; pitcher fly-ball pressure modest,4.7,35.5,88.0,98.4191,0.35,0.126,0.302,69.8,13.0,39.0,30.0,9.0,0.161,9.01,39.19,89.29,0.3525,0.1439,29.43,69 deg,Open-Meteo forecast; MLB fallback,https://forecast.weather.gov/MapClick.php?lat=39.0979&lon=-84.5082,91,47,74,Great American Ball Park,
138,672640,Otto Lopez,MIA,PHI,2026-07-28T22:40:00Z,Scheduled,1,Aaron Nola,605400,R,47.1,Longshot,Watch List,"Projected Lineup, Premium Lineup Spot",32.0,51.0,42.0,88.7,50.0,20.9,No,No,1,Yes,Yes,RotoWire projected lineup; MLB probable pitchers,lineup projected / unconfirmed,H:2026/2025 P:2026/2025,,,Direct BvP not yet weighted; 2026/2025 Statcast baseline active,7,7,27,0,"Last 7 games: 7/27, 0 HR","same-side matchup; pitcher baseline 10.0% barrel, 22.9 HR allowed",neutral batted-ball profile; pitcher fly-ball pressure modest,6.82,40.89,89.13,100.459,0.4354,0.1538,0.3321,71.84,23.61,32.51,22.43,10.8,0.1521,10.01,41.34,88.84,0.4282,0.1808,28.02,198 deg,Open-Meteo forecast; MLB fallback,https://forecast.weather.gov/MapClick.php?lat=25.7781&lon=-80.2197,92,39,78,loanDepot park,
139,667472,Dane Myers,CIN,CLE,2026-07-28T17:40:00Z,Scheduled,7,Slade Cecconi,677944,R,47.0,Longshot,Watch List,Projected Lineup,31.4,52.0,67.8,59.8,50.0,22.9,No,No,7,Yes,Yes,RotoWire projected lineup; MLB probable pitchers,lineup projected / unconfirmed,H:2026/2025 P:2026/2025,,,Direct BvP not yet weighted; 2026/2025 Statcast baseline active,7,6,22,0,"Last 7 games: 6/22, 0 HR","same-side matchup; pitcher baseline 9.5% barrel, 17.7 HR allowed",neutral batted-ball profile; pitcher fly-ball pressure modest,6.89,36.89,90.21,99.6729,0.4035,0.1533,0.3285,71.42,20.04,26.32,26.85,3.9,0.1071,9.54,42.03,89.53,0.4561,0.1884,25.96,69 deg,Open-Meteo forecast; MLB fallback,https://forecast.weather.gov/MapClick.php?lat=39.0979&lon=-84.5082,91,47,74,Great American Ball Park,
140,671056,Ivan Herrera,STL,CHC,2026-07-28T23:45:00Z,Scheduled,2,Colin Rea,607067,R,47.0,Longshot,Watch List,"Projected Lineup, Premium Lineup Spot",33.8,54.2,22.1,95.5,50.0,32.5,No,No,2,Yes,Yes,RotoWire projected lineup; MLB probable pitchers,lineup projected / unconfirmed,H:2026/2025 P:2026/2025,,,Direct BvP not yet weighted; 2026/2025 Statcast baseline active,7,6,28,1,"Last 7 games: 6/28, 1 HR","same-side matchup; pitcher baseline 10.4% barrel, 17.9 HR allowed",neutral batted-ball profile; pitcher fly-ball pressure modest,7.18,41.89,89.73,101.0941,0.4079,0.1555,0.3442,74.05,44.34,36.82,19.45,14.1,0.1492,10.37,40.02,89.59,0.4667,0.1945,26.05,,NOAA link only,https://forecast.weather.gov/MapClick.php?lat=38.6226&lon=-90.1928,,,,Busch Stadium,
141,677649,Ezequiel Duran,TEX,TB,2026-07-28T22:40:00Z,Scheduled,3,Griffin Jax,643377,R,46.9,Longshot,Watch List,"Projected Lineup, Premium Lineup Spot, Hot Hitter/Streak",20.9,46.5,51.6,92.1,50.0,74.2,No,No,3,Yes,Yes,RotoWire projected lineup; MLB probable pitchers,lineup projected / unconfirmed,H:2026/2025 P:2026/2025,,,Direct BvP not yet weighted; 2026/2025 Statcast baseline active,7,10,27,2,Hot streak: 2 HR in last 7 games,"same-side matchup; pitcher baseline 10.0% barrel, 11.2 HR allowed",neutral batted-ball profile; pitcher fly-ball pressure modest,5.54,35.03,87.68,98.799,0.3629,0.1174,0.2918,72.34,23.85,33.84,20.53,8.4,0.1488,10.03,41.16,88.92,0.422,0.1674,23.72,237 deg,Open-Meteo forecast; MLB fallback,https://forecast.weather.gov/MapClick.php?lat=27.7682&lon=-82.6534,85,5,79,Tropicana Field,
142,699625,Jimmy Crooks,STL,CHC,2026-07-28T23:45:00Z,Scheduled,9,Colin Rea,607067,R,46.9,Longshot,Watch List,"Projected Lineup, Platoon Edge",48.0,54.2,22.1,40.2,80.0,37.8,No,No,9,Yes,Yes,RotoWire projected lineup; MLB probable pitchers,lineup projected / unconfirmed,H:2026/2025 P:2026/2025,,,Direct BvP not yet weighted; 2026/2025 Statcast baseline active,7,4,16,1,"Last 7 games: 4/16, 1 HR","platoon edge; pitcher baseline 10.4% barrel, 17.9 HR allowed",EV profile; pitcher fly-ball pressure modest,9.41,50.36,92.05,101.4341,0.4079,0.1893,0.3014,71.55,17.13,31.47,36.4,2.4,0.1425,10.37,40.02,89.59,0.4667,0.1945,26.05,,NOAA link only,https://forecast.weather.gov/MapClick.php?lat=38.6226&lon=-90.1928,,,,Busch Stadium,
143,672275,Patrick Bailey,CLE,CIN,2026-07-28T23:10:00Z,Scheduled,8,,,,46.7,Longshot,Watch List,"Projected Lineup, Platoon Edge",30.8,40.2,67.8,47.9,75.0,66.4,No,No,8,Yes,Yes,RotoWire projected lineup; MLB probable pitchers,lineup projected / unconfirmed,H:2026/2025 P:,,,Direct BvP not yet weighted; 2026/2025 Statcast baseline active,7,7,22,2,Hot streak: 2 HR in last 7 games,"switch hitter; pitcher baseline 0.0% barrel, 0.0 HR allowed",neutral batted-ball profile; pitcher fly-ball pressure modest,6.93,39.27,89.6,99.3629,0.3722,0.1468,0.285,72.58,29.1,31.73,25.43,5.3,0.1079,,,,,,,69 deg,Open-Meteo forecast; MLB fallback,https://forecast.weather.gov/MapClick.php?lat=39.0979&lon=-84.5082,91,47,74,Great American Ball Park,
144,657757,Gavin Sheets,SD,COL,2026-07-29T01:40:00Z,Scheduled,7,Michael Lorenzen,547179,R,46.7,Longshot,Watch List,"Projected Lineup, Platoon Edge",33.8,53.6,46.1,59.8,80.0,4.5,No,No,7,Yes,Yes,RotoWire projected lineup; MLB probable pitchers,lineup projected / unconfirmed,H:2026/2025 P:2026/2025,,,Direct BvP not yet weighted; 2026/2025 Statcast baseline active,7,3,20,0,"Last 7 games: 3/20, 0 HR","platoon edge; pitcher baseline 9.1% barrel, 18.7 HR allowed",neutral batted-ball profile; pitcher fly-ball pressure modest,7.64,41.32,88.36,99.5951,0.4033,0.162,0.3232,74.52,47.77,38.84,23.14,15.5,0.1819,9.08,44.45,90.28,0.4671,0.1847,25.66,246 deg,Open-Meteo forecast; MLB fallback,https://forecast.weather.gov/MapClick.php?lat=32.7073&lon=-117.1573,76,0,78,Petco Park,
145,670623,Isaac Paredes,HOU,LAA,2026-07-29T01:38:00Z,Scheduled,3,Reid Detmers,672282,L,46.5,Longshot,Watch List,"Projected Lineup, Premium Lineup Spot, Platoon Edge",19.6,36.9,55.7,92.1,78.0,59.1,No,No,3,Yes,Yes,RotoWire projected lineup; MLB probable pitchers,lineup projected / unconfirmed,H:2026/2025 P:2026/2025,,,Direct BvP not yet weighted; 2026/2025 Statcast baseline active,7,7,26,2,Hot streak: 2 HR in last 7 games,"platoon edge; pitcher baseline 7.8% barrel, 10.9 HR allowed",neutral batted-ball profile; pitcher fly-ball pressure modest,5.95,30.94,86.77,97.0537,0.3723,0.132,0.3193,67.88,7.4,52.42,31.43,15.8,0.1788,7.78,39.3,89.89,0.3567,0.1341,27.64,230 deg,Open-Meteo forecast; MLB fallback,https://forecast.weather.gov/MapClick.php?lat=33.8003&lon=-117.8827,50,0,86,Angel Stadium,
146,672275,Patrick Bailey,CLE,CIN,2026-07-28T17:40:00Z,Scheduled,8,Chase Burns,695505,R,46.4,Longshot,Watch List,"Projected Lineup, Platoon Edge",30.8,38.6,67.8,47.9,75.0,66.4,No,No,8,Yes,Yes,RotoWire projected lineup; MLB probable pitchers,lineup projected / unconfirmed,H:2026/2025 P:2026/2025,,,Direct BvP not yet weighted; 2026/2025 Statcast baseline active,7,7,22,2,Hot streak: 2 HR in last 7 games,"switch hitter; pitcher baseline 9.0% barrel, 9.9 HR allowed",neutral batted-ball profile; pitcher fly-ball pressure modest,6.93,39.27,89.6,99.3629,0.3722,0.1468,0.285,72.58,29.1,31.73,25.43,5.3,0.1079,9.01,39.19,89.29,0.3525,0.1439,29.43,69 deg,Open-Meteo forecast; MLB fallback,https://forecast.weather.gov/MapClick.php?lat=39.0979&lon=-84.5082,91,47,74,Great American Ball Park,
147,687093,Vaughn Grissom,LAA,HOU,2026-07-29T01:38:00Z,Scheduled,5,Peter Lambert,663567,R,46.4,Longshot,Watch List,Projected Lineup,33.1,34.0,55.7,81.9,50.0,60.0,No,No,5,Yes,Yes,RotoWire projected lineup; MLB probable pitchers,lineup projected / unconfirmed,H:2026 P:2026,,,Direct BvP not yet weighted; 2026/2025 Statcast baseline active,7,8,29,2,Hot streak: 2 HR in last 7 games,"same-side matchup; pitcher baseline 6.8% barrel, 11.0 HR allowed",neutral batted-ball profile; pitcher allows elevated contact,7.4,40.5,88.8,99.631,0.424,0.158,0.337,71.7,21.1,40.0,26.8,7.0,0.152,6.8,37.6,89.0,0.348,0.142,33.5,230 deg,Open-Meteo forecast; MLB fallback,https://forecast.weather.gov/MapClick.php?lat=33.8003&lon=-117.8827,50,0,86,Angel Stadium,
148,694497,Evan Carter,TEX,TB,2026-07-28T22:40:00Z,Scheduled,5,Griffin Jax,643377,R,46.3,Longshot,Watch List,"Projected Lineup, Platoon Edge",23.4,46.5,51.6,81.9,80.0,21.5,No,No,5,Yes,Yes,RotoWire projected lineup; MLB probable pitchers,lineup projected / unconfirmed,H:2026/2025 P:2026/2025,,,Direct BvP not yet weighted; 2026/2025 Statcast baseline active,7,5,19,0,"Last 7 games: 5/19, 0 HR","platoon edge; pitcher baseline 10.0% barrel, 11.2 HR allowed",neutral batted-ball profile; pitcher fly-ball pressure modest,5.97,36.98,87.61,98.9698,0.3439,0.1274,0.3017,70.98,17.75,38.98,28.75,7.1,0.1485,10.03,41.16,88.92,0.422,0.1674,23.72,237 deg,Open-Meteo forecast; MLB fallback,https://forecast.weather.gov/MapClick.php?lat=27.7682&lon=-82.6534,85,5,79,Tropicana Field,
149,666139,Josh Lowe,LAA,HOU,2026-07-29T01:38:00Z,Scheduled,6,Peter Lambert,663567,R,46.3,Longshot,Watch List,"Projected Lineup, Platoon Edge",34.5,34.0,55.7,71.7,80.0,24.0,No,No,6,Yes,Yes,RotoWire projected lineup; MLB probable pitchers,lineup projected / unconfirmed,H:2026/2025 P:2026,,,Direct BvP not yet weighted; 2026/2025 Statcast baseline active,7,3,19,1,"Last 7 games: 3/19, 1 HR","platoon edge; pitcher baseline 6.8% barrel, 11.0 HR allowed",neutral batted-ball profile; pitcher allows elevated contact,7.93,38.13,88.88,99.2483,0.3868,0.1639,0.2889,73.73,36.95,37.46,31.85,8.9,0.1481,6.8,37.6,89.0,0.348,0.142,33.5,230 deg,Open-Meteo forecast; MLB fallback,https://forecast.weather.gov/MapClick.php?lat=33.8003&lon=-117.8827,50,0,86,Angel Stadium,
150,650859,Luis Rengifo,SD,COL,2026-07-29T01:40:00Z,Scheduled,6,Michael Lorenzen,547179,R,46.3,Longshot,Watch List,"Projected Lineup, Platoon Edge, Hot Hitter/Streak",18.6,51.6,46.1,71.7,75.0,81.7,No,No,6,Yes,Yes,RotoWire projected lineup; MLB probable pitchers,lineup projected / unconfirmed,H:2026/2025 P:2026/2025,,,Direct BvP not yet weighted; 2026/2025 Statcast baseline active,7,10,23,2,Hot streak: 2 HR in last 7 games,"switch hitter; pitcher baseline 9.1% barrel, 18.7 HR allowed",neutral batted-ball profile; pitcher fly-ball pressure modest,4.86,36.48,87.94,98.2854,0.3603,0.1024,0.3034,70.69,14.51,35.71,17.03,4.1,0.0816,9.08,44.45,90.28,0.4671,0.1847,25.66,246 deg,Open-Meteo forecast; MLB fallback,https://forecast.weather.gov/MapClick.php?lat=32.7073&lon=-117.1573,76,0,78,Petco Park,
151,701678,Hao-Yu Lee,DET,BAL,2026-07-28T22:40:00Z,Scheduled,8,Dean Kremer,665152,R,46.1,Longshot,Watch List,"Projected Lineup, Hot Hitter/Streak",35.2,47.3,53.1,47.9,50.0,80.0,No,No,8,Yes,Yes,RotoWire projected lineup; MLB probable pitchers,lineup projected / unconfirmed,H:2026 P:2026/2025,,,Direct BvP not yet weighted; 2026/2025 Statcast baseline active,7,9,22,2,Hot streak: 2 HR in last 7 games,"same-side matchup; pitcher baseline 9.0% barrel, 13.6 HR allowed",neutral batted-ball profile; pitcher allows elevated contact,9.5,39.4,89.1,99.7863,0.397,0.161,0.294,70.9,19.0,29.2,27.7,6.0,0.165,8.98,34.61,87.4,0.4606,0.2156,34.77,210 deg,Open-Meteo forecast; MLB fallback,https://forecast.weather.gov/MapClick.php?lat=42.3390&lon=-83.0485,56,13,80,Comerica Park,
152,687637,Dylan Beavers,BAL,DET,2026-07-28T22:40:00Z,Scheduled,1,Troy Melton,675512,R,46.0,Longshot,Watch List,"Projected Lineup, Premium Lineup Spot, Platoon Edge",27.7,33.3,53.1,88.7,80.0,24.9,No,No,1,Yes,Yes,RotoWire projected lineup; MLB probable pitchers,lineup projected / unconfirmed,H:2026/2025 P:2026/2025,,,Direct BvP not yet weighted; 2026/2025 Statcast baseline active,7,6,21,0,"Last 7 games: 6/21, 0 HR","platoon edge; pitcher baseline 7.0% barrel, 7.7 HR allowed",neutral batted-ball profile; pitcher fly-ball pressure modest,6.36,34.86,88.45,99.1108,0.3779,0.1481,0.3188,72.2,19.36,40.6,30.83,2.6,0.1261,6.99,39.68,89.33,0.3577,0.1428,24.84,210 deg,Open-Meteo forecast; MLB fallback,https://forecast.weather.gov/MapClick.php?lat=42.3390&lon=-83.0485,56,13,80,Comerica Park,
153,682657,Angel Martinez,CLE,CIN,2026-07-28T23:10:00Z,Scheduled,6,,,,45.9,Longshot,Watch List,"Projected Lineup, Platoon Edge",23.6,40.2,67.8,71.7,75.0,29.2,No,No,6,Yes,Yes,RotoWire projected lineup; MLB probable pitchers,lineup projected / unconfirmed,H:2026/2025 P:,,,Direct BvP not yet weighted; 2026/2025 Statcast baseline active,7,5,26,1,"Last 7 games: 5/26, 1 HR","switch hitter; pitcher baseline 0.0% barrel, 0.0 HR allowed",neutral batted-ball profile; pitcher fly-ball pressure modest,6.3,34.41,87.45,98.9017,0.3732,0.1361,0.2844,70.83,14.65,45.86,27.22,11.0,0.1763,,,,,,,69 deg,Open-Meteo forecast; MLB fallback,https://forecast.weather.gov/MapClick.php?lat=39.0979&lon=-84.5082,91,47,74,Great American Ball Park,
154,592885,Christian Yelich,MIL,SF,2026-07-29T01:45:00Z,Scheduled,1,Landen Roupp,694738,R,45.8,Longshot,Watch List,"Projected Lineup, Premium Lineup Spot, Platoon Edge",38.1,19.9,48.3,88.7,80.0,31.4,No,No,1,Yes,Yes,RotoWire projected lineup; MLB probable pitchers,lineup projected / unconfirmed,H:2026/2025 P:2026/2025,,,Direct BvP not yet weighted; 2026/2025 Statcast baseline active,7,6,29,1,"Last 7 games: 6/29, 1 HR","platoon edge; pitcher baseline 5.5% barrel, 8.9 HR allowed",neutral batted-ball profile; pitcher fly-ball pressure modest,9.67,43.67,89.43,100.9985,0.3963,0.1674,0.3118,73.26,32.1,33.96,20.42,13.6,0.1628,5.54,32.02,87.14,0.3499,0.1183,21.68,290 deg,Open-Meteo forecast; MLB fallback,https://forecast.weather.gov/MapClick.php?lat=37.7786&lon=-122.3893,65,0,69,Oracle Park,
155,683953,Travis Bazzana,CLE,CIN,2026-07-28T23:10:00Z,Scheduled,5,,,,45.7,Longshot,Watch List,Projected Lineup,21.0,41.2,67.8,81.9,60.0,36.3,No,No,5,Yes,Yes,RotoWire projected lineup; MLB probable pitchers,lineup projected / unconfirmed,H:2026 P:,,,Direct BvP not yet weighted; 2026/2025 Statcast baseline active,7,6,25,1,"Last 7 games: 6/25, 1 HR","handedness incomplete; pitcher baseline 0.0% barrel, 0.0 HR allowed",neutral batted-ball profile; pitcher fly-ball pressure modest,4.7,35.5,88.0,98.4191,0.35,0.126,0.302,69.8,13.0,39.0,30.0,9.0,0.161,,,,,,,69 deg,Open-Meteo forecast; MLB fallback,https://forecast.weather.gov/MapClick.php?lat=39.0979&lon=-84.5082,91,47,74,Great American Ball Park,
156,686797,Brooks Lee,MIN,KC,2026-07-28T23:40:00Z,Scheduled,7,Seth Lugo,607625,R,45.6,Longshot,Watch List,"Projected Lineup, Platoon Edge",17.9,58.0,60.1,59.8,75.0,32.5,No,No,7,Yes,Yes,RotoWire projected lineup; MLB probable pitchers,lineup projected / unconfirmed,H:2026/2025 P:2026/2025,,,Direct BvP not yet weighted; 2026/2025 Statcast baseline active,7,6,28,1,"Last 7 games: 6/28, 1 HR","switch hitter; pitcher baseline 9.9% barrel, 18.6 HR allowed",neutral batted-ball profile; pitcher allows elevated contact,4.4,33.32,87.83,97.354,0.3425,0.1148,0.2778,69.92,8.42,41.15,27.32,15.3,0.1627,9.91,44.71,90.7,0.4793,0.2079,30.3,22 deg,Open-Meteo forecast; MLB fallback,https://forecast.weather.gov/MapClick.php?lat=44.9817&lon=-93.2776,66,1,87,Target Field,
157,682657,Angel Martinez,CLE,CIN,2026-07-28T17:40:00Z,Scheduled,6,Chase Burns,695505,R,45.5,Longshot,Watch List,"Projected Lineup, Platoon Edge",23.6,38.6,67.8,71.7,75.0,29.2,No,No,6,Yes,Yes,RotoWire projected lineup; MLB probable pitchers,lineup projected / unconfirmed,H:2026/2025 P:2026/2025,,,Direct BvP not yet weighted; 2026/2025 Statcast baseline active,7,5,26,1,"Last 7 games: 5/26, 1 HR","switch hitter; pitcher baseline 9.0% barrel, 9.9 HR allowed",neutral batted-ball profile; pitcher fly-ball pressure modest,6.3,34.41,87.45,98.9017,0.3732,0.1361,0.2844,70.83,14.65,45.86,27.22,11.0,0.1763,9.01,39.19,89.29,0.3525,0.1439,29.43,69 deg,Open-Meteo forecast; MLB fallback,https://forecast.weather.gov/MapClick.php?lat=39.0979&lon=-84.5082,91,47,74,Great American Ball Park,
158,677587,Brayan Rocchio,CLE,CIN,2026-07-28T23:10:00Z,Scheduled,4,,,,45.5,Longshot,Watch List,"Projected Lineup, Premium Lineup Spot, Platoon Edge",13.7,40.2,67.8,90.4,75.0,34.2,No,No,4,Yes,Yes,RotoWire projected lineup; MLB probable pitchers,lineup projected / unconfirmed,H:2026/2025 P:,,,Direct BvP not yet weighted; 2026/2025 Statcast baseline active,7,7,31,1,"Last 7 games: 7/31, 1 HR","switch hitter; pitcher baseline 0.0% barrel, 0.0 HR allowed",neutral batted-ball profile; pitcher fly-ball pressure modest,3.02,32.98,86.95,97.4836,0.3552,0.106,0.2971,70.07,7.22,44.76,23.9,7.8,0.1231,,,,,,,69 deg,Open-Meteo forecast; MLB fallback,https://forecast.weather.gov/MapClick.php?lat=39.0979&lon=-84.5082,91,47,74,Great American Ball Park,
159,655316,Andruw Monasterio,BOS,ATH,2026-07-29T01:40:00Z,Scheduled,7,Gage Jump,695611,L,45.5,Longshot,Watch List,"Projected Lineup, Platoon Edge",29.0,37.3,62.4,59.8,78.0,45.0,No,No,7,Yes,Yes,RotoWire projected lineup; MLB probable pitchers,lineup projected / unconfirmed,H:2026/2025 P:2026,,,Direct BvP not yet weighted; 2026/2025 Statcast baseline active,7,9,21,0,Contact streak: 9/21 over last 7 games,"platoon edge; pitcher baseline 6.3% barrel, 7.0 HR allowed",neutral batted-ball profile; pitcher fly-ball pressure modest,7.68,36.92,88.12,97.9946,0.3861,0.1474,0.2982,69.24,3.25,41.25,32.88,4.7,0.1838,6.3,43.1,90.3,0.4,0.144,26.9,221 deg,Open-Meteo forecast; MLB fallback,https://forecast.weather.gov/MapClick.php?lat=38.5804&lon=-121.5139,23,0,94,Sutter Health Park,
160,650402,Gleyber Torres,DET,BAL,2026-07-28T22:40:00Z,Scheduled,3,Dean Kremer,665152,R,45.3,Longshot,Watch List,"Projected Lineup, Premium Lineup Spot",24.5,47.3,53.1,92.1,50.0,9.3,No,No,3,Yes,Yes,RotoWire projected lineup; MLB probable pitchers,lineup projected / unconfirmed,H:2026/2025 P:2026/2025,,,Direct BvP not yet weighted; 2026/2025 Statcast baseline active,7,4,22,0,"Last 7 games: 4/22, 0 HR","same-side matchup; pitcher baseline 9.0% barrel, 13.6 HR allowed",neutral batted-ball profile; pitcher allows elevated contact,7.5,33.33,86.85,97.5179,0.4018,0.1454,0.3455,68.52,5.43,22.42,27.8,7.6,0.11,8.98,34.61,87.4,0.4606,0.2156,34.77,210 deg,Open-Meteo forecast; MLB fallback,https://forecast.weather.gov/MapClick.php?lat=42.3390&lon=-83.0485,56,13,80,Comerica Park,
161,641598,Mitch Garver,SEA,LAD,2026-07-29T02:10:00Z,Scheduled,7,,,,45.2,Longshot,Watch List,Projected Lineup,39.1,41.2,57.6,59.8,60.0,0.0,No,No,7,Yes,Yes,RotoWire projected lineup; MLB probable pitchers,lineup projected / unconfirmed,H:2026/2025 P:,,,Direct BvP not yet weighted; 2026/2025 Statcast baseline active,7,2,19,0,"Last 7 games: 2/19, 0 HR","handedness incomplete; pitcher baseline 0.0% barrel, 0.0 HR allowed",fly-ball profile; pitcher fly-ball pressure modest,8.04,48.09,90.87,100.7087,0.3493,0.1497,0.298,72.29,18.04,49.72,35.03,5.5,0.1263,,,,,,,253 deg,Open-Meteo forecast; MLB fallback,https://forecast.weather.gov/MapClick.php?lat=34.0739&lon=-118.2400,50,0,87,UNIQLO Field at Dodger Stadium,
162,677587,Brayan Rocchio,CLE,CIN,2026-07-28T17:40:00Z,Scheduled,4,Chase Burns,695505,R,45.1,Longshot,Watch List,"Projected Lineup, Premium Lineup Spot, Platoon Edge",13.7,38.6,67.8,90.4,75.0,34.2,No,No,4,Yes,Yes,RotoWire projected lineup; MLB probable pitchers,lineup projected / unconfirmed,H:2026/2025 P:2026/2025,,,Direct BvP not yet weighted; 2026/2025 Statcast baseline active,7,7,31,1,"Last 7 games: 7/31, 1 HR","switch hitter; pitcher baseline 9.0% barrel, 9.9 HR allowed",neutral batted-ball profile; pitcher fly-ball pressure modest,3.02,32.98,86.95,97.4836,0.3552,0.106,0.2971,70.07,7.22,44.76,23.9,7.8,0.1231,9.01,39.19,89.29,0.3525,0.1439,29.43,69 deg,Open-Meteo forecast; MLB fallback,https://forecast.weather.gov/MapClick.php?lat=39.0979&lon=-84.5082,91,47,74,Great American Ball Park,
163,662139,Daulton Varsho,TOR,WSH,2026-07-28T22:45:00Z,Scheduled,6,Cade Cavalli,676917,R,44.9,Longshot,Watch List,"Projected Lineup, Platoon Edge",34.4,29.7,51.7,71.7,80.0,29.7,No,No,6,Yes,Yes,RotoWire projected lineup; MLB probable pitchers,lineup projected / unconfirmed,H:2026/2025 P:2026/2025,,,Direct BvP not yet weighted; 2026/2025 Statcast baseline active,7,7,22,0,"Last 7 games: 7/22, 0 HR","platoon edge; pitcher baseline 6.0% barrel, 8.4 HR allowed",neutral batted-ball profile; pitcher fly-ball pressure modest,9.25,37.85,87.31,99.3912,0.4037,0.1662,0.3046,73.71,36.18,41.5,28.89,10.9,0.1868,5.97,41.03,88.82,0.3769,0.1284,21.05,139 deg,Open-Meteo forecast; MLB fallback,https://forecast.weather.gov/MapClick.php?lat=38.8730&lon=-77.0074,65,2,82,Nationals Park,
164,666182,Bo Bichette,NYM,ATL,2026-07-28T23:10:00Z,Scheduled,3,Chris Sale,519242,L,44.9,Longshot,Watch List,"Projected Lineup, Premium Lineup Spot, Platoon Edge",32.5,21.9,46.8,92.1,78.0,38.9,No,No,3,Yes,Yes,RotoWire projected lineup; MLB probable pitchers,lineup projected / unconfirmed,H:2026/2025 P:2026/2025,,,Direct BvP not yet weighted; 2026/2025 Statcast baseline active,7,11,29,0,Contact streak: 11/29 over last 7 games,"platoon edge; pitcher baseline 5.9% barrel, 8.9 HR allowed",neutral batted-ball profile; pitcher fly-ball pressure modest,6.85,43.83,89.88,101.1872,0.4317,0.1468,0.3334,69.8,13.46,26.07,22.81,12.4,0.13,5.88,34.07,87.41,0.3284,0.1108,26.46,197 deg,Open-Meteo forecast; MLB fallback,https://forecast.weather.gov/MapClick.php?lat=40.7571&lon=-73.8458,65,25,79,Citi Field,
165,647304,Josh Naylor,SEA,LAD,2026-07-29T02:10:00Z,Scheduled,5,,,,44.9,Longshot,Watch List,Projected Lineup,24.2,41.2,57.6,81.9,60.0,30.2,No,No,5,Yes,Yes,RotoWire projected lineup; MLB probable pitchers,lineup projected / unconfirmed,H:2026/2025 P:,,,Direct BvP not yet weighted; 2026/2025 Statcast baseline active,7,9,28,0,Contact streak: 9/28 over last 7 games,"handedness incomplete; pitcher baseline 0.0% barrel, 0.0 HR allowed",neutral batted-ball profile; pitcher fly-ball pressure modest,5.3,37.98,88.08,99.1513,0.4059,0.1331,0.3252,70.44,11.53,41.57,23.06,11.6,0.118,,,,,,,253 deg,Open-Meteo forecast; MLB fallback,https://forecast.weather.gov/MapClick.php?lat=34.0739&lon=-118.2400,50,0,87,UNIQLO Field at Dodger Stadium,
166,663757,Trent Grisham,NYY,CWS,2026-07-28T23:40:00Z,Scheduled,8,Anthony Kay,641743,L,44.8,Longshot,Watch List,"Projected Lineup, Strong Barrel",48.7,39.8,53.0,47.9,50.0,0.0,No,No,8,Yes,Yes,RotoWire projected lineup; MLB probable pitchers,lineup projected / unconfirmed,H:2026/2025 P:2026,,,Direct BvP not yet weighted; 2026/2025 Statcast baseline active,7,1,23,0,"Last 7 games: 1/23, 0 HR","same-side matchup; pitcher baseline 8.6% barrel, 14.0 HR allowed",neutral batted-ball profile; pitcher fly-ball pressure modest,11.54,45.56,90.96,100.7849,0.4574,0.208,0.3525,70.58,8.7,47.17,30.35,17.9,0.1905,8.6,39.0,88.5,0.416,0.148,22.0,167 deg,Open-Meteo forecast; MLB fallback,https://forecast.weather.gov/MapClick.php?lat=41.8300&lon=-87.6338,88,8,74,Rate Field,
167,695731,Braden Montgomery,CWS,NYY,2026-07-28T23:40:00Z,Scheduled,6,Gerrit Cole,543037,R,44.8,Longshot,Watch List,"Projected Lineup, Platoon Edge",20.9,49.8,53.0,71.7,75.0,24.0,No,No,6,Yes,Yes,RotoWire projected lineup; MLB probable pitchers,lineup projected / unconfirmed,H:2026 P:2026,,,Direct BvP not yet weighted; 2026/2025 Statcast baseline active,7,7,25,0,"Last 7 games: 7/25, 0 HR","switch hitter; pitcher baseline 10.7% barrel, 11.0 HR allowed",neutral batted-ball profile; pitcher allows elevated contact,3.6,40.5,89.2,100.0271,0.363,0.119,0.305,69.9,9.4,32.4,19.8,3.0,0.163,10.7,43.1,90.1,0.391,0.154,32.8,167 deg,Open-Meteo forecast; MLB fallback,https://forecast.weather.gov/MapClick.php?lat=41.8300&lon=-87.6338,88,8,74,Rate Field,
168,621493,Taylor Ward,BAL,DET,2026-07-28T22:40:00Z,Scheduled,4,Troy Melton,675512,R,44.7,Longshot,Watch List,"Projected Lineup, Premium Lineup Spot",32.5,33.3,53.1,90.4,50.0,18.2,No,No,4,Yes,Yes,RotoWire projected lineup; MLB probable pitchers,lineup projected / unconfirmed,H:2026/2025 P:2026/2025,,,Direct BvP not yet weighted; 2026/2025 Statcast baseline active,7,7,29,0,"Last 7 games: 7/29, 0 HR","same-side matchup; pitcher baseline 7.0% barrel, 7.7 HR allowed",neutral batted-ball profile; pitcher fly-ball pressure modest,8.1,39.62,89.47,99.4994,0.4003,0.1553,0.3435,68.73,4.26,34.29,29.52,15.7,0.1462,6.99,39.68,89.33,0.3577,0.1428,24.84,210 deg,Open-Meteo forecast; MLB fallback,https://forecast.weather.gov/MapClick.php?lat=42.3390&lon=-83.0485,56,13,80,Comerica Park,
169,660688,Keibert Ruiz,WSH,TOR,2026-07-28T22:45:00Z,Scheduled,7,Shane Bieber,669456,R,44.7,Longshot,Watch List,"Projected Lineup, Platoon Edge",17.5,64.8,51.7,59.8,75.0,10.6,No,No,7,Yes,Yes,RotoWire projected lineup; MLB probable pitchers,lineup projected / unconfirmed,H:2026/2025 P:2026/2025,,,Direct BvP not yet weighted; 2026/2025 Statcast baseline active,7,4,21,0,"Last 7 games: 4/21, 0 HR","switch hitter; pitcher baseline 11.5% barrel, 7.3 HR allowed",neutral batted-ball profile; pitcher fly-ball pressure modest,4.23,35.94,87.95,97.6771,0.3559,0.1122,0.2765,67.22,0.51,54.75,27.05,5.5,0.1508,11.53,47.29,90.61,0.5315,0.2369,25.47,139 deg,Open-Meteo forecast; MLB fallback,https://forecast.weather.gov/MapClick.php?lat=38.8730&lon=-77.0074,65,2,82,Nationals Park,
170,673357,Luis Robert,NYM,ATL,2026-07-28T23:10:00Z,Scheduled,4,Chris Sale,519242,L,44.7,Longshot,Watch List,"Projected Lineup, Premium Lineup Spot, Platoon Edge",32.6,21.9,46.8,90.4,78.0,40.1,No,No,4,Yes,Yes,RotoWire projected lineup; MLB probable pitchers,lineup projected / unconfirmed,H:2026/2025 P:2026/2025,,,Direct BvP not yet weighted; 2026/2025 Statcast baseline active,7,3,21,2,Hot streak: 2 HR in last 7 games,"platoon edge; pitcher baseline 5.9% barrel, 8.9 HR allowed",neutral batted-ball profile; pitcher fly-ball pressure modest,5.75,41.39,89.05,102.039,0.3924,0.1583,0.3182,76.02,62.09,42.17,25.21,7.0,0.141,5.88,34.07,87.41,0.3284,0.1108,26.46,197 deg,Open-Meteo forecast; MLB fallback,https://forecast.weather.gov/MapClick.php?lat=40.7571&lon=-73.8458,65,25,79,Citi Field,
171,642715,Willy Adames,SF,MIL,2026-07-29T01:45:00Z,Scheduled,6,Logan Henderson,701656,R,44.7,Longshot,Watch List,"Projected Lineup, Strong Barrel",39.9,34.1,48.3,71.7,50.0,31.6,No,No,6,Yes,Yes,RotoWire projected lineup; MLB probable pitchers,lineup projected / unconfirmed,H:2026/2025 P:2026/2025,,,Direct BvP not yet weighted; 2026/2025 Statcast baseline active,7,5,24,1,"Last 7 games: 5/24, 1 HR","same-side matchup; pitcher baseline 8.6% barrel, 4.4 HR allowed",neutral batted-ball profile; pitcher allows elevated contact,10.22,40.63,88.34,99.1942,0.4028,0.183,0.3011,72.31,24.21,48.26,34.83,21.6,0.2016,8.6,35.46,88.1,0.359,0.14,30.65,290 deg,Open-Meteo forecast; MLB fallback,https://forecast.weather.gov/MapClick.php?lat=37.7786&lon=-122.3893,65,0,69,Oracle Park,
172,683011,Anthony Volpe,NYY,CWS,2026-07-28T23:40:00Z,Scheduled,5,Anthony Kay,641743,L,44.5,Longshot,Watch List,"Projected Lineup, Platoon Edge",22.5,39.8,53.0,81.9,78.0,21.5,No,No,5,Yes,Yes,RotoWire projected lineup; MLB probable pitchers,lineup projected / unconfirmed,H:2026/2025 P:2026,,,Direct BvP not yet weighted; 2026/2025 Statcast baseline active,7,5,19,0,"Last 7 games: 5/19, 0 HR","platoon edge; pitcher baseline 8.6% barrel, 14.0 HR allowed",neutral batted-ball profile; pitcher fly-ball pressure modest,5.6,37.56,88.46,98.9574,0.3497,0.1134,0.3017,71.97,20.34,32.38,22.31,6.4,0.1118,8.6,39.0,88.5,0.416,0.148,22.0,167 deg,Open-Meteo forecast; MLB fallback,https://forecast.weather.gov/MapClick.php?lat=41.8300&lon=-87.6338,88,8,74,Rate Field,
173,694249,Cole Carrigg,COL,SD,2026-07-29T01:40:00Z,Scheduled,6,Michael King,650633,R,44.3,Longshot,Watch List,"Projected Lineup, Platoon Edge",26.6,39.4,46.1,71.7,75.0,46.9,No,No,6,Yes,Yes,RotoWire projected lineup; MLB probable pitchers,lineup projected / unconfirmed,H:2026 P:2026/2025,,,Direct BvP not yet weighted; 2026/2025 Statcast baseline active,7,9,29,1,"Last 7 games: 9/29, 1 HR","switch hitter; pitcher baseline 9.4% barrel, 11.3 HR allowed",neutral batted-ball profile; pitcher fly-ball pressure modest,5.8,34.0,86.8,98.4899,0.402,0.155,0.322,73.7,39.6,45.6,31.1,5.0,0.232,9.37,35.23,87.66,0.4123,0.1702,26.91,246 deg,Open-Meteo forecast; MLB fallback,https://forecast.weather.gov/MapClick.php?lat=32.7073&lon=-117.1573,76,0,78,Petco Park,
174,665966,Carlos Narvaez,BOS,ATH,2026-07-29T01:40:00Z,Scheduled,9,Gage Jump,695611,L,44.2,Longshot,Watch List,"Projected Lineup, Platoon Edge",33.9,37.3,62.4,40.2,78.0,40.3,No,No,9,Yes,Yes,RotoWire projected lineup; MLB probable pitchers,lineup projected / unconfirmed,H:2026/2025 P:2026,,,Direct BvP not yet weighted; 2026/2025 Statcast baseline active,7,4,15,1,"Last 7 games: 4/15, 1 HR","platoon edge; pitcher baseline 6.3% barrel, 7.0 HR allowed",neutral batted-ball profile; pitcher fly-ball pressure modest,7.77,39.84,91.31,100.3817,0.3537,0.141,0.2811,71.95,19.66,32.16,29.82,6.6,0.1178,6.3,43.1,90.3,0.4,0.144,26.9,221 deg,Open-Meteo forecast; MLB fallback,https://forecast.weather.gov/MapClick.php?lat=38.5804&lon=-121.5139,23,0,94,Sutter Health Park,
175,663586,Austin Riley,ATL,NYM,2026-07-28T23:10:00Z,Scheduled,7,Christian Scott,681035,R,44.1,Longshot,Watch List,"Projected Lineup, Strong Barrel",50.4,28.7,46.8,59.8,50.0,14.1,No,No,7,Yes,Yes,RotoWire projected lineup; MLB probable pitchers,lineup projected / unconfirmed,H:2026/2025 P:2026,,,Direct BvP not yet weighted; 2026/2025 Statcast baseline active,7,6,28,0,"Last 7 games: 6/28, 0 HR","same-side matchup; pitcher baseline 6.9% barrel, 7.0 HR allowed",neutral batted-ball profile; pitcher fly-ball pressure modest,12.19,45.72,91.18,102.6995,0.4076,0.1879,0.3055,75.83,59.24,40.43,31.57,13.2,0.1449,6.9,34.0,87.6,0.366,0.141,28.3,197 deg,Open-Meteo forecast; MLB fallback,https://forecast.weather.gov/MapClick.php?lat=40.7571&lon=-73.8458,65,25,79,Citi Field,
176,656775,Cedric Mullins,TB,TEX,2026-07-28T22:40:00Z,Scheduled,4,,,,44.0,Longshot,Watch List,"Projected Lineup, Premium Lineup Spot",20.1,41.2,51.6,90.4,60.0,33.7,No,No,4,Yes,Yes,RotoWire projected lineup; MLB probable pitchers,lineup projected / unconfirmed,H:2026/2025 P:,,,Direct BvP not yet weighted; 2026/2025 Statcast baseline active,7,6,27,1,"Last 7 games: 6/27, 1 HR","handedness incomplete; pitcher baseline 0.0% barrel, 0.0 HR allowed",neutral batted-ball profile; pitcher fly-ball pressure modest,4.73,32.26,88.24,97.8207,0.319,0.1267,0.2672,70.82,8.76,45.32,31.73,13.5,0.1568,,,,,,,237 deg,Open-Meteo forecast; MLB fallback,https://forecast.weather.gov/MapClick.php?lat=27.7682&lon=-82.6534,85,5,79,Tropicana Field,
177,607208,Trea Turner,PHI,MIA,2026-07-28T22:40:00Z,Scheduled,1,Sandy Alcantara,645261,R,44.0,Longshot,Watch List,"Projected Lineup, Premium Lineup Spot",28.7,34.8,42.0,88.7,50.0,58.7,No,No,1,Yes,Yes,RotoWire projected lineup; MLB probable pitchers,lineup projected / unconfirmed,H:2026/2025 P:2026/2025,,,Direct BvP not yet weighted; 2026/2025 Statcast baseline active,7,8,30,2,Hot streak: 2 HR in last 7 games,"same-side matchup; pitcher baseline 6.6% barrel, 18.5 HR allowed",neutral batted-ball profile; pitcher fly-ball pressure modest,6.29,41.82,89.09,99.5654,0.382,0.1302,0.3021,71.55,19.27,33.63,25.48,14.3,0.1474,6.57,38.28,89.02,0.3905,0.1358,24.45,198 deg,Open-Meteo forecast; MLB fallback,https://forecast.weather.gov/MapClick.php?lat=25.7781&lon=-80.2197,92,39,78,loanDepot park,
178,686555,Isaac Collins,KC,MIN,2026-07-28T23:40:00Z,Scheduled,8,Taj Bradley,671737,R,43.9,Longshot,Watch List,"Projected Lineup, Platoon Edge",24.1,47.0,60.1,47.9,75.0,43.2,No,No,8,Yes,Yes,RotoWire projected lineup; MLB probable pitchers,lineup projected / unconfirmed,H:2026/2025 P:2026/2025,,,Direct BvP not yet weighted; 2026/2025 Statcast baseline active,7,6,21,1,"Last 7 games: 6/21, 1 HR","switch hitter; pitcher baseline 9.2% barrel, 17.6 HR allowed",neutral batted-ball profile; pitcher fly-ball pressure modest,5.53,40.09,88.45,99.9607,0.3408,0.1025,0.3115,73.33,30.27,40.47,26.72,6.9,0.1333,9.15,43.05,90.46,0.391,0.161,29.89,22 deg,Open-Meteo forecast; MLB fallback,https://forecast.weather.gov/MapClick.php?lat=44.9817&lon=-93.2776,66,1,87,Target Field,
179,641680,Jonah Heim,ATH,BOS,2026-07-29T01:40:00Z,Scheduled,4,Jake Bennett,687562,L,43.9,Longshot,Watch List,"Projected Lineup, Premium Lineup Spot, Platoon Edge",23.8,24.5,62.4,90.4,75.0,27.1,No,No,4,Yes,Yes,RotoWire projected lineup; MLB probable pitchers,lineup projected / unconfirmed,H:2026/2025 P:2026,,,Direct BvP not yet weighted; 2026/2025 Statcast baseline active,7,5,28,1,"Last 7 games: 5/28, 1 HR","switch hitter; pitcher baseline 5.7% barrel, 4.0 HR allowed",neutral batted-ball profile; pitcher fly-ball pressure modest,6.73,32.61,87.54,97.9471,0.3733,0.1438,0.29,69.98,10.43,40.28,27.76,10.3,0.1778,5.7,36.9,87.4,0.369,0.137,24.4,221 deg,Open-Meteo forecast; MLB fallback,https://forecast.weather.gov/MapClick.php?lat=38.5804&lon=-121.5139,23,0,94,Sutter Health Park,
180,669003,Garrett Mitchell,MIL,SF,2026-07-29T01:45:00Z,Scheduled,7,Landen Roupp,694738,R,43.8,Longshot,Watch List,"Projected Lineup, Strong Barrel, Platoon Edge",49.1,19.9,48.3,59.8,80.0,0.0,No,No,7,Yes,Yes,RotoWire projected lineup; MLB probable pitchers,lineup projected / unconfirmed,H:2026/2025 P:2026/2025,,,Direct BvP not yet weighted; 2026/2025 Statcast baseline active,7,2,22,0,"Last 7 games: 2/22, 0 HR","platoon edge; pitcher baseline 5.5% barrel, 8.9 HR allowed",EV profile; pitcher fly-ball pressure modest,11.88,47.31,92.01,103.4104,0.4215,0.1708,0.3328,77.01,75.97,33.72,18.74,5.6,0.1475,5.54,32.02,87.14,0.3499,0.1183,21.68,290 deg,Open-Meteo forecast; MLB fallback,https://forecast.weather.gov/MapClick.php?lat=37.7786&lon=-122.3893,65,0,69,Oracle Park,
181,681082,Bryson Stott,PHI,MIA,2026-07-28T22:40:00Z,Scheduled,6,Sandy Alcantara,645261,R,43.7,Longshot,Watch List,"Projected Lineup, Platoon Edge",27.7,34.8,42.0,71.7,80.0,54.3,No,No,6,Yes,Yes,RotoWire projected lineup; MLB probable pitchers,lineup projected / unconfirmed,H:2026/2025 P:2026/2025,,,Direct BvP not yet weighted; 2026/2025 Statcast baseline active,7,9,25,1,Contact streak: 9/25 over last 7 games,"platoon edge; pitcher baseline 6.6% barrel, 18.5 HR allowed",neutral batted-ball profile; pitcher fly-ball pressure modest,6.64,35.66,88.65,98.57,0.4049,0.146,0.3179,69.82,6.33,34.87,29.27,9.5,0.1501,6.57,38.28,89.02,0.3905,0.1358,24.45,198 deg,Open-Meteo forecast; MLB fallback,https://forecast.weather.gov/MapClick.php?lat=25.7781&lon=-80.2197,92,39,78,loanDepot park,
182,514888,Jose Altuve,HOU,LAA,2026-07-29T01:38:00Z,Scheduled,4,Reid Detmers,672282,L,43.7,Longshot,Watch List,"Projected Lineup, Premium Lineup Spot, Platoon Edge",16.0,36.9,55.7,90.4,78.0,30.3,No,No,4,Yes,Yes,RotoWire projected lineup; MLB probable pitchers,lineup projected / unconfirmed,H:2026/2025 P:2026/2025,,,Direct BvP not yet weighted; 2026/2025 Statcast baseline active,7,6,30,1,"Last 7 games: 6/30, 1 HR","platoon edge; pitcher baseline 7.8% barrel, 10.9 HR allowed",neutral batted-ball profile; pitcher fly-ball pressure modest,5.85,32.3,85.52,97.2892,0.3483,0.1218,0.2832,69.0,9.53,44.45,22.72,16.2,0.1658,7.78,39.3,89.89,0.3567,0.1341,27.64,230 deg,Open-Meteo forecast; MLB fallback,https://forecast.weather.gov/MapClick.php?lat=33.8003&lon=-117.8827,50,0,86,Angel Stadium,
183,650489,Willi Castro,COL,SD,2026-07-29T01:40:00Z,Scheduled,7,Michael King,650633,R,43.6,Longshot,Watch List,"Projected Lineup, Platoon Edge",29.6,39.4,46.1,59.8,75.0,47.5,No,No,7,Yes,Yes,RotoWire projected lineup; MLB probable pitchers,lineup projected / unconfirmed,H:2026/2025 P:2026/2025,,,Direct BvP not yet weighted; 2026/2025 Statcast baseline active,7,5,26,2,Hot streak: 2 HR in last 7 games,"switch hitter; pitcher baseline 9.4% barrel, 11.3 HR allowed",neutral batted-ball profile; pitcher fly-ball pressure modest,7.27,39.19,87.54,99.9173,0.3708,0.1421,0.2997,72.58,26.35,42.39,32.3,10.3,0.14,9.37,35.23,87.66,0.4123,0.1702,26.91,246 deg,Open-Meteo forecast; MLB fallback,https://forecast.weather.gov/MapClick.php?lat=32.7073&lon=-117.1573,76,0,78,Petco Park,
184,676724,Jared Young,NYM,ATL,2026-07-28T23:10:00Z,Scheduled,6,Chris Sale,519242,L,43.4,Longshot,Watch List,"Projected Lineup, Strong Barrel",43.3,21.9,46.8,71.7,50.0,45.3,No,No,6,Yes,Yes,RotoWire projected lineup; MLB probable pitchers,lineup projected / unconfirmed,H:2026/2025 P:2026/2025,,,Direct BvP not yet weighted; 2026/2025 Statcast baseline active,7,6,20,1,"Last 7 games: 6/20, 1 HR","same-side matchup; pitcher baseline 5.9% barrel, 8.9 HR allowed",neutral batted-ball profile; pitcher fly-ball pressure modest,11.43,44.06,88.24,101.0464,0.4238,0.1934,0.317,73.44,34.72,40.21,26.04,6.1,0.2145,5.88,34.07,87.41,0.3284,0.1108,26.46,197 deg,Open-Meteo forecast; MLB fallback,https://forecast.weather.gov/MapClick.php?lat=40.7571&lon=-73.8458,65,25,79,Citi Field,
185,673237,Yainer Diaz,HOU,LAA,2026-07-29T01:38:00Z,Scheduled,6,Reid Detmers,672282,L,43.4,Longshot,Watch List,"Projected Lineup, Platoon Edge",26.8,36.9,55.7,71.7,78.0,6.0,No,No,6,Yes,Yes,RotoWire projected lineup; MLB probable pitchers,lineup projected / unconfirmed,H:2026/2025 P:2026/2025,,,Direct BvP not yet weighted; 2026/2025 Statcast baseline active,7,4,25,0,"Last 7 games: 4/25, 0 HR","platoon edge; pitcher baseline 7.8% barrel, 10.9 HR allowed",neutral batted-ball profile; pitcher fly-ball pressure modest,6.38,35.55,88.36,99.3148,0.4104,0.148,0.305,72.41,20.96,36.07,19.73,10.2,0.1484,7.78,39.3,89.89,0.3567,0.1341,27.64,230 deg,Open-Meteo forecast; MLB fallback,https://forecast.weather.gov/MapClick.php?lat=33.8003&lon=-117.8827,50,0,86,Angel Stadium,
186,680776,Jarren Duran,BOS,ATH,2026-07-29T01:40:00Z,Scheduled,8,Gage Jump,695611,L,43.4,Longshot,Watch List,"Projected Lineup, Strong Barrel",38.2,37.3,62.4,47.9,50.0,24.0,No,No,8,Yes,Yes,RotoWire projected lineup; MLB probable pitchers,lineup projected / unconfirmed,H:2026/2025 P:2026,,,Direct BvP not yet weighted; 2026/2025 Statcast baseline active,7,7,25,0,"Last 7 games: 7/25, 0 HR","same-side matchup; pitcher baseline 6.3% barrel, 7.0 HR allowed",neutral batted-ball profile; pitcher fly-ball pressure modest,10.12,41.06,90.19,101.8827,0.3834,0.1501,0.3029,74.94,49.53,39.25,22.37,13.9,0.1573,6.3,43.1,90.3,0.4,0.144,26.9,221 deg,Open-Meteo forecast; MLB fallback,https://forecast.weather.gov/MapClick.php?lat=38.5804&lon=-121.5139,23,0,94,Sutter Health Park,
187,694378,Jacob Gonzalez,PIT,AZ,2026-07-28T22:40:00Z,Scheduled,7,Brandon Pfaadt,694297,R,43.3,Longshot,Watch List,"Projected Lineup, Platoon Edge",24.5,47.5,45.8,59.8,80.0,27.6,No,No,7,Yes,Yes,RotoWire projected lineup; MLB probable pitchers,lineup projected / unconfirmed,H:2026 P:2026/2025,,,Direct BvP not yet weighted; 2026/2025 Statcast baseline active,7,4,22,1,"Last 7 games: 4/22, 1 HR","platoon edge; pitcher baseline 9.9% barrel, 13.4 HR allowed",neutral batted-ball profile; pitcher fly-ball pressure modest,3.4,39.8,88.6,99.279,0.399,0.139,0.317,71.3,13.0,41.6,28.1,4.0,0.149,9.92,40.27,89.47,0.4331,0.1757,21.1,243 deg,Open-Meteo forecast; MLB fallback,https://forecast.weather.gov/MapClick.php?lat=40.4469&lon=-80.0057,77,8,78,PNC Park,
188,702284,Cole Young,SEA,LAD,2026-07-29T02:10:00Z,Scheduled,6,,,,43.3,Longshot,Watch List,Projected Lineup,26.0,41.2,57.6,71.7,60.0,14.1,No,No,6,Yes,Yes,RotoWire projected lineup; MLB probable pitchers,lineup projected / unconfirmed,H:2026/2025 P:,,,Direct BvP not yet weighted; 2026/2025 Statcast baseline active,7,6,28,0,"Last 7 games: 6/28, 0 HR","handedness incomplete; pitcher baseline 0.0% barrel, 0.0 HR allowed",neutral batted-ball profile; pitcher fly-ball pressure modest,5.39,36.21,88.23,98.9786,0.4047,0.1429,0.3222,71.61,22.3,43.31,27.57,10.3,0.1311,,,,,,,253 deg,Open-Meteo forecast; MLB fallback,https://forecast.weather.gov/MapClick.php?lat=34.0739&lon=-118.2400,50,0,87,UNIQLO Field at Dodger Stadium,
189,668952,Ryan Kreidler,MIN,KC,2026-07-28T23:40:00Z,Scheduled,9,Seth Lugo,607625,R,43.0,Longshot,Watch List,Projected Lineup,27.2,60.0,60.1,40.2,50.0,9.3,No,No,9,Yes,Yes,RotoWire projected lineup; MLB probable pitchers,lineup projected / unconfirmed,H:2026/2025 P:2026/2025,,,Direct BvP not yet weighted; 2026/2025 Statcast baseline active,7,4,22,0,"Last 7 games: 4/22, 0 HR","same-side matchup; pitcher baseline 9.9% barrel, 18.6 HR allowed",neutral batted-ball profile; pitcher allows elevated contact,7.04,34.34,88.48,99.4108,0.3572,0.1385,0.2829,73.31,33.98,44.84,27.67,3.5,0.1225,9.91,44.71,90.7,0.4793,0.2079,30.3,22 deg,Open-Meteo forecast; MLB fallback,https://forecast.weather.gov/MapClick.php?lat=44.9817&lon=-93.2776,66,1,87,Target Field,
190,805367,Chase Meidroth,CWS,NYY,2026-07-28T23:40:00Z,Scheduled,5,Gerrit Cole,543037,R,42.8,Longshot,Watch List,Projected Lineup,12.5,51.0,53.0,81.9,50.0,50.3,No,No,5,Yes,Yes,RotoWire projected lineup; MLB probable pitchers,lineup projected / unconfirmed,H:2026/2025 P:2026,,,Direct BvP not yet weighted; 2026/2025 Statcast baseline active,7,8,24,1,Contact streak: 8/24 over last 7 games,"same-side matchup; pitcher baseline 10.7% barrel, 11.0 HR allowed",neutral batted-ball profile; pitcher allows elevated contact,3.49,35.4,88.06,97.4547,0.3295,0.0905,0.2923,67.05,1.11,37.49,19.56,7.1,0.0999,10.7,43.1,90.1,0.391,0.154,32.8,167 deg,Open-Meteo forecast; MLB fallback,https://forecast.weather.gov/MapClick.php?lat=41.8300&lon=-87.6338,88,8,74,Rate Field,
191,664761,Alec Bohm,PHI,MIA,2026-07-28T22:40:00Z,Scheduled,5,Sandy Alcantara,645261,R,42.6,Longshot,Watch List,Projected Lineup,29.5,34.8,42.0,81.9,50.0,44.8,No,No,5,Yes,Yes,RotoWire projected lineup; MLB probable pitchers,lineup projected / unconfirmed,H:2026/2025 P:2026/2025,,,Direct BvP not yet weighted; 2026/2025 Statcast baseline active,7,8,27,1,"Last 7 games: 8/27, 1 HR","same-side matchup; pitcher baseline 6.6% barrel, 18.5 HR allowed",neutral batted-ball profile; pitcher fly-ball pressure modest,5.57,43.46,90.59,100.2183,0.3899,0.1327,0.3107,70.93,12.53,28.77,21.18,12.4,0.1381,6.57,38.28,89.02,0.3905,0.1358,24.45,198 deg,Open-Meteo forecast; MLB fallback,https://forecast.weather.gov/MapClick.php?lat=25.7781&lon=-80.2197,92,39,78,loanDepot park,
192,681546,James Outman,DET,BAL,2026-07-28T22:40:00Z,Scheduled,9,Dean Kremer,665152,R,42.5,Longshot,Watch List,"Projected Lineup, Platoon Edge",27.5,47.3,53.1,40.2,80.0,25.3,No,No,9,Yes,Yes,RotoWire projected lineup; MLB probable pitchers,lineup projected / unconfirmed,H:2026/2025 P:2026/2025,,,Direct BvP not yet weighted; 2026/2025 Statcast baseline active,7,4,24,1,"Last 7 games: 4/24, 1 HR","platoon edge; pitcher baseline 9.0% barrel, 13.6 HR allowed",neutral batted-ball profile; pitcher allows elevated contact,9.27,37.09,86.67,98.479,0.2873,0.1328,0.2251,72.32,21.02,52.73,31.21,4.6,0.1478,8.98,34.61,87.4,0.4606,0.2156,34.77,210 deg,Open-Meteo forecast; MLB fallback,https://forecast.weather.gov/MapClick.php?lat=42.3390&lon=-83.0485,56,13,80,Comerica Park,
193,645277,Ozzie Albies,ATL,NYM,2026-07-28T23:10:00Z,Scheduled,3,Christian Scott,681035,R,42.5,Longshot,Watch List,"Projected Lineup, Premium Lineup Spot, Platoon Edge",17.1,28.0,46.8,92.1,75.0,69.8,No,No,3,Yes,Yes,RotoWire projected lineup; MLB probable pitchers,lineup projected / unconfirmed,H:2026/2025 P:2026,,,Direct BvP not yet weighted; 2026/2025 Statcast baseline active,7,7,32,3,Hot streak: 3 HR in last 7 games,"switch hitter; pitcher baseline 6.9% barrel, 7.0 HR allowed",neutral batted-ball profile; pitcher fly-ball pressure modest,4.62,28.53,87.01,96.8014,0.3653,0.1272,0.2899,69.0,6.09,47.19,31.69,17.4,0.1635,6.9,34.0,87.6,0.366,0.141,28.3,197 deg,Open-Meteo forecast; MLB fallback,https://forecast.weather.gov/MapClick.php?lat=40.7571&lon=-73.8458,65,25,79,Citi Field,
194,679845,Nick Loftin,KC,MIN,2026-07-28T23:40:00Z,Scheduled,7,Taj Bradley,671737,R,42.5,Longshot,Watch List,Projected Lineup,18.7,48.9,60.1,59.8,50.0,54.9,No,No,7,Yes,Yes,RotoWire projected lineup; MLB probable pitchers,lineup projected / unconfirmed,H:2026/2025 P:2026/2025,,,Direct BvP not yet weighted; 2026/2025 Statcast baseline active,7,8,22,1,Contact streak: 8/22 over last 7 games,"same-side matchup; pitcher baseline 9.2% barrel, 17.6 HR allowed",neutral batted-ball profile; pitcher fly-ball pressure modest,5.39,31.06,87.57,97.0497,0.3604,0.1221,0.3031,69.05,4.92,45.41,27.45,4.7,0.1553,9.15,43.05,90.46,0.391,0.161,29.89,22 deg,Open-Meteo forecast; MLB fallback,https://forecast.weather.gov/MapClick.php?lat=44.9817&lon=-93.2776,66,1,87,Target Field,
195,608324,Alex Bregman,CHC,STL,2026-07-28T23:45:00Z,Scheduled,4,,,,42.3,Longshot,Watch List,"Projected Lineup, Premium Lineup Spot",23.9,41.2,22.1,90.4,60.0,63.7,No,No,4,Yes,Yes,RotoWire projected lineup; MLB probable pitchers,lineup projected / unconfirmed,H:2026/2025 P:,,,Direct BvP not yet weighted; 2026/2025 Statcast baseline active,7,9,30,2,Hot streak: 2 HR in last 7 games,"handedness incomplete; pitcher baseline 0.0% barrel, 0.0 HR allowed",neutral batted-ball profile; pitcher fly-ball pressure modest,4.92,38.73,88.56,98.1637,0.3717,0.1327,0.3146,70.16,4.94,46.79,25.69,13.1,0.1463,,,,,,,,NOAA link only,https://forecast.weather.gov/MapClick.php?lat=38.6226&lon=-90.1928,,,,Busch Stadium,
196,701305,Zach Dezenzo,HOU,LAA,2026-07-29T01:38:00Z,Scheduled,8,Reid Detmers,672282,L,42.3,Longshot,Watch List,"Projected Lineup, Strong Barrel, Platoon Edge",29.6,36.9,55.7,47.9,78.0,32.0,No,No,8,Yes,Yes,RotoWire projected lineup; MLB probable pitchers,lineup projected / unconfirmed,H:2026/2025 P:2026/2025,,,Direct BvP not yet weighted; 2026/2025 Statcast baseline active,7,6,18,0,Contact streak: 6/18 over last 7 games,"platoon edge; pitcher baseline 7.8% barrel, 10.9 HR allowed",neutral batted-ball profile; pitcher fly-ball pressure modest,11.57,34.0,85.94,98.2148,0.3462,0.1345,0.2803,74.62,44.85,41.96,22.15,1.3,0.1073,7.78,39.3,89.89,0.3567,0.1341,27.64,230 deg,Open-Meteo forecast; MLB fallback,https://forecast.weather.gov/MapClick.php?lat=33.8003&lon=-117.8827,50,0,86,Angel Stadium,
197,691720,Kyle Karros,COL,SD,2026-07-29T01:40:00Z,Scheduled,5,Michael King,650633,R,42.3,Longshot,Watch List,Projected Lineup,25.0,40.6,46.1,81.9,50.0,27.7,No,No,5,Yes,Yes,RotoWire projected lineup; MLB probable pitchers,lineup projected / unconfirmed,H:2026/2025 P:2026/2025,,,Direct BvP not yet weighted; 2026/2025 Statcast baseline active,7,7,23,0,"Last 7 games: 7/23, 0 HR","same-side matchup; pitcher baseline 9.4% barrel, 11.3 HR allowed",neutral batted-ball profile; pitcher fly-ball pressure modest,6.04,39.86,89.09,99.6226,0.3628,0.1215,0.3154,69.94,5.65,39.22,23.29,6.6,0.1301,9.37,35.23,87.66,0.4123,0.1702,26.91,246 deg,Open-Meteo forecast; MLB fallback,https://forecast.weather.gov/MapClick.php?lat=32.7073&lon=-117.1573,76,0,78,Petco Park,
198,682818,Yohendrick Pinango,TOR,WSH,2026-07-28T22:45:00Z,Scheduled,8,Cade Cavalli,676917,R,42.1,Longshot,Watch List,"Projected Lineup, Platoon Edge",38.8,29.7,51.7,47.9,80.0,10.1,No,No,8,Yes,Yes,RotoWire projected lineup; MLB probable pitchers,lineup projected / unconfirmed,H:2026 P:2026/2025,,,Direct BvP not yet weighted; 2026/2025 Statcast baseline active,7,3,16,0,"Last 7 games: 3/16, 0 HR","platoon edge; pitcher baseline 6.0% barrel, 8.4 HR allowed",neutral batted-ball profile; pitcher fly-ball pressure modest,8.4,46.2,90.8,101.9472,0.406,0.14,0.312,75.6,57.8,28.6,21.8,5.0,0.142,5.97,41.03,88.82,0.3769,0.1284,21.05,139 deg,Open-Meteo forecast; MLB fallback,https://forecast.weather.gov/MapClick.php?lat=38.8730&lon=-77.0074,65,2,82,Nationals Park,
199,694384,Nolan Schanuel,LAA,HOU,2026-07-29T01:38:00Z,Scheduled,3,Peter Lambert,663567,R,42.1,Longshot,Watch List,"Projected Lineup, Premium Lineup Spot, Platoon Edge",12.6,34.0,55.7,92.1,80.0,25.8,No,No,3,Yes,Yes,RotoWire projected lineup; MLB probable pitchers,lineup projected / unconfirmed,H:2026/2025 P:2026,,,Direct BvP not yet weighted; 2026/2025 Statcast baseline active,7,7,24,0,"Last 7 games: 7/24, 0 HR","platoon edge; pitcher baseline 6.8% barrel, 11.0 HR allowed",neutral batted-ball profile; pitcher allows elevated contact,3.17,31.17,87.29,96.9406,0.3845,0.1064,0.3305,67.85,6.03,40.24,20.8,7.8,0.1152,6.8,37.6,89.0,0.348,0.142,33.5,230 deg,Open-Meteo forecast; MLB fallback,https://forecast.weather.gov/MapClick.php?lat=33.8003&lon=-117.8827,50,0,86,Angel Stadium,
200,664983,Jake McCarthy,COL,SD,2026-07-29T01:40:00Z,Scheduled,1,Michael King,650633,R,42.1,Longshot,Watch List,"Projected Lineup, Premium Lineup Spot, Platoon Edge",14.8,40.6,46.1,88.7,80.0,19.5,No,No,1,Yes,Yes,RotoWire projected lineup; MLB probable pitchers,lineup projected / unconfirmed,H:2026/2025 P:2026/2025,,,Direct BvP not yet weighted; 2026/2025 Statcast baseline active,7,8,32,0,"Last 7 games: 8/32, 0 HR","platoon edge; pitcher baseline 9.4% barrel, 11.3 HR allowed",neutral batted-ball profile; pitcher fly-ball pressure modest,5.37,26.48,85.12,96.5072,0.3866,0.1329,0.3014,70.64,11.09,37.31,21.24,8.2,0.1851,9.37,35.23,87.66,0.4123,0.1702,26.91,246 deg,Open-Meteo forecast; MLB fallback,https://forecast.weather.gov/MapClick.php?lat=32.7073&lon=-117.1573,76,0,78,Petco Park,
201,672386,Alejandro Kirk,TOR,WSH,2026-07-28T22:45:00Z,Scheduled,5,Cade Cavalli,676917,R,42.0,Longshot,Watch List,Projected Lineup,26.9,29.7,51.7,81.9,50.0,46.0,No,No,5,Yes,Yes,RotoWire projected lineup; MLB probable pitchers,lineup projected / unconfirmed,H:2026/2025 P:2026/2025,,,Direct BvP not yet weighted; 2026/2025 Statcast baseline active,7,7,23,1,"Last 7 games: 7/23, 1 HR","same-side matchup; pitcher baseline 6.0% barrel, 8.4 HR allowed",neutral batted-ball profile; pitcher fly-ball pressure modest,5.13,42.54,88.72,100.4962,0.389,0.1344,0.3149,71.59,18.66,27.33,23.02,6.6,0.1201,5.97,41.03,88.82,0.3769,0.1284,21.05,139 deg,Open-Meteo forecast; MLB fallback,https://forecast.weather.gov/MapClick.php?lat=38.8730&lon=-77.0074,65,2,82,Nationals Park,
202,680757,Steven Kwan,CLE,CIN,2026-07-28T17:40:00Z,Scheduled,1,Chase Burns,695505,R,41.9,Longshot,Watch List,"Projected Lineup, Premium Lineup Spot, Platoon Edge",2.3,39.7,67.8,88.7,80.0,37.6,No,No,1,Yes,Yes,RotoWire projected lineup; MLB probable pitchers,lineup projected / unconfirmed,H:2026/2025 P:2026/2025,,,Direct BvP not yet weighted; 2026/2025 Statcast baseline active,7,10,27,0,Contact streak: 10/27 over last 7 games,"platoon edge; pitcher baseline 9.0% barrel, 9.9 HR allowed",neutral batted-ball profile; pitcher fly-ball pressure modest,0.78,12.58,84.31,92.5092,0.3415,0.072,0.3177,63.07,0.38,28.58,23.51,4.0,0.0726,9.01,39.19,89.29,0.3525,0.1439,29.43,69 deg,Open-Meteo forecast; MLB fallback,https://forecast.weather.gov/MapClick.php?lat=39.0979&lon=-84.5082,91,47,74,Great American Ball Park,
203,689414,Liam Hicks,MIA,PHI,2026-07-28T22:40:00Z,Scheduled,5,Aaron Nola,605400,R,41.9,Longshot,Watch List,"Projected Lineup, Platoon Edge",9.7,51.0,42.0,81.9,80.0,30.3,No,No,5,Yes,Yes,RotoWire projected lineup; MLB probable pitchers,lineup projected / unconfirmed,H:2026/2025 P:2026/2025,,,Direct BvP not yet weighted; 2026/2025 Statcast baseline active,7,5,25,1,"Last 7 games: 5/25, 1 HR","platoon edge; pitcher baseline 10.0% barrel, 22.9 HR allowed",neutral batted-ball profile; pitcher fly-ball pressure modest,3.88,29.66,85.02,96.6192,0.3507,0.1032,0.3115,68.03,3.86,42.94,23.8,11.6,0.141,10.01,41.34,88.84,0.4282,0.1808,28.02,198 deg,Open-Meteo forecast; MLB fallback,https://forecast.weather.gov/MapClick.php?lat=25.7781&lon=-80.2197,92,39,78,loanDepot park,
204,681198,TJ Rumfield,COL,SD,2026-07-29T01:40:00Z,Scheduled,4,Michael King,650633,R,41.9,Longshot,Watch List,"Projected Lineup, Premium Lineup Spot, Platoon Edge",13.8,40.6,46.1,90.4,80.0,16.1,No,No,4,Yes,Yes,RotoWire projected lineup; MLB probable pitchers,lineup projected / unconfirmed,H:2026 P:2026/2025,,,Direct BvP not yet weighted; 2026/2025 Statcast baseline active,7,5,22,0,"Last 7 games: 5/22, 0 HR","platoon edge; pitcher baseline 9.4% barrel, 11.3 HR allowed",neutral batted-ball profile; pitcher fly-ball pressure modest,5.2,27.9,83.7,96.2871,0.383,0.13,0.325,68.9,8.4,43.8,27.9,13.0,0.177,9.37,35.23,87.66,0.4123,0.1702,26.91,246 deg,Open-Meteo forecast; MLB fallback,https://forecast.weather.gov/MapClick.php?lat=32.7073&lon=-117.1573,76,0,78,Petco Park,
205,702616,Jackson Holliday,BAL,DET,2026-07-28T22:40:00Z,Scheduled,8,Troy Melton,675512,R,41.8,Longshot,Watch List,"Projected Lineup, Platoon Edge",29.3,33.3,53.1,47.9,80.0,45.0,No,No,8,Yes,Yes,RotoWire projected lineup; MLB probable pitchers,lineup projected / unconfirmed,H:2026/2025 P:2026/2025,,,Direct BvP not yet weighted; 2026/2025 Statcast baseline active,7,10,22,0,Contact streak: 10/22 over last 7 games,"platoon edge; pitcher baseline 7.0% barrel, 7.7 HR allowed",neutral batted-ball profile; pitcher fly-ball pressure modest,8.15,38.14,87.96,98.572,0.3823,0.1455,0.3217,70.67,8.25,37.37,26.36,8.6,0.1442,6.99,39.68,89.33,0.3577,0.1428,24.84,210 deg,Open-Meteo forecast; MLB fallback,https://forecast.weather.gov/MapClick.php?lat=42.3390&lon=-83.0485,56,13,80,Comerica Park,
206,621438,Tyrone Taylor,NYM,ATL,2026-07-28T23:10:00Z,Scheduled,8,Chris Sale,519242,L,41.7,Longshot,Watch List,"Projected Lineup, Platoon Edge, Hot Hitter/Streak",32.5,21.9,46.8,47.9,78.0,100.0,No,No,8,Yes,Yes,RotoWire projected lineup; MLB probable pitchers,lineup projected / unconfirmed,H:2026/2025 P:2026/2025,,,Direct BvP not yet weighted; 2026/2025 Statcast baseline active,7,8,16,3,Hot streak: 3 HR in last 7 games,"platoon edge; pitcher baseline 5.9% barrel, 8.9 HR allowed",neutral batted-ball profile; pitcher fly-ball pressure modest,8.56,35.94,87.41,98.7164,0.4151,0.1728,0.3043,71.21,12.35,48.72,31.05,6.9,0.2087,5.88,34.07,87.41,0.3284,0.1108,26.46,197 deg,Open-Meteo forecast; MLB fallback,https://forecast.weather.gov/MapClick.php?lat=40.7571&lon=-73.8458,65,25,79,Citi Field,
207,661388,William Contreras,MIL,SF,2026-07-29T01:45:00Z,Scheduled,4,Landen Roupp,694738,R,41.7,Longshot,Watch List,"Projected Lineup, Premium Lineup Spot",37.2,19.9,48.3,90.4,50.0,4.2,No,No,4,Yes,Yes,RotoWire projected lineup; MLB probable pitchers,lineup projected / unconfirmed,H:2026/2025 P:2026/2025,,,Direct BvP not yet weighted; 2026/2025 Statcast baseline active,7,4,27,0,"Last 7 games: 4/27, 0 HR","same-side matchup; pitcher baseline 5.5% barrel, 8.9 HR allowed",neutral batted-ball profile; pitcher fly-ball pressure modest,7.1,44.72,90.4,101.5425,0.4266,0.1646,0.3322,73.2,35.14,36.18,23.73,12.1,0.1243,5.54,32.02,87.14,0.3499,0.1183,21.68,290 deg,Open-Meteo forecast; MLB fallback,https://forecast.weather.gov/MapClick.php?lat=37.7786&lon=-122.3893,65,0,69,Oracle Park,
208,683734,Andrew Vaughn,MIL,SF,2026-07-29T01:45:00Z,Scheduled,6,Landen Roupp,694738,R,41.6,Longshot,Watch List,Projected Lineup,35.4,19.9,48.3,71.7,50.0,66.4,No,No,6,Yes,Yes,RotoWire projected lineup; MLB probable pitchers,lineup projected / unconfirmed,H:2026/2025 P:2026/2025,,,Direct BvP not yet weighted; 2026/2025 Statcast baseline active,7,7,22,2,Hot streak: 2 HR in last 7 games,"same-side matchup; pitcher baseline 5.5% barrel, 8.9 HR allowed",neutral batted-ball profile; pitcher fly-ball pressure modest,7.38,43.92,90.69,99.8777,0.4272,0.1507,0.3455,70.42,11.08,34.77,25.46,7.0,0.1738,5.54,32.02,87.14,0.3499,0.1183,21.68,290 deg,Open-Meteo forecast; MLB fallback,https://forecast.weather.gov/MapClick.php?lat=37.7786&lon=-122.3893,65,0,69,Oracle Park,
209,693304,Nick Gonzales,PIT,AZ,2026-07-28T22:40:00Z,Scheduled,6,Brandon Pfaadt,694297,R,41.3,Longshot,Watch List,Projected Lineup,17.4,47.5,45.8,71.7,50.0,55.3,No,No,6,Yes,Yes,RotoWire projected lineup; MLB probable pitchers,lineup projected / unconfirmed,H:2026/2025 P:2026/2025,,,Direct BvP not yet weighted; 2026/2025 Statcast baseline active,7,11,30,1,Contact streak: 11/30 over last 7 games,"same-side matchup; pitcher baseline 9.9% barrel, 13.4 HR allowed",neutral batted-ball profile; pitcher fly-ball pressure modest,3.66,37.54,86.91,98.5206,0.3834,0.1098,0.3141,70.64,12.94,39.67,20.91,5.7,0.0985,9.92,40.27,89.47,0.4331,0.1757,21.1,243 deg,Open-Meteo forecast; MLB fallback,https://forecast.weather.gov/MapClick.php?lat=40.4469&lon=-80.0057,77,8,78,PNC Park,
210,669364,Xavier Edwards,MIA,PHI,2026-07-28T22:40:00Z,Scheduled,4,Aaron Nola,605400,R,41.3,Longshot,Watch List,"Projected Lineup, Premium Lineup Spot, Platoon Edge",10.2,49.3,42.0,90.4,75.0,8.8,No,No,4,Yes,Yes,RotoWire projected lineup; MLB probable pitchers,lineup projected / unconfirmed,H:2026/2025 P:2026/2025,,,Direct BvP not yet weighted; 2026/2025 Statcast baseline active,7,5,28,0,"Last 7 games: 5/28, 0 HR","switch hitter; pitcher baseline 10.0% barrel, 22.9 HR allowed",neutral batted-ball profile; pitcher fly-ball pressure modest,3.18,28.98,86.94,96.6182,0.36,0.097,0.3111,68.02,2.54,29.85,21.91,5.1,0.0994,10.01,41.34,88.84,0.4282,0.1808,28.02,198 deg,Open-Meteo forecast; MLB fallback,https://forecast.weather.gov/MapClick.php?lat=25.7781&lon=-80.2197,92,39,78,loanDepot park,
211,642215,Weston Wilson,SEA,LAD,2026-07-29T02:10:00Z,Scheduled,8,,,,41.3,Longshot,Watch List,Projected Lineup,25.7,41.2,57.6,47.9,60.0,43.2,No,No,8,Yes,Yes,RotoWire projected lineup; MLB probable pitchers,lineup projected / unconfirmed,H:2026/2025 P:,,,Direct BvP not yet weighted; 2026/2025 Statcast baseline active,7,4,14,1,"Last 7 games: 4/14, 1 HR","handedness incomplete; pitcher baseline 0.0% barrel, 0.0 HR allowed",neutral batted-ball profile; pitcher fly-ball pressure modest,7.57,34.21,87.23,98.236,0.3325,0.1312,0.2761,72.98,29.66,47.06,31.38,3.6,0.1598,,,,,,,253 deg,Open-Meteo forecast; MLB fallback,https://forecast.weather.gov/MapClick.php?lat=34.0739&lon=-118.2400,50,0,87,UNIQLO Field at Dodger Stadium,
212,695490,Edwin Arroyo,CIN,CLE,2026-07-28T23:10:00Z,Scheduled,8,Gavin Williams,668909,R,41.0,Longshot,Watch List,"Projected Lineup, Platoon Edge",8.5,55.2,67.8,47.9,75.0,26.1,No,No,9,Yes,Yes,RotoWire projected lineup; MLB probable pitchers,lineup projected / unconfirmed; order MLB 8 vs RotoWire 9,H:2026 P:2026/2025,,,Direct BvP not yet weighted; 2026/2025 Statcast baseline active,7,5,17,0,"Last 7 games: 5/17, 0 HR","switch hitter; pitcher baseline 10.8% barrel, 20.9 HR allowed",neutral batted-ball profile; pitcher fly-ball pressure modest,1.0,25.3,87.5,95.8739,0.374,0.076,0.316,69.3,5.6,43.4,17.2,0.0,0.041,10.75,47.38,90.68,0.4162,0.181,25.09,69 deg,Open-Meteo forecast; MLB fallback,https://forecast.weather.gov/MapClick.php?lat=39.0979&lon=-84.5082,91,47,74,Great American Ball Park,
213,680757,Steven Kwan,CLE,CIN,2026-07-28T23:10:00Z,Scheduled,1,,,,40.5,Longshot,Watch List,"Projected Lineup, Premium Lineup Spot",2.3,41.2,67.8,88.7,60.0,37.6,No,No,1,Yes,Yes,RotoWire projected lineup; MLB probable pitchers,lineup projected / unconfirmed,H:2026/2025 P:,,,Direct BvP not yet weighted; 2026/2025 Statcast baseline active,7,10,27,0,Contact streak: 10/27 over last 7 games,"handedness incomplete; pitcher baseline 0.0% barrel, 0.0 HR allowed",neutral batted-ball profile; pitcher fly-ball pressure modest,0.78,12.58,84.31,92.5092,0.3415,0.072,0.3177,63.07,0.38,28.58,23.51,4.0,0.0726,,,,,,,69 deg,Open-Meteo forecast; MLB fallback,https://forecast.weather.gov/MapClick.php?lat=39.0979&lon=-84.5082,91,47,74,Great American Ball Park,
214,695720,Tommy White,ATH,BOS,2026-07-29T01:40:00Z,Scheduled,6,Jake Bennett,687562,L,40.2,Longshot,Watch List,"Projected Lineup, Platoon Edge",19.4,24.9,62.4,71.7,78.0,28.6,No,No,6,Yes,Yes,RotoWire projected lineup; MLB probable pitchers,lineup projected / unconfirmed,H:2026 P:2026,,,Direct BvP not yet weighted; 2026/2025 Statcast baseline active,7,9,29,0,"Last 7 games: 9/29, 0 HR","platoon edge; pitcher baseline 5.7% barrel, 4.0 HR allowed",neutral batted-ball profile; pitcher fly-ball pressure modest,6.3,34.4,86.0,98.0327,0.413,0.108,0.33,70.8,19.6,31.3,15.6,0.0,0.057,5.7,36.9,87.4,0.369,0.137,24.4,221 deg,Open-Meteo forecast; MLB fallback,https://forecast.weather.gov/MapClick.php?lat=38.5804&lon=-121.5139,23,0,94,Sutter Health Park,
215,670770,TJ Friedl,CIN,CLE,2026-07-28T23:10:00Z,Scheduled,9,Gavin Williams,668909,R,40.1,Longshot,Watch List,"Projected Lineup, Platoon Edge",9.2,57.2,67.8,40.2,80.0,7.0,No,Yes,9,Yes,Yes,RotoWire projected lineup; MLB probable pitchers,lineup projected / unconfirmed,H:2026/2025 P:2026/2025,,,Direct BvP not yet weighted; 2026/2025 Statcast baseline active,7,3,18,0,"Last 7 games: 3/18, 0 HR","platoon edge; pitcher baseline 10.8% barrel, 20.9 HR allowed",neutral batted-ball profile; pitcher fly-ball pressure modest,2.77,29.09,87.31,97.1083,0.268,0.0739,0.2587,70.6,9.54,39.04,23.63,6.3,0.0946,10.75,47.38,90.68,0.4162,0.181,25.09,69 deg,Open-Meteo forecast; MLB fallback,https://forecast.weather.gov/MapClick.php?lat=39.0979&lon=-84.5082,91,47,74,Great American Ball Park,
216,663968,Jake Mangum,PIT,AZ,2026-07-28T22:40:00Z,Scheduled,1,Brandon Pfaadt,694297,R,39.9,Longshot,Watch List,"Projected Lineup, Premium Lineup Spot, Platoon Edge",4.4,46.0,45.8,88.7,75.0,27.0,No,No,1,Yes,Yes,RotoWire projected lineup; MLB probable pitchers,lineup projected / unconfirmed,H:2026/2025 P:2026/2025,,,Direct BvP not yet weighted; 2026/2025 Statcast baseline active,7,9,30,0,"Last 7 games: 9/30, 0 HR","switch hitter; pitcher baseline 9.9% barrel, 13.4 HR allowed",neutral batted-ball profile; pitcher fly-ball pressure modest,1.79,27.66,85.41,96.2383,0.3276,0.0731,0.2802,67.3,3.76,28.14,14.09,2.3,0.0685,9.92,40.27,89.47,0.4331,0.1757,21.1,243 deg,Open-Meteo forecast; MLB fallback,https://forecast.weather.gov/MapClick.php?lat=40.4469&lon=-80.0057,77,8,78,PNC Park,
217,695490,Edwin Arroyo,CIN,CLE,2026-07-28T17:40:00Z,Scheduled,8,Slade Cecconi,677944,R,39.8,Longshot,Watch List,"Projected Lineup, Platoon Edge",8.5,50.1,67.8,47.9,75.0,26.1,No,No,9,Yes,Yes,RotoWire projected lineup; MLB probable pitchers,lineup projected / unconfirmed; order MLB 8 vs RotoWire 9,H:2026 P:2026/2025,,,Direct BvP not yet weighted; 2026/2025 Statcast baseline active,7,5,17,0,"Last 7 games: 5/17, 0 HR","switch hitter; pitcher baseline 9.5% barrel, 17.7 HR allowed",neutral batted-ball profile; pitcher fly-ball pressure modest,1.0,25.3,87.5,95.8739,0.374,0.076,0.316,69.3,5.6,43.4,17.2,0.0,0.041,9.54,42.03,89.53,0.4561,0.1884,25.96,69 deg,Open-Meteo forecast; MLB fallback,https://forecast.weather.gov/MapClick.php?lat=39.0979&lon=-84.5082,91,47,74,Great American Ball Park,
218,805999,A.J. Ewing,NYM,ATL,2026-07-28T23:10:00Z,Scheduled,1,Chris Sale,519242,L,39.8,Longshot,Watch List,"Projected Lineup, Premium Lineup Spot",29.5,21.9,46.8,88.7,50.0,17.0,No,No,1,Yes,Yes,RotoWire projected lineup; MLB probable pitchers,lineup projected / unconfirmed,H:2026 P:2026/2025,,,Direct BvP not yet weighted; 2026/2025 Statcast baseline active,7,7,30,0,"Last 7 games: 7/30, 0 HR","same-side matchup; pitcher baseline 5.9% barrel, 8.9 HR allowed",neutral batted-ball profile; pitcher fly-ball pressure modest,6.4,41.9,89.2,100.1074,0.395,0.141,0.319,70.2,11.0,32.0,25.6,7.0,0.146,5.88,34.07,87.41,0.3284,0.1108,26.46,197 deg,Open-Meteo forecast; MLB fallback,https://forecast.weather.gov/MapClick.php?lat=40.7571&lon=-73.8458,65,25,79,Citi Field,
219,687282,Gabriel Rincones,PHI,MIA,2026-07-28T22:40:00Z,Scheduled,8,Sandy Alcantara,645261,R,39.7,Longshot,Watch List,"Projected Lineup, Platoon Edge",33.6,34.8,42.0,47.9,80.0,2.0,No,No,8,Yes,Yes,RotoWire projected lineup; MLB probable pitchers,lineup projected / unconfirmed,H:2026 P:2026/2025,,,Direct BvP not yet weighted; 2026/2025 Statcast baseline active,7,2,15,0,"Last 7 games: 2/15, 0 HR","platoon edge; pitcher baseline 6.6% barrel, 18.5 HR allowed",neutral batted-ball profile; pitcher fly-ball pressure modest,9.4,35.7,90.1,100.5336,0.283,0.13,0.21,76.2,61.9,28.6,32.1,2.0,0.122,6.57,38.28,89.02,0.3905,0.1358,24.45,198 deg,Open-Meteo forecast; MLB fallback,https://forecast.weather.gov/MapClick.php?lat=25.7781&lon=-80.2197,92,39,78,loanDepot park,
220,656716,Zach McKinstry,DET,BAL,2026-07-28T22:40:00Z,Scheduled,7,Dean Kremer,665152,R,39.5,Longshot,Watch List,"Projected Lineup, Platoon Edge",7.8,47.3,53.1,59.8,80.0,40.3,No,No,7,Yes,Yes,RotoWire projected lineup; MLB probable pitchers,lineup projected / unconfirmed,H:2026/2025 P:2026/2025,,,Direct BvP not yet weighted; 2026/2025 Statcast baseline active,7,7,18,0,Contact streak: 7/18 over last 7 games,"platoon edge; pitcher baseline 9.0% barrel, 13.6 HR allowed",neutral batted-ball profile; pitcher allows elevated contact,3.86,24.69,85.35,95.7717,0.3335,0.0949,0.291,68.34,4.49,39.98,27.3,6.4,0.1265,8.98,34.61,87.4,0.4606,0.2156,34.77,210 deg,Open-Meteo forecast; MLB fallback,https://forecast.weather.gov/MapClick.php?lat=42.3390&lon=-83.0485,56,13,80,Comerica Park,
221,592663,J.T. Realmuto,PHI,MIA,2026-07-28T22:40:00Z,Scheduled,7,Sandy Alcantara,645261,R,39.5,Longshot,Watch List,Projected Lineup,30.5,34.8,42.0,59.8,50.0,39.1,No,No,7,Yes,Yes,RotoWire projected lineup; MLB probable pitchers,lineup projected / unconfirmed,H:2026/2025 P:2026/2025,,,Direct BvP not yet weighted; 2026/2025 Statcast baseline active,7,8,21,0,Contact streak: 8/21 over last 7 games,"same-side matchup; pitcher baseline 6.6% barrel, 18.5 HR allowed",neutral batted-ball profile; pitcher fly-ball pressure modest,5.79,42.42,89.65,100.0725,0.3907,0.1349,0.3181,72.91,32.32,40.06,26.15,8.5,0.1298,6.57,38.28,89.02,0.3905,0.1358,24.45,198 deg,Open-Meteo forecast; MLB fallback,https://forecast.weather.gov/MapClick.php?lat=25.7781&lon=-80.2197,92,39,78,loanDepot park,
222,621020,Dansby Swanson,CHC,STL,2026-07-28T23:45:00Z,Scheduled,9,,,,39.5,Longshot,Watch List,Projected Lineup,40.3,41.2,22.1,40.2,60.0,39.7,No,No,9,Yes,Yes,RotoWire projected lineup; MLB probable pitchers,lineup projected / unconfirmed,H:2026/2025 P:,,,Direct BvP not yet weighted; 2026/2025 Statcast baseline active,7,10,26,0,Contact streak: 10/26 over last 7 games,"handedness incomplete; pitcher baseline 0.0% barrel, 0.0 HR allowed",neutral batted-ball profile; pitcher fly-ball pressure modest,8.83,44.3,89.94,100.1323,0.4196,0.182,0.3184,71.32,8.57,46.36,30.17,18.4,0.1856,,,,,,,,NOAA link only,https://forecast.weather.gov/MapClick.php?lat=38.6226&lon=-90.1928,,,,Busch Stadium,
223,808982,Jung Hoo Lee,SF,MIL,2026-07-29T01:45:00Z,Scheduled,5,Logan Henderson,701656,R,39.5,Longshot,Watch List,"Projected Lineup, Platoon Edge",11.0,34.1,48.3,81.9,80.0,34.9,No,No,5,Yes,Yes,RotoWire projected lineup; MLB probable pitchers,lineup projected / unconfirmed,H:2026/2025 P:2026/2025,,,Direct BvP not yet weighted; 2026/2025 Statcast baseline active,7,6,26,1,"Last 7 games: 6/26, 1 HR","platoon edge; pitcher baseline 8.6% barrel, 4.4 HR allowed",neutral batted-ball profile; pitcher allows elevated contact,2.86,29.76,87.03,96.5974,0.3829,0.094,0.3168,68.37,2.77,39.72,22.1,6.6,0.1354,8.6,35.46,88.1,0.359,0.14,30.65,290 deg,Open-Meteo forecast; MLB fallback,https://forecast.weather.gov/MapClick.php?lat=37.7786&lon=-122.3893,65,0,69,Oracle Park,
224,700337,Edgar Quero,CWS,NYY,2026-07-28T23:40:00Z,Scheduled,8,Gerrit Cole,543037,R,39.4,Longshot,Watch List,"Projected Lineup, Platoon Edge",18.5,49.8,53.0,47.9,75.0,0.0,No,No,8,Yes,Yes,RotoWire projected lineup; MLB probable pitchers,lineup projected / unconfirmed,H:2026/2025 P:2026,,,Direct BvP not yet weighted; 2026/2025 Statcast baseline active,7,2,23,0,"Last 7 games: 2/23, 0 HR","switch hitter; pitcher baseline 10.7% barrel, 11.0 HR allowed",neutral batted-ball profile; pitcher allows elevated contact,2.79,38.88,90.75,99.0854,0.3152,0.0967,0.2711,68.41,3.01,30.01,25.08,2.9,0.0572,10.7,43.1,90.1,0.391,0.154,32.8,167 deg,Open-Meteo forecast; MLB fallback,https://forecast.weather.gov/MapClick.php?lat=41.8300&lon=-87.6338,88,8,74,Rate Field,
225,703607,Henry Bolte,ATH,BOS,2026-07-29T01:40:00Z,Scheduled,8,Jake Bennett,687562,L,39.4,Longshot,Watch List,"Projected Lineup, Platoon Edge",31.3,24.9,62.4,47.9,78.0,0.0,No,No,8,Yes,Yes,RotoWire projected lineup; MLB probable pitchers,lineup projected / unconfirmed,H:2026 P:2026,,,Direct BvP not yet weighted; 2026/2025 Statcast baseline active,7,1,19,0,"Last 7 games: 1/19, 0 HR","platoon edge; pitcher baseline 5.7% barrel, 4.0 HR allowed",neutral batted-ball profile; pitcher fly-ball pressure modest,6.4,46.0,89.8,103.6689,0.338,0.117,0.29,76.9,73.5,31.4,17.9,3.0,0.079,5.7,36.9,87.4,0.369,0.137,24.4,221 deg,Open-Meteo forecast; MLB fallback,https://forecast.weather.gov/MapClick.php?lat=38.5804&lon=-121.5139,23,0,94,Sutter Health Park,
226,573262,Mike Yastrzemski,ATL,NYM,2026-07-28T23:10:00Z,Scheduled,8,Christian Scott,681035,R,39.2,Longshot,Watch List,"Projected Lineup, Platoon Edge",32.8,28.7,46.8,47.9,80.0,10.1,No,No,8,Yes,Yes,RotoWire projected lineup; MLB probable pitchers,lineup projected / unconfirmed,H:2026/2025 P:2026,,,Direct BvP not yet weighted; 2026/2025 Statcast baseline active,7,3,16,0,"Last 7 games: 3/16, 0 HR","platoon edge; pitcher baseline 6.9% barrel, 7.0 HR allowed",neutral batted-ball profile; pitcher fly-ball pressure modest,6.89,42.81,90.38,99.6323,0.3644,0.1379,0.3059,71.27,8.02,43.94,31.82,9.3,0.1406,6.9,34.0,87.6,0.366,0.141,28.3,197 deg,Open-Meteo forecast; MLB fallback,https://forecast.weather.gov/MapClick.php?lat=40.7571&lon=-73.8458,65,25,79,Citi Field,
227,593428,Xander Bogaerts,SD,COL,2026-07-29T01:40:00Z,Scheduled,9,Michael Lorenzen,547179,R,39.2,Longshot,Watch List,Projected Lineup,27.1,53.6,46.1,40.2,50.0,7.0,No,No,9,Yes,Yes,RotoWire projected lineup; MLB probable pitchers,lineup projected / unconfirmed,H:2026/2025 P:2026/2025,,,Direct BvP not yet weighted; 2026/2025 Statcast baseline active,7,4,24,0,"Last 7 games: 4/24, 0 HR","same-side matchup; pitcher baseline 9.1% barrel, 18.7 HR allowed",neutral batted-ball profile; pitcher fly-ball pressure modest,6.34,38.92,88.37,99.7852,0.3836,0.1341,0.32,72.41,27.89,44.71,23.55,9.6,0.1112,9.08,44.45,90.28,0.4671,0.1847,25.66,246 deg,Open-Meteo forecast; MLB fallback,https://forecast.weather.gov/MapClick.php?lat=32.7073&lon=-117.1573,76,0,78,Petco Park,
228,702332,Caleb Durbin,BOS,ATH,2026-07-29T01:40:00Z,Scheduled,6,Gage Jump,695611,L,39.0,Longshot,Watch List,"Projected Lineup, Platoon Edge",5.1,37.3,62.4,71.7,78.0,37.8,No,No,6,Yes,Yes,RotoWire projected lineup; MLB probable pitchers,lineup projected / unconfirmed,H:2026/2025 P:2026,,,Direct BvP not yet weighted; 2026/2025 Statcast baseline active,7,6,24,1,"Last 7 games: 6/24, 1 HR","platoon edge; pitcher baseline 6.3% barrel, 7.0 HR allowed",neutral batted-ball profile; pitcher fly-ball pressure modest,2.95,27.39,84.36,96.0101,0.3347,0.0944,0.291,68.81,4.98,41.23,18.91,10.3,0.1492,6.3,43.1,90.3,0.4,0.144,26.9,221 deg,Open-Meteo forecast; MLB fallback,https://forecast.weather.gov/MapClick.php?lat=38.5804&lon=-121.5139,23,0,94,Sutter Health Park,
229,670770,TJ Friedl,CIN,CLE,2026-07-28T17:40:00Z,Scheduled,9,Slade Cecconi,677944,R,38.9,Longshot,Watch List,"Projected Lineup, Platoon Edge",9.2,52.0,67.8,40.2,80.0,7.0,No,Yes,9,Yes,Yes,RotoWire projected lineup; MLB probable pitchers,lineup projected / unconfirmed,H:2026/2025 P:2026/2025,,,Direct BvP not yet weighted; 2026/2025 Statcast baseline active,7,3,18,0,"Last 7 games: 3/18, 0 HR","platoon edge; pitcher baseline 9.5% barrel, 17.7 HR allowed",neutral batted-ball profile; pitcher fly-ball pressure modest,2.77,29.09,87.31,97.1083,0.268,0.0739,0.2587,70.6,9.54,39.04,23.63,6.3,0.0946,9.54,42.03,89.53,0.4561,0.1884,25.96,69 deg,Open-Meteo forecast; MLB fallback,https://forecast.weather.gov/MapClick.php?lat=39.0979&lon=-84.5082,91,47,74,Great American Ball Park,
230,676439,Hunter Feduccia,TB,TEX,2026-07-28T22:40:00Z,Scheduled,9,,,,38.9,Longshot,Watch List,Projected Lineup,28.2,41.2,51.6,40.2,60.0,17.7,No,No,9,Yes,Yes,RotoWire projected lineup; MLB probable pitchers,lineup projected / unconfirmed,H:2026/2025 P:,,,Direct BvP not yet weighted; 2026/2025 Statcast baseline active,7,5,21,0,"Last 7 games: 5/21, 0 HR","handedness incomplete; pitcher baseline 0.0% barrel, 0.0 HR allowed",neutral batted-ball profile; pitcher fly-ball pressure modest,8.34,36.65,89.49,98.9029,0.3426,0.1248,0.2946,70.57,10.67,30.49,26.75,1.4,0.0906,,,,,,,237 deg,Open-Meteo forecast; MLB fallback,https://forecast.weather.gov/MapClick.php?lat=27.7682&lon=-82.6534,85,5,79,Tropicana Field,
231,669134,Luis Campusano,SD,COL,2026-07-29T01:40:00Z,Scheduled,8,Michael Lorenzen,547179,R,38.9,Longshot,Watch List,Projected Lineup,22.8,53.6,46.1,47.9,50.0,8.5,No,No,8,Yes,Yes,RotoWire projected lineup; MLB probable pitchers,lineup projected / unconfirmed,H:2026/2025 P:2026/2025,,,Direct BvP not yet weighted; 2026/2025 Statcast baseline active,7,3,17,0,"Last 7 games: 3/17, 0 HR","same-side matchup; pitcher baseline 9.1% barrel, 18.7 HR allowed",neutral batted-ball profile; pitcher fly-ball pressure modest,6.79,40.64,87.45,99.2597,0.3046,0.1134,0.2997,72.26,23.9,46.21,19.94,2.8,0.1526,9.08,44.45,90.28,0.4671,0.1847,25.66,246 deg,Open-Meteo forecast; MLB fallback,https://forecast.weather.gov/MapClick.php?lat=32.7073&lon=-117.1573,76,0,78,Petco Park,
232,805300,Jakob Marsee,MIA,PHI,2026-07-28T22:40:00Z,Scheduled,9,Aaron Nola,605400,R,38.8,Longshot,Watch List,"Projected Lineup, Platoon Edge",18.9,51.0,42.0,40.2,80.0,23.7,No,No,9,Yes,Yes,RotoWire projected lineup; MLB probable pitchers,lineup projected / unconfirmed,H:2026/2025 P:2026/2025,,,Direct BvP not yet weighted; 2026/2025 Statcast baseline active,7,5,18,0,"Last 7 games: 5/18, 0 HR","platoon edge; pitcher baseline 10.0% barrel, 22.9 HR allowed",neutral batted-ball profile; pitcher fly-ball pressure modest,4.88,35.87,87.43,98.4289,0.3489,0.1148,0.3134,70.5,6.21,41.16,23.4,5.0,0.1223,10.01,41.34,88.84,0.4282,0.1808,28.02,198 deg,Open-Meteo forecast; MLB fallback,https://forecast.weather.gov/MapClick.php?lat=25.7781&lon=-80.2197,92,39,78,loanDepot park,
233,687859,Troy Johnston,COL,SD,2026-07-29T01:40:00Z,Scheduled,8,Michael King,650633,R,38.8,Longshot,Watch List,"Projected Lineup, Platoon Edge",24.6,40.6,46.1,47.9,80.0,2.5,No,No,8,Yes,Yes,RotoWire projected lineup; MLB probable pitchers,lineup projected / unconfirmed,H:2026/2025 P:2026/2025,,,Direct BvP not yet weighted; 2026/2025 Statcast baseline active,7,3,22,0,"Last 7 games: 3/22, 0 HR","platoon edge; pitcher baseline 9.4% barrel, 11.3 HR allowed",neutral batted-ball profile; pitcher fly-ball pressure modest,4.22,39.16,89.74,99.0882,0.402,0.1268,0.3282,70.32,5.79,39.65,23.72,3.3,0.1199,9.37,35.23,87.66,0.4123,0.1702,26.91,246 deg,Open-Meteo forecast; MLB fallback,https://forecast.weather.gov/MapClick.php?lat=32.7073&lon=-117.1573,76,0,78,Petco Park,
234,650333,Luis Arraez,SF,MIL,2026-07-29T01:45:00Z,Scheduled,1,Logan Henderson,701656,R,38.7,Longshot,Watch List,"Projected Lineup, Premium Lineup Spot, Platoon Edge",6.8,34.1,48.3,88.7,80.0,28.6,No,No,1,Yes,Yes,RotoWire projected lineup; MLB probable pitchers,lineup projected / unconfirmed,H:2026/2025 P:2026/2025,,,Direct BvP not yet weighted; 2026/2025 Statcast baseline active,7,9,29,0,"Last 7 games: 9/29, 0 HR","platoon edge; pitcher baseline 8.6% barrel, 4.4 HR allowed",neutral batted-ball profile; pitcher allows elevated contact,0.68,19.43,86.66,94.0353,0.3665,0.0823,0.3023,63.09,0.12,29.96,27.19,5.2,0.1161,8.6,35.46,88.1,0.359,0.14,30.65,290 deg,Open-Meteo forecast; MLB fallback,https://forecast.weather.gov/MapClick.php?lat=37.7786&lon=-122.3893,65,0,69,Oracle Park,
235,683083,Nasim Nunez,WSH,TOR,2026-07-28T22:45:00Z,Scheduled,9,Shane Bieber,669456,R,38.6,Longshot,Watch List,"Projected Lineup, Platoon Edge",4.8,64.8,51.7,40.2,75.0,25.8,No,No,9,Yes,Yes,RotoWire projected lineup; MLB probable pitchers,lineup projected / unconfirmed,H:2026/2025 P:2026/2025,,,Direct BvP not yet weighted; 2026/2025 Statcast baseline active,7,7,24,0,"Last 7 games: 7/24, 0 HR","switch hitter; pitcher baseline 11.5% barrel, 7.3 HR allowed",neutral batted-ball profile; pitcher fly-ball pressure modest,1.69,27.01,85.8,95.8817,0.304,0.0741,0.2813,68.77,5.15,31.64,18.26,1.9,0.0811,11.53,47.29,90.61,0.5315,0.2369,25.47,139 deg,Open-Meteo forecast; MLB fallback,https://forecast.weather.gov/MapClick.php?lat=38.8730&lon=-77.0074,65,2,82,Nationals Park,
236,701675,Nathan Church,STL,CHC,2026-07-28T23:45:00Z,Scheduled,7,Colin Rea,607067,R,38.5,Longshot,Watch List,"Projected Lineup, Platoon Edge",18.0,54.2,22.1,59.8,80.0,14.1,No,No,7,Yes,Yes,RotoWire projected lineup; MLB probable pitchers,lineup projected / unconfirmed,H:2026/2025 P:2026/2025,,,Direct BvP not yet weighted; 2026/2025 Statcast baseline active,7,3,14,0,"Last 7 games: 3/14, 0 HR","platoon edge; pitcher baseline 10.4% barrel, 17.9 HR allowed",neutral batted-ball profile; pitcher fly-ball pressure modest,5.76,35.13,86.9,98.1232,0.3385,0.1172,0.2701,69.77,8.55,34.64,19.01,5.9,0.1151,10.37,40.02,89.59,0.4667,0.1945,26.05,,NOAA link only,https://forecast.weather.gov/MapClick.php?lat=38.6226&lon=-90.1928,,,,Busch Stadium,
237,669701,Josh Smith,TEX,TB,2026-07-28T22:40:00Z,Scheduled,8,Griffin Jax,643377,R,38.4,Longshot,Watch List,"Projected Lineup, Platoon Edge",16.4,46.5,51.6,47.9,80.0,4.2,No,No,8,Yes,Yes,RotoWire projected lineup; MLB probable pitchers,lineup projected / unconfirmed,H:2026/2025 P:2026/2025,,,Direct BvP not yet weighted; 2026/2025 Statcast baseline active,7,4,27,0,"Last 7 games: 4/27, 0 HR","platoon edge; pitcher baseline 10.0% barrel, 11.2 HR allowed",neutral batted-ball profile; pitcher fly-ball pressure modest,5.49,30.68,86.85,97.3362,0.3296,0.1106,0.282,69.1,3.42,34.9,29.21,3.7,0.0765,10.03,41.16,88.92,0.422,0.1674,23.72,237 deg,Open-Meteo forecast; MLB fallback,https://forecast.weather.gov/MapClick.php?lat=27.7682&lon=-82.6534,85,5,79,Tropicana Field,
238,807712,Luke Keaschall,MIN,KC,2026-07-28T23:40:00Z,Scheduled,8,Seth Lugo,607625,R,38.4,Longshot,Watch List,Projected Lineup,9.9,60.0,60.1,47.9,50.0,10.6,No,No,8,Yes,Yes,RotoWire projected lineup; MLB probable pitchers,lineup projected / unconfirmed,H:2026/2025 P:2026/2025,,,Direct BvP not yet weighted; 2026/2025 Statcast baseline active,7,4,21,0,"Last 7 games: 4/21, 0 HR","same-side matchup; pitcher baseline 9.9% barrel, 18.6 HR allowed",neutral batted-ball profile; pitcher allows elevated contact,3.59,29.17,85.08,96.5914,0.3451,0.1055,0.3072,68.58,7.59,37.49,26.34,4.0,0.1017,9.91,44.71,90.7,0.4793,0.2079,30.3,22 deg,Open-Meteo forecast; MLB fallback,https://forecast.weather.gov/MapClick.php?lat=44.9817&lon=-93.2776,66,1,87,Target Field,
239,691458,Blaze Jordan,STL,CHC,2026-07-28T23:45:00Z,Scheduled,8,Colin Rea,607067,R,38.4,Longshot,Watch List,Projected Lineup,32.0,54.2,22.1,47.9,50.0,7.0,No,No,8,Yes,Yes,RotoWire projected lineup; MLB probable pitchers,lineup projected / unconfirmed,H:2026 P:2026/2025,,,Direct BvP not yet weighted; 2026/2025 Statcast baseline active,7,4,24,0,"Last 7 games: 4/24, 0 HR","same-side matchup; pitcher baseline 10.4% barrel, 17.9 HR allowed",neutral batted-ball profile; pitcher fly-ball pressure modest,7.2,45.4,89.2,99.8485,0.394,0.134,0.304,72.8,29.2,37.1,19.6,1.0,0.112,10.37,40.02,89.59,0.4667,0.1945,26.05,,NOAA link only,https://forecast.weather.gov/MapClick.php?lat=38.6226&lon=-90.1928,,,,Busch Stadium,
240,665750,Leody Taveras,BAL,DET,2026-07-28T22:40:00Z,Scheduled,7,Troy Melton,675512,R,38.1,Longshot,Watch List,"Projected Lineup, Platoon Edge",19.0,32.5,53.1,59.8,75.0,18.3,No,No,7,Yes,Yes,RotoWire projected lineup; MLB probable pitchers,lineup projected / unconfirmed,H:2026/2025 P:2026/2025,,,Direct BvP not yet weighted; 2026/2025 Statcast baseline active,7,3,26,1,"Last 7 games: 3/26, 1 HR","switch hitter; pitcher baseline 7.0% barrel, 7.7 HR allowed",neutral batted-ball profile; pitcher fly-ball pressure modest,5.28,31.91,87.66,98.6458,0.3328,0.1187,0.2733,72.32,24.28,32.67,23.47,4.4,0.1165,6.99,39.68,89.33,0.3577,0.1428,24.84,210 deg,Open-Meteo forecast; MLB fallback,https://forecast.weather.gov/MapClick.php?lat=42.3390&lon=-83.0485,56,13,80,Comerica Park,
241,664770,Nathan Lukes,TOR,WSH,2026-07-28T22:45:00Z,Scheduled,1,Cade Cavalli,676917,R,38.0,Longshot,Watch List,"Projected Lineup, Premium Lineup Spot, Platoon Edge",9.1,29.7,51.7,88.7,80.0,10.6,No,No,1,Yes,Yes,RotoWire projected lineup; MLB probable pitchers,lineup projected / unconfirmed,H:2026/2025 P:2026/2025,,,Direct BvP not yet weighted; 2026/2025 Statcast baseline active,7,4,21,0,"Last 7 games: 4/21, 0 HR","platoon edge; pitcher baseline 6.0% barrel, 8.4 HR allowed",neutral batted-ball profile; pitcher fly-ball pressure modest,2.14,30.28,86.71,96.7431,0.3493,0.0938,0.2954,67.51,4.14,33.31,20.88,7.1,0.1247,5.97,41.03,88.82,0.3769,0.1284,21.05,139 deg,Open-Meteo forecast; MLB fallback,https://forecast.weather.gov/MapClick.php?lat=38.8730&lon=-77.0074,65,2,82,Nationals Park,
242,543760,Marcus Semien,NYM,ATL,2026-07-28T23:10:00Z,Scheduled,9,Chris Sale,519242,L,37.9,Longshot,Watch List,"Projected Lineup, Platoon Edge, Hot Hitter/Streak",27.8,21.9,46.8,40.2,78.0,74.5,No,No,9,Yes,Yes,RotoWire projected lineup; MLB probable pitchers,lineup projected / unconfirmed,H:2026/2025 P:2026/2025,,,Direct BvP not yet weighted; 2026/2025 Statcast baseline active,7,6,24,3,Hot streak: 3 HR in last 7 games,"platoon edge; pitcher baseline 5.9% barrel, 8.9 HR allowed",neutral batted-ball profile; pitcher fly-ball pressure modest,7.5,35.84,87.11,97.8306,0.4069,0.1586,0.3145,68.61,2.92,46.42,31.65,12.9,0.141,5.88,34.07,87.41,0.3284,0.1108,26.46,197 deg,Open-Meteo forecast; MLB fallback,https://forecast.weather.gov/MapClick.php?lat=40.7571&lon=-73.8458,65,25,79,Citi Field,
243,690984,Petey Halpin,CLE,CIN,2026-07-28T17:40:00Z,Scheduled,9,Chase Burns,695505,R,37.7,Longshot,Watch List,"Projected Lineup, Platoon Edge",8.8,39.7,67.8,40.2,80.0,45.9,No,No,9,Yes,Yes,RotoWire projected lineup; MLB probable pitchers,lineup projected / unconfirmed,H:2026/2025 P:2026/2025,,,Direct BvP not yet weighted; 2026/2025 Statcast baseline active,7,4,22,2,Hot streak: 2 HR in last 7 games,"platoon edge; pitcher baseline 9.0% barrel, 9.9 HR allowed",neutral batted-ball profile; pitcher fly-ball pressure modest,4.9,19.74,82.01,93.9455,0.2891,0.0889,0.2608,70.36,6.51,41.6,34.1,1.4,0.0868,9.01,39.19,89.29,0.3525,0.1439,29.43,69 deg,Open-Meteo forecast; MLB fallback,https://forecast.weather.gov/MapClick.php?lat=39.0979&lon=-84.5082,91,47,74,Great American Ball Park,
244,805779,Jacob Wilson,ATH,BOS,2026-07-29T01:40:00Z,Scheduled,1,Jake Bennett,687562,L,37.7,Longshot,Watch List,"Projected Lineup, Premium Lineup Spot, Platoon Edge",2.8,24.9,62.4,88.7,78.0,39.4,No,No,1,Yes,Yes,RotoWire projected lineup; MLB probable pitchers,lineup projected / unconfirmed,H:2026/2025 P:2026,,,Direct BvP not yet weighted; 2026/2025 Statcast baseline active,7,4,29,2,Hot streak: 2 HR in last 7 games,"platoon edge; pitcher baseline 5.7% barrel, 4.0 HR allowed",neutral batted-ball profile; pitcher fly-ball pressure modest,2.41,26.52,84.04,95.5037,0.3535,0.0856,0.2907,64.25,0.58,33.44,20.74,8.8,0.1267,5.7,36.9,87.4,0.369,0.137,24.4,221 deg,Open-Meteo forecast; MLB fallback,https://forecast.weather.gov/MapClick.php?lat=38.5804&lon=-121.5139,23,0,94,Sutter Health Park,
245,553869,Elias Diaz,TEX,TB,2026-07-28T22:40:00Z,Scheduled,9,Griffin Jax,643377,R,37.4,Longshot,Watch List,Projected Lineup,24.2,46.5,51.6,40.2,50.0,7.0,No,No,9,Yes,Yes,RotoWire projected lineup; MLB probable pitchers,lineup projected / unconfirmed,H:2026/2025 P:2026/2025,,,Direct BvP not yet weighted; 2026/2025 Statcast baseline active,7,4,24,0,"Last 7 games: 4/24, 0 HR","same-side matchup; pitcher baseline 10.0% barrel, 11.2 HR allowed",neutral batted-ball profile; pitcher fly-ball pressure modest,6.13,36.25,86.65,99.4227,0.361,0.1261,0.2747,74.27,42.21,40.1,27.8,5.5,0.1561,10.03,41.16,88.92,0.422,0.1674,23.72,237 deg,Open-Meteo forecast; MLB fallback,https://forecast.weather.gov/MapClick.php?lat=27.7682&lon=-82.6534,85,5,79,Tropicana Field,
246,682997,Tyler Callihan,PIT,AZ,2026-07-28T22:40:00Z,Scheduled,9,Brandon Pfaadt,694297,R,36.8,Longshot,Watch List,"Projected Lineup, Platoon Edge",17.4,47.5,45.8,40.2,80.0,0.0,No,No,9,Yes,Yes,RotoWire projected lineup; MLB probable pitchers,lineup projected / unconfirmed,H:2026/2025 P:2026/2025,,,Direct BvP not yet weighted; 2026/2025 Statcast baseline active,7,1,16,0,"Last 7 games: 1/16, 0 HR","platoon edge; pitcher baseline 9.9% barrel, 13.4 HR allowed",fly-ball profile; pitcher fly-ball pressure modest,4.83,37.32,86.09,97.0376,0.2835,0.0917,0.2375,70.75,11.1,49.36,36.17,2.1,0.1267,9.92,40.27,89.47,0.4331,0.1757,21.1,243 deg,Open-Meteo forecast; MLB fallback,https://forecast.weather.gov/MapClick.php?lat=40.4469&lon=-80.0057,77,8,78,PNC Park,
247,670032,Nicky Lopez,TEX,TB,2026-07-28T22:40:00Z,Scheduled,7,Griffin Jax,643377,R,36.8,Longshot,Watch List,"Projected Lineup, Platoon Edge",3.0,46.5,51.6,59.8,80.0,27.0,No,No,7,Yes,Yes,RotoWire projected lineup; MLB probable pitchers,lineup projected / unconfirmed,H:2026/2025 P:2026/2025,,,Direct BvP not yet weighted; 2026/2025 Statcast baseline active,7,6,20,0,"Last 7 games: 6/20, 0 HR","platoon edge; pitcher baseline 10.0% barrel, 11.2 HR allowed",neutral batted-ball profile; pitcher fly-ball pressure modest,0.0,28.17,85.01,95.5342,0.2718,0.0405,0.2596,66.72,0.75,33.94,11.16,0.7,0.0287,10.03,41.16,88.92,0.422,0.1674,23.72,237 deg,Open-Meteo forecast; MLB fallback,https://forecast.weather.gov/MapClick.php?lat=27.7682&lon=-82.6534,85,5,79,Tropicana Field,
248,802415,Chandler Simpson,TB,TEX,2026-07-28T22:40:00Z,Scheduled,5,,,,36.8,Longshot,Watch List,Projected Lineup,0.2,41.2,51.6,81.9,60.0,45.0,No,No,5,Yes,Yes,RotoWire projected lineup; MLB probable pitchers,lineup projected / unconfirmed,H:2026/2025 P:,,,Direct BvP not yet weighted; 2026/2025 Statcast baseline active,7,12,24,0,Contact streak: 12/24 over last 7 games,"handedness incomplete; pitcher baseline 0.0% barrel, 0.0 HR allowed",neutral batted-ball profile; pitcher fly-ball pressure modest,0.0,14.99,83.88,93.0468,0.3087,0.0382,0.2767,64.76,0.37,26.87,12.58,0.0,0.0591,,,,,,,237 deg,Open-Meteo forecast; MLB fallback,https://forecast.weather.gov/MapClick.php?lat=27.7682&lon=-82.6534,85,5,79,Tropicana Field,
249,608348,Carson Kelly,CHC,STL,2026-07-28T23:45:00Z,Scheduled,7,,,,36.8,Longshot,Watch List,Projected Lineup,28.5,41.2,22.1,59.8,60.0,9.3,No,No,7,Yes,Yes,RotoWire projected lineup; MLB probable pitchers,lineup projected / unconfirmed,H:2026/2025 P:,,,Direct BvP not yet weighted; 2026/2025 Statcast baseline active,7,4,22,0,"Last 7 games: 4/22, 0 HR","handedness incomplete; pitcher baseline 0.0% barrel, 0.0 HR allowed",neutral batted-ball profile; pitcher fly-ball pressure modest,7.15,38.27,88.17,99.0449,0.3879,0.1512,0.3182,70.82,8.75,38.73,24.8,9.3,0.1335,,,,,,,,NOAA link only,https://forecast.weather.gov/MapClick.php?lat=38.6226&lon=-90.1928,,,,Busch Stadium,
250,691026,Masyn Winn,STL,CHC,2026-07-28T23:45:00Z,Scheduled,6,Colin Rea,607067,R,36.8,Longshot,Watch List,Projected Lineup,15.3,54.2,22.1,71.7,50.0,18.0,No,No,6,Yes,Yes,RotoWire projected lineup; MLB probable pitchers,lineup projected / unconfirmed,H:2026/2025 P:2026/2025,,,Direct BvP not yet weighted; 2026/2025 Statcast baseline active,7,6,25,0,"Last 7 games: 6/25, 0 HR","same-side matchup; pitcher baseline 10.4% barrel, 17.9 HR allowed",neutral batted-ball profile; pitcher fly-ball pressure modest,3.68,35.44,88.16,98.7494,0.3372,0.0867,0.2986,71.1,15.48,32.04,20.97,5.5,0.0883,10.37,40.02,89.59,0.4667,0.1945,26.05,,NOAA link only,https://forecast.weather.gov/MapClick.php?lat=38.6226&lon=-90.1928,,,,Busch Stadium,
251,682668,Luisangel Acuna,CWS,NYY,2026-07-28T23:40:00Z,Scheduled,9,Gerrit Cole,543037,R,36.7,Longshot,Watch List,Projected Lineup,15.0,51.0,53.0,40.2,50.0,28.2,No,No,9,Yes,Yes,RotoWire projected lineup; MLB probable pitchers,lineup projected / unconfirmed,H:2026/2025 P:2026,,,Direct BvP not yet weighted; 2026/2025 Statcast baseline active,7,4,13,0,"Last 7 games: 4/13, 0 HR","same-side matchup; pitcher baseline 10.7% barrel, 11.0 HR allowed",neutral batted-ball profile; pitcher allows elevated contact,3.08,36.97,88.67,99.5392,0.3235,0.0721,0.2766,71.68,25.06,32.71,16.37,0.7,0.0379,10.7,43.1,90.1,0.391,0.154,32.8,167 deg,Open-Meteo forecast; MLB fallback,https://forecast.weather.gov/MapClick.php?lat=41.8300&lon=-87.6338,88,8,74,Rate Field,
252,701807,Carson Benge,NYM,ATL,2026-07-28T23:10:00Z,Scheduled,7,Chris Sale,519242,L,36.5,Longshot,Watch List,Projected Lineup,32.8,21.9,46.8,59.8,50.0,10.8,No,No,7,Yes,Yes,RotoWire projected lineup; MLB probable pitchers,lineup projected / unconfirmed,H:2026 P:2026/2025,,,Direct BvP not yet weighted; 2026/2025 Statcast baseline active,7,5,26,0,"Last 7 games: 5/26, 0 HR","same-side matchup; pitcher baseline 5.9% barrel, 8.9 HR allowed",neutral batted-ball profile; pitcher fly-ball pressure modest,7.6,40.2,89.1,100.0341,0.43,0.152,0.338,71.1,18.7,32.3,25.8,11.0,0.131,5.88,34.07,87.41,0.3284,0.1108,26.46,197 deg,Open-Meteo forecast; MLB fallback,https://forecast.weather.gov/MapClick.php?lat=40.7571&lon=-73.8458,65,25,79,Citi Field,
253,690984,Petey Halpin,CLE,CIN,2026-07-28T23:10:00Z,Scheduled,9,,,,36.3,Longshot,Watch List,Projected Lineup,8.8,41.2,67.8,40.2,60.0,45.9,No,No,9,Yes,Yes,RotoWire projected lineup; MLB probable pitchers,lineup projected / unconfirmed,H:2026/2025 P:,,,Direct BvP not yet weighted; 2026/2025 Statcast baseline active,7,4,22,2,Hot streak: 2 HR in last 7 games,"handedness incomplete; pitcher baseline 0.0% barrel, 0.0 HR allowed",neutral batted-ball profile; pitcher fly-ball pressure modest,4.9,19.74,82.01,93.9455,0.2891,0.0889,0.2608,70.36,6.51,41.6,34.1,1.4,0.0868,,,,,,,69 deg,Open-Meteo forecast; MLB fallback,https://forecast.weather.gov/MapClick.php?lat=39.0979&lon=-84.5082,91,47,74,Great American Ball Park,
254,828599,Lucas Spence,HOU,LAA,2026-07-29T01:38:00Z,Scheduled,9,Reid Detmers,672282,L,36.3,Longshot,Watch List,Projected Lineup,27.1,36.9,55.7,40.2,50.0,0.0,No,No,9,Yes,Yes,RotoWire projected lineup; MLB probable pitchers,lineup projected / unconfirmed,H:2026 P:2026/2025,,,Direct BvP not yet weighted; 2026/2025 Statcast baseline active,7,2,25,0,"Last 7 games: 2/25, 0 HR","same-side matchup; pitcher baseline 7.8% barrel, 10.9 HR allowed",EV profile; pitcher fly-ball pressure modest,5.0,45.0,92.8,102.0716,0.283,0.086,0.249,73.3,32.2,50.0,20.0,0.0,0.032,7.78,39.3,89.89,0.3567,0.1341,27.64,230 deg,Open-Meteo forecast; MLB fallback,https://forecast.weather.gov/MapClick.php?lat=33.8003&lon=-117.8827,50,0,86,Angel Stadium,
255,694203,Denzer Guzman,LAA,HOU,2026-07-29T01:38:00Z,Scheduled,8,Peter Lambert,663567,R,36.3,Longshot,Watch List,Projected Lineup,25.5,34.0,55.7,47.9,50.0,3.4,No,No,8,Yes,Yes,RotoWire projected lineup; MLB probable pitchers,lineup projected / unconfirmed,H:2026/2025 P:2026,,,Direct BvP not yet weighted; 2026/2025 Statcast baseline active,7,3,21,0,"Last 7 games: 3/21, 0 HR","same-side matchup; pitcher baseline 6.8% barrel, 11.0 HR allowed",neutral batted-ball profile; pitcher allows elevated contact,8.21,37.79,86.85,98.2483,0.3286,0.1162,0.2553,73.36,32.81,44.38,25.24,3.4,0.1348,6.8,37.6,89.0,0.348,0.142,33.5,230 deg,Open-Meteo forecast; MLB fallback,https://forecast.weather.gov/MapClick.php?lat=33.8003&lon=-117.8827,50,0,86,Angel Stadium,
256,678662,Ezequiel Tovar,COL,SD,2026-07-29T01:40:00Z,Scheduled,9,Michael King,650633,R,36.3,Longshot,Watch List,Projected Lineup,28.5,40.6,46.1,40.2,50.0,2.5,No,No,9,Yes,Yes,RotoWire projected lineup; MLB probable pitchers,lineup projected / unconfirmed,H:2026/2025 P:2026/2025,,,Direct BvP not yet weighted; 2026/2025 Statcast baseline active,7,3,22,0,"Last 7 games: 3/22, 0 HR","same-side matchup; pitcher baseline 9.4% barrel, 11.3 HR allowed",neutral batted-ball profile; pitcher fly-ball pressure modest,7.27,34.7,87.93,98.9257,0.3829,0.1527,0.2854,72.02,20.92,37.26,29.85,8.3,0.1295,9.37,35.23,87.66,0.4123,0.1702,26.91,246 deg,Open-Meteo forecast; MLB fallback,https://forecast.weather.gov/MapClick.php?lat=32.7073&lon=-117.1573,76,0,78,Petco Park,
257,645305,Ali Sanchez,NYY,CWS,2026-07-28T23:40:00Z,Scheduled,9,Anthony Kay,641743,L,36.2,Longshot,Watch List,"Projected Lineup, Platoon Edge",12.3,39.8,53.0,40.2,78.0,40.3,No,No,9,Yes,Yes,RotoWire projected lineup; MLB probable pitchers,lineup projected / unconfirmed,H:2026/2025 P:2026,,,Direct BvP not yet weighted; 2026/2025 Statcast baseline active,7,4,15,1,"Last 7 games: 4/15, 1 HR","platoon edge; pitcher baseline 8.6% barrel, 14.0 HR allowed",neutral batted-ball profile; pitcher fly-ball pressure modest,7.31,24.68,83.19,95.4641,0.3626,0.0987,0.286,70.28,8.26,39.1,21.73,0.7,0.101,8.6,39.0,88.5,0.416,0.148,22.0,167 deg,Open-Meteo forecast; MLB fallback,https://forecast.weather.gov/MapClick.php?lat=41.8300&lon=-87.6338,88,8,74,Rate Field,
258,670764,Taylor Walls,TB,TEX,2026-07-28T22:40:00Z,Scheduled,7,,,,35.7,Longshot,Watch List,"Projected Lineup, Platoon Edge",5.4,40.2,51.6,59.8,75.0,28.9,No,No,7,Yes,Yes,RotoWire projected lineup; MLB probable pitchers,lineup projected / unconfirmed,H:2026/2025 P:,,,Direct BvP not yet weighted; 2026/2025 Statcast baseline active,7,5,16,0,"Last 7 games: 5/16, 0 HR","switch hitter; pitcher baseline 0.0% barrel, 0.0 HR allowed",neutral batted-ball profile; pitcher fly-ball pressure modest,2.85,23.67,85.81,95.3705,0.2719,0.0773,0.2533,68.38,2.34,36.44,29.12,1.2,0.0808,,,,,,,237 deg,Open-Meteo forecast; MLB fallback,https://forecast.weather.gov/MapClick.php?lat=27.7682&lon=-82.6534,85,5,79,Tropicana Field,
259,680700,Richie Palacios,TB,TEX,2026-07-28T22:40:00Z,Scheduled,8,,,,35.5,Longshot,Watch List,Projected Lineup,13.9,41.2,51.6,47.9,60.0,24.0,No,No,8,Yes,Yes,RotoWire projected lineup; MLB probable pitchers,lineup projected / unconfirmed,H:2026/2025 P:,,,Direct BvP not yet weighted; 2026/2025 Statcast baseline active,7,3,19,1,"Last 7 games: 3/19, 1 HR","handedness incomplete; pitcher baseline 0.0% barrel, 0.0 HR allowed",neutral batted-ball profile; pitcher fly-ball pressure modest,4.57,31.5,87.03,96.6558,0.3653,0.0997,0.3222,68.87,3.24,34.78,20.21,3.1,0.112,,,,,,,237 deg,Open-Meteo forecast; MLB fallback,https://forecast.weather.gov/MapClick.php?lat=27.7682&lon=-82.6534,85,5,79,Tropicana Field,
260,691594,Javier Sanoja,MIA,PHI,2026-07-28T22:40:00Z,Scheduled,7,Aaron Nola,605400,R,35.5,Longshot,Watch List,Projected Lineup,9.7,51.0,42.0,59.8,50.0,18.0,No,No,7,Yes,Yes,RotoWire projected lineup; MLB probable pitchers,lineup projected / unconfirmed,H:2026/2025 P:2026/2025,,,Direct BvP not yet weighted; 2026/2025 Statcast baseline active,7,6,25,0,"Last 7 games: 6/25, 0 HR","same-side matchup; pitcher baseline 10.0% barrel, 22.9 HR allowed",neutral batted-ball profile; pitcher fly-ball pressure modest,1.66,32.27,87.31,97.3167,0.3252,0.0739,0.2743,69.07,6.18,38.36,18.55,3.9,0.1334,10.01,41.34,88.84,0.4282,0.1808,28.02,198 deg,Open-Meteo forecast; MLB fallback,https://forecast.weather.gov/MapClick.php?lat=25.7781&lon=-80.2197,92,39,78,loanDepot park,
261,676609,Jose Caballero,NYY,CWS,2026-07-28T23:40:00Z,Scheduled,7,Anthony Kay,641743,L,35.4,Longshot,Watch List,"Projected Lineup, Platoon Edge",7.5,39.8,53.0,59.8,78.0,0.0,No,No,7,Yes,Yes,RotoWire projected lineup; MLB probable pitchers,lineup projected / unconfirmed,H:2026/2025 P:2026,,,Direct BvP not yet weighted; 2026/2025 Statcast baseline active,7,3,25,0,"Last 7 games: 3/25, 0 HR","platoon edge; pitcher baseline 8.6% barrel, 14.0 HR allowed",neutral batted-ball profile; pitcher fly-ball pressure modest,4.22,26.47,84.53,96.3774,0.3236,0.1038,0.2759,68.89,8.08,41.6,21.59,8.5,0.1285,8.6,39.0,88.5,0.416,0.148,22.0,167 deg,Open-Meteo forecast; MLB fallback,https://forecast.weather.gov/MapClick.php?lat=41.8300&lon=-87.6338,88,8,74,Rate Field,
262,699393,Pedro Ramirez,CHC,STL,2026-07-28T23:45:00Z,Scheduled,8,,,,35.3,Longshot,Watch List,"Projected Lineup, Platoon Edge",20.1,40.2,22.1,47.9,75.0,45.0,No,No,8,Yes,Yes,RotoWire projected lineup; MLB probable pitchers,lineup projected / unconfirmed,H:2026 P:,,,Direct BvP not yet weighted; 2026/2025 Statcast baseline active,7,11,25,0,Contact streak: 11/25 over last 7 games,"switch hitter; pitcher baseline 0.0% barrel, 0.0 HR allowed",neutral batted-ball profile; pitcher fly-ball pressure modest,2.9,41.4,89.4,99.6533,0.364,0.094,0.299,72.1,20.3,31.4,20.0,1.0,0.146,,,,,,,,NOAA link only,https://forecast.weather.gov/MapClick.php?lat=38.6226&lon=-90.1928,,,,Busch Stadium,
263,643446,Jeff McNeil,ATH,BOS,2026-07-29T01:40:00Z,Scheduled,7,Jake Bennett,687562,L,35.2,Longshot,Watch List,Projected Lineup,12.0,24.9,62.4,59.8,50.0,60.3,No,No,7,Yes,Yes,RotoWire projected lineup; MLB probable pitchers,lineup projected / unconfirmed,H:2026/2025 P:2026,,,Direct BvP not yet weighted; 2026/2025 Statcast baseline active,7,8,20,1,Contact streak: 8/20 over last 7 games,"same-side matchup; pitcher baseline 5.7% barrel, 4.0 HR allowed",neutral batted-ball profile; pitcher fly-ball pressure modest,2.37,32.2,86.5,96.6064,0.3698,0.0978,0.3146,69.02,5.23,42.93,23.75,6.4,0.1106,5.7,36.9,87.4,0.369,0.137,24.4,221 deg,Open-Meteo forecast; MLB fallback,https://forecast.weather.gov/MapClick.php?lat=38.5804&lon=-121.5139,23,0,94,Sutter Health Park,
264,806068,Colt Emerson,SEA,LAD,2026-07-29T02:10:00Z,Scheduled,9,,,,35.1,Longshot,Watch List,Projected Lineup,13.8,41.2,57.6,40.2,60.0,19.5,No,No,9,Yes,Yes,RotoWire projected lineup; MLB probable pitchers,lineup projected / unconfirmed,H:2026 P:,,,Direct BvP not yet weighted; 2026/2025 Statcast baseline active,7,6,24,0,"Last 7 games: 6/24, 0 HR","handedness incomplete; pitcher baseline 0.0% barrel, 0.0 HR allowed",neutral batted-ball profile; pitcher fly-ball pressure modest,5.1,29.9,86.3,96.8259,0.301,0.106,0.254,72.5,25.4,40.2,20.5,7.0,0.163,,,,,,,253 deg,Open-Meteo forecast; MLB fallback,https://forecast.weather.gov/MapClick.php?lat=34.0739&lon=-118.2400,50,0,87,UNIQLO Field at Dodger Stadium,
265,687551,Drew Gilbert,SF,MIL,2026-07-29T01:45:00Z,Scheduled,8,Logan Henderson,701656,R,34.5,Longshot,Watch List,"Projected Lineup, Platoon Edge",12.9,34.1,48.3,47.9,80.0,19.5,No,No,8,Yes,Yes,RotoWire projected lineup; MLB probable pitchers,lineup projected / unconfirmed,H:2026/2025 P:2026/2025,,,Direct BvP not yet weighted; 2026/2025 Statcast baseline active,7,5,20,0,"Last 7 games: 5/20, 0 HR","platoon edge; pitcher baseline 8.6% barrel, 4.4 HR allowed",neutral batted-ball profile; pitcher allows elevated contact,3.43,34.47,86.11,97.6231,0.3415,0.1041,0.2912,70.52,10.09,39.51,18.78,3.7,0.1313,8.6,35.46,88.1,0.359,0.14,30.65,290 deg,Open-Meteo forecast; MLB fallback,https://forecast.weather.gov/MapClick.php?lat=37.7786&lon=-122.3893,65,0,69,Oracle Park,
266,663538,Nico Hoerner,CHC,STL,2026-07-28T23:45:00Z,Scheduled,6,,,,34.1,Longshot,Watch List,Projected Lineup,8.6,41.2,22.1,71.7,60.0,53.6,No,No,6,Yes,Yes,RotoWire projected lineup; MLB probable pitchers,lineup projected / unconfirmed,H:2026/2025 P:,,,Direct BvP not yet weighted; 2026/2025 Statcast baseline active,7,11,31,1,Contact streak: 11/31 over last 7 games,"handedness incomplete; pitcher baseline 0.0% barrel, 0.0 HR allowed",neutral batted-ball profile; pitcher fly-ball pressure modest,1.28,28.9,86.28,96.2852,0.377,0.0829,0.3227,68.36,1.76,33.64,21.35,5.6,0.0956,,,,,,,,NOAA link only,https://forecast.weather.gov/MapClick.php?lat=38.6226&lon=-90.1928,,,,Busch Stadium,
267,623205,Andrew Velazquez,KC,MIN,2026-07-28T23:40:00Z,Scheduled,9,Taj Bradley,671737,R,34.0,Longshot,Watch List,"Projected Lineup, Platoon Edge",3.9,47.0,60.1,40.2,75.0,0.0,No,No,9,Yes,Yes,RotoWire projected lineup; MLB probable pitchers,lineup projected / unconfirmed,H:2026 P:2026/2025,,,Direct BvP not yet weighted; 2026/2025 Statcast baseline active,4,1,13,0,"Last 4 games: 1/13, 0 HR","switch hitter; pitcher baseline 9.2% barrel, 17.6 HR allowed",neutral batted-ball profile; pitcher fly-ball pressure modest,0.0,27.3,84.9,95.6089,0.196,0.025,0.161,69.1,6.3,27.3,18.2,0.0,0.0,9.15,43.05,90.46,0.391,0.161,29.89,22 deg,Open-Meteo forecast; MLB fallback,https://forecast.weather.gov/MapClick.php?lat=44.9817&lon=-93.2776,66,1,87,Target Field,
268,805347,Jim Jarvis,ATL,NYM,2026-07-28T23:10:00Z,Scheduled,9,Christian Scott,681035,R,33.9,Longshot,Watch List,"Projected Lineup, Platoon Edge",19.6,28.7,46.8,40.2,80.0,13.6,No,No,9,Yes,Yes,RotoWire projected lineup; MLB probable pitchers,lineup projected / unconfirmed,H:2026 P:2026,,,Direct BvP not yet weighted; 2026/2025 Statcast baseline active,7,4,19,0,"Last 7 games: 4/19, 0 HR","platoon edge; pitcher baseline 6.9% barrel, 7.0 HR allowed",neutral batted-ball profile; pitcher fly-ball pressure modest,5.5,38.2,88.3,98.6937,0.345,0.091,0.284,70.8,10.7,29.1,18.2,1.0,0.141,6.9,34.0,87.6,0.366,0.141,28.3,197 deg,Open-Meteo forecast; MLB fallback,https://forecast.weather.gov/MapClick.php?lat=40.7571&lon=-73.8458,65,25,79,Citi Field,
269,806198,Cooper Pratt,MIL,SF,2026-07-29T01:45:00Z,Scheduled,8,Landen Roupp,694738,R,33.7,Longshot,Watch List,"Projected Lineup, Hot Hitter/Streak",19.4,19.9,48.3,47.9,50.0,81.7,No,No,8,Yes,Yes,RotoWire projected lineup; MLB probable pitchers,lineup projected / unconfirmed,H:2026 P:2026/2025,,,Direct BvP not yet weighted; 2026/2025 Statcast baseline active,7,9,20,2,Hot streak: 2 HR in last 7 games,"same-side matchup; pitcher baseline 5.5% barrel, 8.9 HR allowed",neutral batted-ball profile; pitcher fly-ball pressure modest,4.8,32.9,88.2,97.6425,0.398,0.112,0.344,70.4,8.8,34.1,22.4,2.0,0.118,5.54,32.02,87.14,0.3499,0.1183,21.68,290 deg,Open-Meteo forecast; MLB fallback,https://forecast.weather.gov/MapClick.php?lat=37.7786&lon=-122.3893,65,0,69,Oracle Park,
270,643289,Mauricio Dubon,ATL,NYM,2026-07-28T23:10:00Z,Scheduled,6,Christian Scott,681035,R,32.9,Longshot,Watch List,Projected Lineup,11.7,28.7,46.8,71.7,50.0,10.8,No,No,6,Yes,Yes,RotoWire projected lineup; MLB probable pitchers,lineup projected / unconfirmed,H:2026/2025 P:2026,,,Direct BvP not yet weighted; 2026/2025 Statcast baseline active,7,5,26,0,"Last 7 games: 5/26, 0 HR","same-side matchup; pitcher baseline 6.9% barrel, 7.0 HR allowed",neutral batted-ball profile; pitcher fly-ball pressure modest,3.58,29.38,85.97,96.4462,0.3681,0.1078,0.3004,68.83,3.26,31.96,24.6,9.1,0.1343,6.9,34.0,87.6,0.366,0.141,28.3,197 deg,Open-Meteo forecast; MLB fallback,https://forecast.weather.gov/MapClick.php?lat=40.7571&lon=-73.8458,65,25,79,Citi Field,
271,675961,Alika Williams,ATH,BOS,2026-07-29T01:40:00Z,Scheduled,9,Jake Bennett,687562,L,32.7,Longshot,Watch List,"Projected Lineup, Platoon Edge",9.4,24.9,62.4,40.2,78.0,32.0,No,No,9,Yes,Yes,RotoWire projected lineup; MLB probable pitchers,lineup projected / unconfirmed,H:2026 P:2026,,,Direct BvP not yet weighted; 2026/2025 Statcast baseline active,7,5,15,0,Contact streak: 5/15 over last 7 games,"platoon edge; pitcher baseline 5.7% barrel, 4.0 HR allowed",neutral batted-ball profile; pitcher fly-ball pressure modest,0.0,35.7,85.8,97.7204,0.275,0.058,0.231,69.6,4.5,36.6,22.5,2.0,0.15,5.7,36.9,87.4,0.369,0.137,24.4,221 deg,Open-Meteo forecast; MLB fallback,https://forecast.weather.gov/MapClick.php?lat=38.5804&lon=-121.5139,23,0,94,Sutter Health Park,
272,665926,Andres Gimenez,TOR,WSH,2026-07-28T22:45:00Z,Scheduled,9,Cade Cavalli,676917,R,32.1,Longshot,Watch List,"Projected Lineup, Platoon Edge",8.0,29.7,51.7,40.2,80.0,35.6,No,No,9,Yes,Yes,RotoWire projected lineup; MLB probable pitchers,lineup projected / unconfirmed,H:2026/2025 P:2026/2025,,,Direct BvP not yet weighted; 2026/2025 Statcast baseline active,7,5,14,0,Contact streak: 5/14 over last 7 games,"platoon edge; pitcher baseline 6.0% barrel, 8.4 HR allowed",neutral batted-ball profile; pitcher fly-ball pressure modest,3.7,24.62,86.16,95.8614,0.3365,0.0971,0.2807,68.39,4.65,38.17,22.88,7.0,0.1184,5.97,41.03,88.82,0.3769,0.1284,21.05,139 deg,Open-Meteo forecast; MLB fallback,https://forecast.weather.gov/MapClick.php?lat=38.8730&lon=-77.0074,65,2,82,Nationals Park,
273,676391,Ernie Clement,TOR,WSH,2026-07-28T22:45:00Z,Scheduled,7,Cade Cavalli,676917,R,31.1,Longshot,Watch List,Projected Lineup,6.5,29.7,51.7,59.8,50.0,23.4,No,No,7,Yes,Yes,RotoWire projected lineup; MLB probable pitchers,lineup projected / unconfirmed,H:2026/2025 P:2026/2025,,,Direct BvP not yet weighted; 2026/2025 Statcast baseline active,7,8,29,0,"Last 7 games: 8/29, 0 HR","same-side matchup; pitcher baseline 6.0% barrel, 8.4 HR allowed",neutral batted-ball profile; pitcher fly-ball pressure modest,2.47,23.55,85.55,95.0097,0.3464,0.0895,0.2778,67.53,2.75,43.32,28.53,8.3,0.1266,5.97,41.03,88.82,0.3769,0.1284,21.05,139 deg,Open-Meteo forecast; MLB fallback,https://forecast.weather.gov/MapClick.php?lat=38.8730&lon=-77.0074,65,2,82,Nationals Park,
274,702222,Justin Crawford,PHI,MIA,2026-07-28T22:40:00Z,Scheduled,9,Sandy Alcantara,645261,R,30.8,Longshot,Watch List,"Projected Lineup, Platoon Edge",8.5,34.8,42.0,40.2,80.0,10.1,No,No,9,Yes,Yes,RotoWire projected lineup; MLB probable pitchers,lineup projected / unconfirmed,H:2026 P:2026/2025,,,Direct BvP not yet weighted; 2026/2025 Statcast baseline active,7,3,16,0,"Last 7 games: 3/16, 0 HR","platoon edge; pitcher baseline 6.6% barrel, 18.5 HR allowed",neutral batted-ball profile; pitcher fly-ball pressure modest,0.9,32.6,86.6,97.5783,0.312,0.06,0.275,68.9,5.2,27.3,16.7,2.0,0.084,6.57,38.28,89.02,0.3905,0.1358,24.45,198 deg,Open-Meteo forecast; MLB fallback,https://forecast.weather.gov/MapClick.php?lat=25.7781&lon=-80.2197,92,39,78,loanDepot park,
275,683766,Christian Koss,SF,MIL,2026-07-29T01:45:00Z,Scheduled,7,Logan Henderson,701656,R,30.6,Longshot,Watch List,Projected Lineup,5.2,34.1,48.3,59.8,50.0,12.0,No,No,7,Yes,Yes,RotoWire projected lineup; MLB probable pitchers,lineup projected / unconfirmed,H:2026/2025 P:2026/2025,,,Direct BvP not yet weighted; 2026/2025 Statcast baseline active,7,2,10,0,"Last 7 games: 2/10, 0 HR","same-side matchup; pitcher baseline 8.6% barrel, 4.4 HR allowed",neutral batted-ball profile; pitcher allows elevated contact,1.8,20.58,84.94,94.7731,0.2599,0.0578,0.2522,70.53,7.19,30.18,27.03,0.9,0.062,8.6,35.46,88.1,0.359,0.14,30.65,290 deg,Open-Meteo forecast; MLB fallback,https://forecast.weather.gov/MapClick.php?lat=37.7786&lon=-122.3893,65,0,69,Oracle Park,
276,691740,Daniel Susac,SF,MIL,2026-07-29T01:45:00Z,Scheduled,9,Logan Henderson,701656,R,30.0,Longshot,Watch List,Projected Lineup,12.8,34.1,48.3,40.2,50.0,3.4,No,No,9,Yes,Yes,RotoWire projected lineup; MLB probable pitchers,lineup projected / unconfirmed,H:2026 P:2026/2025,,,Direct BvP not yet weighted; 2026/2025 Statcast baseline active,7,2,14,0,"Last 7 games: 2/14, 0 HR","same-side matchup; pitcher baseline 8.6% barrel, 4.4 HR allowed",neutral batted-ball profile; pitcher allows elevated contact,4.3,30.4,86.4,97.0162,0.349,0.09,0.296,68.8,3.9,42.4,29.3,0.0,0.068,8.6,35.46,88.1,0.359,0.14,30.65,290 deg,Open-Meteo forecast; MLB fallback,https://forecast.weather.gov/MapClick.php?lat=37.7786&lon=-122.3893,65,0,69,Oracle Park,
277,666152,David Hamilton,MIL,SF,2026-07-29T01:45:00Z,Scheduled,9,Landen Roupp,694738,R,29.7,Longshot,Watch List,"Projected Lineup, Platoon Edge",11.8,19.9,48.3,40.2,80.0,19.5,No,No,9,Yes,Yes,RotoWire projected lineup; MLB probable pitchers,lineup projected / unconfirmed,H:2026/2025 P:2026/2025,,,Direct BvP not yet weighted; 2026/2025 Statcast baseline active,7,5,20,0,"Last 7 games: 5/20, 0 HR","platoon edge; pitcher baseline 5.5% barrel, 8.9 HR allowed",neutral batted-ball profile; pitcher fly-ball pressure modest,4.39,28.08,86.74,97.0706,0.3022,0.0974,0.2621,70.01,7.81,34.55,26.65,3.9,0.1035,5.54,32.02,87.14,0.3499,0.1183,21.68,290 deg,Open-Meteo forecast; MLB fallback,https://forecast.weather.gov/MapClick.php?lat=37.7786&lon=-122.3893,65,0,69,Oracle Park,
278,644433,Chadwick Tromp,BAL,DET,2026-07-28T22:40:00Z,Scheduled,9,Troy Melton,675512,R,29.6,Longshot,Watch List,Projected Lineup,10.1,33.3,53.1,40.2,50.0,3.4,No,No,9,Yes,Yes,RotoWire projected lineup; MLB probable pitchers,lineup projected / unconfirmed,H:2026/2025 P:2026/2025,,,Direct BvP not yet weighted; 2026/2025 Statcast baseline active,7,3,21,0,"Last 7 games: 3/21, 0 HR","same-side matchup; pitcher baseline 7.0% barrel, 7.7 HR allowed",neutral batted-ball profile; pitcher fly-ball pressure modest,2.01,32.02,87.26,96.7871,0.2434,0.0649,0.1892,70.56,9.15,33.98,22.03,0.3,0.0724,6.99,39.68,89.33,0.3577,0.1428,24.84,210 deg,Open-Meteo forecast; MLB fallback,https://forecast.weather.gov/MapClick.php?lat=42.3390&lon=-83.0485,56,13,80,Comerica Park,
279,623168,Tyler Heineman,LAA,HOU,2026-07-29T01:38:00Z,Scheduled,9,Peter Lambert,663567,R,29.5,Longshot,Watch List,"Projected Lineup, Platoon Edge",0.6,32.9,55.7,40.2,75.0,13.6,No,No,9,Yes,Yes,RotoWire projected lineup; MLB probable pitchers,lineup projected / unconfirmed,H:2026/2025 P:2026,,,Direct BvP not yet weighted; 2026/2025 Statcast baseline active,7,4,19,0,"Last 7 games: 4/19, 0 HR","switch hitter; pitcher baseline 6.8% barrel, 11.0 HR allowed",neutral batted-ball profile; pitcher allows elevated contact,1.73,15.96,82.16,92.7342,0.2748,0.0573,0.2541,65.71,0.21,44.2,23.08,1.6,0.0836,6.8,37.6,89.0,0.348,0.142,33.5,230 deg,Open-Meteo forecast; MLB fallback,https://forecast.weather.gov/MapClick.php?lat=33.8003&lon=-117.8827,50,0,86,Angel Stadium,
