rank,hitter_id,player,team,opponent,game_start_time,game_status,batting_order,pitcher,pitcher_id,pitcher_hand,hr_score,tier,play_type,reason_tags,power_score,pitcher_score,environment_score,lineup_score,platoon_score,recent_form_score,sheet_score,sheet_carry_score,confirmed_lineup,rotowire_confirmed_lineup,rotowire_batting_order,rotowire_player_found,lineup_disagreement,lineup_sources_used,source_warnings,stat_years_used,bvp_pa,bvp_hr,bvp_note,recent_games,recent_hits,recent_abs,recent_hr,recent_form_note,split_matchup_note,pitch_mix_note,barrel_pct,hard_hit_pct,avg_exit_velocity,ev50,xslg,xiso,xwoba,bat_speed,fast_swing_pct,pull_pct,fb_pct,hr_total,iso,pitcher_barrel_pct_allowed,pitcher_hard_hit_pct_allowed,pitcher_avg_exit_velocity_allowed,pitcher_xslg_allowed,pitcher_xiso_allowed,pitcher_fb_pct_allowed,wind_direction,weather_source,weather_url,weather_humidity,weather_precip_pct,weather_temp,ballpark,odds,sheet_barrel_pct,sheet_iso,sheet_ev,sheet_pm_hr,sheet_pm_pa,sheet_pa_pct,sheet_hr_env,sheet_pitcher_split_barrel,sheet_pitcher_split_hr,sheet_note
1,660271,Shohei Ohtani,LAD,COL,2026-08-18T00:40:00Z,Scheduled,1,Tomoyuki Sugano,608372,R,74.3,Tier 2,Watch List,"Projected Lineup, Elite Power, Strong Barrel, Pitcher Vulnerable, Premium Lineup Spot, Platoon Edge",80.6,73.3,66.2,88.7,80.0,37.8,50.0,,No,Yes,1,Yes,Yes,RotoWire projected lineup; MLB probable pitchers,lineup projected / unconfirmed,H:2026/2025 P:2026/2025,,,Direct BvP not yet weighted; 2026/2025 Statcast baseline active,7,7,28,1,"Last 7 games: 7/28, 1 HR","platoon edge; pitcher baseline 13.1% barrel, 26.7 HR allowed",lift-pull EV profile; pitcher allows elevated contact,18.6,54.22,93.85,104.433,0.5937,0.3064,0.411,74.96,52.59,46.56,32.62,35.4,0.2791,13.13,42.32,90.49,0.552,0.249,30.49,144 deg,Open-Meteo forecast; MLB fallback,https://forecast.weather.gov/MapClick.php?lat=39.7559&lon=-104.9942,49,11,78,Coors Field,,,,,,,,,,,
2,695491,Joshua Baez,STL,CIN,2026-08-17T22:40:00Z,Scheduled,5,Rhett Lowder,695076,R,73.8,Tier 2,Watch List,"Projected Lineup, Elite Power, Strong Barrel, Hot Hitter/Streak",99.0,50.9,64.8,81.9,50.0,87.0,50.0,,No,Yes,5,Yes,Yes,RotoWire projected lineup; MLB probable pitchers,lineup projected / unconfirmed,H:2026 P:2026,,,Direct BvP not yet weighted; 2026/2025 Statcast baseline active,2,3,9,3,Hot streak: 3 HR in last 2 games,"same-side matchup; pitcher baseline 9.6% barrel, 12.0 HR allowed",lift-pull EV profile; pitcher fly-ball pressure modest,75.0,75.0,98.1,104.1919,1.734,1.143,0.956,80.3,100.0,50.0,50.0,3.0,2.25,9.6,38.2,90.5,0.456,0.19,27.9,288 deg,Open-Meteo forecast; MLB fallback,https://forecast.weather.gov/MapClick.php?lat=39.0979&lon=-84.5082,73,13,82,Great American Ball Park,,,,,,,,,,,
3,695491,Joshua Baez,STL,CIN,2026-08-17T17:40:00Z,Scheduled,5,,,,72.4,Tier 2,Watch List,"Projected Lineup, Elite Power, Strong Barrel, Hot Hitter/Streak",99.0,41.2,64.8,81.9,60.0,87.0,50.0,,No,Yes,5,Yes,Yes,RotoWire projected lineup; MLB probable pitchers,lineup projected / unconfirmed,H:2026 P:,,,Direct BvP not yet weighted; 2026/2025 Statcast baseline active,2,3,9,3,Hot streak: 3 HR in last 2 games,"handedness incomplete; pitcher baseline 0.0% barrel, 0.0 HR allowed",lift-pull EV profile; pitcher fly-ball pressure modest,75.0,75.0,98.1,104.1919,1.734,1.143,0.956,80.3,100.0,50.0,50.0,3.0,2.25,,,,,,,288 deg,Open-Meteo forecast; MLB fallback,https://forecast.weather.gov/MapClick.php?lat=39.0979&lon=-84.5082,73,13,82,Great American Ball Park,,,,,,,,,,,
4,808959,Munetaka Murakami,CWS,CHC,2026-08-18T00:05:00Z,Scheduled,2,Shota Imanaga,684007,L,67.6,Tier 3,Watch List,"Projected Lineup, Elite Power, Strong Barrel, Premium Lineup Spot",82.9,53.0,52.8,95.5,50.0,49.9,50.0,,No,Yes,2,Yes,Yes,RotoWire projected lineup; MLB probable pitchers,lineup projected / unconfirmed,H:2026 P:2026/2025,,,Direct BvP not yet weighted; 2026/2025 Statcast baseline active,7,5,24,2,Hot streak: 2 HR in last 7 games,"same-side matchup; pitcher baseline 10.3% barrel, 28.9 HR allowed",lift-pull EV profile; pitcher allows elevated contact,20.5,59.5,94.2,104.7472,0.506,0.288,0.366,74.8,50.2,41.6,40.0,27.0,0.304,10.27,37.9,89.02,0.4298,0.1933,34.39,278 deg,Open-Meteo forecast; MLB fallback,https://forecast.weather.gov/MapClick.php?lat=41.9484&lon=-87.6553,77,14,81,Wrigley Field,,,,,,,,,,,
5,656941,Kyle Schwarber,PHI,STL,2026-08-17T22:40:00Z,Scheduled,1,Janson Junk,676083,R,66.8,Tier 3,Watch List,"Projected Lineup, Elite Power, Strong Barrel, Premium Lineup Spot, Platoon Edge, Hot Hitter/Streak",78.6,42.5,52.8,88.7,80.0,81.4,47.5,68.0,No,Yes,1,Yes,Yes,RotoWire projected lineup; MLB probable pitchers,lineup projected / unconfirmed,H:2026/2025 P:2026/2025,,,Direct BvP not yet weighted; 2026/2025 Statcast baseline active,7,8,27,4,Hot streak: 4 HR in last 7 games,"platoon edge; pitcher baseline 7.5% barrel, 10.8 HR allowed",lift-pull EV profile; pitcher fly-ball pressure modest,18.91,54.63,93.53,104.4912,0.5243,0.2833,0.3793,77.16,75.21,54.49,33.88,42.7,0.3006,7.52,42.61,90.48,0.4215,0.1606,23.29,106 deg,Open-Meteo forecast; MLB fallback,https://forecast.weather.gov/MapClick.php?lat=39.9061&lon=-75.1665,82,15,70,Citizens Bank Park,,14.1,0.216,94,9,139,25,6,4.88,2,Power volume; less clean pitcher split than Harper
6,624413,Pete Alonso,BAL,TB,2026-08-17T22:05:00Z,Scheduled,2,Shane McClanahan,663556,L,66.5,Tier 3,Watch List,"Projected Lineup, Strong Barrel, Premium Lineup Spot, Platoon Edge, Hot Hitter/Streak",72.4,41.2,53.1,95.5,78.0,100.0,50.0,,No,Yes,2,Yes,Yes,RotoWire projected lineup; MLB probable pitchers,lineup projected / unconfirmed,H:2026/2025 P:2026,,,Direct BvP not yet weighted; 2026/2025 Statcast baseline active,7,15,25,4,Hot streak: 4 HR in last 7 games,"platoon edge; pitcher baseline 8.6% barrel, 7.0 HR allowed",EV profile; pitcher fly-ball pressure modest,15.4,55.8,93.99,104.2109,0.5496,0.271,0.3888,74.78,48.65,35.66,31.02,30.3,0.2317,8.6,40.3,89.2,0.399,0.16,27.3,286 deg,Open-Meteo forecast; MLB fallback,https://forecast.weather.gov/MapClick.php?lat=27.7682&lon=-82.6534,77,1,84,Tropicana Field,,,,,,,,,,,
7,676475,Alec Burleson,STL,PHI,2026-08-17T22:40:00Z,Scheduled,3,Rhett Lowder,695076,R,64.5,Tier 3,Watch List,"Projected Lineup, Strong Barrel, Premium Lineup Spot, Platoon Edge, Hot Hitter/Streak",54.0,50.9,64.8,92.1,80.0,94.7,58.7,89.0,No,Yes,3,Yes,Yes,RotoWire projected lineup; MLB probable pitchers,lineup projected / unconfirmed,H:2026/2025 P:2026,,,Direct BvP not yet weighted; 2026/2025 Statcast baseline active,7,10,26,3,Hot streak: 3 HR in last 7 games,"platoon edge; pitcher baseline 9.6% barrel, 12.0 HR allowed",neutral batted-ball profile; pitcher fly-ball pressure modest,10.9,47.69,91.7,102.0138,0.5207,0.2298,0.3744,73.14,33.37,43.61,27.89,19.4,0.19,9.6,38.2,90.5,0.456,0.19,27.9,288 deg,Open-Meteo forecast; MLB fallback,https://forecast.weather.gov/MapClick.php?lat=39.0979&lon=-84.5082,73,13,82,Great American Ball Park,,18.3,0.244,94,8,123,27.3,6,6.35,9,"Strong LHH sheet, Busch heat/wind, Painter LHH split"
8,621566,Matt Olson,ATL,NYM,2026-08-17T23:40:00Z,Scheduled,3,Bailey Ober,641927,R,64.2,Tier 3,Watch List,"Projected Lineup, Strong Barrel, Premium Lineup Spot, Platoon Edge, Hot Hitter/Streak, Sheet Consensus",67.2,55.5,27.1,92.1,80.0,70.3,80.6,100.0,No,Yes,3,Yes,Yes,RotoWire projected lineup; MLB probable pitchers,lineup projected / unconfirmed,H:2026/2025 P:2026/2025,,,Direct BvP not yet weighted; 2026/2025 Statcast baseline active,7,6,27,3,Hot streak: 3 HR in last 7 games,"platoon edge; pitcher baseline 10.7% barrel, 20.9 HR allowed",EV profile; pitcher allows elevated contact,15.31,50.99,92.74,103.8417,0.5116,0.2629,0.3614,74.53,47.75,37.86,32.99,33.2,0.261,10.69,36.23,88.83,0.4669,0.2147,31.83,,NOAA link only,https://forecast.weather.gov/MapClick.php?lat=44.9817&lon=-93.2776,,,,Target Field,,22.7,0.398,96,11,103,37.5,3,3.3,6,Elite LHH power; weather only mild and possible delay
9,687952,Christian Encarnacion-Strand,BAL,TB,2026-08-17T22:05:00Z,Scheduled,4,Shane McClanahan,663556,L,62.8,Tier 3,Watch List,"Projected Lineup, Strong Barrel, Premium Lineup Spot, Platoon Edge",69.6,41.2,53.1,90.4,78.0,57.8,50.0,,No,Yes,4,Yes,Yes,RotoWire projected lineup; MLB probable pitchers,lineup projected / unconfirmed,H:2026/2025 P:2026,,,Direct BvP not yet weighted; 2026/2025 Statcast baseline active,7,6,23,2,Hot streak: 2 HR in last 7 games,"platoon edge; pitcher baseline 8.6% barrel, 7.0 HR allowed",neutral batted-ball profile; pitcher fly-ball pressure modest,17.96,43.72,91.19,102.4162,0.5562,0.3039,0.3518,73.46,34.24,40.84,31.89,5.3,0.2278,8.6,40.3,89.2,0.399,0.16,27.3,286 deg,Open-Meteo forecast; MLB fallback,https://forecast.weather.gov/MapClick.php?lat=27.7682&lon=-82.6534,77,1,84,Tropicana Field,,,,,,,,,,,
10,695506,Jac Caglianone,KC,ATH,2026-08-17T23:40:00Z,Scheduled,3,Mason Barnett,686930,R,62.7,Tier 3,Watch List,"Projected Lineup, Strong Barrel, Premium Lineup Spot, Platoon Edge, Hot Hitter/Streak",60.7,48.6,50.7,92.1,80.0,76.4,50.0,,No,Yes,3,Yes,Yes,RotoWire projected lineup; MLB probable pitchers,lineup projected / unconfirmed,H:2026/2025 P:2026/2025,,,Direct BvP not yet weighted; 2026/2025 Statcast baseline active,7,10,26,2,Hot streak: 2 HR in last 7 games,"platoon edge; pitcher baseline 10.3% barrel, 8.6 HR allowed",EV profile; pitcher allows elevated contact,13.96,51.5,92.13,104.9668,0.4912,0.2227,0.3504,77.33,75.39,43.37,22.54,17.5,0.1954,10.31,39.28,88.78,0.4158,0.1796,33.16,354 deg,Open-Meteo forecast; MLB fallback,https://forecast.weather.gov/MapClick.php?lat=39.0517&lon=-94.4803,70,3,82,Kauffman Stadium,,,,,,,,,,,
11,678246,Miguel Vargas,CWS,CHC,2026-08-18T00:05:00Z,Scheduled,3,Shota Imanaga,684007,L,62.4,Tier 3,Watch List,"Projected Lineup, Strong Barrel, Premium Lineup Spot, Platoon Edge, Hot Hitter/Streak",54.9,53.0,52.8,92.1,78.0,83.6,50.0,,No,Yes,3,Yes,Yes,RotoWire projected lineup; MLB probable pitchers,lineup projected / unconfirmed,H:2026/2025 P:2026/2025,,,Direct BvP not yet weighted; 2026/2025 Statcast baseline active,7,9,29,4,Hot streak: 4 HR in last 7 games,"platoon edge; pitcher baseline 10.3% barrel, 28.9 HR allowed",fly-ball profile; pitcher allows elevated contact,12.97,44.63,90.4,100.5082,0.4868,0.2312,0.3645,73.05,34.28,43.37,36.08,23.7,0.2237,10.27,37.9,89.02,0.4298,0.1933,34.39,278 deg,Open-Meteo forecast; MLB fallback,https://forecast.weather.gov/MapClick.php?lat=41.9484&lon=-87.6553,77,14,81,Wrigley Field,,,,,,,,,,,
12,518692,Freddie Freeman,LAD,COL,2026-08-18T00:40:00Z,Scheduled,2,Tomoyuki Sugano,608372,R,62.0,Tier 3,Watch List,"Projected Lineup, Pitcher Vulnerable, Premium Lineup Spot, Platoon Edge",42.0,73.3,66.2,95.5,80.0,12.0,50.0,,No,Yes,2,Yes,Yes,RotoWire projected lineup; MLB probable pitchers,lineup projected / unconfirmed,H:2026/2025 P:2026/2025,,,Direct BvP not yet weighted; 2026/2025 Statcast baseline active,7,5,25,0,"Last 7 games: 5/25, 0 HR","platoon edge; pitcher baseline 13.1% barrel, 26.7 HR allowed",neutral batted-ball profile; pitcher allows elevated contact,9.35,43.39,90.13,100.3937,0.4789,0.1909,0.3668,70.15,8.26,36.68,26.93,17.7,0.1769,13.13,42.32,90.49,0.552,0.249,30.49,144 deg,Open-Meteo forecast; MLB fallback,https://forecast.weather.gov/MapClick.php?lat=39.7559&lon=-104.9942,49,11,78,Coors Field,,,,,,,,,,,
13,804668,Rafael Flores,PIT,DET,2026-08-17T23:05:00Z,Scheduled,5,Framber Valdez,664285,L,61.3,Tier 3,Watch List,"Projected Lineup, Strong Barrel, Platoon Edge, Hot Hitter/Streak",71.6,35.6,42.8,81.9,78.0,94.1,50.0,,No,Yes,5,Yes,Yes,RotoWire projected lineup; MLB probable pitchers,lineup projected / unconfirmed,H:2026/2025 P:2026/2025,,,Direct BvP not yet weighted; 2026/2025 Statcast baseline active,7,8,21,3,Hot streak: 3 HR in last 7 games,"platoon edge; pitcher baseline 6.2% barrel, 13.6 HR allowed",fly-ball profile; pitcher fly-ball pressure modest,16.7,52.42,91.58,101.6765,0.5252,0.2647,0.3799,73.96,41.14,38.58,47.58,2.8,0.2863,6.21,44.06,90.24,0.384,0.1325,18.67,221 deg,Open-Meteo forecast; MLB fallback,https://forecast.weather.gov/MapClick.php?lat=40.4469&lon=-80.0057,91,28,72,PNC Park,,,,,,,,,,,
14,676475,Alec Burleson,STL,PHI,2026-08-17T17:40:00Z,Scheduled,3,,,,60.7,Tier 3,Watch List,"Projected Lineup, Strong Barrel, Premium Lineup Spot, Hot Hitter/Streak",54.0,41.2,64.8,92.1,60.0,94.7,58.7,89.0,No,Yes,3,Yes,Yes,RotoWire projected lineup; MLB probable pitchers,lineup projected / unconfirmed,H:2026/2025 P:,,,Direct BvP not yet weighted; 2026/2025 Statcast baseline active,7,10,26,3,Hot streak: 3 HR in last 7 games,"handedness incomplete; pitcher baseline 0.0% barrel, 0.0 HR allowed",neutral batted-ball profile; pitcher fly-ball pressure modest,10.9,47.69,91.7,102.0138,0.5207,0.2298,0.3744,73.14,33.37,43.61,27.89,19.4,0.19,,,,,,,288 deg,Open-Meteo forecast; MLB fallback,https://forecast.weather.gov/MapClick.php?lat=39.0979&lon=-84.5082,73,13,82,Great American Ball Park,,18.3,0.244,94,8,123,27.3,6,6.35,9,"Strong LHH sheet, Busch heat/wind, Painter LHH split"
15,701398,Sal Stewart,CIN,STL,2026-08-17T17:40:00Z,Scheduled,2,,,,60.3,Tier 3,Watch List,"Projected Lineup, Strong Barrel, Premium Lineup Spot",60.3,41.2,64.8,95.5,60.0,48.5,50.0,,No,Yes,2,Yes,Yes,RotoWire projected lineup; MLB probable pitchers,lineup projected / unconfirmed,H:2026/2025 P:,,,Direct BvP not yet weighted; 2026/2025 Statcast baseline active,7,9,28,1,Contact streak: 9/28 over last 7 games,"handedness incomplete; pitcher baseline 0.0% barrel, 0.0 HR allowed",neutral batted-ball profile; pitcher fly-ball pressure modest,14.96,42.98,91.69,101.4576,0.5187,0.2561,0.3632,72.24,27.07,38.43,32.51,19.7,0.2389,,,,,,,288 deg,Open-Meteo forecast; MLB fallback,https://forecast.weather.gov/MapClick.php?lat=39.0979&lon=-84.5082,73,13,82,Great American Ball Park,,,,,,,,,,,
16,701398,Sal Stewart,CIN,STL,2026-08-17T22:40:00Z,Scheduled,2,,,,60.3,Tier 3,Watch List,"Projected Lineup, Strong Barrel, Premium Lineup Spot",60.3,41.2,64.8,95.5,60.0,48.5,50.0,,No,Yes,2,Yes,Yes,RotoWire projected lineup; MLB probable pitchers,lineup projected / unconfirmed,H:2026/2025 P:,,,Direct BvP not yet weighted; 2026/2025 Statcast baseline active,7,9,28,1,Contact streak: 9/28 over last 7 games,"handedness incomplete; pitcher baseline 0.0% barrel, 0.0 HR allowed",neutral batted-ball profile; pitcher fly-ball pressure modest,14.96,42.98,91.69,101.4576,0.5187,0.2561,0.3632,72.24,27.07,38.43,32.51,19.7,0.2389,,,,,,,288 deg,Open-Meteo forecast; MLB fallback,https://forecast.weather.gov/MapClick.php?lat=39.0979&lon=-84.5082,73,13,82,Great American Ball Park,,,,,,,,,,,
17,699013,Esmerlyn Valdez,PIT,DET,2026-08-17T23:05:00Z,Scheduled,2,Framber Valdez,664285,L,59.7,Longshot,Watch List,"Projected Lineup, Strong Barrel, Premium Lineup Spot, Platoon Edge",70.3,35.6,42.8,95.5,78.0,32.0,50.0,,No,Yes,2,Yes,Yes,RotoWire projected lineup; MLB probable pitchers,lineup projected / unconfirmed,H:2026 P:2026/2025,,,Direct BvP not yet weighted; 2026/2025 Statcast baseline active,7,9,27,0,Contact streak: 9/27 over last 7 games,"platoon edge; pitcher baseline 6.2% barrel, 13.6 HR allowed",fly-ball profile; pitcher fly-ball pressure modest,21.0,47.6,91.4,102.655,0.458,0.249,0.345,74.6,50.1,37.1,41.9,14.0,0.3,6.21,44.06,90.24,0.384,0.1325,18.67,221 deg,Open-Meteo forecast; MLB fallback,https://forecast.weather.gov/MapClick.php?lat=40.4469&lon=-80.0057,91,28,72,PNC Park,,,,,,,,,,,
18,691718,Pete Crow-Armstrong,CHC,CWS,2026-08-18T00:05:00Z,Scheduled,1,Luis Castillo,622491,R,59.3,Longshot,Watch List,"Projected Lineup, Strong Barrel, Premium Lineup Spot, Platoon Edge",53.3,53.1,52.8,88.7,80.0,36.8,50.0,,No,Yes,1,Yes,Yes,RotoWire projected lineup; MLB probable pitchers,lineup projected / unconfirmed,H:2026/2025 P:2026/2025,,,Direct BvP not yet weighted; 2026/2025 Statcast baseline active,7,4,33,2,Hot streak: 2 HR in last 7 games,"platoon edge; pitcher baseline 9.8% barrel, 18.8 HR allowed",fly-ball profile; pitcher fly-ball pressure modest,12.33,46.43,89.99,101.5338,0.4673,0.2197,0.3469,74.17,43.27,49.25,35.57,28.2,0.2473,9.84,42.97,90.16,0.4334,0.1765,28.28,278 deg,Open-Meteo forecast; MLB fallback,https://forecast.weather.gov/MapClick.php?lat=41.9484&lon=-87.6553,77,14,81,Wrigley Field,,,,,,,,,,,
19,681624,Andy Pages,LAD,COL,2026-08-18T00:40:00Z,Scheduled,3,Tomoyuki Sugano,608372,R,59.3,Longshot,Watch List,"Projected Lineup, Pitcher Vulnerable, Premium Lineup Spot",36.0,73.3,66.2,92.1,50.0,53.3,50.0,,No,Yes,3,Yes,Yes,RotoWire projected lineup; MLB probable pitchers,lineup projected / unconfirmed,H:2026/2025 P:2026/2025,,,Direct BvP not yet weighted; 2026/2025 Statcast baseline active,7,6,26,2,Hot streak: 2 HR in last 7 games,"same-side matchup; pitcher baseline 13.1% barrel, 26.7 HR allowed",neutral batted-ball profile; pitcher allows elevated contact,7.91,40.77,88.81,99.8146,0.4336,0.1686,0.33,72.78,26.4,37.9,28.58,22.1,0.1869,13.13,42.32,90.49,0.552,0.249,30.49,144 deg,Open-Meteo forecast; MLB fallback,https://forecast.weather.gov/MapClick.php?lat=39.7559&lon=-104.9942,49,11,78,Coors Field,,,,,,,,,,,
20,691023,Jordan Walker,STL,PHI,2026-08-17T22:40:00Z,Scheduled,4,Rhett Lowder,695076,R,58.3,Longshot,Watch List,"Projected Lineup, Strong Barrel, Premium Lineup Spot",54.8,50.9,64.8,90.4,50.0,44.1,32.9,55.0,No,Yes,4,Yes,Yes,RotoWire projected lineup; MLB probable pitchers,lineup projected / unconfirmed,H:2026/2025 P:2026,,,Direct BvP not yet weighted; 2026/2025 Statcast baseline active,7,7,24,1,"Last 7 games: 7/24, 1 HR","same-side matchup; pitcher baseline 9.6% barrel, 12.0 HR allowed",EV profile; pitcher fly-ball pressure modest,12.3,48.25,92.51,104.6433,0.4463,0.1914,0.3312,78.87,82.91,38.1,23.49,17.9,0.1687,9.6,38.2,90.5,0.456,0.19,27.9,288 deg,Open-Meteo forecast; MLB fallback,https://forecast.weather.gov/MapClick.php?lat=39.0979&lon=-84.5082,73,13,82,Great American Ball Park,,10.9,0.144,91,9,264,0,6,7.62,6,Volume support but ISO modest
21,605141,Mookie Betts,LAD,COL,2026-08-18T00:40:00Z,Scheduled,5,Tomoyuki Sugano,608372,R,58.0,Longshot,Watch List,"Projected Lineup, Pitcher Vulnerable",33.8,73.3,66.2,81.9,50.0,68.7,50.0,,No,Yes,5,Yes,Yes,RotoWire projected lineup; MLB probable pitchers,lineup projected / unconfirmed,H:2026/2025 P:2026/2025,,,Direct BvP not yet weighted; 2026/2025 Statcast baseline active,7,8,24,2,Hot streak: 2 HR in last 7 games,"same-side matchup; pitcher baseline 13.1% barrel, 26.7 HR allowed",fly-ball profile; pitcher allows elevated contact,7.11,37.97,90.08,98.5154,0.4311,0.1581,0.3307,69.53,8.6,39.89,35.2,16.5,0.1655,13.13,42.32,90.49,0.552,0.249,30.49,144 deg,Open-Meteo forecast; MLB fallback,https://forecast.weather.gov/MapClick.php?lat=39.7559&lon=-104.9942,49,11,78,Coors Field,,,,,,,,,,,
22,673548,Seiya Suzuki,CHC,CWS,2026-08-18T00:05:00Z,Scheduled,2,Luis Castillo,622491,R,57.4,Longshot,Watch List,"Projected Lineup, Strong Barrel, Premium Lineup Spot",47.9,53.1,52.8,95.5,50.0,61.5,50.0,,No,Yes,2,Yes,Yes,RotoWire projected lineup; MLB probable pitchers,lineup projected / unconfirmed,H:2026/2025 P:2026/2025,,,Direct BvP not yet weighted; 2026/2025 Statcast baseline active,7,8,28,2,Hot streak: 2 HR in last 7 games,"same-side matchup; pitcher baseline 9.8% barrel, 18.8 HR allowed",neutral batted-ball profile; pitcher fly-ball pressure modest,12.47,42.12,89.62,101.1965,0.4503,0.1998,0.3429,73.3,36.83,42.25,31.2,24.3,0.2197,9.84,42.97,90.16,0.4334,0.1765,28.28,278 deg,Open-Meteo forecast; MLB fallback,https://forecast.weather.gov/MapClick.php?lat=41.9484&lon=-87.6553,77,14,81,Wrigley Field,,,,,,,,,,,
23,691777,Max Muncy,LAD,KC,2026-08-18T00:40:00Z,Scheduled,4,Tomoyuki Sugano,608372,R,57.4,Longshot,Watch List,"Projected Lineup, Strong Barrel, Pitcher Vulnerable, Premium Lineup Spot",35.3,73.3,66.2,90.4,50.0,5.7,66.5,100.0,No,Yes,4,Yes,Yes,RotoWire projected lineup; MLB probable pitchers,lineup projected / unconfirmed,H:2026/2025 P:2026/2025,,,Direct BvP not yet weighted; 2026/2025 Statcast baseline active,7,3,19,0,"Last 7 games: 3/19, 0 HR","same-side matchup; pitcher baseline 13.1% barrel, 26.7 HR allowed",neutral batted-ball profile; pitcher allows elevated contact,10.24,40.52,89.34,100.998,0.3488,0.143,0.2733,74.01,44.98,42.89,23.56,6.2,0.1524,13.13,42.32,90.49,0.552,0.249,30.49,144 deg,Open-Meteo forecast; MLB fallback,https://forecast.weather.gov/MapClick.php?lat=39.7559&lon=-104.9942,49,11,78,Coors Field,,19.2,0.333,92,4,39,57.1,19,8.85,4,Dodger +19; elite sheet line vs Cameron LHH split
24,677951,Bobby Witt,KC,ATH,2026-08-17T23:40:00Z,Scheduled,2,Mason Barnett,686930,R,57.2,Longshot,Watch List,"Projected Lineup, Strong Barrel, Premium Lineup Spot",56.0,48.6,50.7,95.5,50.0,33.7,50.0,,No,Yes,2,Yes,Yes,RotoWire projected lineup; MLB probable pitchers,lineup projected / unconfirmed,H:2026/2025 P:2026/2025,,,Direct BvP not yet weighted; 2026/2025 Statcast baseline active,7,6,27,1,"Last 7 games: 6/27, 1 HR","same-side matchup; pitcher baseline 10.3% barrel, 8.6 HR allowed",EV profile; pitcher allows elevated contact,11.87,50.6,92.81,103.5174,0.5024,0.2073,0.3741,73.88,41.81,29.68,26.5,16.0,0.1745,10.31,39.28,88.78,0.4158,0.1796,33.16,354 deg,Open-Meteo forecast; MLB fallback,https://forecast.weather.gov/MapClick.php?lat=39.0517&lon=-94.4803,70,3,82,Kauffman Stadium,,,,,,,,,,,
25,691023,Jordan Walker,STL,PHI,2026-08-17T17:40:00Z,Scheduled,4,,,,56.8,Longshot,Watch List,"Projected Lineup, Strong Barrel, Premium Lineup Spot",54.8,41.2,64.8,90.4,60.0,44.1,32.9,55.0,No,Yes,4,Yes,Yes,RotoWire projected lineup; MLB probable pitchers,lineup projected / unconfirmed,H:2026/2025 P:,,,Direct BvP not yet weighted; 2026/2025 Statcast baseline active,7,7,24,1,"Last 7 games: 7/24, 1 HR","handedness incomplete; pitcher baseline 0.0% barrel, 0.0 HR allowed",EV profile; pitcher fly-ball pressure modest,12.3,48.25,92.51,104.6433,0.4463,0.1914,0.3312,78.87,82.91,38.1,23.49,17.9,0.1687,,,,,,,288 deg,Open-Meteo forecast; MLB fallback,https://forecast.weather.gov/MapClick.php?lat=39.0979&lon=-84.5082,73,13,82,Great American Ball Park,,10.9,0.144,91,9,264,0,6,7.62,6,Volume support but ISO modest
26,547180,Bryce Harper,PHI,STL,2026-08-17T22:40:00Z,Scheduled,3,Janson Junk,676083,R,56.7,Longshot,Watch List,"Projected Lineup, Strong Barrel, Premium Lineup Spot, Platoon Edge",52.3,42.5,52.8,92.1,80.0,17.7,62.9,83.0,No,Yes,3,Yes,Yes,RotoWire projected lineup; MLB probable pitchers,lineup projected / unconfirmed,H:2026/2025 P:2026/2025,,,Direct BvP not yet weighted; 2026/2025 Statcast baseline active,7,5,21,0,"Last 7 games: 5/21, 0 HR","platoon edge; pitcher baseline 7.5% barrel, 10.8 HR allowed",neutral batted-ball profile; pitcher fly-ball pressure modest,11.53,45.54,90.46,101.8992,0.4983,0.2282,0.3827,74.24,45.71,38.12,27.52,25.6,0.2351,7.52,42.61,90.48,0.4215,0.1606,23.29,106 deg,Open-Meteo forecast; MLB fallback,https://forecast.weather.gov/MapClick.php?lat=39.9061&lon=-75.1665,82,15,70,Citizens Bank Park,,16.5,0.424,93,13,118,0,6,4.88,2,Elite hitter/sheet power; pitcher split less targetable
27,681715,Heriberto Hernandez,MIA,PHI,2026-08-17T22:40:00Z,Scheduled,2,Cristopher Sánchez,650911,L,56.6,Longshot,Watch List,"Projected Lineup, Strong Barrel, Premium Lineup Spot, Platoon Edge",53.9,32.1,52.8,95.5,78.0,59.1,50.0,,No,Yes,2,Yes,Yes,RotoWire projected lineup; MLB probable pitchers,lineup projected / unconfirmed,H:2026/2025 P:2026/2025,,,Direct BvP not yet weighted; 2026/2025 Statcast baseline active,7,7,26,2,Hot streak: 2 HR in last 7 games,"platoon edge; pitcher baseline 7.0% barrel, 12.7 HR allowed",neutral batted-ball profile; pitcher fly-ball pressure modest,12.05,48.27,91.32,101.7397,0.4623,0.2166,0.3403,74.28,46.58,45.91,30.06,14.9,0.2056,6.96,41.41,89.14,0.3548,0.1228,16.9,106 deg,Open-Meteo forecast; MLB fallback,https://forecast.weather.gov/MapClick.php?lat=39.9061&lon=-75.1665,82,15,70,Citizens Bank Park,,,,,,,,,,,
28,596019,Francisco Lindor,NYM,SD,2026-08-17T23:10:00Z,Scheduled,2,Walker Buehler,621111,R,56.6,Longshot,Watch List,"Projected Lineup, Premium Lineup Spot, Platoon Edge, Hot Hitter/Streak",48.2,40.9,49.3,95.5,75.0,70.6,50.0,,No,Yes,2,Yes,Yes,RotoWire projected lineup; MLB probable pitchers,lineup projected / unconfirmed,H:2026/2025 P:2026/2025,,,Direct BvP not yet weighted; 2026/2025 Statcast baseline active,7,9,26,2,Hot streak: 2 HR in last 7 games,"switch hitter; pitcher baseline 8.7% barrel, 16.4 HR allowed",neutral batted-ball profile; pitcher fly-ball pressure modest,9.6,48.18,91.27,100.4606,0.4631,0.2052,0.3513,72.02,22.67,46.09,30.3,17.7,0.1983,8.73,39.13,88.95,0.4164,0.161,23.23,191 deg,Open-Meteo forecast; MLB fallback,https://forecast.weather.gov/MapClick.php?lat=40.7571&lon=-73.8458,71,10,74,Citi Field,,,,,,,,,,,
29,691406,Junior Caminero,TB,ATH,2026-08-17T22:05:00Z,Scheduled,3,Brandon Young,687064,R,56.3,Longshot,Watch List,"Projected Lineup, Strong Barrel, Premium Lineup Spot",63.7,40.3,53.1,92.1,50.0,44.5,14.4,48.0,No,Yes,3,Yes,Yes,RotoWire projected lineup; MLB probable pitchers,lineup projected / unconfirmed,H:2026/2025 P:2026/2025,,,Direct BvP not yet weighted; 2026/2025 Statcast baseline active,7,5,29,2,Hot streak: 2 HR in last 7 games,"same-side matchup; pitcher baseline 7.3% barrel, 12.0 HR allowed",EV profile; pitcher fly-ball pressure modest,13.72,50.7,92.68,105.2354,0.5059,0.239,0.3628,79.41,85.32,45.66,23.91,38.0,0.2696,7.33,41.36,89.33,0.4082,0.1588,27.15,286 deg,Open-Meteo forecast; MLB fallback,https://forecast.weather.gov/MapClick.php?lat=27.7682&lon=-82.6534,77,1,84,Tropicana Field,,0,0,0,0,0,0,37,0,0,Ballpark Pal top hitter 27.9%; best park/weather on slate
30,695600,Carter Jensen,KC,ATH,2026-08-17T23:40:00Z,Scheduled,1,Mason Barnett,686930,R,56.3,Longshot,Watch List,"Projected Lineup, Strong Barrel, Premium Lineup Spot, Platoon Edge",53.9,48.6,50.7,88.7,80.0,0.0,50.0,,No,Yes,1,Yes,Yes,RotoWire projected lineup; MLB probable pitchers,lineup projected / unconfirmed,H:2026/2025 P:2026/2025,,,Direct BvP not yet weighted; 2026/2025 Statcast baseline active,7,1,22,0,"Last 7 games: 1/22, 0 HR","platoon edge; pitcher baseline 10.3% barrel, 8.6 HR allowed",EV profile; pitcher allows elevated contact,13.17,47.73,92.11,102.7155,0.4363,0.1962,0.3308,74.1,39.01,40.44,29.65,12.1,0.2038,10.31,39.28,88.78,0.4158,0.1796,33.16,354 deg,Open-Meteo forecast; MLB fallback,https://forecast.weather.gov/MapClick.php?lat=39.0517&lon=-94.4803,70,3,82,Kauffman Stadium,,,,,,,,,,,
31,682829,Elly De La Cruz,CIN,STL,2026-08-17T17:40:00Z,Scheduled,1,,,,56.1,Longshot,Watch List,"Projected Lineup, Strong Barrel, Premium Lineup Spot, Platoon Edge",54.5,40.2,64.8,88.7,75.0,0.0,50.0,,No,Yes,1,Yes,Yes,RotoWire projected lineup; MLB probable pitchers,lineup projected / unconfirmed,H:2026/2025 P:,,,Direct BvP not yet weighted; 2026/2025 Statcast baseline active,7,2,26,0,"Last 7 games: 2/26, 0 HR","switch hitter; pitcher baseline 0.0% barrel, 0.0 HR allowed",EV profile; pitcher fly-ball pressure modest,12.61,48.75,92.82,103.8772,0.4562,0.1933,0.3479,75.31,53.21,34.68,25.1,20.6,0.204,,,,,,,288 deg,Open-Meteo forecast; MLB fallback,https://forecast.weather.gov/MapClick.php?lat=39.0979&lon=-84.5082,73,13,82,Great American Ball Park,,,,,,,,,,,
32,682829,Elly De La Cruz,CIN,STL,2026-08-17T22:40:00Z,Scheduled,1,,,,56.1,Longshot,Watch List,"Projected Lineup, Strong Barrel, Premium Lineup Spot, Platoon Edge",54.5,40.2,64.8,88.7,75.0,0.0,50.0,,No,Yes,1,Yes,Yes,RotoWire projected lineup; MLB probable pitchers,lineup projected / unconfirmed,H:2026/2025 P:,,,Direct BvP not yet weighted; 2026/2025 Statcast baseline active,7,2,26,0,"Last 7 games: 2/26, 0 HR","switch hitter; pitcher baseline 0.0% barrel, 0.0 HR allowed",EV profile; pitcher fly-ball pressure modest,12.61,48.75,92.82,103.8772,0.4562,0.1933,0.3479,75.31,53.21,34.68,25.1,20.6,0.204,,,,,,,288 deg,Open-Meteo forecast; MLB fallback,https://forecast.weather.gov/MapClick.php?lat=39.0979&lon=-84.5082,73,13,82,Great American Ball Park,,,,,,,,,,,
33,686948,Drake Baldwin,ATL,NYM,2026-08-17T23:40:00Z,Scheduled,1,Bailey Ober,641927,R,56.1,Longshot,Watch List,"Projected Lineup, Strong Barrel, Premium Lineup Spot, Platoon Edge",56.4,55.5,27.1,88.7,80.0,26.4,37.9,68.0,No,Yes,1,Yes,Yes,RotoWire projected lineup; MLB probable pitchers,lineup projected / unconfirmed,H:2026/2025 P:2026/2025,,,Direct BvP not yet weighted; 2026/2025 Statcast baseline active,7,8,27,0,"Last 7 games: 8/27, 0 HR","platoon edge; pitcher baseline 10.7% barrel, 20.9 HR allowed",neutral batted-ball profile; pitcher allows elevated contact,12.61,50.79,91.63,102.3701,0.4926,0.2157,0.367,75.16,54.69,31.8,24.27,19.7,0.1817,10.69,36.23,88.83,0.4669,0.2147,31.83,,NOAA link only,https://forecast.weather.gov/MapClick.php?lat=44.9817&lon=-93.2776,,,,Target Field,,16.4,0.177,93,4,79,0,3,3.3,6,Strong barrel/EV but ISO lower
34,660670,Ronald Acuna,ATL,NYM,2026-08-17T23:40:00Z,Scheduled,2,Bailey Ober,641927,R,55.8,Longshot,Watch List,"Projected Lineup, Strong Barrel, Premium Lineup Spot",61.1,55.5,27.1,95.5,50.0,33.7,25.7,50.0,No,Yes,2,Yes,Yes,RotoWire projected lineup; MLB probable pitchers,lineup projected / unconfirmed,H:2026/2025 P:2026/2025,,,Direct BvP not yet weighted; 2026/2025 Statcast baseline active,7,6,27,1,"Last 7 games: 6/27, 1 HR","same-side matchup; pitcher baseline 10.7% barrel, 20.9 HR allowed",neutral batted-ball profile; pitcher allows elevated contact,14.23,47.74,91.02,102.7663,0.5098,0.2496,0.3816,76.05,62.95,36.37,28.93,15.4,0.2056,10.69,36.23,88.83,0.4669,0.2147,31.83,,NOAA link only,https://forecast.weather.gov/MapClick.php?lat=44.9817&lon=-93.2776,,,,Target Field,,12.0,0.041,94,1,74,0,3,4.17,1,EV helps but ISO not HR-friendly today
35,664023,Ian Happ,CHC,CWS,2026-08-18T00:05:00Z,Scheduled,4,Luis Castillo,622491,R,55.7,Longshot,Watch List,"Projected Lineup, Strong Barrel, Premium Lineup Spot, Platoon Edge",43.4,51.1,52.8,90.4,75.0,39.5,50.0,,No,Yes,4,Yes,Yes,RotoWire projected lineup; MLB probable pitchers,lineup projected / unconfirmed,H:2026/2025 P:2026/2025,,,Direct BvP not yet weighted; 2026/2025 Statcast baseline active,7,6,23,1,"Last 7 games: 6/23, 1 HR","switch hitter; pitcher baseline 9.8% barrel, 18.8 HR allowed",neutral batted-ball profile; pitcher fly-ball pressure modest,10.89,42.79,89.51,100.8498,0.4087,0.1923,0.3225,71.88,18.92,43.91,32.6,20.9,0.1917,9.84,42.97,90.16,0.4334,0.1765,28.28,278 deg,Open-Meteo forecast; MLB fallback,https://forecast.weather.gov/MapClick.php?lat=41.9484&lon=-87.6553,77,14,81,Wrigley Field,,,,,,,,,,,
36,621439,Byron Buxton,MIN,ATL,2026-08-17T23:40:00Z,Scheduled,2,Martín Pérez,527048,L,55.6,Longshot,Watch List,"Projected Lineup, Strong Barrel, Premium Lineup Spot, Platoon Edge",66.9,39.0,27.1,95.5,78.0,0.0,50.0,,No,Yes,2,Yes,Yes,RotoWire projected lineup; MLB probable pitchers,lineup projected / unconfirmed,H:2026/2025 P:2026/2025,,,Direct BvP not yet weighted; 2026/2025 Statcast baseline active,7,1,26,0,"Last 7 games: 1/26, 0 HR","platoon edge; pitcher baseline 8.4% barrel, 9.5 HR allowed",neutral batted-ball profile; pitcher fly-ball pressure modest,17.42,48.9,90.96,102.3025,0.5056,0.2576,0.3465,74.44,43.88,47.68,34.49,28.0,0.2807,8.42,38.0,88.2,0.4157,0.1639,24.27,,NOAA link only,https://forecast.weather.gov/MapClick.php?lat=44.9817&lon=-93.2776,,,,Target Field,,,,,,,,,,,
37,691728,Zac Veen,COL,LAD,2026-08-18T00:40:00Z,Scheduled,6,Blake Snell,605483,L,55.6,Longshot,Watch List,"Projected Lineup, Elite Power, Strong Barrel",86.3,1.2,66.2,71.7,50.0,56.2,50.0,,No,Yes,6,Yes,Yes,RotoWire projected lineup; MLB probable pitchers,lineup projected / unconfirmed,H:2026/2025 P:2026/2025,,,Direct BvP not yet weighted; 2026/2025 Statcast baseline active,4,3,12,2,Hot streak: 2 HR in last 4 games,"same-side matchup; pitcher baseline 1.7% barrel, 0.9 HR allowed",fly-ball profile; pitcher fly-ball pressure modest,29.5,51.0,91.67,103.4446,0.6795,0.4529,0.4043,72.19,22.31,69.5,66.5,1.7,0.502,1.74,19.72,84.38,0.2793,0.0651,21.26,144 deg,Open-Meteo forecast; MLB fallback,https://forecast.weather.gov/MapClick.php?lat=39.7559&lon=-104.9942,49,11,78,Coors Field,,,,,,,,,,,
38,666018,Jonathan Aranda,TB,BAL,2026-08-17T22:05:00Z,Scheduled,2,Brandon Young,687064,R,55.1,Longshot,Watch List,"Projected Lineup, Strong Barrel, Premium Lineup Spot, Platoon Edge",48.8,40.3,53.1,95.5,80.0,20.7,50.0,,No,Yes,2,Yes,Yes,RotoWire projected lineup; MLB probable pitchers,lineup projected / unconfirmed,H:2026/2025 P:2026/2025,,,Direct BvP not yet weighted; 2026/2025 Statcast baseline active,7,8,31,0,"Last 7 games: 8/31, 0 HR","platoon edge; pitcher baseline 7.3% barrel, 12.0 HR allowed",neutral batted-ball profile; pitcher fly-ball pressure modest,10.94,47.92,91.53,101.3209,0.4702,0.196,0.3631,70.15,12.41,31.94,30.2,14.7,0.152,7.33,41.36,89.33,0.4082,0.1588,27.15,286 deg,Open-Meteo forecast; MLB fallback,https://forecast.weather.gov/MapClick.php?lat=27.7682&lon=-82.6534,77,1,84,Tropicana Field,,,,,,,,,,,
39,553993,Eugenio Suarez,CIN,STL,2026-08-17T17:40:00Z,Scheduled,4,,,,54.4,Longshot,Watch List,"Projected Lineup, Strong Barrel, Premium Lineup Spot",43.1,41.2,64.8,90.4,60.0,51.3,50.0,,No,Yes,4,Yes,Yes,RotoWire projected lineup; MLB probable pitchers,lineup projected / unconfirmed,H:2026/2025 P:,,,Direct BvP not yet weighted; 2026/2025 Statcast baseline active,7,5,23,2,Hot streak: 2 HR in last 7 games,"handedness incomplete; pitcher baseline 0.0% barrel, 0.0 HR allowed",neutral batted-ball profile; pitcher fly-ball pressure modest,12.69,39.27,89.08,100.1364,0.3804,0.1848,0.2871,71.88,20.9,48.52,34.74,27.3,0.2378,,,,,,,288 deg,Open-Meteo forecast; MLB fallback,https://forecast.weather.gov/MapClick.php?lat=39.0979&lon=-84.5082,73,13,82,Great American Ball Park,,,,,,,,,,,
40,802139,JJ Wetherholt,STL,CIN,2026-08-17T22:40:00Z,Scheduled,1,Rhett Lowder,695076,R,54.4,Longshot,Watch List,"Projected Lineup, Premium Lineup Spot, Platoon Edge",37.9,50.9,64.8,88.7,80.0,10.8,50.0,,No,Yes,1,Yes,Yes,RotoWire projected lineup; MLB probable pitchers,lineup projected / unconfirmed,H:2026 P:2026,,,Direct BvP not yet weighted; 2026/2025 Statcast baseline active,7,5,26,0,"Last 7 games: 5/26, 0 HR","platoon edge; pitcher baseline 9.6% barrel, 12.0 HR allowed",neutral batted-ball profile; pitcher fly-ball pressure modest,7.3,43.9,89.7,99.3231,0.433,0.178,0.351,71.9,20.4,36.8,29.6,16.0,0.132,9.6,38.2,90.5,0.456,0.19,27.9,288 deg,Open-Meteo forecast; MLB fallback,https://forecast.weather.gov/MapClick.php?lat=39.0979&lon=-84.5082,73,13,82,Great American Ball Park,,,,,,,,,,,
41,553993,Eugenio Suarez,CIN,STL,2026-08-17T22:40:00Z,Scheduled,4,,,,54.4,Longshot,Watch List,"Projected Lineup, Strong Barrel, Premium Lineup Spot",43.1,41.2,64.8,90.4,60.0,51.3,50.0,,No,Yes,4,Yes,Yes,RotoWire projected lineup; MLB probable pitchers,lineup projected / unconfirmed,H:2026/2025 P:,,,Direct BvP not yet weighted; 2026/2025 Statcast baseline active,7,5,23,2,Hot streak: 2 HR in last 7 games,"handedness incomplete; pitcher baseline 0.0% barrel, 0.0 HR allowed",neutral batted-ball profile; pitcher fly-ball pressure modest,12.69,39.27,89.08,100.1364,0.3804,0.1848,0.2871,71.88,20.9,48.52,34.74,27.3,0.2378,,,,,,,288 deg,Open-Meteo forecast; MLB fallback,https://forecast.weather.gov/MapClick.php?lat=39.0979&lon=-84.5082,73,13,82,Great American Ball Park,,,,,,,,,,,
42,663656,Kyle Tucker,LAD,KC,2026-08-18T00:40:00Z,Scheduled,6,Tomoyuki Sugano,608372,R,54.4,Longshot,Watch List,"Projected Lineup, Pitcher Vulnerable, Platoon Edge",33.7,73.3,66.2,71.7,80.0,0.0,27.1,57.0,No,Yes,6,Yes,Yes,RotoWire projected lineup; MLB probable pitchers,lineup projected / unconfirmed,H:2026/2025 P:2026/2025,,,Direct BvP not yet weighted; 2026/2025 Statcast baseline active,7,1,23,0,"Last 7 games: 1/23, 0 HR","platoon edge; pitcher baseline 13.1% barrel, 26.7 HR allowed",neutral batted-ball profile; pitcher allows elevated contact,7.58,38.58,89.19,98.8538,0.4172,0.1556,0.344,71.51,20.94,43.52,33.05,14.3,0.1567,13.13,42.32,90.49,0.552,0.249,30.49,144 deg,Open-Meteo forecast; MLB fallback,https://forecast.weather.gov/MapClick.php?lat=39.7559&lon=-104.9942,49,11,78,Coors Field,,11.1,0.152,90,1,66,30.8,19,8.85,4,Park/split help but hitter sheet not loud
43,677800,Wilyer Abreu,BOS,TOR,2026-08-17T23:10:00Z,Scheduled,3,Mitch Bratt,683352,L,53.6,Longshot,Watch List,"Projected Lineup, Strong Barrel, Premium Lineup Spot",55.9,29.8,52.2,92.1,50.0,62.4,42.2,61.0,No,Yes,3,Yes,Yes,RotoWire projected lineup; MLB probable pitchers,lineup projected / unconfirmed,H:2026/2025 P:2026,,,Direct BvP not yet weighted; 2026/2025 Statcast baseline active,7,7,24,2,Hot streak: 2 HR in last 7 games,"same-side matchup; pitcher baseline 7.1% barrel, 5.0 HR allowed",fly-ball profile; pitcher allows elevated contact,13.07,44.55,90.31,101.4627,0.4897,0.2334,0.3511,73.89,38.73,38.11,37.45,22.0,0.2185,7.1,34.7,87.6,0.351,0.14,33.7,186 deg,Open-Meteo forecast; MLB fallback,https://forecast.weather.gov/MapClick.php?lat=42.3467&lon=-71.0972,52,0,76,Fenway Park,,12.8,0.18,90,8,183,0,22,11.39,14,Taillon LHH split target + Rogers boost
44,695657,Colson Montgomery,CWS,CHC,2026-08-18T00:05:00Z,Scheduled,6,Shota Imanaga,684007,L,53.6,Longshot,Watch List,"Projected Lineup, Strong Barrel",51.9,53.0,52.8,71.7,50.0,27.1,50.0,,No,Yes,6,Yes,Yes,RotoWire projected lineup; MLB probable pitchers,lineup projected / unconfirmed,H:2026/2025 P:2026/2025,,,Direct BvP not yet weighted; 2026/2025 Statcast baseline active,7,5,28,1,"Last 7 games: 5/28, 1 HR","same-side matchup; pitcher baseline 10.3% barrel, 28.9 HR allowed",neutral batted-ball profile; pitcher allows elevated contact,12.96,42.54,89.05,101.8146,0.438,0.2227,0.3144,76.65,69.81,49.72,34.21,24.5,0.2417,10.27,37.9,89.02,0.4298,0.1933,34.39,278 deg,Open-Meteo forecast; MLB fallback,https://forecast.weather.gov/MapClick.php?lat=41.9484&lon=-87.6553,77,14,81,Wrigley Field,,,,,,,,,,,
45,676724,Jared Young,NYM,SD,2026-08-17T23:10:00Z,Scheduled,5,Walker Buehler,621111,R,53.5,Longshot,Watch List,"Projected Lineup, Strong Barrel, Platoon Edge",43.3,42.7,49.3,81.9,80.0,59.3,50.0,,No,Yes,5,Yes,Yes,RotoWire projected lineup; MLB probable pitchers,lineup projected / unconfirmed,H:2026/2025 P:2026/2025,,,Direct BvP not yet weighted; 2026/2025 Statcast baseline active,7,11,28,1,Contact streak: 11/28 over last 7 games,"platoon edge; pitcher baseline 8.7% barrel, 16.4 HR allowed",neutral batted-ball profile; pitcher fly-ball pressure modest,10.45,45.95,88.73,101.3836,0.4252,0.192,0.3177,73.37,33.67,38.53,26.74,6.8,0.2187,8.73,39.13,88.95,0.4164,0.161,23.23,191 deg,Open-Meteo forecast; MLB fallback,https://forecast.weather.gov/MapClick.php?lat=40.7571&lon=-73.8458,71,10,74,Citi Field,,,,,,,,,,,
46,665487,Fernando Tatis,SD,NYM,2026-08-17T23:10:00Z,Scheduled,1,Nolan McLean,690997,R,53.4,Longshot,Watch List,"Projected Lineup, Strong Barrel, Premium Lineup Spot, Hot Hitter/Streak",53.7,30.8,49.3,88.7,50.0,76.1,50.0,,No,Yes,1,Yes,Yes,RotoWire projected lineup; MLB probable pitchers,lineup projected / unconfirmed,H:2026/2025 P:2026/2025,,,Direct BvP not yet weighted; 2026/2025 Statcast baseline active,7,6,23,3,Hot streak: 3 HR in last 7 games,"same-side matchup; pitcher baseline 7.3% barrel, 11.7 HR allowed",EV profile; pitcher fly-ball pressure modest,11.42,52.36,92.67,104.2798,0.4719,0.1883,0.3672,75.51,57.7,34.73,22.01,16.6,0.1542,7.3,38.08,88.38,0.3514,0.1299,21.84,191 deg,Open-Meteo forecast; MLB fallback,https://forecast.weather.gov/MapClick.php?lat=40.7571&lon=-73.8458,71,10,74,Citi Field,,,,,,,,,,,
47,606192,Teoscar Hernandez,LAD,COL,2026-08-18T00:40:00Z,Scheduled,8,Tomoyuki Sugano,608372,R,53.2,Longshot,Watch List,"Projected Lineup, Pitcher Vulnerable",41.3,73.3,66.2,47.9,50.0,21.5,50.0,,No,Yes,8,Yes,Yes,RotoWire projected lineup; MLB probable pitchers,lineup projected / unconfirmed,H:2026/2025 P:2026/2025,,,Direct BvP not yet weighted; 2026/2025 Statcast baseline active,7,5,19,0,"Last 7 games: 5/19, 0 HR","same-side matchup; pitcher baseline 13.1% barrel, 26.7 HR allowed",neutral batted-ball profile; pitcher allows elevated contact,9.54,44.07,89.92,101.0332,0.4214,0.1752,0.3174,72.41,24.64,34.01,29.66,15.2,0.1664,13.13,42.32,90.49,0.552,0.249,30.49,144 deg,Open-Meteo forecast; MLB fallback,https://forecast.weather.gov/MapClick.php?lat=39.7559&lon=-104.9942,49,11,78,Coors Field,,,,,,,,,,,
48,671056,Ivan Herrera,STL,CIN,2026-08-17T22:40:00Z,Scheduled,2,Rhett Lowder,695076,R,53.1,Longshot,Watch List,"Projected Lineup, Premium Lineup Spot",35.1,50.9,64.8,95.5,50.0,32.0,50.0,,No,Yes,2,Yes,Yes,RotoWire projected lineup; MLB probable pitchers,lineup projected / unconfirmed,H:2026/2025 P:2026,,,Direct BvP not yet weighted; 2026/2025 Statcast baseline active,7,9,27,0,Contact streak: 9/27 over last 7 games,"same-side matchup; pitcher baseline 9.6% barrel, 12.0 HR allowed",neutral batted-ball profile; pitcher fly-ball pressure modest,7.32,43.29,90.01,101.5017,0.4135,0.1562,0.3449,73.95,43.42,37.52,18.68,14.8,0.152,9.6,38.2,90.5,0.456,0.19,27.9,288 deg,Open-Meteo forecast; MLB fallback,https://forecast.weather.gov/MapClick.php?lat=39.0979&lon=-84.5082,73,13,82,Great American Ball Park,,,,,,,,,,,
49,701538,Jackson Merrill,SD,NYM,2026-08-17T23:10:00Z,Scheduled,5,Nolan McLean,690997,R,53.1,Longshot,Watch List,"Projected Lineup, Strong Barrel, Platoon Edge",50.5,30.8,49.3,81.9,80.0,62.4,50.0,,No,Yes,5,Yes,Yes,RotoWire projected lineup; MLB probable pitchers,lineup projected / unconfirmed,H:2026/2025 P:2026/2025,,,Direct BvP not yet weighted; 2026/2025 Statcast baseline active,7,7,24,2,Hot streak: 2 HR in last 7 games,"platoon edge; pitcher baseline 7.3% barrel, 11.7 HR allowed",neutral batted-ball profile; pitcher fly-ball pressure modest,11.88,45.98,90.26,100.7372,0.4739,0.213,0.3372,72.81,26.77,37.84,29.43,18.1,0.179,7.3,38.08,88.38,0.3514,0.1299,21.84,191 deg,Open-Meteo forecast; MLB fallback,https://forecast.weather.gov/MapClick.php?lat=40.7571&lon=-73.8458,71,10,74,Citi Field,,,,,,,,,,,
50,671739,Michael Harris,ATL,NYM,2026-08-17T23:40:00Z,Scheduled,4,Bailey Ober,641927,R,53.0,Longshot,Watch List,"Projected Lineup, Strong Barrel, Premium Lineup Spot, Platoon Edge",46.8,55.5,27.1,90.4,80.0,16.6,41.5,68.0,No,Yes,4,Yes,Yes,RotoWire projected lineup; MLB probable pitchers,lineup projected / unconfirmed,H:2026/2025 P:2026/2025,,,Direct BvP not yet weighted; 2026/2025 Statcast baseline active,7,6,26,0,"Last 7 games: 6/26, 0 HR","platoon edge; pitcher baseline 10.7% barrel, 20.9 HR allowed",neutral batted-ball profile; pitcher allows elevated contact,10.43,47.6,90.48,103.3918,0.4688,0.1851,0.336,74.79,47.54,35.87,22.42,20.0,0.1852,10.69,36.23,88.83,0.4669,0.2147,31.83,,NOAA link only,https://forecast.weather.gov/MapClick.php?lat=44.9817&lon=-93.2776,,,,Target Field,,14.3,0.294,91,5,68,0,3,3.3,6,Good LHH sheet line; mild park
51,650490,Yandy Diaz,TB,BAL,2026-08-17T22:05:00Z,Scheduled,1,Brandon Young,687064,R,52.3,Longshot,Watch List,"Projected Lineup, Premium Lineup Spot, Hot Hitter/Streak",40.7,40.3,53.1,88.7,50.0,81.7,50.0,,No,Yes,1,Yes,Yes,RotoWire projected lineup; MLB probable pitchers,lineup projected / unconfirmed,H:2026/2025 P:2026/2025,,,Direct BvP not yet weighted; 2026/2025 Statcast baseline active,7,14,33,2,Hot streak: 2 HR in last 7 games,"same-side matchup; pitcher baseline 7.3% barrel, 12.0 HR allowed",neutral batted-ball profile; pitcher fly-ball pressure modest,7.32,48.86,91.46,103.1208,0.4513,0.1628,0.3558,73.64,38.0,22.62,19.72,19.4,0.1666,7.33,41.36,89.33,0.4082,0.1588,27.15,286 deg,Open-Meteo forecast; MLB fallback,https://forecast.weather.gov/MapClick.php?lat=27.7682&lon=-82.6534,77,1,84,Tropicana Field,,,,,,,,,,,
52,521692,Salvador Perez,KC,ATH,2026-08-17T23:40:00Z,Scheduled,4,Mason Barnett,686930,R,52.0,Longshot,Watch List,"Projected Lineup, Strong Barrel, Premium Lineup Spot",45.2,48.6,50.7,90.4,50.0,12.0,50.0,,No,Yes,4,Yes,Yes,RotoWire projected lineup; MLB probable pitchers,lineup projected / unconfirmed,H:2026/2025 P:2026/2025,,,Direct BvP not yet weighted; 2026/2025 Statcast baseline active,7,5,25,0,"Last 7 games: 5/25, 0 HR","same-side matchup; pitcher baseline 10.3% barrel, 8.6 HR allowed",neutral batted-ball profile; pitcher allows elevated contact,11.02,43.41,89.23,100.6563,0.4451,0.2051,0.3143,71.92,21.86,41.77,30.99,20.2,0.1701,10.31,39.28,88.78,0.4158,0.1796,33.16,354 deg,Open-Meteo forecast; MLB fallback,https://forecast.weather.gov/MapClick.php?lat=39.0517&lon=-94.4803,70,3,82,Kauffman Stadium,,,,,,,,,,,
53,671056,Ivan Herrera,STL,CIN,2026-08-17T17:40:00Z,Scheduled,2,,,,51.7,Longshot,Watch List,"Projected Lineup, Premium Lineup Spot",35.1,41.2,64.8,95.5,60.0,32.0,50.0,,No,Yes,2,Yes,Yes,RotoWire projected lineup; MLB probable pitchers,lineup projected / unconfirmed,H:2026/2025 P:,,,Direct BvP not yet weighted; 2026/2025 Statcast baseline active,7,9,27,0,Contact streak: 9/27 over last 7 games,"handedness incomplete; pitcher baseline 0.0% barrel, 0.0 HR allowed",neutral batted-ball profile; pitcher fly-ball pressure modest,7.32,43.29,90.01,101.5017,0.4135,0.1562,0.3449,73.95,43.42,37.52,18.68,14.8,0.152,,,,,,,288 deg,Open-Meteo forecast; MLB fallback,https://forecast.weather.gov/MapClick.php?lat=39.0979&lon=-84.5082,73,13,82,Great American Ball Park,,,,,,,,,,,
54,624424,Michael Conforto,CHC,CWS,2026-08-18T00:05:00Z,Scheduled,8,Luis Castillo,622491,R,51.7,Longshot,Watch List,"Projected Lineup, Strong Barrel, Platoon Edge",48.1,53.1,52.8,47.9,80.0,31.9,50.0,,No,Yes,8,Yes,Yes,RotoWire projected lineup; MLB probable pitchers,lineup projected / unconfirmed,H:2026/2025 P:2026/2025,,,Direct BvP not yet weighted; 2026/2025 Statcast baseline active,7,4,19,1,"Last 7 games: 4/19, 1 HR","platoon edge; pitcher baseline 9.8% barrel, 18.8 HR allowed",fly-ball profile; pitcher fly-ball pressure modest,11.38,44.28,91.16,100.8936,0.4163,0.1889,0.3223,72.92,33.58,44.16,36.09,10.6,0.1991,9.84,42.97,90.16,0.4334,0.1765,28.28,278 deg,Open-Meteo forecast; MLB fallback,https://forecast.weather.gov/MapClick.php?lat=41.9484&lon=-87.6553,77,14,81,Wrigley Field,,,,,,,,,,,
55,683002,Gunnar Henderson,BAL,TB,2026-08-17T22:05:00Z,Scheduled,3,Shane McClanahan,663556,L,51.6,Longshot,Watch List,"Projected Lineup, Premium Lineup Spot",38.9,41.2,53.1,92.1,50.0,64.8,50.0,,No,Yes,3,Yes,Yes,RotoWire projected lineup; MLB probable pitchers,lineup projected / unconfirmed,H:2026/2025 P:2026,,,Direct BvP not yet weighted; 2026/2025 Statcast baseline active,7,8,26,2,Hot streak: 2 HR in last 7 games,"same-side matchup; pitcher baseline 8.6% barrel, 7.0 HR allowed",neutral batted-ball profile; pitcher fly-ball pressure modest,7.83,46.47,90.49,101.4378,0.4075,0.156,0.3249,74.67,47.24,41.57,24.36,19.1,0.1759,8.6,40.3,89.2,0.399,0.16,27.3,286 deg,Open-Meteo forecast; MLB fallback,https://forecast.weather.gov/MapClick.php?lat=27.7682&lon=-82.6534,77,1,84,Tropicana Field,,,,,,,,,,,
56,608324,Alex Bregman,CHC,CWS,2026-08-18T00:05:00Z,Scheduled,3,Luis Castillo,622491,R,51.6,Longshot,Watch List,"Projected Lineup, Premium Lineup Spot, Hot Hitter/Streak",26.1,53.1,52.8,92.1,50.0,88.9,50.0,,No,Yes,3,Yes,Yes,RotoWire projected lineup; MLB probable pitchers,lineup projected / unconfirmed,H:2026/2025 P:2026/2025,,,Direct BvP not yet weighted; 2026/2025 Statcast baseline active,7,9,26,4,Hot streak: 4 HR in last 7 games,"same-side matchup; pitcher baseline 9.8% barrel, 18.8 HR allowed",neutral batted-ball profile; pitcher fly-ball pressure modest,5.13,39.99,88.91,98.3498,0.3836,0.1376,0.3202,70.16,4.94,47.14,27.09,16.6,0.1631,9.84,42.97,90.16,0.4334,0.1765,28.28,278 deg,Open-Meteo forecast; MLB fallback,https://forecast.weather.gov/MapClick.php?lat=41.9484&lon=-87.6553,77,14,81,Wrigley Field,,,,,,,,,,,
57,664040,Brandon Lowe,PIT,DET,2026-08-17T23:05:00Z,Scheduled,4,Framber Valdez,664285,L,51.5,Longshot,Watch List,"Projected Lineup, Strong Barrel, Premium Lineup Spot",53.1,35.6,42.8,90.4,50.0,33.7,50.0,,No,Yes,4,Yes,Yes,RotoWire projected lineup; MLB probable pitchers,lineup projected / unconfirmed,H:2026/2025 P:2026/2025,,,Direct BvP not yet weighted; 2026/2025 Statcast baseline active,7,6,27,1,"Last 7 games: 6/27, 1 HR","same-side matchup; pitcher baseline 6.2% barrel, 13.6 HR allowed",neutral batted-ball profile; pitcher fly-ball pressure modest,12.72,46.25,91.17,101.4896,0.4507,0.2065,0.3287,73.66,39.95,46.79,33.41,27.5,0.2259,6.21,44.06,90.24,0.384,0.1325,18.67,221 deg,Open-Meteo forecast; MLB fallback,https://forecast.weather.gov/MapClick.php?lat=40.4469&lon=-80.0057,91,28,72,PNC Park,,,,,,,,,,,
58,669242,Tommy Edman,LAD,COL,2026-08-18T00:40:00Z,Scheduled,7,Tomoyuki Sugano,608372,R,51.5,Longshot,Watch List,"Projected Lineup, Pitcher Vulnerable, Platoon Edge",24.0,72.2,66.2,59.8,75.0,27.6,50.0,,No,Yes,7,Yes,Yes,RotoWire projected lineup; MLB probable pitchers,lineup projected / unconfirmed,H:2026/2025 P:2026/2025,,,Direct BvP not yet weighted; 2026/2025 Statcast baseline active,7,4,22,1,"Last 7 games: 4/22, 1 HR","switch hitter; pitcher baseline 13.1% barrel, 26.7 HR allowed",neutral batted-ball profile; pitcher allows elevated contact,5.9,36.82,88.23,99.4754,0.3872,0.1216,0.3182,70.52,12.46,42.67,25.94,6.7,0.1444,13.13,42.32,90.49,0.552,0.249,30.49,144 deg,Open-Meteo forecast; MLB fallback,https://forecast.weather.gov/MapClick.php?lat=39.7559&lon=-104.9942,49,11,78,Coors Field,,,,,,,,,,,
59,701807,Carson Benge,NYM,SD,2026-08-17T23:10:00Z,Scheduled,4,Walker Buehler,621111,R,51.4,Longshot,Watch List,"Projected Lineup, Premium Lineup Spot, Platoon Edge",34.9,42.7,49.3,90.4,80.0,46.5,50.0,,No,Yes,4,Yes,Yes,RotoWire projected lineup; MLB probable pitchers,lineup projected / unconfirmed,H:2026 P:2026/2025,,,Direct BvP not yet weighted; 2026/2025 Statcast baseline active,7,8,26,1,"Last 7 games: 8/26, 1 HR","platoon edge; pitcher baseline 8.7% barrel, 16.4 HR allowed",neutral batted-ball profile; pitcher fly-ball pressure modest,7.7,41.5,89.6,100.148,0.443,0.16,0.345,70.9,17.1,32.9,25.6,14.0,0.144,8.73,39.13,88.95,0.4164,0.161,23.23,191 deg,Open-Meteo forecast; MLB fallback,https://forecast.weather.gov/MapClick.php?lat=40.7571&lon=-73.8458,71,10,74,Citi Field,,,,,,,,,,,
60,686681,Michael Massey,KC,ATH,2026-08-17T23:40:00Z,Scheduled,5,Mason Barnett,686930,R,51.4,Longshot,Watch List,"Projected Lineup, Platoon Edge, Hot Hitter/Streak",28.1,48.6,50.7,81.9,80.0,81.2,50.0,,No,Yes,5,Yes,Yes,RotoWire projected lineup; MLB probable pitchers,lineup projected / unconfirmed,H:2026/2025 P:2026/2025,,,Direct BvP not yet weighted; 2026/2025 Statcast baseline active,7,10,24,2,Hot streak: 2 HR in last 7 games,"platoon edge; pitcher baseline 10.3% barrel, 8.6 HR allowed",neutral batted-ball profile; pitcher allows elevated contact,5.47,38.39,89.04,98.6963,0.3789,0.1402,0.2839,71.5,12.19,48.66,32.9,7.9,0.1355,10.31,39.28,88.78,0.4158,0.1796,33.16,354 deg,Open-Meteo forecast; MLB fallback,https://forecast.weather.gov/MapClick.php?lat=39.0517&lon=-94.4803,70,3,82,Kauffman Stadium,,,,,,,,,,,
61,668709,JJ Bleday,CIN,STL,2026-08-17T17:40:00Z,Scheduled,3,,,,51.1,Longshot,Watch List,"Projected Lineup, Premium Lineup Spot",39.8,41.2,64.8,92.1,60.0,0.0,50.0,,No,Yes,3,Yes,Yes,RotoWire projected lineup; MLB probable pitchers,lineup projected / unconfirmed,H:2026/2025 P:,,,Direct BvP not yet weighted; 2026/2025 Statcast baseline active,7,3,25,0,"Last 7 games: 3/25, 0 HR","handedness incomplete; pitcher baseline 0.0% barrel, 0.0 HR allowed",neutral batted-ball profile; pitcher fly-ball pressure modest,9.34,40.45,88.84,99.9862,0.4136,0.1837,0.3299,73.21,29.68,46.16,33.83,18.2,0.2151,,,,,,,288 deg,Open-Meteo forecast; MLB fallback,https://forecast.weather.gov/MapClick.php?lat=39.0979&lon=-84.5082,73,13,82,Great American Ball Park,,,,,,,,,,,
62,668709,JJ Bleday,CIN,STL,2026-08-17T22:40:00Z,Scheduled,3,,,,51.1,Longshot,Watch List,"Projected Lineup, Premium Lineup Spot",39.8,41.2,64.8,92.1,60.0,0.0,50.0,,No,Yes,3,Yes,Yes,RotoWire projected lineup; MLB probable pitchers,lineup projected / unconfirmed,H:2026/2025 P:,,,Direct BvP not yet weighted; 2026/2025 Statcast baseline active,7,3,25,0,"Last 7 games: 3/25, 0 HR","handedness incomplete; pitcher baseline 0.0% barrel, 0.0 HR allowed",neutral batted-ball profile; pitcher fly-ball pressure modest,9.34,40.45,88.84,99.9862,0.4136,0.1837,0.3299,73.21,29.68,46.16,33.83,18.2,0.2151,,,,,,,288 deg,Open-Meteo forecast; MLB fallback,https://forecast.weather.gov/MapClick.php?lat=39.0979&lon=-84.5082,73,13,82,Great American Ball Park,,,,,,,,,,,
63,643217,Andrew Benintendi,CWS,CHC,2026-08-18T00:05:00Z,Scheduled,4,Shota Imanaga,684007,L,51.1,Longshot,Watch List,"Projected Lineup, Premium Lineup Spot",36.8,53.0,52.8,90.4,50.0,19.5,50.0,,No,Yes,4,Yes,Yes,RotoWire projected lineup; MLB probable pitchers,lineup projected / unconfirmed,H:2026/2025 P:2026/2025,,,Direct BvP not yet weighted; 2026/2025 Statcast baseline active,7,4,16,0,"Last 7 games: 4/16, 0 HR","same-side matchup; pitcher baseline 10.3% barrel, 28.9 HR allowed",neutral batted-ball profile; pitcher allows elevated contact,9.35,41.94,88.56,98.6715,0.4132,0.1725,0.3137,69.54,4.01,49.89,31.99,14.4,0.1805,10.27,37.9,89.02,0.4298,0.1933,34.39,278 deg,Open-Meteo forecast; MLB fallback,https://forecast.weather.gov/MapClick.php?lat=41.9484&lon=-87.6553,77,14,81,Wrigley Field,,,,,,,,,,,
64,680869,Zack Gelof,ATH,KC,2026-08-17T23:40:00Z,Scheduled,2,Michael Wacha,608379,R,50.9,Longshot,Watch List,"Projected Lineup, Premium Lineup Spot, Hot Hitter/Streak",36.5,37.3,50.7,95.5,50.0,80.8,50.0,,No,Yes,2,Yes,Yes,RotoWire projected lineup; MLB probable pitchers,lineup projected / unconfirmed,H:2026/2025 P:2026/2025,,,Direct BvP not yet weighted; 2026/2025 Statcast baseline active,7,7,24,3,Hot streak: 3 HR in last 7 games,"same-side matchup; pitcher baseline 6.9% barrel, 17.1 HR allowed",neutral batted-ball profile; pitcher fly-ball pressure modest,9.21,43.14,88.73,99.5839,0.369,0.1648,0.2771,73.29,27.78,40.09,26.54,9.7,0.1813,6.91,35.93,88.27,0.4144,0.1633,28.6,354 deg,Open-Meteo forecast; MLB fallback,https://forecast.weather.gov/MapClick.php?lat=39.0517&lon=-94.4803,70,3,82,Kauffman Stadium,,,,,,,,,,,
65,668723,Ryan Vilade,TB,BAL,2026-08-17T22:05:00Z,Scheduled,4,Brandon Young,687064,R,50.7,Longshot,Watch List,"Projected Lineup, Premium Lineup Spot",40.6,40.3,53.1,90.4,50.0,45.3,50.0,,No,Yes,4,Yes,Yes,RotoWire projected lineup; MLB probable pitchers,lineup projected / unconfirmed,H:2026/2025 P:2026/2025,,,Direct BvP not yet weighted; 2026/2025 Statcast baseline active,7,3,10,1,"Last 7 games: 3/10, 1 HR","same-side matchup; pitcher baseline 7.3% barrel, 12.0 HR allowed",neutral batted-ball profile; pitcher fly-ball pressure modest,7.88,48.75,91.14,102.1139,0.3809,0.1506,0.3048,75.84,58.49,25.55,25.73,6.3,0.1435,7.33,41.36,89.33,0.4082,0.1588,27.15,286 deg,Open-Meteo forecast; MLB fallback,https://forecast.weather.gov/MapClick.php?lat=27.7682&lon=-82.6534,77,1,84,Tropicana Field,,,,,,,,,,,
66,802139,JJ Wetherholt,STL,CIN,2026-08-17T17:40:00Z,Scheduled,1,,,,50.6,Longshot,Watch List,"Projected Lineup, Premium Lineup Spot",37.9,41.2,64.8,88.7,60.0,10.8,50.0,,No,Yes,1,Yes,Yes,RotoWire projected lineup; MLB probable pitchers,lineup projected / unconfirmed,H:2026 P:,,,Direct BvP not yet weighted; 2026/2025 Statcast baseline active,7,5,26,0,"Last 7 games: 5/26, 0 HR","handedness incomplete; pitcher baseline 0.0% barrel, 0.0 HR allowed",neutral batted-ball profile; pitcher fly-ball pressure modest,7.3,43.9,89.7,99.3231,0.433,0.178,0.351,71.9,20.4,36.8,29.6,16.0,0.132,,,,,,,288 deg,Open-Meteo forecast; MLB fallback,https://forecast.weather.gov/MapClick.php?lat=39.0979&lon=-84.5082,73,13,82,Great American Ball Park,,,,,,,,,,,
67,699625,Jimmy Crooks,STL,CIN,2026-08-17T22:40:00Z,Scheduled,8,Rhett Lowder,695076,R,50.4,Longshot,Watch List,"Projected Lineup, Platoon Edge",39.7,50.9,64.8,47.9,80.0,34.9,50.0,,No,Yes,8,Yes,Yes,RotoWire projected lineup; MLB probable pitchers,lineup projected / unconfirmed,H:2026/2025 P:2026,,,Direct BvP not yet weighted; 2026/2025 Statcast baseline active,7,6,26,1,"Last 7 games: 6/26, 1 HR","platoon edge; pitcher baseline 9.6% barrel, 12.0 HR allowed",fly-ball profile; pitcher fly-ball pressure modest,8.08,44.83,90.72,100.4636,0.3617,0.1662,0.2678,71.59,16.12,33.85,39.9,3.1,0.1348,9.6,38.2,90.5,0.456,0.19,27.9,288 deg,Open-Meteo forecast; MLB fallback,https://forecast.weather.gov/MapClick.php?lat=39.0979&lon=-84.5082,73,13,82,Great American Ball Park,,,,,,,,,,,
68,681082,Bryson Stott,PHI,MIA,2026-08-17T22:40:00Z,Scheduled,2,Janson Junk,676083,R,50.0,Longshot,Watch List,"Projected Lineup, Premium Lineup Spot, Platoon Edge",26.4,42.5,52.8,95.5,80.0,48.5,50.0,,No,Yes,2,Yes,Yes,RotoWire projected lineup; MLB probable pitchers,lineup projected / unconfirmed,H:2026/2025 P:2026/2025,,,Direct BvP not yet weighted; 2026/2025 Statcast baseline active,7,9,28,1,Contact streak: 9/28 over last 7 games,"platoon edge; pitcher baseline 7.5% barrel, 10.8 HR allowed",neutral batted-ball profile; pitcher fly-ball pressure modest,5.94,36.57,88.86,98.6177,0.4028,0.139,0.327,69.72,6.82,34.59,27.94,10.2,0.1494,7.52,42.61,90.48,0.4215,0.1606,23.29,106 deg,Open-Meteo forecast; MLB fallback,https://forecast.weather.gov/MapClick.php?lat=39.9061&lon=-75.1665,82,15,70,Citizens Bank Park,,,,,,,,,,,
69,573262,Mike Yastrzemski,ATL,MIN,2026-08-17T23:40:00Z,Scheduled,5,Bailey Ober,641927,R,50.0,Longshot,Watch List,"Projected Lineup, Platoon Edge",36.5,55.5,27.1,81.9,80.0,35.6,50.0,,No,Yes,5,Yes,Yes,RotoWire projected lineup; MLB probable pitchers,lineup projected / unconfirmed,H:2026/2025 P:2026/2025,,,Direct BvP not yet weighted; 2026/2025 Statcast baseline active,7,4,17,1,"Last 7 games: 4/17, 1 HR","platoon edge; pitcher baseline 10.7% barrel, 20.9 HR allowed",neutral batted-ball profile; pitcher allows elevated contact,7.8,43.58,90.66,99.835,0.3868,0.1519,0.3157,71.24,8.23,45.13,31.75,11.4,0.1665,10.69,36.23,88.83,0.4669,0.2147,31.83,,NOAA link only,https://forecast.weather.gov/MapClick.php?lat=44.9817&lon=-93.2776,,,,Target Field,,,,,,,,,,,
70,668804,Bryan Reynolds,PIT,DET,2026-08-17T23:05:00Z,Scheduled,3,Framber Valdez,664285,L,49.8,Longshot,Watch List,"Projected Lineup, Strong Barrel, Premium Lineup Spot, Platoon Edge",45.0,34.1,42.8,92.1,75.0,12.0,50.0,,No,Yes,3,Yes,Yes,RotoWire projected lineup; MLB probable pitchers,lineup projected / unconfirmed,H:2026/2025 P:2026/2025,,,Direct BvP not yet weighted; 2026/2025 Statcast baseline active,7,5,25,0,"Last 7 games: 5/25, 0 HR","switch hitter; pitcher baseline 6.2% barrel, 13.6 HR allowed",neutral batted-ball profile; pitcher fly-ball pressure modest,10.66,46.35,90.71,101.8762,0.4316,0.1827,0.3443,72.62,28.23,39.8,25.11,15.3,0.1661,6.21,44.06,90.24,0.384,0.1325,18.67,221 deg,Open-Meteo forecast; MLB fallback,https://forecast.weather.gov/MapClick.php?lat=40.4469&lon=-80.0057,91,28,72,PNC Park,,,,,,,,,,,
71,605137,Josh Bell,MIN,ATL,2026-08-17T23:40:00Z,Scheduled,3,Martín Pérez,527048,L,49.8,Longshot,Watch List,"Projected Lineup, Strong Barrel, Premium Lineup Spot, Platoon Edge",45.2,37.9,27.1,92.1,75.0,37.8,50.0,,No,Yes,3,Yes,Yes,RotoWire projected lineup; MLB probable pitchers,lineup projected / unconfirmed,H:2026/2025 P:2026/2025,,,Direct BvP not yet weighted; 2026/2025 Statcast baseline active,7,7,28,1,"Last 7 games: 7/28, 1 HR","switch hitter; pitcher baseline 8.4% barrel, 9.5 HR allowed",neutral batted-ball profile; pitcher fly-ball pressure modest,10.63,43.57,90.12,100.9322,0.4528,0.2024,0.3359,72.26,28.43,40.87,26.71,17.8,0.1716,8.42,38.0,88.2,0.4157,0.1639,24.27,,NOAA link only,https://forecast.weather.gov/MapClick.php?lat=44.9817&lon=-93.2776,,,,Target Field,,,,,,,,,,,
72,669016,Brandon Marsh,PHI,MIA,2026-08-17T22:40:00Z,Scheduled,6,Janson Junk,676083,R,49.7,Longshot,Watch List,"Projected Lineup, Platoon Edge",38.7,42.5,52.8,71.7,80.0,31.6,50.0,,No,Yes,6,Yes,Yes,RotoWire projected lineup; MLB probable pitchers,lineup projected / unconfirmed,H:2026/2025 P:2026/2025,,,Direct BvP not yet weighted; 2026/2025 Statcast baseline active,7,5,24,1,"Last 7 games: 5/24, 1 HR","platoon edge; pitcher baseline 7.5% barrel, 10.8 HR allowed",neutral batted-ball profile; pitcher fly-ball pressure modest,8.47,45.91,90.12,100.3587,0.4243,0.162,0.3188,71.54,15.86,38.26,26.38,15.2,0.1658,7.52,42.61,90.48,0.4215,0.1606,23.29,106 deg,Open-Meteo forecast; MLB fallback,https://forecast.weather.gov/MapClick.php?lat=39.9061&lon=-75.1665,82,15,70,Citizens Bank Park,,,,,,,,,,,
73,592518,Manny Machado,SD,NYM,2026-08-17T23:10:00Z,Scheduled,3,Nolan McLean,690997,R,49.5,Longshot,Watch List,"Projected Lineup, Strong Barrel, Premium Lineup Spot",49.9,30.8,49.3,92.1,50.0,13.0,50.0,,No,Yes,3,Yes,Yes,RotoWire projected lineup; MLB probable pitchers,lineup projected / unconfirmed,H:2026/2025 P:2026/2025,,,Direct BvP not yet weighted; 2026/2025 Statcast baseline active,7,6,29,0,"Last 7 games: 6/29, 0 HR","same-side matchup; pitcher baseline 7.3% barrel, 11.7 HR allowed",neutral batted-ball profile; pitcher fly-ball pressure modest,10.94,46.95,91.5,102.0173,0.4488,0.1967,0.3361,74.71,44.86,40.71,27.94,24.2,0.1934,7.3,38.08,88.38,0.3514,0.1299,21.84,191 deg,Open-Meteo forecast; MLB fallback,https://forecast.weather.gov/MapClick.php?lat=40.7571&lon=-73.8458,71,10,74,Citi Field,,,,,,,,,,,
74,664034,Ty France,SD,NYM,2026-08-17T23:10:00Z,Scheduled,4,Nolan McLean,690997,R,49.4,Longshot,Watch List,"Projected Lineup, Premium Lineup Spot",44.5,30.8,49.3,90.4,50.0,50.3,50.0,,No,Yes,4,Yes,Yes,RotoWire projected lineup; MLB probable pitchers,lineup projected / unconfirmed,H:2026/2025 P:2026/2025,,,Direct BvP not yet weighted; 2026/2025 Statcast baseline active,7,9,27,1,Contact streak: 9/27 over last 7 games,"same-side matchup; pitcher baseline 7.3% barrel, 11.7 HR allowed",neutral batted-ball profile; pitcher fly-ball pressure modest,9.66,47.7,91.53,101.2931,0.4327,0.1793,0.3287,71.84,19.18,37.13,25.18,14.0,0.1905,7.3,38.08,88.38,0.3514,0.1299,21.84,191 deg,Open-Meteo forecast; MLB fallback,https://forecast.weather.gov/MapClick.php?lat=40.7571&lon=-73.8458,71,10,74,Citi Field,,,,,,,,,,,
75,671732,Lawrence Butler,ATH,KC,2026-08-17T23:40:00Z,Scheduled,6,Michael Wacha,608379,R,49.4,Longshot,Watch List,"Projected Lineup, Platoon Edge, Hot Hitter/Streak",35.6,37.3,50.7,71.7,80.0,74.5,50.0,,No,Yes,6,Yes,Yes,RotoWire projected lineup; MLB probable pitchers,lineup projected / unconfirmed,H:2026/2025 P:2026/2025,,,Direct BvP not yet weighted; 2026/2025 Statcast baseline active,7,7,28,4,Hot streak: 4 HR in last 7 games,"platoon edge; pitcher baseline 6.9% barrel, 17.1 HR allowed",neutral batted-ball profile; pitcher fly-ball pressure modest,8.22,44.89,89.73,101.7828,0.3783,0.1465,0.3075,73.7,38.58,35.24,23.26,13.3,0.1469,6.91,35.93,88.27,0.4144,0.1633,28.6,354 deg,Open-Meteo forecast; MLB fallback,https://forecast.weather.gov/MapClick.php?lat=39.0517&lon=-94.4803,70,3,82,Kauffman Stadium,,,,,,,,,,,
76,690993,Colt Keith,DET,PIT,2026-08-17T23:05:00Z,Scheduled,4,Carmen Mlodzinski,669387,R,49.2,Longshot,Watch List,"Projected Lineup, Premium Lineup Spot, Platoon Edge",34.6,41.1,42.8,90.4,80.0,30.3,50.0,,No,Yes,4,Yes,Yes,RotoWire projected lineup; MLB probable pitchers,lineup projected / unconfirmed,H:2026/2025 P:2026/2025,,,Direct BvP not yet weighted; 2026/2025 Statcast baseline active,7,3,15,1,"Last 7 games: 3/15, 1 HR","platoon edge; pitcher baseline 6.9% barrel, 8.0 HR allowed",neutral batted-ball profile; pitcher fly-ball pressure modest,7.66,41.88,89.02,99.9921,0.43,0.1625,0.3312,71.47,15.5,37.24,26.65,9.5,0.1493,6.94,45.35,90.62,0.4251,0.1441,23.46,221 deg,Open-Meteo forecast; MLB fallback,https://forecast.weather.gov/MapClick.php?lat=40.4469&lon=-80.0057,91,28,72,PNC Park,,,,,,,,,,,
77,666182,Bo Bichette,NYM,SD,2026-08-17T23:10:00Z,Scheduled,3,Walker Buehler,621111,R,49.0,Longshot,Watch List,"Projected Lineup, Premium Lineup Spot",31.4,42.7,49.3,92.1,50.0,63.3,50.0,,No,Yes,3,Yes,Yes,RotoWire projected lineup; MLB probable pitchers,lineup projected / unconfirmed,H:2026/2025 P:2026/2025,,,Direct BvP not yet weighted; 2026/2025 Statcast baseline active,7,12,26,1,Contact streak: 12/26 over last 7 games,"same-side matchup; pitcher baseline 8.7% barrel, 16.4 HR allowed",neutral batted-ball profile; pitcher fly-ball pressure modest,6.57,42.92,89.88,100.9691,0.4268,0.1447,0.3306,69.73,13.23,26.77,22.81,13.8,0.1328,8.73,39.13,88.95,0.4164,0.161,23.23,191 deg,Open-Meteo forecast; MLB fallback,https://forecast.weather.gov/MapClick.php?lat=40.7571&lon=-73.8458,71,10,74,Citi Field,,,,,,,,,,,
78,805999,A.J. Ewing,NYM,SD,2026-08-17T23:10:00Z,Scheduled,1,Walker Buehler,621111,R,48.9,Longshot,Watch List,"Projected Lineup, Premium Lineup Spot, Platoon Edge",35.1,42.7,49.3,88.7,80.0,0.0,50.0,,No,Yes,1,Yes,Yes,RotoWire projected lineup; MLB probable pitchers,lineup projected / unconfirmed,H:2026 P:2026/2025,,,Direct BvP not yet weighted; 2026/2025 Statcast baseline active,7,2,27,0,"Last 7 games: 2/27, 0 HR","platoon edge; pitcher baseline 8.7% barrel, 16.4 HR allowed",neutral batted-ball profile; pitcher fly-ball pressure modest,8.1,43.9,89.8,100.5372,0.411,0.152,0.327,70.3,11.3,32.6,26.2,7.0,0.129,8.73,39.13,88.95,0.4164,0.161,23.23,191 deg,Open-Meteo forecast; MLB fallback,https://forecast.weather.gov/MapClick.php?lat=40.7571&lon=-73.8458,71,10,74,Citi Field,,,,,,,,,,,
79,693307,Dillon Dingler,DET,PIT,2026-08-17T23:05:00Z,Scheduled,3,Carmen Mlodzinski,669387,R,48.8,Longshot,Watch List,"Projected Lineup, Strong Barrel, Premium Lineup Spot",45.2,41.1,42.8,92.1,50.0,0.0,50.0,,No,Yes,3,Yes,Yes,RotoWire projected lineup; MLB probable pitchers,lineup projected / unconfirmed,H:2026/2025 P:2026/2025,,,Direct BvP not yet weighted; 2026/2025 Statcast baseline active,7,1,30,0,"Last 7 games: 1/30, 0 HR","same-side matchup; pitcher baseline 6.9% barrel, 8.0 HR allowed",neutral batted-ball profile; pitcher fly-ball pressure modest,10.32,43.95,89.23,100.7389,0.4876,0.2081,0.3573,71.77,15.69,40.38,28.29,22.1,0.2121,6.94,45.35,90.62,0.4251,0.1441,23.46,221 deg,Open-Meteo forecast; MLB fallback,https://forecast.weather.gov/MapClick.php?lat=40.4469&lon=-80.0057,91,28,72,PNC Park,,,,,,,,,,,
80,703607,Henry Bolte,ATH,KC,2026-08-17T23:40:00Z,Scheduled,1,Michael Wacha,608379,R,48.8,Longshot,Watch List,"Projected Lineup, Premium Lineup Spot",36.7,37.3,50.7,88.7,50.0,57.2,50.0,,No,Yes,1,Yes,Yes,RotoWire projected lineup; MLB probable pitchers,lineup projected / unconfirmed,H:2026 P:2026/2025,,,Direct BvP not yet weighted; 2026/2025 Statcast baseline active,7,11,29,1,Contact streak: 11/29 over last 7 games,"same-side matchup; pitcher baseline 6.9% barrel, 17.1 HR allowed",neutral batted-ball profile; pitcher fly-ball pressure modest,7.7,47.5,90.8,104.3484,0.364,0.127,0.304,77.0,73.6,30.2,18.1,6.0,0.107,6.91,35.93,88.27,0.4144,0.1633,28.6,354 deg,Open-Meteo forecast; MLB fallback,https://forecast.weather.gov/MapClick.php?lat=39.0517&lon=-94.4803,70,3,82,Kauffman Stadium,,,,,,,,,,,
81,679529,Spencer Torkelson,DET,PIT,2026-08-17T23:05:00Z,Scheduled,6,Carmen Mlodzinski,669387,R,48.6,Longshot,Watch List,"Projected Lineup, Strong Barrel",49.5,41.1,42.8,71.7,50.0,25.8,50.0,,No,Yes,6,Yes,Yes,RotoWire projected lineup; MLB probable pitchers,lineup projected / unconfirmed,H:2026/2025 P:2026/2025,,,Direct BvP not yet weighted; 2026/2025 Statcast baseline active,7,7,24,0,"Last 7 games: 7/24, 0 HR","same-side matchup; pitcher baseline 6.9% barrel, 8.0 HR allowed",fly-ball profile; pitcher fly-ball pressure modest,13.15,42.51,89.64,100.2545,0.4266,0.2034,0.3242,73.14,26.02,47.77,35.9,23.3,0.1992,6.94,45.35,90.62,0.4251,0.1441,23.46,221 deg,Open-Meteo forecast; MLB fallback,https://forecast.weather.gov/MapClick.php?lat=40.4469&lon=-80.0057,91,28,72,PNC Park,,,,,,,,,,,
82,681297,Colton Cowser,BAL,MIN,2026-08-17T22:05:00Z,Scheduled,7,Shane McClanahan,663556,L,48.5,Longshot,Watch List,"Projected Lineup, Strong Barrel, Hot Hitter/Streak",45.3,41.2,53.1,59.8,50.0,93.3,10.4,47.0,No,Yes,7,Yes,Yes,RotoWire projected lineup; MLB probable pitchers,lineup projected / unconfirmed,H:2026/2025 P:2026,,,Direct BvP not yet weighted; 2026/2025 Statcast baseline active,7,6,16,3,Hot streak: 3 HR in last 7 games,"same-side matchup; pitcher baseline 8.6% barrel, 7.0 HR allowed",neutral batted-ball profile; pitcher fly-ball pressure modest,11.93,40.68,88.24,100.6249,0.4173,0.2065,0.3154,74.37,44.5,37.68,33.41,11.8,0.1526,8.6,40.3,89.2,0.399,0.16,27.3,286 deg,Open-Meteo forecast; MLB fallback,https://forecast.weather.gov/MapClick.php?lat=27.7682&lon=-82.6534,77,1,84,Tropicana Field,,11.7,0.101,85,2,89,0,-4,5.43,7,EV/ISO weak despite recent HR note
83,621020,Dansby Swanson,CHC,CWS,2026-08-18T00:05:00Z,Scheduled,7,Luis Castillo,622491,R,48.3,Longshot,Watch List,Projected Lineup,39.1,53.1,52.8,59.8,50.0,33.7,50.0,,No,Yes,7,Yes,Yes,RotoWire projected lineup; MLB probable pitchers,lineup projected / unconfirmed,H:2026/2025 P:2026/2025,,,Direct BvP not yet weighted; 2026/2025 Statcast baseline active,7,4,18,1,"Last 7 games: 4/18, 1 HR","same-side matchup; pitcher baseline 9.8% barrel, 18.8 HR allowed",neutral batted-ball profile; pitcher fly-ball pressure modest,8.83,43.11,89.8,99.9555,0.4154,0.1792,0.3184,71.32,8.33,46.5,29.26,19.8,0.1835,9.84,42.97,90.16,0.4334,0.1765,28.28,278 deg,Open-Meteo forecast; MLB fallback,https://forecast.weather.gov/MapClick.php?lat=41.9484&lon=-87.6553,77,14,81,Wrigley Field,,,,,,,,,,,
84,665019,Kody Clemens,MIN,BAL,2026-08-17T23:40:00Z,Scheduled,4,Martín Pérez,527048,L,48.1,Longshot,Watch List,"Projected Lineup, Strong Barrel, Premium Lineup Spot",50.9,39.0,27.1,90.4,50.0,45.5,12.8,42.0,No,Yes,4,Yes,Yes,RotoWire projected lineup; MLB probable pitchers,lineup projected / unconfirmed,H:2026/2025 P:2026/2025,,,Direct BvP not yet weighted; 2026/2025 Statcast baseline active,7,5,28,2,Hot streak: 2 HR in last 7 games,"same-side matchup; pitcher baseline 8.4% barrel, 9.5 HR allowed",lift-pull EV profile; pitcher fly-ball pressure modest,11.58,46.48,92.13,101.4296,0.4405,0.1985,0.3226,72.06,14.42,45.52,33.18,19.7,0.2259,8.42,38.0,88.2,0.4157,0.1639,24.27,,NOAA link only,https://forecast.weather.gov/MapClick.php?lat=44.9817&lon=-93.2776,,,,Target Field,,9.8,0.161,89,2,62,0,-4,2.56,1,Weak pitcher split; not core
85,680574,Matt McLain,CIN,STL,2026-08-17T17:40:00Z,Scheduled,6,,,,48.0,Longshot,Watch List,Projected Lineup,34.1,41.2,64.8,71.7,60.0,31.6,50.0,,No,Yes,6,Yes,Yes,RotoWire projected lineup; MLB probable pitchers,lineup projected / unconfirmed,H:2026/2025 P:,,,Direct BvP not yet weighted; 2026/2025 Statcast baseline active,7,5,24,1,"Last 7 games: 5/24, 1 HR","handedness incomplete; pitcher baseline 0.0% barrel, 0.0 HR allowed",neutral batted-ball profile; pitcher fly-ball pressure modest,9.48,38.11,88.24,99.015,0.3827,0.1588,0.3103,70.93,9.82,34.52,32.94,12.2,0.1454,,,,,,,288 deg,Open-Meteo forecast; MLB fallback,https://forecast.weather.gov/MapClick.php?lat=39.0979&lon=-84.5082,73,13,82,Great American Ball Park,,,,,,,,,,,
86,680574,Matt McLain,CIN,STL,2026-08-17T22:40:00Z,Scheduled,6,,,,48.0,Longshot,Watch List,Projected Lineup,34.1,41.2,64.8,71.7,60.0,31.6,50.0,,No,Yes,6,Yes,Yes,RotoWire projected lineup; MLB probable pitchers,lineup projected / unconfirmed,H:2026/2025 P:,,,Direct BvP not yet weighted; 2026/2025 Statcast baseline active,7,5,24,1,"Last 7 games: 5/24, 1 HR","handedness incomplete; pitcher baseline 0.0% barrel, 0.0 HR allowed",neutral batted-ball profile; pitcher fly-ball pressure modest,9.48,38.11,88.24,99.015,0.3827,0.1588,0.3103,70.93,9.82,34.52,32.94,12.2,0.1454,,,,,,,288 deg,Open-Meteo forecast; MLB fallback,https://forecast.weather.gov/MapClick.php?lat=39.0979&lon=-84.5082,73,13,82,Great American Ball Park,,,,,,,,,,,
87,691723,Coby Mayo,BAL,TB,2026-08-17T22:05:00Z,Scheduled,8,Shane McClanahan,663556,L,48.0,Longshot,Watch List,"Projected Lineup, Strong Barrel, Platoon Edge",47.0,41.2,53.1,47.9,78.0,21.1,50.0,,No,Yes,8,Yes,Yes,RotoWire projected lineup; MLB probable pitchers,lineup projected / unconfirmed,H:2026/2025 P:2026,,,Direct BvP not yet weighted; 2026/2025 Statcast baseline active,7,6,23,0,"Last 7 games: 6/23, 0 HR","platoon edge; pitcher baseline 8.6% barrel, 7.0 HR allowed",neutral batted-ball profile; pitcher fly-ball pressure modest,11.01,44.47,90.73,102.5324,0.3945,0.1831,0.296,75.33,54.04,50.25,33.76,13.8,0.2025,8.6,40.3,89.2,0.399,0.16,27.3,286 deg,Open-Meteo forecast; MLB fallback,https://forecast.weather.gov/MapClick.php?lat=27.7682&lon=-82.6534,77,1,84,Tropicana Field,,,,,,,,,,,
88,664761,Alec Bohm,PHI,MIA,2026-08-17T22:40:00Z,Scheduled,5,Janson Junk,676083,R,48.0,Longshot,Watch List,Projected Lineup,31.3,42.5,52.8,81.9,50.0,63.3,50.0,,No,Yes,5,Yes,Yes,RotoWire projected lineup; MLB probable pitchers,lineup projected / unconfirmed,H:2026/2025 P:2026/2025,,,Direct BvP not yet weighted; 2026/2025 Statcast baseline active,7,13,24,1,Contact streak: 13/24 over last 7 games,"same-side matchup; pitcher baseline 7.5% barrel, 10.8 HR allowed",neutral batted-ball profile; pitcher fly-ball pressure modest,5.78,43.74,90.66,100.2564,0.4046,0.1411,0.3191,71.14,13.79,28.49,22.09,12.4,0.1325,7.52,42.61,90.48,0.4215,0.1606,23.29,106 deg,Open-Meteo forecast; MLB fallback,https://forecast.weather.gov/MapClick.php?lat=39.9061&lon=-75.1665,82,15,70,Citizens Bank Park,,,,,,,,,,,
89,668904,Royce Lewis,MIN,ATL,2026-08-17T23:40:00Z,Scheduled,5,Martín Pérez,527048,L,48.0,Longshot,Watch List,"Projected Lineup, Strong Barrel, Platoon Edge",44.4,39.0,27.1,81.9,78.0,24.9,50.0,,No,Yes,5,Yes,Yes,RotoWire projected lineup; MLB probable pitchers,lineup projected / unconfirmed,H:2026/2025 P:2026/2025,,,Direct BvP not yet weighted; 2026/2025 Statcast baseline active,7,8,28,0,"Last 7 games: 8/28, 0 HR","platoon edge; pitcher baseline 8.4% barrel, 9.5 HR allowed",neutral batted-ball profile; pitcher fly-ball pressure modest,11.29,42.47,90.08,101.0572,0.4112,0.1726,0.3117,74.65,50.38,47.35,30.64,13.0,0.1755,8.42,38.0,88.2,0.4157,0.1639,24.27,,NOAA link only,https://forecast.weather.gov/MapClick.php?lat=44.9817&lon=-93.2776,,,,Target Field,,,,,,,,,,,
90,805808,Kevin McGonigle,DET,PIT,2026-08-17T23:05:00Z,Scheduled,2,Carmen Mlodzinski,669387,R,47.6,Longshot,Watch List,"Projected Lineup, Premium Lineup Spot, Platoon Edge",30.2,41.1,42.8,95.5,80.0,9.8,50.0,,No,Yes,2,Yes,Yes,RotoWire projected lineup; MLB probable pitchers,lineup projected / unconfirmed,H:2026 P:2026/2025,,,Direct BvP not yet weighted; 2026/2025 Statcast baseline active,7,5,27,0,"Last 7 games: 5/27, 0 HR","platoon edge; pitcher baseline 6.9% barrel, 8.0 HR allowed",fly-ball profile; pitcher fly-ball pressure modest,6.5,36.6,87.9,98.2062,0.419,0.158,0.349,71.2,16.2,37.6,35.5,12.0,0.138,6.94,45.35,90.62,0.4251,0.1441,23.46,221 deg,Open-Meteo forecast; MLB fallback,https://forecast.weather.gov/MapClick.php?lat=40.4469&lon=-80.0057,91,28,72,PNC Park,,,,,,,,,,,
91,683146,Brett Baty,NYM,SD,2026-08-17T23:10:00Z,Scheduled,7,Walker Buehler,621111,R,47.6,Longshot,Watch List,"Projected Lineup, Strong Barrel, Platoon Edge",40.5,42.7,49.3,59.8,80.0,19.9,50.0,,No,Yes,7,Yes,Yes,RotoWire projected lineup; MLB probable pitchers,lineup projected / unconfirmed,H:2026/2025 P:2026/2025,,,Direct BvP not yet weighted; 2026/2025 Statcast baseline active,7,3,23,1,"Last 7 games: 3/23, 1 HR","platoon edge; pitcher baseline 8.7% barrel, 16.4 HR allowed",neutral batted-ball profile; pitcher fly-ball pressure modest,10.03,42.35,90.07,101.3914,0.3975,0.1616,0.3109,75.01,53.16,35.68,25.89,11.0,0.1341,8.73,39.13,88.95,0.4164,0.161,23.23,191 deg,Open-Meteo forecast; MLB fallback,https://forecast.weather.gov/MapClick.php?lat=40.7571&lon=-73.8458,71,10,74,Citi Field,,,,,,,,,,,
92,663586,Austin Riley,ATL,NYM,2026-08-17T23:40:00Z,Scheduled,8,Bailey Ober,641927,R,47.2,Longshot,Watch List,"Projected Lineup, Strong Barrel",54.1,55.5,27.1,47.9,50.0,39.5,23.0,50.0,No,Yes,8,Yes,Yes,RotoWire projected lineup; MLB probable pitchers,lineup projected / unconfirmed,H:2026/2025 P:2026/2025,,,Direct BvP not yet weighted; 2026/2025 Statcast baseline active,7,6,23,1,"Last 7 games: 6/23, 1 HR","same-side matchup; pitcher baseline 10.7% barrel, 20.9 HR allowed",neutral batted-ball profile; pitcher allows elevated contact,13.31,46.77,91.53,102.9426,0.4223,0.1998,0.3111,75.83,59.15,39.66,31.15,15.3,0.1547,10.69,36.23,88.83,0.4669,0.2147,31.83,,NOAA link only,https://forecast.weather.gov/MapClick.php?lat=44.9817&lon=-93.2776,,,,Target Field,,11.8,0.107,91,4,131,0,3,4.17,1,Volume but weak ISO
93,695731,Braden Montgomery,CWS,CHC,2026-08-18T00:05:00Z,Scheduled,5,Shota Imanaga,684007,L,47.2,Longshot,Watch List,"Projected Lineup, Platoon Edge",22.6,52.1,52.8,81.9,75.0,16.6,50.0,,No,Yes,5,Yes,Yes,RotoWire projected lineup; MLB probable pitchers,lineup projected / unconfirmed,H:2026 P:2026/2025,,,Direct BvP not yet weighted; 2026/2025 Statcast baseline active,7,6,26,0,"Last 7 games: 6/26, 0 HR","switch hitter; pitcher baseline 10.3% barrel, 28.9 HR allowed",neutral batted-ball profile; pitcher allows elevated contact,4.1,41.9,89.3,100.1589,0.361,0.125,0.309,69.6,8.6,33.8,19.6,4.0,0.142,10.27,37.9,89.02,0.4298,0.1933,34.39,278 deg,Open-Meteo forecast; MLB fallback,https://forecast.weather.gov/MapClick.php?lat=41.9484&lon=-87.6553,77,14,81,Wrigley Field,,,,,,,,,,,
94,682663,Agustin Ramirez,MIA,PHI,2026-08-17T22:40:00Z,Scheduled,3,Cristopher Sánchez,650911,L,47.0,Longshot,Watch List,"Projected Lineup, Premium Lineup Spot, Platoon Edge",28.5,32.1,52.8,92.1,78.0,34.9,50.0,,No,Yes,3,Yes,Yes,RotoWire projected lineup; MLB probable pitchers,lineup projected / unconfirmed,H:2026/2025 P:2026/2025,,,Direct BvP not yet weighted; 2026/2025 Statcast baseline active,7,6,17,0,Contact streak: 6/17 over last 7 games,"platoon edge; pitcher baseline 7.0% barrel, 12.7 HR allowed",neutral batted-ball profile; pitcher fly-ball pressure modest,6.24,41.82,89.75,102.5166,0.345,0.1147,0.2928,75.62,58.28,41.1,16.88,7.7,0.1295,6.96,41.41,89.14,0.3548,0.1228,16.9,106 deg,Open-Meteo forecast; MLB fallback,https://forecast.weather.gov/MapClick.php?lat=39.9061&lon=-75.1665,82,15,70,Citizens Bank Park,,,,,,,,,,,
95,673357,Luis Robert,NYM,SD,2026-08-17T23:10:00Z,Scheduled,6,Walker Buehler,621111,R,46.7,Longshot,Watch List,Projected Lineup,33.4,42.7,49.3,71.7,50.0,61.5,50.0,,No,Yes,6,Yes,Yes,RotoWire projected lineup; MLB probable pitchers,lineup projected / unconfirmed,H:2026/2025 P:2026/2025,,,Direct BvP not yet weighted; 2026/2025 Statcast baseline active,7,6,21,2,Hot streak: 2 HR in last 7 games,"same-side matchup; pitcher baseline 8.7% barrel, 16.4 HR allowed",neutral batted-ball profile; pitcher fly-ball pressure modest,6.87,38.73,89.12,101.3831,0.3896,0.1562,0.3056,76.37,65.24,47.0,26.68,8.4,0.1382,8.73,39.13,88.95,0.4164,0.161,23.23,191 deg,Open-Meteo forecast; MLB fallback,https://forecast.weather.gov/MapClick.php?lat=40.7571&lon=-73.8458,71,10,74,Citi Field,,,,,,,,,,,
96,803011,Sam Antonacci,CWS,CHC,2026-08-18T00:05:00Z,Scheduled,1,Shota Imanaga,684007,L,46.7,Longshot,Watch List,"Projected Lineup, Premium Lineup Spot",22.2,53.0,52.8,88.7,50.0,25.8,50.0,,No,Yes,1,Yes,Yes,RotoWire projected lineup; MLB probable pitchers,lineup projected / unconfirmed,H:2026 P:2026/2025,,,Direct BvP not yet weighted; 2026/2025 Statcast baseline active,7,7,24,0,"Last 7 games: 7/24, 0 HR","same-side matchup; pitcher baseline 10.3% barrel, 28.9 HR allowed",neutral batted-ball profile; pitcher allows elevated contact,5.9,35.4,87.5,98.0089,0.409,0.127,0.348,70.0,8.4,33.6,21.2,8.0,0.131,10.27,37.9,89.02,0.4298,0.1933,34.39,278 deg,Open-Meteo forecast; MLB fallback,https://forecast.weather.gov/MapClick.php?lat=41.9484&lon=-87.6553,77,14,81,Wrigley Field,,,,,,,,,,,
97,699625,Jimmy Crooks,STL,CIN,2026-08-17T17:40:00Z,Scheduled,8,,,,46.6,Longshot,Watch List,Projected Lineup,39.7,41.2,64.8,47.9,60.0,34.9,50.0,,No,Yes,8,Yes,Yes,RotoWire projected lineup; MLB probable pitchers,lineup projected / unconfirmed,H:2026/2025 P:,,,Direct BvP not yet weighted; 2026/2025 Statcast baseline active,7,6,26,1,"Last 7 games: 6/26, 1 HR","handedness incomplete; pitcher baseline 0.0% barrel, 0.0 HR allowed",fly-ball profile; pitcher fly-ball pressure modest,8.08,44.83,90.72,100.4636,0.3617,0.1662,0.2678,71.59,16.12,33.85,39.9,3.1,0.1348,,,,,,,288 deg,Open-Meteo forecast; MLB fallback,https://forecast.weather.gov/MapClick.php?lat=39.0979&lon=-84.5082,73,13,82,Great American Ball Park,,,,,,,,,,,
98,699393,Pedro Ramirez,CHC,CWS,2026-08-18T00:05:00Z,Scheduled,6,Luis Castillo,622491,R,46.6,Longshot,Watch List,"Projected Lineup, Platoon Edge",20.6,51.1,52.8,71.7,75.0,50.3,50.0,,No,Yes,6,Yes,Yes,RotoWire projected lineup; MLB probable pitchers,lineup projected / unconfirmed,H:2026 P:2026/2025,,,Direct BvP not yet weighted; 2026/2025 Statcast baseline active,7,7,21,1,Contact streak: 7/21 over last 7 games,"switch hitter; pitcher baseline 9.8% barrel, 18.8 HR allowed",neutral batted-ball profile; pitcher fly-ball pressure modest,3.0,43.0,89.4,99.6482,0.361,0.092,0.303,72.2,21.9,35.0,18.0,2.0,0.146,9.84,42.97,90.16,0.4334,0.1765,28.28,278 deg,Open-Meteo forecast; MLB fallback,https://forecast.weather.gov/MapClick.php?lat=41.9484&lon=-87.6553,77,14,81,Wrigley Field,,,,,,,,,,,
99,691458,Blaze Jordan,STL,CIN,2026-08-17T22:40:00Z,Scheduled,9,Rhett Lowder,695076,R,46.3,Longshot,Watch List,Projected Lineup,35.7,50.9,64.8,40.2,50.0,45.3,50.0,,No,Yes,9,Yes,Yes,RotoWire projected lineup; MLB probable pitchers,lineup projected / unconfirmed,H:2026 P:2026,,,Direct BvP not yet weighted; 2026/2025 Statcast baseline active,7,6,20,1,"Last 7 games: 6/20, 1 HR","same-side matchup; pitcher baseline 9.6% barrel, 12.0 HR allowed",neutral batted-ball profile; pitcher fly-ball pressure modest,8.6,45.0,88.8,100.1633,0.422,0.155,0.315,72.7,26.8,39.5,20.2,2.0,0.13,9.6,38.2,90.5,0.456,0.19,27.9,288 deg,Open-Meteo forecast; MLB fallback,https://forecast.weather.gov/MapClick.php?lat=39.0979&lon=-84.5082,73,13,82,Great American Ball Park,,,,,,,,,,,
100,701675,Nathan Church,STL,CIN,2026-08-17T22:40:00Z,Scheduled,6,Rhett Lowder,695076,R,45.5,Longshot,Watch List,"Projected Lineup, Platoon Edge",16.6,50.9,64.8,71.7,80.0,13.3,50.0,,No,Yes,6,Yes,Yes,RotoWire projected lineup; MLB probable pitchers,lineup projected / unconfirmed,H:2026/2025 P:2026,,,Direct BvP not yet weighted; 2026/2025 Statcast baseline active,7,5,24,0,"Last 7 games: 5/24, 0 HR","platoon edge; pitcher baseline 9.6% barrel, 12.0 HR allowed",neutral batted-ball profile; pitcher fly-ball pressure modest,5.41,33.94,86.83,97.8345,0.3399,0.1109,0.2764,69.6,8.41,35.2,20.76,6.6,0.1081,9.6,38.2,90.5,0.456,0.19,27.9,288 deg,Open-Meteo forecast; MLB fallback,https://forecast.weather.gov/MapClick.php?lat=39.0979&lon=-84.5082,73,13,82,Great American Ball Park,,,,,,,,,,,
101,672640,Otto Lopez,MIA,PHI,2026-08-17T22:40:00Z,Scheduled,1,Cristopher Sánchez,650911,L,45.4,Longshot,Watch List,"Projected Lineup, Premium Lineup Spot, Platoon Edge",29.3,32.1,52.8,88.7,78.0,7.0,50.0,,No,Yes,1,Yes,Yes,RotoWire projected lineup; MLB probable pitchers,lineup projected / unconfirmed,H:2026/2025 P:2026/2025,,,Direct BvP not yet weighted; 2026/2025 Statcast baseline active,7,5,30,0,"Last 7 games: 5/30, 0 HR","platoon edge; pitcher baseline 7.0% barrel, 12.7 HR allowed",neutral batted-ball profile; pitcher fly-ball pressure modest,6.26,40.05,88.85,100.1721,0.42,0.1447,0.3216,71.77,23.16,32.58,22.29,10.8,0.1381,6.96,41.41,89.14,0.3548,0.1228,16.9,106 deg,Open-Meteo forecast; MLB fallback,https://forecast.weather.gov/MapClick.php?lat=39.9061&lon=-75.1665,82,15,70,Citizens Bank Park,,,,,,,,,,,
102,670231,John Rave,KC,ATH,2026-08-17T23:40:00Z,Scheduled,8,Mason Barnett,686930,R,45.3,Longshot,Watch List,"Projected Lineup, Strong Barrel, Platoon Edge",37.0,48.6,50.7,47.9,80.0,0.0,50.0,,No,Yes,8,Yes,Yes,RotoWire projected lineup; MLB probable pitchers,lineup projected / unconfirmed,H:2026/2025 P:2026/2025,,,Direct BvP not yet weighted; 2026/2025 Statcast baseline active,7,1,16,0,"Last 7 games: 1/16, 0 HR","platoon edge; pitcher baseline 10.3% barrel, 8.6 HR allowed",neutral batted-ball profile; pitcher allows elevated contact,12.15,33.0,86.41,99.4377,0.4127,0.1787,0.3174,74.6,46.79,46.06,28.35,2.6,0.1978,10.31,39.28,88.78,0.4158,0.1796,33.16,354 deg,Open-Meteo forecast; MLB fallback,https://forecast.weather.gov/MapClick.php?lat=39.0517&lon=-94.4803,70,3,82,Kauffman Stadium,,,,,,,,,,,
103,687637,Dylan Beavers,BAL,TB,2026-08-17T22:05:00Z,Scheduled,5,Shane McClanahan,663556,L,45.2,Longshot,Watch List,Projected Lineup,29.1,41.2,53.1,81.9,50.0,26.4,50.0,,No,Yes,5,Yes,Yes,RotoWire projected lineup; MLB probable pitchers,lineup projected / unconfirmed,H:2026/2025 P:2026,,,Direct BvP not yet weighted; 2026/2025 Statcast baseline active,7,4,23,1,"Last 7 games: 4/23, 1 HR","same-side matchup; pitcher baseline 8.6% barrel, 7.0 HR allowed",neutral batted-ball profile; pitcher fly-ball pressure modest,6.71,36.12,88.73,99.3751,0.3772,0.1481,0.3153,72.34,20.35,41.09,30.48,3.3,0.1247,8.6,40.3,89.2,0.399,0.16,27.3,286 deg,Open-Meteo forecast; MLB fallback,https://forecast.weather.gov/MapClick.php?lat=27.7682&lon=-82.6534,77,1,84,Tropicana Field,,,,,,,,,,,
104,668939,Adley Rutschman,BOS,AZ,2026-08-17T23:10:00Z,Scheduled,4,Mitch Bratt,683352,L,45.2,Longshot,Watch List,"Projected Lineup, Premium Lineup Spot, Platoon Edge",32.3,29.3,52.2,90.4,75.0,0.0,50.0,,No,Yes,4,Yes,Yes,RotoWire projected lineup; MLB probable pitchers,lineup projected / unconfirmed,H:2026/2025 P:2026,,,Direct BvP not yet weighted; 2026/2025 Statcast baseline active,7,2,23,0,"Last 7 games: 2/23, 0 HR","switch hitter; pitcher baseline 7.1% barrel, 5.0 HR allowed",neutral batted-ball profile; pitcher allows elevated contact,7.08,40.7,89.12,99.5166,0.4142,0.1578,0.3362,70.42,12.77,38.75,28.24,8.3,0.1649,7.1,34.7,87.6,0.351,0.14,33.7,186 deg,Open-Meteo forecast; MLB fallback,https://forecast.weather.gov/MapClick.php?lat=42.3467&lon=-71.0972,52,0,76,Fenway Park,,,,,,,,,,,
105,650402,Gleyber Torres,DET,PIT,2026-08-17T23:05:00Z,Scheduled,1,Carmen Mlodzinski,669387,R,45.0,Longshot,Watch List,"Projected Lineup, Premium Lineup Spot",26.1,41.1,42.8,88.7,50.0,52.1,50.0,,No,Yes,1,Yes,Yes,RotoWire projected lineup; MLB probable pitchers,lineup projected / unconfirmed,H:2026/2025 P:2026/2025,,,Direct BvP not yet weighted; 2026/2025 Statcast baseline active,7,10,29,1,Contact streak: 10/29 over last 7 games,"same-side matchup; pitcher baseline 6.9% barrel, 8.0 HR allowed",neutral batted-ball profile; pitcher fly-ball pressure modest,7.57,34.66,87.27,97.7447,0.4039,0.1489,0.3413,68.63,5.89,26.13,27.8,10.4,0.1331,6.94,45.35,90.62,0.4251,0.1441,23.46,221 deg,Open-Meteo forecast; MLB fallback,https://forecast.weather.gov/MapClick.php?lat=40.4469&lon=-80.0057,91,28,72,PNC Park,,,,,,,,,,,
106,678882,Ceddanne Rafaela,BOS,AZ,2026-08-17T23:10:00Z,Scheduled,2,Mitch Bratt,683352,L,45.0,Longshot,Watch List,"Projected Lineup, Premium Lineup Spot, Platoon Edge",22.3,29.8,52.2,95.5,78.0,36.5,50.0,,No,Yes,2,Yes,Yes,RotoWire projected lineup; MLB probable pitchers,lineup projected / unconfirmed,H:2026/2025 P:2026,,,Direct BvP not yet weighted; 2026/2025 Statcast baseline active,7,7,29,1,"Last 7 games: 7/29, 1 HR","platoon edge; pitcher baseline 7.1% barrel, 5.0 HR allowed",neutral batted-ball profile; pitcher allows elevated contact,6.61,34.15,86.9,97.7724,0.3775,0.1313,0.291,70.02,8.83,35.71,25.72,16.0,0.1755,7.1,34.7,87.6,0.351,0.14,33.7,186 deg,Open-Meteo forecast; MLB fallback,https://forecast.weather.gov/MapClick.php?lat=42.3467&lon=-71.0972,52,0,76,Fenway Park,,,,,,,,,,,
107,691458,Blaze Jordan,STL,CIN,2026-08-17T17:40:00Z,Scheduled,9,,,,44.8,Longshot,Watch List,Projected Lineup,35.7,41.2,64.8,40.2,60.0,45.3,50.0,,No,Yes,9,Yes,Yes,RotoWire projected lineup; MLB probable pitchers,lineup projected / unconfirmed,H:2026 P:,,,Direct BvP not yet weighted; 2026/2025 Statcast baseline active,7,6,20,1,"Last 7 games: 6/20, 1 HR","handedness incomplete; pitcher baseline 0.0% barrel, 0.0 HR allowed",neutral batted-ball profile; pitcher fly-ball pressure modest,8.6,45.0,88.8,100.1633,0.422,0.155,0.315,72.7,26.8,39.5,20.2,2.0,0.13,,,,,,,288 deg,Open-Meteo forecast; MLB fallback,https://forecast.weather.gov/MapClick.php?lat=39.0979&lon=-84.5082,73,13,82,Great American Ball Park,,,,,,,,,,,
108,666160,Mickey Moniak,COL,LAD,2026-08-18T00:40:00Z,Scheduled,3,Blake Snell,605483,L,44.4,Longshot,Watch List,"Projected Lineup, Strong Barrel, Premium Lineup Spot",49.6,1.2,66.2,92.1,50.0,0.8,50.0,,No,Yes,3,Yes,Yes,RotoWire projected lineup; MLB probable pitchers,lineup projected / unconfirmed,H:2026/2025 P:2026/2025,,,Direct BvP not yet weighted; 2026/2025 Statcast baseline active,7,3,24,0,"Last 7 games: 3/24, 0 HR","same-side matchup; pitcher baseline 1.7% barrel, 0.9 HR allowed",fly-ball profile; pitcher fly-ball pressure modest,11.98,42.92,89.42,100.3591,0.4431,0.2105,0.3076,74.19,44.51,46.38,37.68,20.5,0.2641,1.74,19.72,84.38,0.2793,0.0651,21.26,144 deg,Open-Meteo forecast; MLB fallback,https://forecast.weather.gov/MapClick.php?lat=39.7559&lon=-104.9942,49,11,78,Coors Field,,,,,,,,,,,
109,657757,Gavin Sheets,SD,NYM,2026-08-17T23:10:00Z,Scheduled,7,Nolan McLean,690997,R,44.3,Longshot,Watch List,"Projected Lineup, Platoon Edge",34.4,30.8,49.3,59.8,80.0,46.8,50.0,,No,Yes,7,Yes,Yes,RotoWire projected lineup; MLB probable pitchers,lineup projected / unconfirmed,H:2026/2025 P:2026/2025,,,Direct BvP not yet weighted; 2026/2025 Statcast baseline active,7,3,16,2,Hot streak: 2 HR in last 7 games,"platoon edge; pitcher baseline 7.3% barrel, 11.7 HR allowed",neutral batted-ball profile; pitcher fly-ball pressure modest,7.99,41.53,88.29,99.7176,0.4033,0.1634,0.3239,74.52,47.74,38.91,23.0,16.2,0.1777,7.3,38.08,88.38,0.3514,0.1299,21.84,191 deg,Open-Meteo forecast; MLB fallback,https://forecast.weather.gov/MapClick.php?lat=40.7571&lon=-73.8458,71,10,74,Citi Field,,,,,,,,,,,
110,702616,Jackson Holliday,BAL,MIN,2026-08-17T22:05:00Z,Scheduled,1,Shane McClanahan,663556,L,44.1,Longshot,Watch List,"Projected Lineup, Premium Lineup Spot",26.6,41.2,53.1,88.7,50.0,22.0,28.9,55.0,No,Yes,1,Yes,Yes,RotoWire projected lineup; MLB probable pitchers,lineup projected / unconfirmed,H:2026/2025 P:2026,,,Direct BvP not yet weighted; 2026/2025 Statcast baseline active,7,8,30,0,"Last 7 games: 8/30, 0 HR","same-side matchup; pitcher baseline 8.6% barrel, 7.0 HR allowed",neutral batted-ball profile; pitcher fly-ball pressure modest,7.52,37.16,87.75,98.2047,0.3788,0.1392,0.3154,70.6,7.34,36.95,23.98,9.3,0.1358,8.6,40.3,89.2,0.399,0.16,27.3,286 deg,Open-Meteo forecast; MLB fallback,https://forecast.weather.gov/MapClick.php?lat=27.7682&lon=-82.6534,77,1,84,Tropicana Field,,13.0,0.227,89,4,75,0,-4,5.43,7,Best BAL full sheet line but park neutral-negative
111,641680,Jonah Heim,ATH,KC,2026-08-17T23:40:00Z,Scheduled,4,Michael Wacha,608379,R,44.1,Longshot,Watch List,"Projected Lineup, Premium Lineup Spot, Platoon Edge",25.0,35.4,50.7,90.4,75.0,0.0,50.0,,No,Yes,4,Yes,Yes,RotoWire projected lineup; MLB probable pitchers,lineup projected / unconfirmed,H:2026/2025 P:2026/2025,,,Direct BvP not yet weighted; 2026/2025 Statcast baseline active,7,3,25,0,"Last 7 games: 3/25, 0 HR","switch hitter; pitcher baseline 6.9% barrel, 17.1 HR allowed",neutral batted-ball profile; pitcher fly-ball pressure modest,6.94,33.45,87.82,98.0444,0.3747,0.1438,0.2921,69.77,9.17,40.63,28.81,11.0,0.1666,6.91,35.93,88.27,0.4144,0.1633,28.6,354 deg,Open-Meteo forecast; MLB fallback,https://forecast.weather.gov/MapClick.php?lat=39.0517&lon=-94.4803,70,3,82,Kauffman Stadium,,,,,,,,,,,
112,622761,Jorge Mateo,TB,BAL,2026-08-17T22:05:00Z,Scheduled,7,Brandon Young,687064,R,43.9,Longshot,Watch List,Projected Lineup,35.8,40.3,53.1,59.8,50.0,24.9,50.0,,No,Yes,7,Yes,Yes,RotoWire projected lineup; MLB probable pitchers,lineup projected / unconfirmed,H:2026/2025 P:2026/2025,,,Direct BvP not yet weighted; 2026/2025 Statcast baseline active,7,2,7,0,"Last 7 games: 2/7, 0 HR","same-side matchup; pitcher baseline 7.3% barrel, 12.0 HR allowed",neutral batted-ball profile; pitcher fly-ball pressure modest,8.37,43.63,88.8,100.6812,0.3845,0.1524,0.2872,73.16,29.92,38.44,30.07,3.1,0.1247,7.33,41.36,89.33,0.4082,0.1588,27.15,286 deg,Open-Meteo forecast; MLB fallback,https://forecast.weather.gov/MapClick.php?lat=27.7682&lon=-82.6534,77,1,84,Tropicana Field,,,,,,,,,,,
113,805367,Chase Meidroth,CWS,CHC,2026-08-18T00:05:00Z,Scheduled,7,Shota Imanaga,684007,L,43.3,Longshot,Watch List,"Projected Lineup, Platoon Edge",13.4,53.0,52.8,59.8,78.0,48.5,50.0,,No,Yes,7,Yes,Yes,RotoWire projected lineup; MLB probable pitchers,lineup projected / unconfirmed,H:2026/2025 P:2026/2025,,,Direct BvP not yet weighted; 2026/2025 Statcast baseline active,7,9,28,1,Contact streak: 9/28 over last 7 games,"platoon edge; pitcher baseline 10.3% barrel, 28.9 HR allowed",neutral batted-ball profile; pitcher allows elevated contact,3.7,35.54,87.99,97.4552,0.3372,0.0954,0.2986,67.19,1.32,38.05,19.7,9.9,0.1174,10.27,37.9,89.02,0.4298,0.1933,34.39,278 deg,Open-Meteo forecast; MLB fallback,https://forecast.weather.gov/MapClick.php?lat=41.9484&lon=-87.6553,77,14,81,Wrigley Field,,,,,,,,,,,
114,677870,Leo Jimenez,MIA,PHI,2026-08-17T22:40:00Z,Scheduled,6,Cristopher Sánchez,650911,L,43.2,Longshot,Watch List,"Projected Lineup, Platoon Edge",28.8,32.1,52.8,71.7,78.0,13.6,50.0,,No,Yes,6,Yes,Yes,RotoWire projected lineup; MLB probable pitchers,lineup projected / unconfirmed,H:2026/2025 P:2026/2025,,,Direct BvP not yet weighted; 2026/2025 Statcast baseline active,7,4,19,0,"Last 7 games: 4/19, 0 HR","platoon edge; pitcher baseline 7.0% barrel, 12.7 HR allowed",neutral batted-ball profile; pitcher fly-ball pressure modest,5.88,45.24,91.02,100.5464,0.3343,0.1108,0.2904,71.58,13.36,34.86,23.4,1.7,0.0806,6.96,41.41,89.14,0.3548,0.1228,16.9,106 deg,Open-Meteo forecast; MLB fallback,https://forecast.weather.gov/MapClick.php?lat=39.9061&lon=-75.1665,82,15,70,Citizens Bank Park,,,,,,,,,,,
115,665750,Leody Taveras,BAL,TB,2026-08-17T22:05:00Z,Scheduled,6,Shane McClanahan,663556,L,43.0,Longshot,Watch List,"Projected Lineup, Platoon Edge",18.9,40.4,53.1,71.7,75.0,37.8,50.0,,No,Yes,6,Yes,Yes,RotoWire projected lineup; MLB probable pitchers,lineup projected / unconfirmed,H:2026/2025 P:2026,,,Direct BvP not yet weighted; 2026/2025 Statcast baseline active,7,7,28,1,"Last 7 games: 7/28, 1 HR","switch hitter; pitcher baseline 8.6% barrel, 7.0 HR allowed",neutral batted-ball profile; pitcher fly-ball pressure modest,5.07,32.47,87.94,98.9518,0.3244,0.1138,0.2663,72.39,24.04,33.58,24.24,5.8,0.1256,8.6,40.3,89.2,0.399,0.16,27.3,286 deg,Open-Meteo forecast; MLB fallback,https://forecast.weather.gov/MapClick.php?lat=27.7682&lon=-82.6534,77,1,84,Tropicana Field,,,,,,,,,,,
116,630105,Jake Cronenworth,SD,NYM,2026-08-17T23:10:00Z,Scheduled,2,Nolan McLean,690997,R,43.0,Longshot,Watch List,"Projected Lineup, Premium Lineup Spot, Platoon Edge",16.1,30.8,49.3,95.5,80.0,35.3,50.0,,No,Yes,2,Yes,Yes,RotoWire projected lineup; MLB probable pitchers,lineup projected / unconfirmed,H:2026/2025 P:2026/2025,,,Direct BvP not yet weighted; 2026/2025 Statcast baseline active,7,7,30,1,"Last 7 games: 7/30, 1 HR","platoon edge; pitcher baseline 7.3% barrel, 11.7 HR allowed",neutral batted-ball profile; pitcher fly-ball pressure modest,4.52,33.26,87.59,97.9996,0.3257,0.1014,0.2938,71.39,17.46,32.66,22.23,5.4,0.0855,7.3,38.08,88.38,0.3514,0.1299,21.84,191 deg,Open-Meteo forecast; MLB fallback,https://forecast.weather.gov/MapClick.php?lat=40.7571&lon=-73.8458,71,10,74,Citi Field,,,,,,,,,,,
117,663647,Ke'Bryan Hayes,CIN,STL,2026-08-17T17:40:00Z,Scheduled,9,,,,42.9,Longshot,Watch List,Projected Lineup,31.8,41.2,64.8,40.2,60.0,30.3,50.0,,No,Yes,9,Yes,Yes,RotoWire projected lineup; MLB probable pitchers,lineup projected / unconfirmed,H:2026/2025 P:,,,Direct BvP not yet weighted; 2026/2025 Statcast baseline active,7,3,15,1,"Last 7 games: 3/15, 1 HR","handedness incomplete; pitcher baseline 0.0% barrel, 0.0 HR allowed",neutral batted-ball profile; pitcher fly-ball pressure modest,7.61,39.91,90.07,99.7492,0.3861,0.1411,0.2967,70.82,7.92,29.41,26.66,5.0,0.0969,,,,,,,288 deg,Open-Meteo forecast; MLB fallback,https://forecast.weather.gov/MapClick.php?lat=39.0979&lon=-84.5082,73,13,82,Great American Ball Park,,,,,,,,,,,
118,663647,Ke'Bryan Hayes,CIN,STL,2026-08-17T22:40:00Z,Scheduled,9,,,,42.9,Longshot,Watch List,Projected Lineup,31.8,41.2,64.8,40.2,60.0,30.3,50.0,,No,Yes,9,Yes,Yes,RotoWire projected lineup; MLB probable pitchers,lineup projected / unconfirmed,H:2026/2025 P:,,,Direct BvP not yet weighted; 2026/2025 Statcast baseline active,7,3,15,1,"Last 7 games: 3/15, 1 HR","handedness incomplete; pitcher baseline 0.0% barrel, 0.0 HR allowed",neutral batted-ball profile; pitcher fly-ball pressure modest,7.61,39.91,90.07,99.7492,0.3861,0.1411,0.2967,70.82,7.92,29.41,26.66,5.0,0.0969,,,,,,,288 deg,Open-Meteo forecast; MLB fallback,https://forecast.weather.gov/MapClick.php?lat=39.0979&lon=-84.5082,73,13,82,Great American Ball Park,,,,,,,,,,,
119,669707,Jared Triolo,PIT,DET,2026-08-17T23:05:00Z,Scheduled,1,Framber Valdez,664285,L,42.8,Longshot,Watch List,"Projected Lineup, Premium Lineup Spot, Platoon Edge",17.1,35.6,42.8,88.7,78.0,43.2,50.0,,No,Yes,1,Yes,Yes,RotoWire projected lineup; MLB probable pitchers,lineup projected / unconfirmed,H:2026/2025 P:2026/2025,,,Direct BvP not yet weighted; 2026/2025 Statcast baseline active,7,6,21,1,"Last 7 games: 6/21, 1 HR","platoon edge; pitcher baseline 6.2% barrel, 13.6 HR allowed",neutral batted-ball profile; pitcher fly-ball pressure modest,3.75,37.5,88.09,98.6767,0.3403,0.0978,0.2974,70.9,7.79,37.71,21.24,3.5,0.0898,6.21,44.06,90.24,0.384,0.1325,18.67,221 deg,Open-Meteo forecast; MLB fallback,https://forecast.weather.gov/MapClick.php?lat=40.4469&lon=-80.0057,91,28,72,PNC Park,,,,,,,,,,,
120,691777,Max Muncy,LAD,KC,2026-08-17T23:40:00Z,Scheduled,7,Michael Wacha,608379,R,42.6,Longshot,Watch List,"Projected Lineup, Strong Barrel",35.3,37.3,50.7,59.8,50.0,5.7,66.5,100.0,No,Yes,7,Yes,Yes,RotoWire projected lineup; MLB probable pitchers,lineup projected / unconfirmed,H:2026/2025 P:2026/2025,,,Direct BvP not yet weighted; 2026/2025 Statcast baseline active,7,3,19,0,"Last 7 games: 3/19, 0 HR","same-side matchup; pitcher baseline 6.9% barrel, 17.1 HR allowed",neutral batted-ball profile; pitcher fly-ball pressure modest,10.24,40.52,89.34,100.998,0.3488,0.143,0.2733,74.01,44.98,42.89,23.56,6.2,0.1524,6.91,35.93,88.27,0.4144,0.1633,28.6,354 deg,Open-Meteo forecast; MLB fallback,https://forecast.weather.gov/MapClick.php?lat=39.0517&lon=-94.4803,70,3,82,Kauffman Stadium,,19.2,0.333,92,4,39,57.1,19,8.85,4,Dodger +19; elite sheet line vs Cameron LHH split
121,686555,Isaac Collins,KC,ATH,2026-08-17T23:40:00Z,Scheduled,7,Mason Barnett,686930,R,42.2,Longshot,Watch List,"Projected Lineup, Platoon Edge",23.4,47.7,50.7,59.8,75.0,0.0,50.0,,No,Yes,7,Yes,Yes,RotoWire projected lineup; MLB probable pitchers,lineup projected / unconfirmed,H:2026/2025 P:2026/2025,,,Direct BvP not yet weighted; 2026/2025 Statcast baseline active,7,2,23,0,"Last 7 games: 2/23, 0 HR","switch hitter; pitcher baseline 10.3% barrel, 8.6 HR allowed",neutral batted-ball profile; pitcher allows elevated contact,5.46,39.39,88.52,99.8554,0.3359,0.1011,0.3073,73.26,29.99,40.05,26.3,6.9,0.1326,10.31,39.28,88.78,0.4158,0.1796,33.16,354 deg,Open-Meteo forecast; MLB fallback,https://forecast.weather.gov/MapClick.php?lat=39.0517&lon=-94.4803,70,3,82,Kauffman Stadium,,,,,,,,,,,
122,669911,Michael Toglia,CIN,STL,2026-08-17T17:40:00Z,Scheduled,5,,,,42.0,Longshot,Watch List,"Projected Lineup, Platoon Edge",10.7,40.2,64.8,81.9,75.0,7.0,50.0,,No,Yes,5,Yes,Yes,RotoWire projected lineup; MLB probable pitchers,lineup projected / unconfirmed,H:2026/2025 P:,,,Direct BvP not yet weighted; 2026/2025 Statcast baseline active,5,2,12,0,"Last 5 games: 2/12, 0 HR","switch hitter; pitcher baseline 0.0% barrel, 0.0 HR allowed",fly-ball profile; pitcher fly-ball pressure modest,3.12,12.96,85.98,94.8114,0.2369,0.0638,0.2283,71.93,22.95,13.14,43.52,3.3,0.1364,,,,,,,288 deg,Open-Meteo forecast; MLB fallback,https://forecast.weather.gov/MapClick.php?lat=39.0979&lon=-84.5082,73,13,82,Great American Ball Park,,,,,,,,,,,
123,669911,Michael Toglia,CIN,STL,2026-08-17T22:40:00Z,Scheduled,5,,,,42.0,Longshot,Watch List,"Projected Lineup, Platoon Edge",10.7,40.2,64.8,81.9,75.0,7.0,50.0,,No,Yes,5,Yes,Yes,RotoWire projected lineup; MLB probable pitchers,lineup projected / unconfirmed,H:2026/2025 P:,,,Direct BvP not yet weighted; 2026/2025 Statcast baseline active,5,2,12,0,"Last 5 games: 2/12, 0 HR","switch hitter; pitcher baseline 0.0% barrel, 0.0 HR allowed",fly-ball profile; pitcher fly-ball pressure modest,3.12,12.96,85.98,94.8114,0.2369,0.0638,0.2283,71.93,22.95,13.14,43.52,3.3,0.1364,,,,,,,288 deg,Open-Meteo forecast; MLB fallback,https://forecast.weather.gov/MapClick.php?lat=39.0979&lon=-84.5082,73,13,82,Great American Ball Park,,,,,,,,,,,
124,655316,Andruw Monasterio,BOS,AZ,2026-08-17T23:10:00Z,Scheduled,6,Mitch Bratt,683352,L,42.0,Longshot,Watch List,"Projected Lineup, Platoon Edge",26.4,29.8,52.2,71.7,78.0,17.7,50.0,,No,Yes,6,Yes,Yes,RotoWire projected lineup; MLB probable pitchers,lineup projected / unconfirmed,H:2026/2025 P:2026,,,Direct BvP not yet weighted; 2026/2025 Statcast baseline active,7,5,21,0,"Last 7 games: 5/21, 0 HR","platoon edge; pitcher baseline 7.1% barrel, 5.0 HR allowed",neutral batted-ball profile; pitcher allows elevated contact,7.12,34.33,88.05,97.7451,0.3833,0.1418,0.3024,69.24,3.43,41.46,32.32,5.4,0.1719,7.1,34.7,87.6,0.351,0.14,33.7,186 deg,Open-Meteo forecast; MLB fallback,https://forecast.weather.gov/MapClick.php?lat=42.3467&lon=-71.0972,52,0,76,Fenway Park,,,,,,,,,,,
125,665804,Miguel Amaya,CHC,CWS,2026-08-18T00:05:00Z,Scheduled,9,Luis Castillo,622491,R,42.0,Longshot,Watch List,Projected Lineup,23.6,53.1,52.8,40.2,50.0,58.1,50.0,,No,Yes,9,Yes,Yes,RotoWire projected lineup; MLB probable pitchers,lineup projected / unconfirmed,H:2026/2025 P:2026/2025,,,Direct BvP not yet weighted; 2026/2025 Statcast baseline active,7,5,19,2,Hot streak: 2 HR in last 7 games,"same-side matchup; pitcher baseline 9.8% barrel, 18.8 HR allowed",neutral batted-ball profile; pitcher fly-ball pressure modest,6.6,35.14,87.31,97.7744,0.3419,0.1259,0.2922,71.01,14.15,41.22,31.88,4.0,0.1518,9.84,42.97,90.16,0.4334,0.1765,28.28,278 deg,Open-Meteo forecast; MLB fallback,https://forecast.weather.gov/MapClick.php?lat=41.9484&lon=-87.6553,77,14,81,Wrigley Field,,,,,,,,,,,
126,620443,Luis Torrens,NYM,SD,2026-08-17T23:10:00Z,Scheduled,9,Walker Buehler,621111,R,41.9,Longshot,Watch List,"Projected Lineup, Hot Hitter/Streak",27.0,42.7,49.3,40.2,50.0,94.1,50.0,,No,Yes,9,Yes,Yes,RotoWire projected lineup; MLB probable pitchers,lineup projected / unconfirmed,H:2026/2025 P:2026/2025,,,Direct BvP not yet weighted; 2026/2025 Statcast baseline active,7,8,21,4,Hot streak: 4 HR in last 7 games,"same-side matchup; pitcher baseline 8.7% barrel, 16.4 HR allowed",neutral batted-ball profile; pitcher fly-ball pressure modest,6.36,42.15,88.85,99.2447,0.3791,0.1331,0.3058,70.35,8.06,30.59,19.5,5.0,0.1302,8.73,39.13,88.95,0.4164,0.161,23.23,191 deg,Open-Meteo forecast; MLB fallback,https://forecast.weather.gov/MapClick.php?lat=40.7571&lon=-73.8458,71,10,74,Citi Field,,,,,,,,,,,
127,701675,Nathan Church,STL,CIN,2026-08-17T17:40:00Z,Scheduled,6,,,,41.7,Longshot,Watch List,Projected Lineup,16.6,41.2,64.8,71.7,60.0,13.3,50.0,,No,Yes,6,Yes,Yes,RotoWire projected lineup; MLB probable pitchers,lineup projected / unconfirmed,H:2026/2025 P:,,,Direct BvP not yet weighted; 2026/2025 Statcast baseline active,7,5,24,0,"Last 7 games: 5/24, 0 HR","handedness incomplete; pitcher baseline 0.0% barrel, 0.0 HR allowed",neutral batted-ball profile; pitcher fly-ball pressure modest,5.41,33.94,86.83,97.8345,0.3399,0.1109,0.2764,69.6,8.41,35.2,20.76,6.6,0.1081,,,,,,,288 deg,Open-Meteo forecast; MLB fallback,https://forecast.weather.gov/MapClick.php?lat=39.0979&lon=-84.5082,73,13,82,Great American Ball Park,,,,,,,,,,,
128,592663,J.T. Realmuto,PHI,MIA,2026-08-17T22:40:00Z,Scheduled,7,Janson Junk,676083,R,41.7,Longshot,Watch List,Projected Lineup,31.1,42.5,52.8,59.8,50.0,0.0,50.0,,No,Yes,7,Yes,Yes,RotoWire projected lineup; MLB probable pitchers,lineup projected / unconfirmed,H:2026/2025 P:2026/2025,,,Direct BvP not yet weighted; 2026/2025 Statcast baseline active,7,3,28,0,"Last 7 games: 3/28, 0 HR","same-side matchup; pitcher baseline 7.5% barrel, 10.8 HR allowed",neutral batted-ball profile; pitcher fly-ball pressure modest,5.86,42.07,89.93,100.2075,0.3935,0.1384,0.3174,72.91,32.43,40.9,26.15,9.2,0.1249,7.52,42.61,90.48,0.4215,0.1606,23.29,106 deg,Open-Meteo forecast; MLB fallback,https://forecast.weather.gov/MapClick.php?lat=39.9061&lon=-75.1665,82,15,70,Citizens Bank Park,,,,,,,,,,,
129,642086,Dominic Smith,ATL,MIN,2026-08-17T23:40:00Z,Scheduled,7,Bailey Ober,641927,R,41.6,Longshot,Watch List,"Projected Lineup, Platoon Edge",22.3,55.5,27.1,59.8,80.0,16.6,50.0,,No,Yes,7,Yes,Yes,RotoWire projected lineup; MLB probable pitchers,lineup projected / unconfirmed,H:2026/2025 P:2026/2025,,,Direct BvP not yet weighted; 2026/2025 Statcast baseline active,7,3,13,0,"Last 7 games: 3/13, 0 HR","platoon edge; pitcher baseline 10.7% barrel, 20.9 HR allowed",neutral batted-ball profile; pitcher allows elevated contact,5.32,34.31,87.77,97.9389,0.3889,0.1408,0.306,68.5,5.5,36.93,28.33,7.1,0.1309,10.69,36.23,88.83,0.4669,0.2147,31.83,,NOAA link only,https://forecast.weather.gov/MapClick.php?lat=44.9817&lon=-93.2776,,,,Target Field,,,,,,,,,,,
130,663538,Nico Hoerner,CHC,CWS,2026-08-18T00:05:00Z,Scheduled,5,Luis Castillo,622491,R,41.6,Longshot,Watch List,Projected Lineup,8.5,53.1,52.8,81.9,50.0,28.2,50.0,,No,Yes,5,Yes,Yes,RotoWire projected lineup; MLB probable pitchers,lineup projected / unconfirmed,H:2026/2025 P:2026/2025,,,Direct BvP not yet weighted; 2026/2025 Statcast baseline active,7,8,26,0,"Last 7 games: 8/26, 0 HR","same-side matchup; pitcher baseline 9.8% barrel, 18.8 HR allowed",neutral batted-ball profile; pitcher fly-ball pressure modest,1.49,29.04,86.14,96.2244,0.3784,0.0829,0.3234,68.33,1.76,32.94,21.56,7.0,0.1005,9.84,42.97,90.16,0.4334,0.1765,28.28,278 deg,Open-Meteo forecast; MLB fallback,https://forecast.weather.gov/MapClick.php?lat=41.9484&lon=-87.6553,77,14,81,Wrigley Field,,,,,,,,,,,
131,666163,Ben Rortvedt,LAD,COL,2026-08-18T00:40:00Z,Scheduled,9,Tomoyuki Sugano,608372,R,41.6,Longshot,Watch List,"Projected Lineup, Pitcher Vulnerable, Platoon Edge",1.3,73.3,66.2,40.2,80.0,9.3,50.0,,No,Yes,9,Yes,Yes,RotoWire projected lineup; MLB probable pitchers,lineup projected / unconfirmed,H:2026/2025 P:2026/2025,,,Direct BvP not yet weighted; 2026/2025 Statcast baseline active,7,2,11,0,"Last 7 games: 2/11, 0 HR","platoon edge; pitcher baseline 13.1% barrel, 26.7 HR allowed",neutral batted-ball profile; pitcher allows elevated contact,0.99,5.88,81.55,90.8339,0.2726,0.041,0.2358,68.35,1.47,35.7,17.9,0.3,0.0159,13.13,42.32,90.49,0.552,0.249,30.49,144 deg,Open-Meteo forecast; MLB fallback,https://forecast.weather.gov/MapClick.php?lat=39.7559&lon=-104.9942,49,11,78,Coors Field,,,,,,,,,,,
132,650333,Luis Arraez,PHI,MIA,2026-08-17T22:40:00Z,Scheduled,4,Janson Junk,676083,R,41.5,Longshot,Watch List,"Projected Lineup, Premium Lineup Spot, Platoon Edge",7.3,42.5,52.8,90.4,80.0,10.1,50.0,,No,Yes,4,Yes,Yes,RotoWire projected lineup; MLB probable pitchers,lineup projected / unconfirmed,H:2026/2025 P:2026/2025,,,Direct BvP not yet weighted; 2026/2025 Statcast baseline active,7,6,32,0,"Last 7 games: 6/32, 0 HR","platoon edge; pitcher baseline 7.5% barrel, 10.8 HR allowed",neutral batted-ball profile; pitcher fly-ball pressure modest,0.96,18.94,86.59,93.9914,0.37,0.0844,0.3037,62.99,0.12,30.31,28.45,5.9,0.1119,7.52,42.61,90.48,0.4215,0.1606,23.29,106 deg,Open-Meteo forecast; MLB fallback,https://forecast.weather.gov/MapClick.php?lat=39.9061&lon=-75.1665,82,15,70,Citizens Bank Park,,,,,,,,,,,
133,650489,Willi Castro,COL,LAD,2026-08-18T00:40:00Z,Scheduled,4,Blake Snell,605483,L,41.4,Longshot,Watch List,"Projected Lineup, Premium Lineup Spot, Platoon Edge",31.6,1.1,66.2,90.4,75.0,18.0,50.0,,No,Yes,4,Yes,Yes,RotoWire projected lineup; MLB probable pitchers,lineup projected / unconfirmed,H:2026/2025 P:2026/2025,,,Direct BvP not yet weighted; 2026/2025 Statcast baseline active,7,6,25,0,"Last 7 games: 6/25, 0 HR","switch hitter; pitcher baseline 1.7% barrel, 0.9 HR allowed",neutral batted-ball profile; pitcher fly-ball pressure modest,7.83,39.4,87.47,100.1311,0.3869,0.154,0.3067,72.51,25.97,42.18,31.46,12.4,0.1526,1.74,19.72,84.38,0.2793,0.0651,21.26,144 deg,Open-Meteo forecast; MLB fallback,https://forecast.weather.gov/MapClick.php?lat=39.7559&lon=-104.9942,49,11,78,Coors Field,,,,,,,,,,,
134,680776,Jarren Duran,BOS,TOR,2026-08-17T23:10:00Z,Scheduled,7,Mitch Bratt,683352,L,41.3,Longshot,Watch List,Projected Lineup,38.2,29.8,52.2,59.8,50.0,18.0,39.9,61.0,No,Yes,7,Yes,Yes,RotoWire projected lineup; MLB probable pitchers,lineup projected / unconfirmed,H:2026/2025 P:2026,,,Direct BvP not yet weighted; 2026/2025 Statcast baseline active,7,6,25,0,"Last 7 games: 6/25, 0 HR","same-side matchup; pitcher baseline 7.1% barrel, 5.0 HR allowed",neutral batted-ball profile; pitcher allows elevated contact,9.63,41.69,90.33,102.0388,0.3855,0.1508,0.3029,74.91,49.89,39.18,23.14,16.0,0.1615,7.1,34.7,87.6,0.351,0.14,33.7,186 deg,Open-Meteo forecast; MLB fallback,https://forecast.weather.gov/MapClick.php?lat=42.3467&lon=-71.0972,52,0,76,Fenway Park,,10.2,0.191,89,11,178,0,22,11.39,14,Taillon LHH split target; volume support but modest EV/barrel
135,691026,Masyn Winn,STL,CIN,2026-08-17T22:40:00Z,Scheduled,7,Rhett Lowder,695076,R,40.9,Longshot,Watch List,Projected Lineup,15.1,50.9,64.8,59.8,50.0,10.8,50.0,,No,Yes,7,Yes,Yes,RotoWire projected lineup; MLB probable pitchers,lineup projected / unconfirmed,H:2026/2025 P:2026,,,Direct BvP not yet weighted; 2026/2025 Statcast baseline active,7,5,26,0,"Last 7 games: 5/26, 0 HR","same-side matchup; pitcher baseline 9.6% barrel, 12.0 HR allowed",neutral batted-ball profile; pitcher fly-ball pressure modest,3.61,34.95,88.23,98.6475,0.3344,0.0874,0.2958,71.17,15.63,32.11,21.04,5.5,0.0897,9.6,38.2,90.5,0.456,0.19,27.9,288 deg,Open-Meteo forecast; MLB fallback,https://forecast.weather.gov/MapClick.php?lat=39.0979&lon=-84.5082,73,13,82,Great American Ball Park,,,,,,,,,,,
136,645277,Ozzie Albies,ATL,MIN,2026-08-17T23:40:00Z,Scheduled,6,Bailey Ober,641927,R,40.9,Longshot,Watch List,"Projected Lineup, Platoon Edge",17.3,53.5,27.1,71.7,75.0,18.3,50.0,,No,Yes,6,Yes,Yes,RotoWire projected lineup; MLB probable pitchers,lineup projected / unconfirmed,H:2026/2025 P:2026/2025,,,Direct BvP not yet weighted; 2026/2025 Statcast baseline active,7,2,23,1,"Last 7 games: 2/23, 1 HR","switch hitter; pitcher baseline 10.7% barrel, 20.9 HR allowed",neutral batted-ball profile; pitcher allows elevated contact,4.55,29.09,87.08,96.779,0.3625,0.1279,0.2899,68.86,6.02,46.84,32.11,18.8,0.1593,10.69,36.23,88.83,0.4669,0.2147,31.83,,NOAA link only,https://forecast.weather.gov/MapClick.php?lat=44.9817&lon=-93.2776,,,,Target Field,,,,,,,,,,,
137,664954,Brett Sullivan,COL,LAD,2026-08-18T00:40:00Z,Scheduled,8,Blake Snell,605483,L,40.8,Longshot,Watch List,"Projected Lineup, Strong Barrel, Hot Hitter/Streak",44.6,1.2,66.2,47.9,50.0,84.4,50.0,,No,Yes,8,Yes,Yes,RotoWire projected lineup; MLB probable pitchers,lineup projected / unconfirmed,H:2026/2025 P:2026/2025,,,Direct BvP not yet weighted; 2026/2025 Statcast baseline active,7,6,19,3,Hot streak: 3 HR in last 7 games,"same-side matchup; pitcher baseline 1.7% barrel, 0.9 HR allowed",fly-ball profile; pitcher fly-ball pressure modest,10.79,53.17,90.51,97.9976,0.3673,0.1647,0.3075,68.88,4.9,53.22,35.44,4.2,0.1372,1.74,19.72,84.38,0.2793,0.0651,21.26,144 deg,Open-Meteo forecast; MLB fallback,https://forecast.weather.gov/MapClick.php?lat=39.7559&lon=-104.9942,49,11,78,Coors Field,,,,,,,,,,,
138,650859,Luis Rengifo,SD,NYM,2026-08-17T23:10:00Z,Scheduled,6,Nolan McLean,690997,R,40.6,Longshot,Watch List,"Projected Lineup, Platoon Edge",16.3,29.5,49.3,71.7,75.0,66.7,50.0,,No,Yes,6,Yes,Yes,RotoWire projected lineup; MLB probable pitchers,lineup projected / unconfirmed,H:2026/2025 P:2026/2025,,,Direct BvP not yet weighted; 2026/2025 Statcast baseline active,7,8,25,2,Hot streak: 2 HR in last 7 games,"switch hitter; pitcher baseline 7.3% barrel, 11.7 HR allowed",neutral batted-ball profile; pitcher fly-ball pressure modest,4.44,33.96,87.73,97.8361,0.3568,0.0982,0.3069,70.76,14.58,37.18,17.87,4.8,0.0802,7.3,38.08,88.38,0.3514,0.1299,21.84,191 deg,Open-Meteo forecast; MLB fallback,https://forecast.weather.gov/MapClick.php?lat=40.7571&lon=-73.8458,71,10,74,Citi Field,,,,,,,,,,,
139,663616,Trevor Larnach,MIN,BAL,2026-08-17T23:40:00Z,Scheduled,1,Martín Pérez,527048,L,40.3,Longshot,Watch List,"Projected Lineup, Premium Lineup Spot",30.8,39.0,27.1,88.7,50.0,10.8,21.7,54.0,No,Yes,1,Yes,Yes,RotoWire projected lineup; MLB probable pitchers,lineup projected / unconfirmed,H:2026/2025 P:2026/2025,,,Direct BvP not yet weighted; 2026/2025 Statcast baseline active,7,5,26,0,"Last 7 games: 5/26, 0 HR","same-side matchup; pitcher baseline 8.4% barrel, 9.5 HR allowed",neutral batted-ball profile; pitcher fly-ball pressure modest,7.55,39.4,88.52,99.7015,0.4037,0.1467,0.3285,72.1,21.78,42.27,24.26,12.1,0.1568,8.42,38.0,88.2,0.4157,0.1639,24.27,,NOAA link only,https://forecast.weather.gov/MapClick.php?lat=44.9817&lon=-93.2776,,,,Target Field,,10.0,0.286,79,2,21,50,-4,2.56,1,PA% and ISO but EV/pitcher split concern
140,686797,Brooks Lee,MIN,ATL,2026-08-17T23:40:00Z,Scheduled,6,Martín Pérez,527048,L,40.2,Longshot,Watch List,"Projected Lineup, Platoon Edge, Hot Hitter/Streak",18.2,37.9,27.1,71.7,75.0,70.4,50.0,,No,Yes,6,Yes,Yes,RotoWire projected lineup; MLB probable pitchers,lineup projected / unconfirmed,H:2026/2025 P:2026/2025,,,Direct BvP not yet weighted; 2026/2025 Statcast baseline active,7,10,29,2,Hot streak: 2 HR in last 7 games,"switch hitter; pitcher baseline 8.4% barrel, 9.5 HR allowed",neutral batted-ball profile; pitcher fly-ball pressure modest,4.26,33.88,87.97,97.4182,0.3411,0.1155,0.2757,69.92,8.42,42.48,27.88,16.7,0.162,8.42,38.0,88.2,0.4157,0.1639,24.27,,NOAA link only,https://forecast.weather.gov/MapClick.php?lat=44.9817&lon=-93.2776,,,,Target Field,,,,,,,,,,,
141,691594,Javier Sanoja,MIA,PHI,2026-08-17T22:40:00Z,Scheduled,5,Cristopher Sánchez,650911,L,40.0,Longshot,Watch List,"Projected Lineup, Platoon Edge",10.0,32.1,52.8,81.9,78.0,37.8,50.0,,No,Yes,5,Yes,Yes,RotoWire projected lineup; MLB probable pitchers,lineup projected / unconfirmed,H:2026/2025 P:2026/2025,,,Direct BvP not yet weighted; 2026/2025 Statcast baseline active,7,5,20,1,"Last 7 games: 5/20, 1 HR","platoon edge; pitcher baseline 7.0% barrel, 12.7 HR allowed",neutral batted-ball profile; pitcher fly-ball pressure modest,2.01,32.27,87.31,97.3854,0.3336,0.0788,0.2792,69.07,6.88,37.45,19.11,4.6,0.1383,6.96,41.41,89.14,0.3548,0.1228,16.9,106 deg,Open-Meteo forecast; MLB fallback,https://forecast.weather.gov/MapClick.php?lat=39.9061&lon=-75.1665,82,15,70,Citizens Bank Park,,,,,,,,,,,
142,593871,Jorge Polanco,NYM,SD,2026-08-17T23:10:00Z,Scheduled,8,Walker Buehler,621111,R,39.7,Longshot,Watch List,"Projected Lineup, Platoon Edge",21.5,40.9,49.3,47.9,75.0,30.3,50.0,,No,Yes,8,Yes,Yes,RotoWire projected lineup; MLB probable pitchers,lineup projected / unconfirmed,H:2026/2025 P:2026/2025,,,Direct BvP not yet weighted; 2026/2025 Statcast baseline active,7,5,25,1,"Last 7 games: 5/25, 1 HR","switch hitter; pitcher baseline 8.7% barrel, 16.4 HR allowed",neutral batted-ball profile; pitcher fly-ball pressure modest,6.1,35.37,87.51,98.4846,0.3359,0.1287,0.2646,70.01,6.56,46.51,25.76,9.2,0.1292,8.73,39.13,88.95,0.4164,0.161,23.23,191 deg,Open-Meteo forecast; MLB fallback,https://forecast.weather.gov/MapClick.php?lat=40.7571&lon=-73.8458,71,10,74,Citi Field,,,,,,,,,,,
143,679845,Nick Loftin,KC,ATH,2026-08-17T23:40:00Z,Scheduled,6,Mason Barnett,686930,R,39.7,Longshot,Watch List,Projected Lineup,15.9,48.6,50.7,71.7,50.0,0.0,50.0,,No,Yes,6,Yes,Yes,RotoWire projected lineup; MLB probable pitchers,lineup projected / unconfirmed,H:2026/2025 P:2026/2025,,,Direct BvP not yet weighted; 2026/2025 Statcast baseline active,7,3,25,0,"Last 7 games: 3/25, 0 HR","same-side matchup; pitcher baseline 10.3% barrel, 8.6 HR allowed",neutral batted-ball profile; pitcher allows elevated contact,4.69,30.01,87.29,96.855,0.3464,0.1137,0.2961,69.05,5.31,44.5,27.8,4.7,0.1434,10.31,39.28,88.78,0.4158,0.1796,33.16,354 deg,Open-Meteo forecast; MLB fallback,https://forecast.weather.gov/MapClick.php?lat=39.0517&lon=-94.4803,70,3,82,Kauffman Stadium,,,,,,,,,,,
144,680779,Henry Davis,PIT,DET,2026-08-17T23:05:00Z,Scheduled,9,Framber Valdez,664285,L,39.6,Longshot,Watch List,"Projected Lineup, Platoon Edge",35.3,35.6,42.8,40.2,78.0,2.5,50.0,,No,Yes,9,Yes,Yes,RotoWire projected lineup; MLB probable pitchers,lineup projected / unconfirmed,H:2026/2025 P:2026/2025,,,Direct BvP not yet weighted; 2026/2025 Statcast baseline active,7,3,22,0,"Last 7 games: 3/22, 0 HR","platoon edge; pitcher baseline 6.2% barrel, 13.6 HR allowed",neutral batted-ball profile; pitcher fly-ball pressure modest,9.82,38.8,89.51,100.5365,0.3512,0.148,0.2874,74.18,42.21,49.67,26.42,7.7,0.1278,6.21,44.06,90.24,0.384,0.1325,18.67,221 deg,Open-Meteo forecast; MLB fallback,https://forecast.weather.gov/MapClick.php?lat=40.4469&lon=-80.0057,91,28,72,PNC Park,,,,,,,,,,,
145,671976,Tristan Peters,CWS,CHC,2026-08-18T00:05:00Z,Scheduled,8,Shota Imanaga,684007,L,39.6,Longshot,Watch List,Projected Lineup,11.7,53.0,52.8,47.9,50.0,63.3,50.0,,No,Yes,8,Yes,Yes,RotoWire projected lineup; MLB probable pitchers,lineup projected / unconfirmed,H:2026/2025 P:2026/2025,,,Direct BvP not yet weighted; 2026/2025 Statcast baseline active,7,7,16,1,Contact streak: 7/16 over last 7 games,"same-side matchup; pitcher baseline 10.3% barrel, 28.9 HR allowed",neutral batted-ball profile; pitcher allows elevated contact,3.43,33.56,87.22,97.8491,0.3145,0.0959,0.2565,69.16,5.46,42.61,17.5,4.9,0.1078,10.27,37.9,89.02,0.4298,0.1933,34.39,278 deg,Open-Meteo forecast; MLB fallback,https://forecast.weather.gov/MapClick.php?lat=41.9484&lon=-87.6553,77,14,81,Wrigley Field,,,,,,,,,,,
146,691026,Masyn Winn,STL,CIN,2026-08-17T17:40:00Z,Scheduled,7,,,,39.5,Longshot,Watch List,Projected Lineup,15.1,41.2,64.8,59.8,60.0,10.8,50.0,,No,Yes,7,Yes,Yes,RotoWire projected lineup; MLB probable pitchers,lineup projected / unconfirmed,H:2026/2025 P:,,,Direct BvP not yet weighted; 2026/2025 Statcast baseline active,7,5,26,0,"Last 7 games: 5/26, 0 HR","handedness incomplete; pitcher baseline 0.0% barrel, 0.0 HR allowed",neutral batted-ball profile; pitcher fly-ball pressure modest,3.61,34.95,88.23,98.6475,0.3344,0.0874,0.2958,71.17,15.63,32.11,21.04,5.5,0.0897,,,,,,,288 deg,Open-Meteo forecast; MLB fallback,https://forecast.weather.gov/MapClick.php?lat=39.0979&lon=-84.5082,73,13,82,Great American Ball Park,,,,,,,,,,,
147,669364,Xavier Edwards,MIA,PHI,2026-08-17T22:40:00Z,Scheduled,4,Cristopher Sánchez,650911,L,39.5,Longshot,Watch List,"Projected Lineup, Premium Lineup Spot, Platoon Edge",9.7,30.8,52.8,90.4,75.0,18.0,50.0,,No,Yes,4,Yes,Yes,RotoWire projected lineup; MLB probable pitchers,lineup projected / unconfirmed,H:2026/2025 P:2026/2025,,,Direct BvP not yet weighted; 2026/2025 Statcast baseline active,7,6,25,0,"Last 7 games: 6/25, 0 HR","switch hitter; pitcher baseline 7.0% barrel, 12.7 HR allowed",neutral batted-ball profile; pitcher fly-ball pressure modest,2.76,29.26,87.01,96.6505,0.3565,0.0935,0.3097,68.02,2.61,29.22,21.84,5.1,0.0924,6.96,41.41,89.14,0.3548,0.1228,16.9,106 deg,Open-Meteo forecast; MLB fallback,https://forecast.weather.gov/MapClick.php?lat=39.9061&lon=-75.1665,82,15,70,Citizens Bank Park,,,,,,,,,,,
148,694249,Cole Carrigg,COL,LAD,2026-08-18T00:40:00Z,Scheduled,2,Blake Snell,605483,L,39.5,Longshot,Watch List,"Projected Lineup, Premium Lineup Spot, Platoon Edge",22.8,1.1,66.2,95.5,75.0,21.1,50.0,,No,Yes,2,Yes,Yes,RotoWire projected lineup; MLB probable pitchers,lineup projected / unconfirmed,H:2026 P:2026/2025,,,Direct BvP not yet weighted; 2026/2025 Statcast baseline active,7,6,23,0,"Last 7 games: 6/23, 0 HR","switch hitter; pitcher baseline 1.7% barrel, 0.9 HR allowed",neutral batted-ball profile; pitcher fly-ball pressure modest,4.9,32.6,87.0,98.2583,0.402,0.136,0.333,73.7,39.0,47.2,27.8,5.0,0.193,1.74,19.72,84.38,0.2793,0.0651,21.26,144 deg,Open-Meteo forecast; MLB fallback,https://forecast.weather.gov/MapClick.php?lat=39.7559&lon=-104.9942,49,11,78,Coors Field,,,,,,,,,,,
149,624431,Jose Trevino,CIN,STL,2026-08-17T17:40:00Z,Scheduled,7,,,,39.4,Longshot,Watch List,Projected Lineup,11.9,41.2,64.8,59.8,60.0,28.9,50.0,,No,Yes,7,Yes,Yes,RotoWire projected lineup; MLB probable pitchers,lineup projected / unconfirmed,H:2026/2025 P:,,,Direct BvP not yet weighted; 2026/2025 Statcast baseline active,7,4,21,1,"Last 7 games: 4/21, 1 HR","handedness incomplete; pitcher baseline 0.0% barrel, 0.0 HR allowed",neutral batted-ball profile; pitcher fly-ball pressure modest,3.24,35.52,87.34,98.0616,0.3018,0.0899,0.2318,68.8,2.71,36.98,22.55,4.0,0.1466,,,,,,,288 deg,Open-Meteo forecast; MLB fallback,https://forecast.weather.gov/MapClick.php?lat=39.0979&lon=-84.5082,73,13,82,Great American Ball Park,,,,,,,,,,,
150,624431,Jose Trevino,CIN,STL,2026-08-17T22:40:00Z,Scheduled,7,,,,39.4,Longshot,Watch List,Projected Lineup,11.9,41.2,64.8,59.8,60.0,28.9,50.0,,No,Yes,7,Yes,Yes,RotoWire projected lineup; MLB probable pitchers,lineup projected / unconfirmed,H:2026/2025 P:,,,Direct BvP not yet weighted; 2026/2025 Statcast baseline active,7,4,21,1,"Last 7 games: 4/21, 1 HR","handedness incomplete; pitcher baseline 0.0% barrel, 0.0 HR allowed",neutral batted-ball profile; pitcher fly-ball pressure modest,3.24,35.52,87.34,98.0616,0.3018,0.0899,0.2318,68.8,2.71,36.98,22.55,4.0,0.1466,,,,,,,288 deg,Open-Meteo forecast; MLB fallback,https://forecast.weather.gov/MapClick.php?lat=39.0979&lon=-84.5082,73,13,82,Great American Ball Park,,,,,,,,,,,
151,802415,Chandler Simpson,TB,BAL,2026-08-17T22:05:00Z,Scheduled,5,Brandon Young,687064,R,39.4,Longshot,Watch List,"Projected Lineup, Platoon Edge",0.3,40.3,53.1,81.9,80.0,45.0,50.0,,No,Yes,5,Yes,Yes,RotoWire projected lineup; MLB probable pitchers,lineup projected / unconfirmed,H:2026/2025 P:2026/2025,,,Direct BvP not yet weighted; 2026/2025 Statcast baseline active,7,15,31,0,Contact streak: 15/31 over last 7 games,"platoon edge; pitcher baseline 7.3% barrel, 12.0 HR allowed",neutral batted-ball profile; pitcher fly-ball pressure modest,0.0,14.71,83.95,92.931,0.3094,0.0389,0.2753,64.66,0.58,27.64,12.79,0.0,0.0542,7.33,41.36,89.33,0.4082,0.1588,27.15,286 deg,Open-Meteo forecast; MLB fallback,https://forecast.weather.gov/MapClick.php?lat=27.7682&lon=-82.6534,77,1,84,Tropicana Field,,,,,,,,,,,
152,665923,Esteury Ruiz,MIA,PHI,2026-08-17T22:40:00Z,Scheduled,7,Cristopher Sánchez,650911,L,39.4,Longshot,Watch List,"Projected Lineup, Platoon Edge",20.0,32.1,52.8,59.8,78.0,26.8,50.0,,No,Yes,7,Yes,Yes,RotoWire projected lineup; MLB probable pitchers,lineup projected / unconfirmed,H:2026/2025 P:2026/2025,,,Direct BvP not yet weighted; 2026/2025 Statcast baseline active,7,3,17,1,"Last 7 games: 3/17, 1 HR","platoon edge; pitcher baseline 7.0% barrel, 12.7 HR allowed",neutral batted-ball profile; pitcher fly-ball pressure modest,8.75,27.02,84.09,96.0082,0.3356,0.1491,0.2917,71.31,17.12,44.87,27.02,4.5,0.1983,6.96,41.41,89.14,0.3548,0.1228,16.9,106 deg,Open-Meteo forecast; MLB fallback,https://forecast.weather.gov/MapClick.php?lat=39.9061&lon=-75.1665,82,15,70,Citizens Bank Park,,,,,,,,,,,
153,624641,Edmundo Sosa,PHI,MIA,2026-08-17T22:40:00Z,Scheduled,9,Janson Junk,676083,R,39.4,Longshot,Watch List,Projected Lineup,29.0,42.5,52.8,40.2,50.0,22.9,50.0,,No,Yes,9,Yes,Yes,RotoWire projected lineup; MLB probable pitchers,lineup projected / unconfirmed,H:2026/2025 P:2026/2025,,,Direct BvP not yet weighted; 2026/2025 Statcast baseline active,7,6,22,0,"Last 7 games: 6/22, 0 HR","same-side matchup; pitcher baseline 7.5% barrel, 10.8 HR allowed",neutral batted-ball profile; pitcher fly-ball pressure modest,6.65,39.68,87.56,99.8868,0.4267,0.1565,0.3194,72.3,25.96,42.08,19.96,6.8,0.1454,7.52,42.61,90.48,0.4215,0.1606,23.29,106 deg,Open-Meteo forecast; MLB fallback,https://forecast.weather.gov/MapClick.php?lat=39.9061&lon=-75.1665,82,15,70,Citizens Bank Park,,,,,,,,,,,
154,676356,Jonny DeLuca,TB,BAL,2026-08-17T22:05:00Z,Scheduled,6,Brandon Young,687064,R,39.3,Longshot,Watch List,Projected Lineup,12.6,40.3,53.1,71.7,50.0,42.3,50.0,,No,Yes,6,Yes,Yes,RotoWire projected lineup; MLB probable pitchers,lineup projected / unconfirmed,H:2026/2025 P:2026/2025,,,Direct BvP not yet weighted; 2026/2025 Statcast baseline active,7,7,25,1,"Last 7 games: 7/25, 1 HR","same-side matchup; pitcher baseline 7.3% barrel, 12.0 HR allowed",neutral batted-ball profile; pitcher fly-ball pressure modest,3.7,30.61,85.25,97.3041,0.3542,0.1033,0.2789,72.96,30.9,45.95,21.78,5.6,0.1601,7.33,41.36,89.33,0.4082,0.1588,27.15,286 deg,Open-Meteo forecast; MLB fallback,https://forecast.weather.gov/MapClick.php?lat=27.7682&lon=-82.6534,77,1,84,Tropicana Field,,,,,,,,,,,
155,694377,Nick Yorke,PIT,DET,2026-08-17T23:05:00Z,Scheduled,7,Framber Valdez,664285,L,39.2,Longshot,Watch List,"Projected Lineup, Platoon Edge",23.5,35.6,42.8,59.8,78.0,12.0,50.0,,No,Yes,7,Yes,Yes,RotoWire projected lineup; MLB probable pitchers,lineup projected / unconfirmed,H:2026/2025 P:2026/2025,,,Direct BvP not yet weighted; 2026/2025 Statcast baseline active,7,3,15,0,"Last 7 games: 3/15, 0 HR","platoon edge; pitcher baseline 6.2% barrel, 13.6 HR allowed",neutral batted-ball profile; pitcher fly-ball pressure modest,4.07,45.48,88.19,101.0416,0.3479,0.1076,0.2913,72.25,19.67,30.36,24.81,1.0,0.0814,6.21,44.06,90.24,0.384,0.1325,18.67,221 deg,Open-Meteo forecast; MLB fallback,https://forecast.weather.gov/MapClick.php?lat=40.4469&lon=-80.0057,91,28,72,PNC Park,,,,,,,,,,,
156,691011,Drew Romo,CWS,CHC,2026-08-18T00:05:00Z,Scheduled,9,Shota Imanaga,684007,L,38.4,Longshot,Watch List,"Projected Lineup, Platoon Edge",9.2,52.1,52.8,40.2,75.0,40.1,50.0,,No,Yes,9,Yes,Yes,RotoWire projected lineup; MLB probable pitchers,lineup projected / unconfirmed,H:2026/2025 P:2026/2025,,,Direct BvP not yet weighted; 2026/2025 Statcast baseline active,7,3,21,2,Hot streak: 2 HR in last 7 games,"switch hitter; pitcher baseline 10.3% barrel, 28.9 HR allowed",neutral batted-ball profile; pitcher allows elevated contact,6.3,25.2,83.7,94.9892,0.1974,0.0749,0.1694,68.49,3.08,36.9,34.2,4.2,0.1071,10.27,37.9,89.02,0.4298,0.1933,34.39,278 deg,Open-Meteo forecast; MLB fallback,https://forecast.weather.gov/MapClick.php?lat=41.9484&lon=-87.6553,77,14,81,Wrigley Field,,,,,,,,,,,
157,593428,Xander Bogaerts,SD,NYM,2026-08-17T23:10:00Z,Scheduled,8,Nolan McLean,690997,R,38.3,Longshot,Watch List,Projected Lineup,28.3,30.8,49.3,47.9,50.0,47.2,50.0,,No,Yes,8,Yes,Yes,RotoWire projected lineup; MLB probable pitchers,lineup projected / unconfirmed,H:2026/2025 P:2026/2025,,,Direct BvP not yet weighted; 2026/2025 Statcast baseline active,7,4,21,2,Hot streak: 2 HR in last 7 games,"same-side matchup; pitcher baseline 7.3% barrel, 11.7 HR allowed",neutral batted-ball profile; pitcher fly-ball pressure modest,6.41,39.83,88.72,99.9133,0.3899,0.1362,0.3249,72.38,28.15,44.29,23.41,11.0,0.1154,7.3,38.08,88.38,0.3514,0.1299,21.84,191 deg,Open-Meteo forecast; MLB fallback,https://forecast.weather.gov/MapClick.php?lat=40.7571&lon=-73.8458,71,10,74,Citi Field,,,,,,,,,,,
158,656716,Zach McKinstry,DET,PIT,2026-08-17T23:05:00Z,Scheduled,5,Carmen Mlodzinski,669387,R,38.2,Longshot,Watch List,"Projected Lineup, Platoon Edge",7.6,41.1,42.8,81.9,80.0,0.8,50.0,,No,Yes,5,Yes,Yes,RotoWire projected lineup; MLB probable pitchers,lineup projected / unconfirmed,H:2026/2025 P:2026/2025,,,Direct BvP not yet weighted; 2026/2025 Statcast baseline active,7,2,16,0,"Last 7 games: 2/16, 0 HR","platoon edge; pitcher baseline 6.9% barrel, 8.0 HR allowed",neutral batted-ball profile; pitcher fly-ball pressure modest,3.51,25.25,85.7,95.8147,0.3356,0.0935,0.2952,68.13,4.21,40.33,27.09,6.4,0.1272,6.94,45.35,90.62,0.4251,0.1441,23.46,221 deg,Open-Meteo forecast; MLB fallback,https://forecast.weather.gov/MapClick.php?lat=40.4469&lon=-80.0057,91,28,72,PNC Park,,,,,,,,,,,
159,695720,Tommy White,ATH,KC,2026-08-17T23:40:00Z,Scheduled,5,Michael Wacha,608379,R,38.2,Longshot,Watch List,Projected Lineup,8.4,37.3,50.7,81.9,50.0,39.5,50.0,,No,Yes,5,Yes,Yes,RotoWire projected lineup; MLB probable pitchers,lineup projected / unconfirmed,H:2026 P:2026/2025,,,Direct BvP not yet weighted; 2026/2025 Statcast baseline active,7,6,23,1,"Last 7 games: 6/23, 1 HR","same-side matchup; pitcher baseline 6.9% barrel, 17.1 HR allowed",neutral batted-ball profile; pitcher fly-ball pressure modest,3.8,30.8,85.0,96.4364,0.341,0.079,0.274,70.0,12.7,26.9,19.2,0.0,0.022,6.91,35.93,88.27,0.4144,0.1633,28.6,354 deg,Open-Meteo forecast; MLB fallback,https://forecast.weather.gov/MapClick.php?lat=39.0517&lon=-94.4803,70,3,82,Kauffman Stadium,,,,,,,,,,,
160,701785,Kaelen Culpepper,MIN,ATL,2026-08-17T23:40:00Z,Scheduled,9,Martín Pérez,527048,L,38.1,Longshot,Watch List,"Projected Lineup, Platoon Edge",29.2,39.0,27.1,40.2,78.0,37.8,50.0,,No,Yes,9,Yes,Yes,RotoWire projected lineup; MLB probable pitchers,lineup projected / unconfirmed,H:2026 P:2026/2025,,,Direct BvP not yet weighted; 2026/2025 Statcast baseline active,7,6,24,1,"Last 7 games: 6/24, 1 HR","platoon edge; pitcher baseline 8.4% barrel, 9.5 HR allowed",neutral batted-ball profile; pitcher fly-ball pressure modest,7.7,46.2,89.1,99.0508,0.314,0.107,0.279,73.8,33.3,61.5,15.4,1.0,0.191,8.42,38.0,88.2,0.4157,0.1639,24.27,,NOAA link only,https://forecast.weather.gov/MapClick.php?lat=44.9817&lon=-93.2776,,,,Target Field,,,,,,,,,,,
161,605170,Victor Caratini,MIN,ATL,2026-08-17T23:40:00Z,Scheduled,8,Martín Pérez,527048,L,38.0,Longshot,Watch List,"Projected Lineup, Platoon Edge",31.4,37.9,27.1,47.9,75.0,10.6,50.0,,No,Yes,8,Yes,Yes,RotoWire projected lineup; MLB probable pitchers,lineup projected / unconfirmed,H:2026/2025 P:2026/2025,,,Direct BvP not yet weighted; 2026/2025 Statcast baseline active,7,4,21,0,"Last 7 games: 4/21, 0 HR","switch hitter; pitcher baseline 8.4% barrel, 9.5 HR allowed",neutral batted-ball profile; pitcher fly-ball pressure modest,7.07,40.21,89.33,99.0792,0.3984,0.1546,0.3241,71.39,16.22,37.43,24.25,8.5,0.1191,8.42,38.0,88.2,0.4157,0.1639,24.27,,NOAA link only,https://forecast.weather.gov/MapClick.php?lat=44.9817&lon=-93.2776,,,,Target Field,,,,,,,,,,,
162,702332,Caleb Durbin,BOS,AZ,2026-08-17T23:10:00Z,Scheduled,5,Mitch Bratt,683352,L,37.9,Longshot,Watch List,"Projected Lineup, Platoon Edge",5.1,29.8,52.2,81.9,78.0,39.2,50.0,,No,Yes,5,Yes,Yes,RotoWire projected lineup; MLB probable pitchers,lineup projected / unconfirmed,H:2026/2025 P:2026,,,Direct BvP not yet weighted; 2026/2025 Statcast baseline active,7,7,27,1,"Last 7 games: 7/27, 1 HR","platoon edge; pitcher baseline 7.1% barrel, 5.0 HR allowed",neutral batted-ball profile; pitcher allows elevated contact,3.3,26.55,84.22,95.8362,0.3368,0.0937,0.2966,68.88,5.37,41.65,19.12,11.7,0.1471,7.1,34.7,87.6,0.351,0.14,33.7,186 deg,Open-Meteo forecast; MLB fallback,https://forecast.weather.gov/MapClick.php?lat=42.3467&lon=-71.0972,52,0,76,Fenway Park,,,,,,,,,,,
163,664728,Kyle Isbel,KC,ATH,2026-08-17T23:40:00Z,Scheduled,9,Mason Barnett,686930,R,37.9,Longshot,Watch List,"Projected Lineup, Platoon Edge",13.0,48.6,50.7,40.2,80.0,21.8,50.0,,No,Yes,9,Yes,Yes,RotoWire projected lineup; MLB probable pitchers,lineup projected / unconfirmed,H:2026/2025 P:2026/2025,,,Direct BvP not yet weighted; 2026/2025 Statcast baseline active,7,3,21,1,"Last 7 games: 3/21, 1 HR","platoon edge; pitcher baseline 10.3% barrel, 8.6 HR allowed",neutral batted-ball profile; pitcher allows elevated contact,2.3,35.4,88.43,99.1098,0.3019,0.0763,0.2587,71.24,14.88,33.09,17.75,4.0,0.1064,10.31,39.28,88.78,0.4158,0.1796,33.16,354 deg,Open-Meteo forecast; MLB fallback,https://forecast.weather.gov/MapClick.php?lat=39.0517&lon=-94.4803,70,3,82,Kauffman Stadium,,,,,,,,,,,
164,678011,Anthony Seigler,BOS,AZ,2026-08-17T23:10:00Z,Scheduled,8,Mitch Bratt,683352,L,37.2,Longshot,Watch List,"Projected Lineup, Platoon Edge",20.1,29.3,52.2,47.9,75.0,34.5,50.0,,No,Yes,8,Yes,Yes,RotoWire projected lineup; MLB probable pitchers,lineup projected / unconfirmed,H:2026/2025 P:2026,,,Direct BvP not yet weighted; 2026/2025 Statcast baseline active,7,7,20,0,Contact streak: 7/20 over last 7 games,"switch hitter; pitcher baseline 7.1% barrel, 5.0 HR allowed",neutral batted-ball profile; pitcher allows elevated contact,4.9,36.24,87.97,97.254,0.3691,0.1258,0.3079,67.08,0.28,33.72,27.52,2.1,0.107,7.1,34.7,87.6,0.351,0.14,33.7,186 deg,Open-Meteo forecast; MLB fallback,https://forecast.weather.gov/MapClick.php?lat=42.3467&lon=-71.0972,52,0,76,Fenway Park,,,,,,,,,,,
165,702222,Justin Crawford,PHI,MIA,2026-08-17T22:40:00Z,Scheduled,8,Janson Junk,676083,R,37.0,Longshot,Watch List,"Projected Lineup, Platoon Edge",10.3,42.5,52.8,47.9,80.0,21.5,50.0,,No,Yes,8,Yes,Yes,RotoWire projected lineup; MLB probable pitchers,lineup projected / unconfirmed,H:2026 P:2026/2025,,,Direct BvP not yet weighted; 2026/2025 Statcast baseline active,7,5,19,0,"Last 7 games: 5/19, 0 HR","platoon edge; pitcher baseline 7.5% barrel, 10.8 HR allowed",neutral batted-ball profile; pitcher fly-ball pressure modest,1.5,34.6,87.1,98.1081,0.321,0.063,0.283,69.0,5.5,27.2,17.3,2.0,0.087,7.52,42.61,90.48,0.4215,0.1606,23.29,106 deg,Open-Meteo forecast; MLB fallback,https://forecast.weather.gov/MapClick.php?lat=39.9061&lon=-75.1665,82,15,70,Citizens Bank Park,,,,,,,,,,,
166,686765,Nick Sogard,BOS,AZ,2026-08-17T23:10:00Z,Scheduled,1,Mitch Bratt,683352,L,37.0,Longshot,Watch List,"Projected Lineup, Premium Lineup Spot, Platoon Edge",4.5,29.3,52.2,88.7,75.0,12.0,50.0,,No,Yes,1,Yes,Yes,RotoWire projected lineup; MLB probable pitchers,lineup projected / unconfirmed,H:2026/2025 P:2026,,,Direct BvP not yet weighted; 2026/2025 Statcast baseline active,7,5,25,0,"Last 7 games: 5/25, 0 HR","switch hitter; pitcher baseline 7.1% barrel, 5.0 HR allowed",neutral batted-ball profile; pitcher allows elevated contact,2.59,26.16,84.95,95.108,0.3267,0.0764,0.3083,68.92,3.96,43.98,21.92,0.0,0.0763,7.1,34.7,87.6,0.351,0.14,33.7,186 deg,Open-Meteo forecast; MLB fallback,https://forecast.weather.gov/MapClick.php?lat=42.3467&lon=-71.0972,52,0,76,Fenway Park,,,,,,,,,,,
167,663968,Jake Mangum,PIT,DET,2026-08-17T23:05:00Z,Scheduled,6,Framber Valdez,664285,L,36.7,Longshot,Watch List,"Projected Lineup, Platoon Edge",6.6,34.1,42.8,71.7,75.0,44.8,50.0,,No,Yes,6,Yes,Yes,RotoWire projected lineup; MLB probable pitchers,lineup projected / unconfirmed,H:2026/2025 P:2026/2025,,,Direct BvP not yet weighted; 2026/2025 Statcast baseline active,7,8,27,1,"Last 7 games: 8/27, 1 HR","switch hitter; pitcher baseline 6.2% barrel, 13.6 HR allowed",neutral batted-ball profile; pitcher fly-ball pressure modest,2.14,29.55,86.04,96.7183,0.3367,0.0822,0.2858,67.58,3.87,27.93,15.35,3.7,0.086,6.21,44.06,90.24,0.384,0.1325,18.67,221 deg,Open-Meteo forecast; MLB fallback,https://forecast.weather.gov/MapClick.php?lat=40.4469&lon=-80.0057,91,28,72,PNC Park,,,,,,,,,,,
168,805779,Jacob Wilson,ATH,KC,2026-08-17T23:40:00Z,Scheduled,3,Michael Wacha,608379,R,36.7,Longshot,Watch List,"Projected Lineup, Premium Lineup Spot",3.0,37.3,50.7,92.1,50.0,13.3,50.0,,No,Yes,3,Yes,Yes,RotoWire projected lineup; MLB probable pitchers,lineup projected / unconfirmed,H:2026/2025 P:2026/2025,,,Direct BvP not yet weighted; 2026/2025 Statcast baseline active,7,5,24,0,"Last 7 games: 5/24, 0 HR","same-side matchup; pitcher baseline 6.9% barrel, 17.1 HR allowed",neutral batted-ball profile; pitcher fly-ball pressure modest,2.41,26.94,84.25,95.5002,0.3528,0.0849,0.2907,64.43,0.51,34.98,19.9,8.8,0.126,6.91,35.93,88.27,0.4144,0.1633,28.6,354 deg,Open-Meteo forecast; MLB fallback,https://forecast.weather.gov/MapClick.php?lat=39.0517&lon=-94.4803,70,3,82,Kauffman Stadium,,,,,,,,,,,
169,805300,Jakob Marsee,MIA,PHI,2026-08-17T22:40:00Z,Scheduled,8,Cristopher Sánchez,650911,L,36.3,Longshot,Watch List,Projected Lineup,20.0,32.1,52.8,47.9,50.0,43.2,50.0,,No,Yes,8,Yes,Yes,RotoWire projected lineup; MLB probable pitchers,lineup projected / unconfirmed,H:2026/2025 P:2026/2025,,,Direct BvP not yet weighted; 2026/2025 Statcast baseline active,7,8,28,1,"Last 7 games: 8/28, 1 HR","same-side matchup; pitcher baseline 7.0% barrel, 12.7 HR allowed",neutral batted-ball profile; pitcher fly-ball pressure modest,5.02,36.43,87.57,98.5662,0.3552,0.1169,0.3155,70.5,6.07,41.23,23.89,6.4,0.1314,6.96,41.41,89.14,0.3548,0.1228,16.9,106 deg,Open-Meteo forecast; MLB fallback,https://forecast.weather.gov/MapClick.php?lat=39.9061&lon=-75.1665,82,15,70,Citizens Bank Park,,,,,,,,,,,
170,687859,Troy Johnston,COL,LAD,2026-08-18T00:40:00Z,Scheduled,5,Blake Snell,605483,L,36.2,Longshot,Watch List,Projected Lineup,24.5,1.2,66.2,81.9,50.0,21.1,50.0,,No,Yes,5,Yes,Yes,RotoWire projected lineup; MLB probable pitchers,lineup projected / unconfirmed,H:2026/2025 P:2026/2025,,,Direct BvP not yet weighted; 2026/2025 Statcast baseline active,7,6,23,0,"Last 7 games: 6/23, 0 HR","same-side matchup; pitcher baseline 1.7% barrel, 0.9 HR allowed",neutral batted-ball profile; pitcher fly-ball pressure modest,4.43,38.25,89.6,98.9106,0.4048,0.1289,0.3282,70.32,5.51,40.07,23.37,3.3,0.1206,1.74,19.72,84.38,0.2793,0.0651,21.26,144 deg,Open-Meteo forecast; MLB fallback,https://forecast.weather.gov/MapClick.php?lat=39.7559&lon=-104.9942,49,11,78,Coors Field,,,,,,,,,,,
171,650968,Yohel Pozo,BAL,TB,2026-08-17T22:05:00Z,Scheduled,9,Shane McClanahan,663556,L,36.1,Longshot,Watch List,"Projected Lineup, Platoon Edge",8.2,41.2,53.1,40.2,78.0,45.3,50.0,,No,Yes,9,Yes,Yes,RotoWire projected lineup; MLB probable pitchers,lineup projected / unconfirmed,H:2026/2025 P:2026,,,Direct BvP not yet weighted; 2026/2025 Statcast baseline active,7,3,10,1,"Last 7 games: 3/10, 1 HR","platoon edge; pitcher baseline 8.6% barrel, 7.0 HR allowed",neutral batted-ball profile; pitcher fly-ball pressure modest,2.48,28.51,87.35,96.487,0.3171,0.0774,0.2445,69.57,8.49,32.04,16.18,2.2,0.1069,8.6,40.3,89.2,0.399,0.16,27.3,286 deg,Open-Meteo forecast; MLB fallback,https://forecast.weather.gov/MapClick.php?lat=27.7682&lon=-82.6534,77,1,84,Tropicana Field,,,,,,,,,,,
172,640459,Brian Navarreto,MIA,PHI,2026-08-17T22:40:00Z,Scheduled,9,Cristopher Sánchez,650911,L,36.0,Longshot,Watch List,"Projected Lineup, Strong Barrel, Platoon Edge",22.2,32.1,52.8,40.2,78.0,0.0,50.0,,No,Yes,9,Yes,Yes,RotoWire projected lineup; MLB probable pitchers,lineup projected / unconfirmed,H:2026/2025 P:2026/2025,,,Direct BvP not yet weighted; 2026/2025 Statcast baseline active,7,0,14,0,"Last 7 games: 0/14, 0 HR","platoon edge; pitcher baseline 7.0% barrel, 12.7 HR allowed",neutral batted-ball profile; pitcher fly-ball pressure modest,12.89,25.4,85.46,94.0532,0.2678,0.105,0.2486,72.65,21.42,49.83,15.38,0.3,0.1463,6.96,41.41,89.14,0.3548,0.1228,16.9,106 deg,Open-Meteo forecast; MLB fallback,https://forecast.weather.gov/MapClick.php?lat=39.9061&lon=-75.1665,82,15,70,Citizens Bank Park,,,,,,,,,,,
173,657136,Connor Wong,BOS,AZ,2026-08-17T23:10:00Z,Scheduled,9,Mitch Bratt,683352,L,35.9,Longshot,Watch List,"Projected Lineup, Platoon Edge",15.6,29.8,52.2,40.2,78.0,49.9,50.0,,No,Yes,9,Yes,Yes,RotoWire projected lineup; MLB probable pitchers,lineup projected / unconfirmed,H:2026/2025 P:2026,,,Direct BvP not yet weighted; 2026/2025 Statcast baseline active,7,5,24,2,Hot streak: 2 HR in last 7 games,"platoon edge; pitcher baseline 7.1% barrel, 5.0 HR allowed",neutral batted-ball profile; pitcher allows elevated contact,4.43,34.78,86.27,99.071,0.3209,0.1006,0.2835,72.58,26.28,39.75,23.07,2.1,0.0963,7.1,34.7,87.6,0.351,0.14,33.7,186 deg,Open-Meteo forecast; MLB fallback,https://forecast.weather.gov/MapClick.php?lat=42.3467&lon=-71.0972,52,0,76,Fenway Park,,,,,,,,,,,
174,670764,Taylor Walls,TB,BAL,2026-08-17T22:05:00Z,Scheduled,9,Brandon Young,687064,R,35.6,Longshot,Watch List,"Projected Lineup, Platoon Edge",5.6,39.0,53.1,40.2,75.0,66.7,50.0,,No,Yes,9,Yes,Yes,RotoWire projected lineup; MLB probable pitchers,lineup projected / unconfirmed,H:2026/2025 P:2026/2025,,,Direct BvP not yet weighted; 2026/2025 Statcast baseline active,7,8,25,2,Hot streak: 2 HR in last 7 games,"switch hitter; pitcher baseline 7.3% barrel, 12.0 HR allowed",neutral batted-ball profile; pitcher fly-ball pressure modest,2.57,22.83,85.88,95.3319,0.2719,0.0766,0.2526,68.35,2.2,37.77,29.4,2.6,0.0864,7.33,41.36,89.33,0.4082,0.1588,27.15,286 deg,Open-Meteo forecast; MLB fallback,https://forecast.weather.gov/MapClick.php?lat=27.7682&lon=-82.6534,77,1,84,Tropicana Field,,,,,,,,,,,
175,807712,Luke Keaschall,MIN,ATL,2026-08-17T23:40:00Z,Scheduled,7,Martín Pérez,527048,L,35.6,Longshot,Watch List,"Projected Lineup, Platoon Edge",11.6,39.0,27.1,59.8,78.0,43.2,50.0,,No,Yes,7,Yes,Yes,RotoWire projected lineup; MLB probable pitchers,lineup projected / unconfirmed,H:2026/2025 P:2026/2025,,,Direct BvP not yet weighted; 2026/2025 Statcast baseline active,7,6,21,1,"Last 7 games: 6/21, 1 HR","platoon edge; pitcher baseline 8.4% barrel, 9.5 HR allowed",neutral batted-ball profile; pitcher fly-ball pressure modest,3.73,29.94,85.29,96.773,0.3584,0.1111,0.3156,68.64,7.73,39.03,26.76,6.1,0.1178,8.42,38.0,88.2,0.4157,0.1639,24.27,,NOAA link only,https://forecast.weather.gov/MapClick.php?lat=44.9817&lon=-93.2776,,,,Target Field,,,,,,,,,,,
176,670770,TJ Friedl,CIN,STL,2026-08-17T17:40:00Z,Scheduled,8,,,,35.5,Longshot,Watch List,Projected Lineup,9.4,41.2,64.8,47.9,60.0,0.0,50.0,,No,Yes,8,Yes,Yes,RotoWire projected lineup; MLB probable pitchers,lineup projected / unconfirmed,H:2026/2025 P:,,,Direct BvP not yet weighted; 2026/2025 Statcast baseline active,7,0,13,0,"Last 7 games: 0/13, 0 HR","handedness incomplete; pitcher baseline 0.0% barrel, 0.0 HR allowed",neutral batted-ball profile; pitcher fly-ball pressure modest,2.63,28.74,87.31,97.0074,0.2659,0.0739,0.2552,70.6,9.47,39.18,25.17,6.3,0.0918,,,,,,,288 deg,Open-Meteo forecast; MLB fallback,https://forecast.weather.gov/MapClick.php?lat=39.0979&lon=-84.5082,73,13,82,Great American Ball Park,,,,,,,,,,,
177,670770,TJ Friedl,CIN,STL,2026-08-17T22:40:00Z,Scheduled,8,,,,35.5,Longshot,Watch List,Projected Lineup,9.4,41.2,64.8,47.9,60.0,0.0,50.0,,No,Yes,8,Yes,Yes,RotoWire projected lineup; MLB probable pitchers,lineup projected / unconfirmed,H:2026/2025 P:,,,Direct BvP not yet weighted; 2026/2025 Statcast baseline active,7,0,13,0,"Last 7 games: 0/13, 0 HR","handedness incomplete; pitcher baseline 0.0% barrel, 0.0 HR allowed",neutral batted-ball profile; pitcher fly-ball pressure modest,2.63,28.74,87.31,97.0074,0.2659,0.0739,0.2552,70.6,9.47,39.18,25.17,6.3,0.0918,,,,,,,288 deg,Open-Meteo forecast; MLB fallback,https://forecast.weather.gov/MapClick.php?lat=39.0979&lon=-84.5082,73,13,82,Great American Ball Park,,,,,,,,,,,
178,805347,Jim Jarvis,ATL,MIN,2026-08-17T23:40:00Z,Scheduled,9,Bailey Ober,641927,R,35.5,Longshot,Watch List,"Projected Lineup, Platoon Edge",14.2,55.5,27.1,40.2,80.0,0.8,50.0,,No,Yes,9,Yes,Yes,RotoWire projected lineup; MLB probable pitchers,lineup projected / unconfirmed,H:2026 P:2026/2025,,,Direct BvP not yet weighted; 2026/2025 Statcast baseline active,7,2,16,0,"Last 7 games: 2/16, 0 HR","platoon edge; pitcher baseline 10.7% barrel, 20.9 HR allowed",neutral batted-ball profile; pitcher allows elevated contact,3.6,36.1,88.5,98.3612,0.303,0.072,0.262,71.0,12.7,27.7,19.3,1.0,0.099,10.69,36.23,88.83,0.4669,0.2147,31.83,,NOAA link only,https://forecast.weather.gov/MapClick.php?lat=44.9817&lon=-93.2776,,,,Target Field,,,,,,,,,,,
179,,Brett Callahan,DET,PIT,2026-08-17T23:05:00Z,Scheduled,7,Carmen Mlodzinski,669387,R,35.4,Longshot,Watch List,Projected Lineup,6.4,40.2,42.8,59.8,60.0,50.0,50.0,,No,Yes,7,Yes,Yes,RotoWire projected lineup; MLB probable pitchers,lineup projected / unconfirmed,H: P:2026/2025,,,Direct BvP not yet weighted; 2026/2025 Statcast baseline active,,,,,Recent form unavailable,"handedness incomplete; pitcher baseline 6.9% barrel, 8.0 HR allowed",neutral batted-ball profile; pitcher fly-ball pressure modest,,,,,,,,,,,,,,6.94,45.35,90.62,0.4251,0.1441,23.46,221 deg,Open-Meteo forecast; MLB fallback,https://forecast.weather.gov/MapClick.php?lat=40.4469&lon=-80.0057,91,28,72,PNC Park,,,,,,,,,,,
180,703601,Max Clark,DET,PIT,2026-08-17T23:05:00Z,Scheduled,8,Carmen Mlodzinski,669387,R,35.4,Longshot,Watch List,"Projected Lineup, Platoon Edge",12.9,41.1,42.8,47.9,80.0,6.0,50.0,,No,Yes,8,Yes,Yes,RotoWire projected lineup; MLB probable pitchers,lineup projected / unconfirmed,H:2026 P:2026/2025,,,Direct BvP not yet weighted; 2026/2025 Statcast baseline active,7,4,25,0,"Last 7 games: 4/25, 0 HR","platoon edge; pitcher baseline 6.9% barrel, 8.0 HR allowed",neutral batted-ball profile; pitcher fly-ball pressure modest,2.6,33.3,85.0,97.1033,0.343,0.09,0.295,73.0,26.7,28.2,30.8,1.0,0.167,6.94,45.35,90.62,0.4251,0.1441,23.46,221 deg,Open-Meteo forecast; MLB fallback,https://forecast.weather.gov/MapClick.php?lat=40.4469&lon=-80.0057,91,28,72,PNC Park,,,,,,,,,,,
181,687597,Jordan Beck,COL,LAD,2026-08-18T00:40:00Z,Scheduled,7,Blake Snell,605483,L,34.1,Longshot,Watch List,"Projected Lineup, Platoon Edge",21.1,1.2,66.2,59.8,78.0,17.7,50.0,,No,Yes,7,Yes,Yes,RotoWire projected lineup; MLB probable pitchers,lineup projected / unconfirmed,H:2026/2025 P:2026/2025,,,Direct BvP not yet weighted; 2026/2025 Statcast baseline active,7,5,21,0,"Last 7 games: 5/21, 0 HR","platoon edge; pitcher baseline 1.7% barrel, 0.9 HR allowed",neutral batted-ball profile; pitcher fly-ball pressure modest,6.8,31.71,86.63,98.3274,0.3348,0.115,0.2667,73.62,36.27,39.52,27.13,5.5,0.1454,1.74,19.72,84.38,0.2793,0.0651,21.26,144 deg,Open-Meteo forecast; MLB fallback,https://forecast.weather.gov/MapClick.php?lat=39.7559&lon=-104.9942,49,11,78,Coors Field,,,,,,,,,,,
182,663743,Nick Fortes,TB,BAL,2026-08-17T22:05:00Z,Scheduled,8,Brandon Young,687064,R,34.0,Longshot,Watch List,Projected Lineup,13.0,40.3,53.1,47.9,50.0,2.0,50.0,,No,Yes,8,Yes,Yes,RotoWire projected lineup; MLB probable pitchers,lineup projected / unconfirmed,H:2026/2025 P:2026/2025,,,Direct BvP not yet weighted; 2026/2025 Statcast baseline active,7,2,15,0,"Last 7 games: 2/15, 0 HR","same-side matchup; pitcher baseline 7.3% barrel, 12.0 HR allowed",neutral batted-ball profile; pitcher fly-ball pressure modest,2.99,36.22,86.03,99.1313,0.336,0.0944,0.2798,72.21,21.22,50.14,18.08,4.3,0.1088,7.33,41.36,89.33,0.4082,0.1588,27.15,286 deg,Open-Meteo forecast; MLB fallback,https://forecast.weather.gov/MapClick.php?lat=27.7682&lon=-82.6534,77,1,84,Tropicana Field,,,,,,,,,,,
183,675961,Alika Williams,ATH,KC,2026-08-17T23:40:00Z,Scheduled,8,Michael Wacha,608379,R,33.6,Longshot,Watch List,Projected Lineup,8.0,37.3,50.7,47.9,50.0,45.0,50.0,,No,Yes,8,Yes,Yes,RotoWire projected lineup; MLB probable pitchers,lineup projected / unconfirmed,H:2026 P:2026/2025,,,Direct BvP not yet weighted; 2026/2025 Statcast baseline active,7,6,14,0,Contact streak: 6/14 over last 7 games,"same-side matchup; pitcher baseline 6.9% barrel, 17.1 HR allowed",neutral batted-ball profile; pitcher fly-ball pressure modest,1.0,34.3,85.3,97.349,0.29,0.069,0.248,69.4,3.7,39.0,22.0,2.0,0.136,6.91,35.93,88.27,0.4144,0.1633,28.6,354 deg,Open-Meteo forecast; MLB fallback,https://forecast.weather.gov/MapClick.php?lat=39.0517&lon=-94.4803,70,3,82,Kauffman Stadium,,,,,,,,,,,
184,664983,Jake McCarthy,COL,LAD,2026-08-18T00:40:00Z,Scheduled,1,Blake Snell,605483,L,33.4,Longshot,Watch List,"Projected Lineup, Premium Lineup Spot",14.5,1.2,66.2,88.7,50.0,8.8,50.0,,No,Yes,1,Yes,Yes,RotoWire projected lineup; MLB probable pitchers,lineup projected / unconfirmed,H:2026/2025 P:2026/2025,,,Direct BvP not yet weighted; 2026/2025 Statcast baseline active,7,5,28,0,"Last 7 games: 5/28, 0 HR","same-side matchup; pitcher baseline 1.7% barrel, 0.9 HR allowed",neutral batted-ball profile; pitcher fly-ball pressure modest,5.02,26.76,84.77,96.599,0.3964,0.1336,0.307,70.68,11.58,37.73,22.01,10.3,0.1823,1.74,19.72,84.38,0.2793,0.0651,21.26,144 deg,Open-Meteo forecast; MLB fallback,https://forecast.weather.gov/MapClick.php?lat=39.7559&lon=-104.9942,49,11,78,Coors Field,,,,,,,,,,,
185,595879,Javier Baez,DET,PIT,2026-08-17T23:05:00Z,Scheduled,9,Carmen Mlodzinski,669387,R,32.2,Longshot,Watch List,Projected Lineup,13.0,41.1,42.8,40.2,50.0,12.0,50.0,,No,Yes,9,Yes,Yes,RotoWire projected lineup; MLB probable pitchers,lineup projected / unconfirmed,H:2026/2025 P:2026/2025,,,Direct BvP not yet weighted; 2026/2025 Statcast baseline active,7,5,25,0,"Last 7 games: 5/25, 0 HR","same-side matchup; pitcher baseline 6.9% barrel, 8.0 HR allowed",neutral batted-ball profile; pitcher fly-ball pressure modest,3.05,33.95,86.24,97.3242,0.3373,0.0884,0.2724,73.08,30.66,42.32,22.61,5.0,0.1147,6.94,45.35,90.62,0.4251,0.1441,23.46,221 deg,Open-Meteo forecast; MLB fallback,https://forecast.weather.gov/MapClick.php?lat=40.4469&lon=-80.0057,91,28,72,PNC Park,,,,,,,,,,,
186,695257,Billy Cook,PIT,DET,2026-08-17T23:05:00Z,Scheduled,8,Framber Valdez,664285,L,31.7,Longshot,Watch List,"Projected Lineup, Platoon Edge",6.8,35.6,42.8,47.9,78.0,0.0,50.0,,No,Yes,8,Yes,Yes,RotoWire projected lineup; MLB probable pitchers,lineup projected / unconfirmed,H:2026/2025 P:2026/2025,,,Direct BvP not yet weighted; 2026/2025 Statcast baseline active,7,0,4,0,"Last 7 games: 0/4, 0 HR","platoon edge; pitcher baseline 6.2% barrel, 13.6 HR allowed",neutral batted-ball profile; pitcher fly-ball pressure modest,0.0,27.54,83.56,94.1718,0.2644,0.0504,0.2112,72.38,26.74,18.13,30.13,0.0,0.0469,6.21,44.06,90.24,0.384,0.1325,18.67,221 deg,Open-Meteo forecast; MLB fallback,https://forecast.weather.gov/MapClick.php?lat=40.4469&lon=-80.0057,91,28,72,PNC Park,,,,,,,,,,,
187,666023,Freddy Fermin,SD,NYM,2026-08-17T23:10:00Z,Scheduled,9,Nolan McLean,690997,R,31.7,Longshot,Watch List,Projected Lineup,14.7,30.8,49.3,40.2,50.0,19.5,50.0,,No,Yes,9,Yes,Yes,RotoWire projected lineup; MLB probable pitchers,lineup projected / unconfirmed,H:2026/2025 P:2026/2025,,,Direct BvP not yet weighted; 2026/2025 Statcast baseline active,7,5,20,0,"Last 7 games: 5/20, 0 HR","same-side matchup; pitcher baseline 7.3% barrel, 11.7 HR allowed",neutral batted-ball profile; pitcher fly-ball pressure modest,4.13,29.55,87.91,97.1273,0.3182,0.1044,0.2693,69.78,6.0,38.39,28.56,4.3,0.1104,7.3,38.08,88.38,0.3514,0.1299,21.84,191 deg,Open-Meteo forecast; MLB fallback,https://forecast.weather.gov/MapClick.php?lat=40.7571&lon=-73.8458,71,10,74,Citi Field,,,,,,,,,,,
188,687231,Darell Hernaiz,ATH,KC,2026-08-17T23:40:00Z,Scheduled,9,Michael Wacha,608379,R,28.9,Longshot,Watch List,Projected Lineup,3.4,37.3,50.7,40.2,50.0,0.0,50.0,,No,Yes,9,Yes,Yes,RotoWire projected lineup; MLB probable pitchers,lineup projected / unconfirmed,H:2026/2025 P:2026/2025,,,Direct BvP not yet weighted; 2026/2025 Statcast baseline active,7,2,20,0,"Last 7 games: 2/20, 0 HR","same-side matchup; pitcher baseline 6.9% barrel, 17.1 HR allowed",neutral batted-ball profile; pitcher fly-ball pressure modest,1.66,26.32,84.58,95.8688,0.2957,0.0677,0.2756,68.83,6.57,28.26,22.56,1.3,0.0582,6.91,35.93,88.27,0.4144,0.1633,28.6,354 deg,Open-Meteo forecast; MLB fallback,https://forecast.weather.gov/MapClick.php?lat=39.0517&lon=-94.4803,70,3,82,Kauffman Stadium,,,,,,,,,,,
189,691182,Adael Amador,COL,LAD,2026-08-18T00:40:00Z,Scheduled,9,Blake Snell,605483,L,28.8,Longshot,Watch List,"Projected Lineup, Platoon Edge",6.3,1.1,66.2,40.2,75.0,63.3,50.0,,No,Yes,9,Yes,Yes,RotoWire projected lineup; MLB probable pitchers,lineup projected / unconfirmed,H:2026/2025 P:2026/2025,,,Direct BvP not yet weighted; 2026/2025 Statcast baseline active,2,1,2,1,Contact streak: 1/2 over last 2 games,"switch hitter; pitcher baseline 1.7% barrel, 0.9 HR allowed",neutral batted-ball profile; pitcher fly-ball pressure modest,3.4,24.7,84.8,96.2664,0.0897,0.0243,0.0807,71.37,3.6,41.6,28.1,0.3,0.0264,1.74,19.72,84.38,0.2793,0.0651,21.26,144 deg,Open-Meteo forecast; MLB fallback,https://forecast.weather.gov/MapClick.php?lat=39.7559&lon=-104.9942,49,11,78,Coors Field,,,,,,,,,,,
