rank,hitter_id,player,team,opponent,game_start_time,game_status,batting_order,pitcher,pitcher_id,pitcher_hand,hr_score,tier,play_type,reason_tags,power_score,pitcher_score,environment_score,lineup_score,platoon_score,recent_form_score,sheet_score,sheet_carry_score,confirmed_lineup,rotowire_confirmed_lineup,rotowire_batting_order,rotowire_player_found,lineup_disagreement,lineup_sources_used,source_warnings,stat_years_used,bvp_pa,bvp_hr,bvp_note,recent_games,recent_hits,recent_abs,recent_hr,recent_form_note,split_matchup_note,pitch_mix_note,barrel_pct,hard_hit_pct,avg_exit_velocity,ev50,xslg,xiso,xwoba,bat_speed,fast_swing_pct,pull_pct,fb_pct,hr_total,iso,pitcher_barrel_pct_allowed,pitcher_hard_hit_pct_allowed,pitcher_avg_exit_velocity_allowed,pitcher_xslg_allowed,pitcher_xiso_allowed,pitcher_fb_pct_allowed,wind_direction,weather_source,weather_url,weather_humidity,weather_precip_pct,weather_temp,ballpark,odds,sheet_barrel_pct,sheet_iso,sheet_ev,sheet_pm_hr,sheet_pm_pa,sheet_pa_pct,sheet_hr_env,sheet_pitcher_split_barrel,sheet_pitcher_split_hr,sheet_note
1,670541,Yordan Alvarez,HOU,SEA,2026-09-24T02:10:00Z,Scheduled,2,George Kirby,669923,R,66.9,Tier 3,Watch List,"Projected Lineup, Elite Power, Strong Barrel, Premium Lineup Spot, Platoon Edge, Hot Hitter/Streak",78.4,40.6,42.9,95.5,80.0,99.5,50.0,,No,No,2,Yes,Yes,RotoWire projected lineup; MLB probable pitchers,lineup projected / unconfirmed,H:2026/2025 P:2026/2025,,,Direct BvP not yet weighted; 2026/2025 Statcast baseline active,7,10,24,3,Hot streak: 3 HR in last 7 games,"platoon edge; pitcher baseline 7.2% barrel, 19.2 HR allowed",lift-pull EV profile; pitcher fly-ball pressure modest,15.55,53.32,94.42,104.8055,0.6162,0.3063,0.4294,76.1,61.59,40.95,36.03,30.5,0.2487,7.2,41.17,89.83,0.4067,0.1465,23.96,246 deg,Open-Meteo forecast; MLB fallback,https://forecast.weather.gov/MapClick.php?lat=47.5914&lon=-122.3325,72,0,66,T-Mobile Park,,,,,,,,,,,
2,682987,Spencer Jones,NYY,TB,2026-09-23T23:05:00Z,Pre-Game,5,Mason Englert,669438,R,65.1,Tier 3,Watch List,"Strong Barrel, Platoon Edge",67.7,65.0,45.2,86.4,80.0,36.7,50.0,,Yes,Yes,5,Yes,No,MLB Stats API; RotoWire,,H:2026 P:2026/2025,,,Direct BvP not yet weighted; 2026/2025 Statcast baseline active,7,3,29,2,Hot streak: 2 HR in last 7 games,"platoon edge; pitcher baseline 13.2% barrel, 7.5 HR allowed",EV profile; pitcher allows elevated contact,15.4,54.7,94.1,104.2393,0.447,0.212,0.325,77.1,71.8,34.9,38.9,11.0,0.189,13.25,40.74,89.98,0.5045,0.2272,30.22,In From LF,Open-Meteo forecast; MLB fallback,https://forecast.weather.gov/MapClick.php?lat=40.8296&lon=-73.9262,55,0,64,Yankee Stadium,,,,,,,,,,,
3,700250,Ben Rice,NYY,TB,2026-09-23T23:05:00Z,Pre-Game,1,Mason Englert,669438,R,64.2,Tier 3,Watch List,"Strong Barrel, Premium Lineup Spot, Platoon Edge",62.9,65.0,45.2,93.2,80.0,30.3,50.0,,Yes,Yes,1,Yes,No,MLB Stats API; RotoWire,,H:2026/2025 P:2026/2025,,,Direct BvP not yet weighted; 2026/2025 Statcast baseline active,7,5,25,1,"Last 7 games: 5/25, 1 HR","platoon edge; pitcher baseline 13.2% barrel, 7.5 HR allowed",lift-pull EV profile; pitcher allows elevated contact,14.35,50.43,92.32,102.4413,0.5194,0.2492,0.3798,72.84,27.45,44.68,30.88,35.1,0.2587,13.25,40.74,89.98,0.5045,0.2272,30.22,In From LF,Open-Meteo forecast; MLB fallback,https://forecast.weather.gov/MapClick.php?lat=40.8296&lon=-73.9262,55,0,64,Yankee Stadium,,,,,,,,,,,
4,808959,Munetaka Murakami,CWS,KC,2026-09-23T23:40:00Z,Pre-Game,4,Seth Lugo,607625,R,63.6,Tier 3,Watch List,"Projected Lineup, Strong Barrel, Premium Lineup Spot, Platoon Edge",73.6,53.9,32.2,90.4,80.0,45.9,50.0,,No,No,4,Yes,Yes,RotoWire projected lineup; MLB probable pitchers,lineup projected / unconfirmed,H:2026 P:2026/2025,,,Direct BvP not yet weighted; 2026/2025 Statcast baseline active,7,4,22,2,Hot streak: 2 HR in last 7 games,"platoon edge; pitcher baseline 8.9% barrel, 24.2 HR allowed",lift-pull EV profile; pitcher fly-ball pressure modest,18.8,55.5,93.6,104.19,0.448,0.249,0.344,74.7,49.7,46.5,38.0,33.0,0.266,8.93,43.52,90.0,0.4618,0.1918,28.97,In From RF,Open-Meteo forecast; MLB fallback,https://forecast.weather.gov/MapClick.php?lat=39.0517&lon=-94.4803,67,0,70,Kauffman Stadium,,,,,,,,,,,
5,804668,Rafael Flores Jr.,PIT,STL,2026-09-23T22:40:00Z,Pre-Game,2,Matthew Liberatore,669461,L,63.4,Tier 3,Watch List,"Strong Barrel, Premium Lineup Spot, Platoon Edge, Hot Hitter/Streak",65.2,54.2,28.3,100.0,78.0,81.2,50.0,,Yes,Yes,2,Yes,No,MLB Stats API; RotoWire,,H:2026/2025 P:2026/2025,,,Direct BvP not yet weighted; 2026/2025 Statcast baseline active,7,10,24,2,Hot streak: 2 HR in last 7 games,"platoon edge; pitcher baseline 9.6% barrel, 24.6 HR allowed",lift-pull EV profile; pitcher fly-ball pressure modest,14.18,52.28,92.07,102.4091,0.5091,0.2549,0.3589,73.75,37.99,40.26,38.06,7.0,0.2254,9.62,41.66,90.18,0.4552,0.1878,28.38,In From CF,Open-Meteo forecast; MLB fallback,https://forecast.weather.gov/MapClick.php?lat=40.4469&lon=-80.0057,87,4,58,PNC Park,,,,,,,,,,,
6,665742,Juan Soto,NYM,TEX,2026-09-24T00:05:00Z,Scheduled,2,Cody Bradford,674003,L,63.4,Tier 3,Watch List,"Projected Lineup, Strong Barrel, Premium Lineup Spot",69.8,49.5,58.6,95.5,50.0,45.3,50.0,,No,No,2,Yes,Yes,RotoWire projected lineup; MLB probable pitchers,lineup projected / unconfirmed,H:2026/2025 P:2026,,,Direct BvP not yet weighted; 2026/2025 Statcast baseline active,7,9,30,1,"Last 7 games: 9/30, 1 HR","same-side matchup; pitcher baseline 9.5% barrel, 4.0 HR allowed",lift-pull EV profile; pitcher allows elevated contact,15.12,50.47,93.03,103.1509,0.5828,0.2902,0.4164,72.83,32.54,39.67,31.21,31.1,0.2487,9.5,37.0,89.4,0.472,0.192,35.5,67 deg,Open-Meteo forecast; MLB fallback,https://forecast.weather.gov/MapClick.php?lat=32.7473&lon=-97.0842,41,0,93,Globe Life Field,,,,,,,,,,,
7,624413,Pete Alonso,BAL,TOR,2026-09-23T22:35:00Z,Scheduled,2,,,,63.1,Tier 3,Watch List,"Projected Lineup, Strong Barrel, Premium Lineup Spot, Hot Hitter/Streak",73.6,41.2,47.1,95.5,60.0,70.3,50.0,,No,No,2,Yes,Yes,RotoWire projected lineup; MLB probable pitchers,lineup projected / unconfirmed,H:2026/2025 P:,,,Direct BvP not yet weighted; 2026/2025 Statcast baseline active,7,6,27,6,Hot streak: 6 HR in last 7 games,"handedness incomplete; pitcher baseline 0.0% barrel, 0.0 HR allowed",EV profile; pitcher fly-ball pressure modest,15.96,55.66,93.78,104.285,0.558,0.278,0.3937,74.78,48.79,36.78,30.81,39.4,0.2471,,,,,,,41 deg,Open-Meteo forecast; MLB fallback,https://forecast.weather.gov/MapClick.php?lat=39.2840&lon=-76.6217,92,58,59,Oriole Park at Camden Yards,,,,,,,,,,,
8,696100,Hunter Goodman,COL,AZ,2026-09-24T00:40:00Z,Pre-Game,3,Merrill Kelly,518876,R,63.1,Tier 3,Watch List,"Strong Barrel, Premium Lineup Spot",55.6,59.9,67.7,96.6,50.0,52.0,50.0,,Yes,Yes,3,Yes,No,MLB Stats API; RotoWire,,H:2026/2025 P:2026/2025,,,Direct BvP not yet weighted; 2026/2025 Statcast baseline active,7,6,27,2,Hot streak: 2 HR in last 7 games,"same-side matchup; pitcher baseline 10.8% barrel, 26.5 HR allowed",neutral batted-ball profile; pitcher fly-ball pressure modest,14.16,45.57,90.17,102.4287,0.4532,0.2238,0.3199,74.86,47.62,48.21,32.62,36.6,0.2693,10.77,42.59,89.99,0.4891,0.2104,26.43,L To R,Open-Meteo forecast; MLB fallback,https://forecast.weather.gov/MapClick.php?lat=39.7559&lon=-104.9942,17,12,81,Coors Field,,,,,,,,,,,
9,624413,Pete Alonso,BAL,TOR,2026-09-23T17:35:00Z,In Progress,2,Max Scherzer,453286,R,62.9,Tier 3,Watch List,"Strong Barrel, Premium Lineup Spot, Hot Hitter/Streak",73.6,47.5,36.6,100.0,50.0,70.3,50.0,,Yes,No,2,Yes,Yes,MLB Stats API; RotoWire,RotoWire not confirmed,H:2026/2025 P:2026/2025,,,Direct BvP not yet weighted; 2026/2025 Statcast baseline active,7,6,27,6,Hot streak: 6 HR in last 7 games,"same-side matchup; pitcher baseline 9.9% barrel, 15.5 HR allowed",EV profile; pitcher allows elevated contact,15.96,55.66,93.78,104.285,0.558,0.278,0.3937,74.78,48.79,36.78,30.81,39.4,0.2471,9.88,35.68,87.74,0.4291,0.1883,34.44,In From CF,Open-Meteo forecast; MLB fallback,https://forecast.weather.gov/MapClick.php?lat=39.2840&lon=-76.6217,92,58,59,Oriole Park at Camden Yards,,,,,,,,,,,
10,691718,Pete Crow-Armstrong,CHC,MIA,2026-09-23T23:40:00Z,Scheduled,1,Ryan Gusto,687473,R,62.2,Tier 3,Watch List,"Projected Lineup, Strong Barrel, Premium Lineup Spot, Platoon Edge, Hot Hitter/Streak",58.1,49.6,49.3,88.7,80.0,91.5,50.0,,No,No,1,Yes,Yes,RotoWire projected lineup; MLB probable pitchers,lineup projected / unconfirmed,H:2026/2025 P:2026/2025,,,Direct BvP not yet weighted; 2026/2025 Statcast baseline active,7,12,33,4,Hot streak: 4 HR in last 7 games,"platoon edge; pitcher baseline 9.1% barrel, 12.8 HR allowed",neutral batted-ball profile; pitcher fly-ball pressure modest,13.45,46.57,90.27,101.8612,0.5023,0.2442,0.3595,74.38,46.14,50.37,34.59,40.8,0.2781,9.08,43.88,90.04,0.4414,0.1711,26.75,52 deg,Open-Meteo forecast; MLB fallback,https://forecast.weather.gov/MapClick.php?lat=41.9484&lon=-87.6553,57,0,60,Wrigley Field,,,,,,,,,,,
11,660271,Shohei Ohtani,LAD,SD,2026-09-24T02:10:00Z,Scheduled,1,Robbie Ray,592662,L,61.8,Tier 3,Watch List,"Projected Lineup, Elite Power, Strong Barrel, Premium Lineup Spot",78.5,48.6,52.6,88.7,50.0,0.0,50.0,,No,No,1,Yes,Yes,RotoWire projected lineup; MLB probable pitchers,lineup projected / unconfirmed,H:2026/2025 P:2026/2025,,,Direct BvP not yet weighted; 2026/2025 Statcast baseline active,7,2,26,0,"Last 7 games: 2/26, 0 HR","same-side matchup; pitcher baseline 8.7% barrel, 22.0 HR allowed",lift-pull EV profile; pitcher allows elevated contact,18.11,53.66,93.71,104.4581,0.5825,0.2994,0.4068,74.96,52.87,46.49,31.92,37.5,0.2735,8.69,40.08,89.88,0.4088,0.1723,33.38,261 deg,Open-Meteo forecast; MLB fallback,https://forecast.weather.gov/MapClick.php?lat=34.0739&lon=-118.2400,68,0,75,UNIQLO Field at Dodger Stadium,,,,,,,,,,,
12,621566,Matt Olson,ATL,NYM,2026-09-23T23:15:00Z,Pre-Game,3,Andrew Abbott,671096,L,61.5,Tier 3,Watch List,"Strong Barrel, Premium Lineup Spot, Sheet Consensus",65.1,43.9,51.9,96.6,50.0,48.5,80.6,100.0,Yes,Yes,3,Yes,No,MLB Stats API; RotoWire,,H:2026/2025 P:2026/2025,,,Direct BvP not yet weighted; 2026/2025 Statcast baseline active,7,9,28,1,Contact streak: 9/28 over last 7 games,"same-side matchup; pitcher baseline 8.1% barrel, 22.5 HR allowed",EV profile; pitcher fly-ball pressure modest,14.4,52.11,92.67,103.6569,0.499,0.2517,0.3537,74.53,47.26,37.79,32.92,36.7,0.2393,8.14,37.27,89.2,0.4214,0.1667,29.12,L To R,Open-Meteo forecast; MLB fallback,https://forecast.weather.gov/MapClick.php?lat=33.8907&lon=-84.4677,75,5,77,Truist Park,,22.7,0.398,96,11,103,37.5,3,3.3,6,Elite LHH power; weather only mild and possible delay
13,545361,Mike Trout,LAA,ATH,2026-09-24T01:40:00Z,Scheduled,2,Jeffrey Springs,605488,L,59.8,Longshot,Watch List,"Projected Lineup, Strong Barrel, Premium Lineup Spot, Platoon Edge",59.8,45.5,54.4,95.5,78.0,21.1,50.0,,No,No,2,Yes,Yes,RotoWire projected lineup; MLB probable pitchers,lineup projected / unconfirmed,H:2026/2025 P:2026/2025,,,Direct BvP not yet weighted; 2026/2025 Statcast baseline active,7,6,23,0,"Last 7 games: 6/23, 0 HR","platoon edge; pitcher baseline 8.8% barrel, 31.5 HR allowed",neutral batted-ball profile; pitcher allows elevated contact,15.87,46.92,90.27,102.8812,0.4824,0.2334,0.3734,74.49,46.51,36.02,30.93,22.5,0.1874,8.8,35.34,87.67,0.4394,0.189,32.09,219 deg,Open-Meteo forecast; MLB fallback,https://forecast.weather.gov/MapClick.php?lat=38.5804&lon=-121.5139,44,0,82,Sutter Health Park,,,,,,,,,,,
14,656941,Kyle Schwarber,PHI,STL,2026-09-23T22:40:00Z,Pre-Game,1,Logan Henderson,701656,R,59.7,Longshot,Watch List,"Strong Barrel, Premium Lineup Spot, Platoon Edge",74.1,38.7,36.8,93.2,80.0,18.3,47.5,68.0,Yes,Yes,1,Yes,No,MLB Stats API; RotoWire,,H:2026/2025 P:2026/2025,,,Direct BvP not yet weighted; 2026/2025 Statcast baseline active,7,2,22,1,"Last 7 games: 2/22, 1 HR","platoon edge; pitcher baseline 8.8% barrel, 10.7 HR allowed",lift-pull EV profile; pitcher allows elevated contact,17.44,52.25,92.9,104.0136,0.518,0.2791,0.3751,77.16,75.21,54.21,33.39,48.3,0.2894,8.81,36.58,88.8,0.3597,0.1477,31.84,In From CF,Open-Meteo forecast; MLB fallback,https://forecast.weather.gov/MapClick.php?lat=39.9061&lon=-75.1665,84,18,61,Citizens Bank Park,,14.1,0.216,94,9,139,25,6,4.88,2,Power volume; less clean pitcher split than Harper
15,663728,Cal Raleigh,SEA,HOU,2026-09-24T02:10:00Z,Scheduled,4,Ethan Pecko,814490,R,59.3,Longshot,Watch List,"Projected Lineup, Strong Barrel, Premium Lineup Spot, Platoon Edge",60.4,47.8,42.9,90.4,75.0,48.7,50.0,,No,No,4,Yes,Yes,RotoWire projected lineup; MLB probable pitchers,lineup projected / unconfirmed,H:2026/2025 P:2026,,,Direct BvP not yet weighted; 2026/2025 Statcast baseline active,7,5,25,2,Hot streak: 2 HR in last 7 games,"switch hitter; pitcher baseline 9.8% barrel, 5.0 HR allowed",fly-ball profile; pitcher allows elevated contact,16.07,42.25,90.32,101.2003,0.4427,0.2411,0.329,75.13,52.6,52.82,43.06,34.1,0.2377,9.8,38.6,89.3,0.433,0.197,31.3,246 deg,Open-Meteo forecast; MLB fallback,https://forecast.weather.gov/MapClick.php?lat=47.5914&lon=-122.3325,72,0,66,T-Mobile Park,,,,,,,,,,,
16,666018,Jonathan Aranda,TB,NYY,2026-09-23T23:05:00Z,Pre-Game,2,Gerrit Cole,543037,R,59.2,Longshot,Watch List,"Projected Lineup, Strong Barrel, Premium Lineup Spot, Platoon Edge, Hot Hitter/Streak",49.2,49.5,45.2,95.5,80.0,79.0,50.0,,No,No,2,Yes,Yes,RotoWire projected lineup; MLB probable pitchers,lineup projected / unconfirmed,H:2026/2025 P:2026,,,Direct BvP not yet weighted; 2026/2025 Statcast baseline active,7,7,25,3,Hot streak: 3 HR in last 7 games,"platoon edge; pitcher baseline 8.7% barrel, 21.0 HR allowed",neutral batted-ball profile; pitcher fly-ball pressure modest,10.87,48.48,91.67,101.2203,0.466,0.1981,0.3561,70.36,13.18,33.13,30.13,19.6,0.1653,8.7,45.2,90.9,0.406,0.153,27.0,In From LF,Open-Meteo forecast; MLB fallback,https://forecast.weather.gov/MapClick.php?lat=40.8296&lon=-73.9262,55,0,64,Yankee Stadium,,,,,,,,,,,
17,671277,Luis García Jr.,NYY,TB,2026-09-23T23:05:00Z,Pre-Game,3,Mason Englert,669438,R,59.1,Longshot,Watch List,"Strong Barrel, Premium Lineup Spot, Platoon Edge",49.8,65.0,45.2,96.6,80.0,0.0,50.0,,Yes,Yes,3,Yes,No,MLB Stats API; RotoWire,,H:2026/2025 P:2026/2025,,,Direct BvP not yet weighted; 2026/2025 Statcast baseline active,7,2,28,0,"Last 7 games: 2/28, 0 HR","platoon edge; pitcher baseline 13.2% barrel, 7.5 HR allowed",neutral batted-ball profile; pitcher allows elevated contact,11.31,46.08,91.04,101.827,0.4833,0.2058,0.3404,73.73,40.32,41.01,23.87,25.8,0.2216,13.25,40.74,89.98,0.5045,0.2272,30.22,In From LF,Open-Meteo forecast; MLB fallback,https://forecast.weather.gov/MapClick.php?lat=40.8296&lon=-73.9262,55,0,64,Yankee Stadium,,,,,,,,,,,
18,671218,Heliot Ramos,NYY,TB,2026-09-23T23:05:00Z,Pre-Game,4,Mason Englert,669438,R,59.1,Longshot,Watch List,"Strong Barrel, Premium Lineup Spot",50.5,65.0,45.2,94.9,50.0,47.5,50.0,,Yes,Yes,4,Yes,No,MLB Stats API; RotoWire,,H:2026/2025 P:2026/2025,,,Direct BvP not yet weighted; 2026/2025 Statcast baseline active,7,5,26,2,Hot streak: 2 HR in last 7 games,"same-side matchup; pitcher baseline 13.2% barrel, 7.5 HR allowed",EV profile; pitcher allows elevated contact,12.51,48.31,92.08,103.0408,0.4338,0.1848,0.3249,73.13,33.73,33.8,24.0,15.4,0.1601,13.25,40.74,89.98,0.5045,0.2272,30.22,In From LF,Open-Meteo forecast; MLB fallback,https://forecast.weather.gov/MapClick.php?lat=40.8296&lon=-73.9262,55,0,64,Yankee Stadium,,,,,,,,,,,
19,669065,Kyle Stowers,MIA,CHC,2026-09-23T23:40:00Z,Scheduled,1,Kevin Gausman,592332,R,59.0,Longshot,Watch List,"Projected Lineup, Strong Barrel, Premium Lineup Spot, Platoon Edge",63.1,42.1,49.3,88.7,80.0,31.4,50.0,,No,No,1,Yes,Yes,RotoWire projected lineup; MLB probable pitchers,lineup projected / unconfirmed,H:2026/2025 P:2026/2025,,,Direct BvP not yet weighted; 2026/2025 Statcast baseline active,7,6,29,1,"Last 7 games: 6/29, 1 HR","platoon edge; pitcher baseline 7.9% barrel, 23.8 HR allowed",lift-pull EV profile; pitcher fly-ball pressure modest,14.55,55.15,92.01,103.2732,0.4621,0.2251,0.3407,75.28,54.11,45.64,32.34,21.5,0.2273,7.87,40.07,88.88,0.407,0.1613,26.02,52 deg,Open-Meteo forecast; MLB fallback,https://forecast.weather.gov/MapClick.php?lat=41.9484&lon=-87.6553,57,0,60,Wrigley Field,,,,,,,,,,,
20,669257,Will Smith,LAD,SD,2026-09-24T02:10:00Z,Scheduled,5,Robbie Ray,592662,L,59.0,Longshot,Watch List,"Projected Lineup, Strong Barrel, Platoon Edge, Hot Hitter/Streak",51.5,48.6,52.6,81.9,78.0,85.0,50.0,,No,No,5,Yes,Yes,RotoWire projected lineup; MLB probable pitchers,lineup projected / unconfirmed,H:2026/2025 P:2026/2025,,,Direct BvP not yet weighted; 2026/2025 Statcast baseline active,7,8,25,3,Hot streak: 3 HR in last 7 games,"platoon edge; pitcher baseline 8.7% barrel, 22.0 HR allowed",fly-ball profile; pitcher allows elevated contact,12.62,42.55,89.69,100.2132,0.4995,0.2277,0.3829,69.77,6.38,31.16,39.85,12.1,0.1807,8.69,40.08,89.88,0.4088,0.1723,33.38,261 deg,Open-Meteo forecast; MLB fallback,https://forecast.weather.gov/MapClick.php?lat=34.0739&lon=-118.2400,68,0,75,UNIQLO Field at Dodger Stadium,,,,,,,,,,,
21,665052,Griffin Conine,MIA,CHC,2026-09-23T23:40:00Z,Scheduled,4,Kevin Gausman,592332,R,58.1,Longshot,Watch List,"Projected Lineup, Strong Barrel, Premium Lineup Spot, Platoon Edge",56.7,42.1,49.3,90.4,80.0,47.5,50.0,,No,No,4,Yes,Yes,RotoWire projected lineup; MLB probable pitchers,lineup projected / unconfirmed,H:2026/2025 P:2026/2025,,,Direct BvP not yet weighted; 2026/2025 Statcast baseline active,7,5,26,2,Hot streak: 2 HR in last 7 games,"platoon edge; pitcher baseline 7.9% barrel, 23.8 HR allowed",neutral batted-ball profile; pitcher fly-ball pressure modest,15.15,48.87,90.97,103.0301,0.4579,0.2117,0.3426,74.19,43.41,41.13,24.74,12.5,0.2035,7.87,40.07,88.88,0.407,0.1613,26.02,52 deg,Open-Meteo forecast; MLB fallback,https://forecast.weather.gov/MapClick.php?lat=41.9484&lon=-87.6553,57,0,60,Wrigley Field,,,,,,,,,,,
22,694249,Cole Carrigg,COL,AZ,2026-09-24T00:40:00Z,Pre-Game,2,Merrill Kelly,518876,R,57.9,Longshot,Watch List,"Premium Lineup Spot, Platoon Edge, Hot Hitter/Streak",27.7,58.7,67.7,100.0,75.0,75.6,50.0,,Yes,Yes,2,Yes,No,MLB Stats API; RotoWire,,H:2026 P:2026/2025,,,Direct BvP not yet weighted; 2026/2025 Statcast baseline active,7,11,29,2,Hot streak: 2 HR in last 7 games,"switch hitter; pitcher baseline 10.8% barrel, 26.5 HR allowed",neutral batted-ball profile; pitcher fly-ball pressure modest,5.6,37.0,88.0,98.9586,0.395,0.149,0.311,73.1,34.6,46.8,29.4,10.0,0.188,10.77,42.59,89.99,0.4891,0.2104,26.43,L To R,Open-Meteo forecast; MLB fallback,https://forecast.weather.gov/MapClick.php?lat=39.7559&lon=-104.9942,17,12,81,Coors Field,,,,,,,,,,,
23,682829,Elly De La Cruz,CIN,ATL,2026-09-23T23:15:00Z,Pre-Game,2,Chris Sale,519242,L,57.7,Longshot,Watch List,"Strong Barrel, Premium Lineup Spot, Platoon Edge, Hot Hitter/Streak",61.1,22.7,51.9,100.0,75.0,75.8,50.0,,Yes,Yes,2,Yes,No,MLB Stats API; RotoWire,,H:2026/2025 P:2026/2025,,,Direct BvP not yet weighted; 2026/2025 Statcast baseline active,7,8,21,2,Hot streak: 2 HR in last 7 games,"switch hitter; pitcher baseline 6.2% barrel, 9.6 HR allowed",EV profile; pitcher fly-ball pressure modest,14.5,50.99,93.59,104.5303,0.4814,0.208,0.3612,75.59,55.87,35.03,24.75,26.9,0.2159,6.16,35.26,87.69,0.3277,0.1122,25.83,L To R,Open-Meteo forecast; MLB fallback,https://forecast.weather.gov/MapClick.php?lat=33.8907&lon=-84.4677,75,5,77,Truist Park,,,,,,,,,,,
24,686527,Dominic Canzone,SEA,HOU,2026-09-24T02:10:00Z,Scheduled,3,Ethan Pecko,814490,R,57.6,Longshot,Watch List,"Projected Lineup, Strong Barrel, Premium Lineup Spot, Platoon Edge",55.0,48.4,42.9,92.1,80.0,32.0,50.0,,No,No,3,Yes,Yes,RotoWire projected lineup; MLB probable pitchers,lineup projected / unconfirmed,H:2026/2025 P:2026,,,Direct BvP not yet weighted; 2026/2025 Statcast baseline active,7,8,24,0,Contact streak: 8/24 over last 7 games,"platoon edge; pitcher baseline 9.8% barrel, 5.0 HR allowed",neutral batted-ball profile; pitcher allows elevated contact,12.75,46.2,91.46,102.5181,0.5001,0.2241,0.3613,74.01,41.71,39.06,26.37,18.7,0.209,9.8,38.6,89.3,0.433,0.197,31.3,246 deg,Open-Meteo forecast; MLB fallback,https://forecast.weather.gov/MapClick.php?lat=47.5914&lon=-122.3325,72,0,66,T-Mobile Park,,,,,,,,,,,
25,666160,Mickey Moniak,COL,AZ,2026-09-24T00:40:00Z,Pre-Game,7,Merrill Kelly,518876,R,57.1,Longshot,Watch List,"Strong Barrel, Platoon Edge",46.3,59.9,67.7,64.3,80.0,31.6,50.0,,Yes,Yes,7,Yes,No,MLB Stats API; RotoWire,,H:2026/2025 P:2026/2025,,,Direct BvP not yet weighted; 2026/2025 Statcast baseline active,7,5,24,1,"Last 7 games: 5/24, 1 HR","platoon edge; pitcher baseline 10.8% barrel, 26.5 HR allowed",fly-ball profile; pitcher fly-ball pressure modest,11.0,42.57,89.7,100.3131,0.4198,0.1941,0.2944,74.12,43.04,46.59,37.05,23.3,0.2473,10.77,42.59,89.99,0.4891,0.2104,26.43,L To R,Open-Meteo forecast; MLB fallback,https://forecast.weather.gov/MapClick.php?lat=39.7559&lon=-104.9942,17,12,81,Coors Field,,,,,,,,,,,
26,641343,Jake Bauers,MIL,PHI,2026-09-23T22:40:00Z,Pre-Game,5,Aaron Nola,605400,R,57.0,Longshot,Watch List,"Projected Lineup, Strong Barrel, Platoon Edge",60.5,46.8,36.8,81.9,80.0,39.5,50.0,,No,No,5,Yes,Yes,RotoWire projected lineup; MLB probable pitchers,lineup projected / unconfirmed,H:2026/2025 P:2026/2025,,,Direct BvP not yet weighted; 2026/2025 Statcast baseline active,7,6,23,1,"Last 7 games: 6/23, 1 HR","platoon edge; pitcher baseline 9.1% barrel, 29.2 HR allowed",lift-pull EV profile; pitcher fly-ball pressure modest,14.05,50.36,92.05,103.0071,0.471,0.2209,0.3708,76.5,69.65,40.34,30.12,20.3,0.2074,9.1,41.13,88.77,0.4128,0.1703,27.04,In From CF,Open-Meteo forecast; MLB fallback,https://forecast.weather.gov/MapClick.php?lat=39.9061&lon=-75.1665,84,18,61,Citizens Bank Park,,,,,,,,,,,
27,608369,Corey Seager,TEX,NYM,2026-09-24T00:05:00Z,Scheduled,2,Nolan McLean,690997,R,56.8,Longshot,Watch List,"Projected Lineup, Strong Barrel, Premium Lineup Spot, Platoon Edge",60.8,29.6,58.6,95.5,80.0,13.0,50.0,,No,No,2,Yes,Yes,RotoWire projected lineup; MLB probable pitchers,lineup projected / unconfirmed,H:2026/2025 P:2026/2025,,,Direct BvP not yet weighted; 2026/2025 Statcast baseline active,7,6,29,0,"Last 7 games: 6/29, 0 HR","platoon edge; pitcher baseline 7.0% barrel, 13.1 HR allowed",lift-pull EV profile; pitcher fly-ball pressure modest,14.46,49.4,92.06,102.501,0.5046,0.2434,0.3643,71.8,15.16,40.99,30.92,18.9,0.1992,6.95,37.94,88.45,0.3471,0.1239,21.56,67 deg,Open-Meteo forecast; MLB fallback,https://forecast.weather.gov/MapClick.php?lat=32.7473&lon=-97.0842,41,0,93,Globe Life Field,,,,,,,,,,,
28,686948,Drake Baldwin,ATL,NYM,2026-09-23T23:15:00Z,Pre-Game,1,Andrew Abbott,671096,L,56.7,Longshot,Watch List,"Strong Barrel, Premium Lineup Spot",55.6,43.9,51.9,93.2,50.0,63.3,37.9,68.0,Yes,Yes,1,Yes,No,MLB Stats API; RotoWire,,H:2026/2025 P:2026/2025,,,Direct BvP not yet weighted; 2026/2025 Statcast baseline active,7,12,28,1,Contact streak: 12/28 over last 7 games,"same-side matchup; pitcher baseline 8.1% barrel, 22.5 HR allowed",neutral batted-ball profile; pitcher fly-ball pressure modest,12.12,50.02,91.49,102.1537,0.4919,0.2164,0.3628,75.3,56.51,32.43,25.81,22.5,0.1803,8.14,37.27,89.2,0.4214,0.1667,29.12,L To R,Open-Meteo forecast; MLB fallback,https://forecast.weather.gov/MapClick.php?lat=33.8907&lon=-84.4677,75,5,77,Truist Park,,16.4,0.177,93,4,79,0,3,3.3,6,Strong barrel/EV but ISO lower
29,682674,Victor Bericoto,SF,MIN,2026-09-23T19:45:00Z,In Progress,3,Connor Prielipp,687570,L,56.6,Longshot,Watch List,"Strong Barrel, Premium Lineup Spot, Platoon Edge",58.2,39.3,40.3,96.6,78.0,31.9,50.0,,Yes,Yes,3,Yes,No,MLB Stats API; RotoWire,,H:2026 P:2026,,,Direct BvP not yet weighted; 2026/2025 Statcast baseline active,7,4,19,1,"Last 7 games: 4/19, 1 HR","platoon edge; pitcher baseline 6.8% barrel, 14.0 HR allowed",neutral batted-ball profile; pitcher fly-ball pressure modest,14.3,50.0,91.0,100.8718,0.457,0.233,0.299,74.6,50.3,32.9,27.1,5.0,0.192,6.8,42.0,90.2,0.386,0.15,26.9,Varies,Open-Meteo forecast; MLB fallback,https://forecast.weather.gov/MapClick.php?lat=37.7786&lon=-122.3893,80,0,63,Oracle Park,,,,,,,,,,,
30,624424,Michael Conforto,CHC,MIA,2026-09-23T23:40:00Z,Scheduled,4,Ryan Gusto,687473,R,56.6,Longshot,Watch List,"Projected Lineup, Strong Barrel, Premium Lineup Spot, Platoon Edge",47.1,49.6,49.3,90.4,80.0,43.2,50.0,,No,No,4,Yes,Yes,RotoWire projected lineup; MLB probable pitchers,lineup projected / unconfirmed,H:2026/2025 P:2026/2025,,,Direct BvP not yet weighted; 2026/2025 Statcast baseline active,7,6,21,1,"Last 7 games: 6/21, 1 HR","platoon edge; pitcher baseline 9.1% barrel, 12.8 HR allowed",neutral batted-ball profile; pitcher fly-ball pressure modest,11.52,42.74,90.25,100.7062,0.4338,0.1973,0.3342,72.92,33.65,43.32,33.5,14.1,0.2047,9.08,43.88,90.04,0.4414,0.1711,26.75,52 deg,Open-Meteo forecast; MLB fallback,https://forecast.weather.gov/MapClick.php?lat=41.9484&lon=-87.6553,57,0,60,Wrigley Field,,,,,,,,,,,
31,642350,Jose Siri,LAA,ATH,2026-09-24T01:40:00Z,Scheduled,3,Jeffrey Springs,605488,L,56.6,Longshot,Watch List,"Projected Lineup, Strong Barrel, Premium Lineup Spot, Platoon Edge",47.7,45.5,54.4,92.1,78.0,41.2,50.0,,No,No,3,Yes,Yes,RotoWire projected lineup; MLB probable pitchers,lineup projected / unconfirmed,H:2026/2025 P:2026/2025,,,Direct BvP not yet weighted; 2026/2025 Statcast baseline active,7,6,22,1,"Last 7 games: 6/22, 1 HR","platoon edge; pitcher baseline 8.8% barrel, 31.5 HR allowed",fly-ball profile; pitcher allows elevated contact,15.31,39.88,87.91,99.6953,0.3697,0.1861,0.2701,73.08,33.89,33.09,42.34,6.3,0.1369,8.8,35.34,87.67,0.4394,0.189,32.09,219 deg,Open-Meteo forecast; MLB fallback,https://forecast.weather.gov/MapClick.php?lat=38.5804&lon=-121.5139,44,0,82,Sutter Health Park,,,,,,,,,,,
32,664040,Brandon Lowe,PIT,STL,2026-09-23T22:40:00Z,Pre-Game,4,Matthew Liberatore,669461,L,56.5,Longshot,Watch List,"Strong Barrel, Premium Lineup Spot, Hot Hitter/Streak",52.4,54.2,28.3,94.9,50.0,81.4,50.0,,Yes,Yes,4,Yes,No,MLB Stats API; RotoWire,,H:2026/2025 P:2026/2025,,,Direct BvP not yet weighted; 2026/2025 Statcast baseline active,7,8,27,4,Hot streak: 4 HR in last 7 games,"same-side matchup; pitcher baseline 9.6% barrel, 24.6 HR allowed",neutral batted-ball profile; pitcher fly-ball pressure modest,12.44,45.97,91.03,101.5182,0.4521,0.2082,0.3315,73.66,39.6,46.02,32.64,32.4,0.2259,9.62,41.66,90.18,0.4552,0.1878,28.38,In From CF,Open-Meteo forecast; MLB fallback,https://forecast.weather.gov/MapClick.php?lat=40.4469&lon=-80.0057,87,4,58,PNC Park,,,,,,,,,,,
33,665862,Jazz Chisholm Jr.,NYY,TB,2026-09-23T23:05:00Z,Pre-Game,6,Mason Englert,669438,R,56.4,Longshot,Watch List,"Strong Barrel, Platoon Edge",42.2,65.0,45.2,76.2,80.0,50.3,50.0,,Yes,Yes,6,Yes,No,MLB Stats API; RotoWire,,H:2026/2025 P:2026/2025,,,Direct BvP not yet weighted; 2026/2025 Statcast baseline active,7,8,24,1,Contact streak: 8/24 over last 7 games,"platoon edge; pitcher baseline 13.2% barrel, 7.5 HR allowed",neutral batted-ball profile; pitcher allows elevated contact,10.31,42.67,89.91,100.3735,0.4019,0.1798,0.31,73.2,32.6,50.09,30.26,22.6,0.1907,13.25,40.74,89.98,0.5045,0.2272,30.22,In From LF,Open-Meteo forecast; MLB fallback,https://forecast.weather.gov/MapClick.php?lat=40.8296&lon=-73.9262,55,0,64,Yankee Stadium,,,,,,,,,,,
34,695578,James Wood,WSH,DET,2026-09-23T17:10:00Z,In Progress,1,Framber Valdez,664285,L,56.1,Longshot,Watch List,"Elite Power, Strong Barrel, Premium Lineup Spot",78.0,34.9,28.1,93.2,50.0,8.8,50.0,,Yes,Yes,1,Yes,No,MLB Stats API; RotoWire,,H:2026/2025 P:2026/2025,,,Direct BvP not yet weighted; 2026/2025 Statcast baseline active,7,5,28,0,"Last 7 games: 5/28, 0 HR","same-side matchup; pitcher baseline 6.0% barrel, 15.7 HR allowed",EV profile; pitcher fly-ball pressure modest,18.29,57.98,95.0,106.3577,0.5371,0.2687,0.3925,76.56,66.29,32.92,24.03,30.3,0.2365,6.0,43.15,90.24,0.3826,0.1297,18.04,In From LF,Open-Meteo forecast; MLB fallback,https://forecast.weather.gov/MapClick.php?lat=42.3390&lon=-83.0485,68,0,59,Comerica Park,,,,,,,,,,,
35,703155,Lazaro Montes,SEA,HOU,2026-09-24T02:10:00Z,Scheduled,8,Ethan Pecko,814490,R,55.9,Longshot,Watch List,"Projected Lineup, Strong Barrel, Platoon Edge",71.8,48.4,42.9,47.9,80.0,18.3,50.0,,No,No,8,Yes,Yes,RotoWire projected lineup; MLB probable pitchers,lineup projected / unconfirmed,H:2026 P:2026,,,Direct BvP not yet weighted; 2026/2025 Statcast baseline active,7,2,17,1,"Last 7 games: 2/17, 1 HR","platoon edge; pitcher baseline 9.8% barrel, 5.0 HR allowed",fly-ball profile; pitcher allows elevated contact,19.0,42.9,91.2,102.9125,0.484,0.286,0.32,75.8,61.8,33.3,47.6,4.0,0.31,9.8,38.6,89.3,0.433,0.197,31.3,246 deg,Open-Meteo forecast; MLB fallback,https://forecast.weather.gov/MapClick.php?lat=47.5914&lon=-122.3325,72,0,66,T-Mobile Park,,,,,,,,,,,
36,683737,Michael Busch,CHC,MIA,2026-09-23T23:40:00Z,Scheduled,3,Ryan Gusto,687473,R,55.8,Longshot,Watch List,"Projected Lineup, Strong Barrel, Premium Lineup Spot, Platoon Edge",44.9,49.6,49.3,92.1,80.0,34.4,50.0,,No,No,3,Yes,Yes,RotoWire projected lineup; MLB probable pitchers,lineup projected / unconfirmed,H:2026/2025 P:2026/2025,,,Direct BvP not yet weighted; 2026/2025 Statcast baseline active,7,5,22,1,"Last 7 games: 5/22, 1 HR","platoon edge; pitcher baseline 9.1% barrel, 12.8 HR allowed",fly-ball profile; pitcher fly-ball pressure modest,11.5,42.05,89.54,99.7332,0.4465,0.2055,0.3458,68.9,5.92,41.12,35.18,24.2,0.1878,9.08,43.88,90.04,0.4414,0.1711,26.75,52 deg,Open-Meteo forecast; MLB fallback,https://forecast.weather.gov/MapClick.php?lat=41.9484&lon=-87.6553,57,0,60,Wrigley Field,,,,,,,,,,,
37,701398,Sal Stewart,CIN,ATL,2026-09-23T23:15:00Z,Pre-Game,3,Chris Sale,519242,L,55.5,Longshot,Watch List,"Strong Barrel, Premium Lineup Spot, Platoon Edge",59.7,23.7,51.9,96.6,78.0,39.2,50.0,,Yes,Yes,3,Yes,No,MLB Stats API; RotoWire,,H:2026/2025 P:2026/2025,,,Direct BvP not yet weighted; 2026/2025 Statcast baseline active,7,7,27,1,"Last 7 games: 7/27, 1 HR","platoon edge; pitcher baseline 6.2% barrel, 9.6 HR allowed",neutral batted-ball profile; pitcher fly-ball pressure modest,14.19,44.73,91.9,101.6252,0.5215,0.2519,0.3639,72.1,26.51,38.22,31.74,23.9,0.2277,6.16,35.26,87.69,0.3277,0.1122,25.83,L To R,Open-Meteo forecast; MLB fallback,https://forecast.weather.gov/MapClick.php?lat=33.8907&lon=-84.4677,75,5,77,Truist Park,,,,,,,,,,,
38,682626,Francisco Alvarez,NYM,ATL,2026-09-24T00:05:00Z,Scheduled,7,Cody Bradford,674003,L,55.5,Longshot,Watch List,"Projected Lineup, Strong Barrel, Platoon Edge",55.6,49.5,58.6,59.8,78.0,43.2,38.9,73.0,No,No,7,Yes,Yes,RotoWire projected lineup; MLB probable pitchers,lineup projected / unconfirmed,H:2026/2025 P:2026,,,Direct BvP not yet weighted; 2026/2025 Statcast baseline active,7,8,28,1,"Last 7 games: 8/28, 1 HR","platoon edge; pitcher baseline 9.5% barrel, 4.0 HR allowed",neutral batted-ball profile; pitcher allows elevated contact,14.76,49.12,91.28,102.9517,0.4356,0.2059,0.3246,74.11,42.32,37.05,24.96,14.5,0.177,9.5,37.0,89.4,0.472,0.192,35.5,67 deg,Open-Meteo forecast; MLB fallback,https://forecast.weather.gov/MapClick.php?lat=32.7473&lon=-97.0842,41,0,93,Globe Life Field,,14.3,0.262,89,6,84,0,3,5.98,8,Good catcher power vs Elder RHH split
39,678246,Miguel Vargas,CWS,KC,2026-09-23T23:40:00Z,Pre-Game,3,Seth Lugo,607625,R,55.3,Longshot,Watch List,"Projected Lineup, Strong Barrel, Premium Lineup Spot",50.8,53.9,32.2,92.1,50.0,64.3,50.0,,No,No,3,Yes,Yes,RotoWire projected lineup; MLB probable pitchers,lineup projected / unconfirmed,H:2026/2025 P:2026/2025,,,Direct BvP not yet weighted; 2026/2025 Statcast baseline active,7,7,23,2,Hot streak: 2 HR in last 7 games,"same-side matchup; pitcher baseline 8.9% barrel, 24.2 HR allowed",fly-ball profile; pitcher fly-ball pressure modest,12.13,42.95,90.05,100.1692,0.4735,0.2179,0.3617,72.91,33.44,44.84,35.17,27.9,0.2111,8.93,43.52,90.0,0.4618,0.1918,28.97,In From RF,Open-Meteo forecast; MLB fallback,https://forecast.weather.gov/MapClick.php?lat=39.0517&lon=-94.4803,67,0,70,Kauffman Stadium,,,,,,,,,,,
40,699024,Leo Bernal,STL,PIT,2026-09-23T22:40:00Z,Pre-Game,5,Lake Bachar,669199,R,55.2,Longshot,Watch List,"Projected Lineup, Strong Barrel, Platoon Edge",63.2,40.4,28.3,81.9,75.0,46.9,50.0,,No,No,5,Yes,Yes,RotoWire projected lineup; MLB probable pitchers,lineup projected / unconfirmed,H:2026 P:2026/2025,,,Direct BvP not yet weighted; 2026/2025 Statcast baseline active,7,9,29,1,"Last 7 games: 9/29, 1 HR","switch hitter; pitcher baseline 8.7% barrel, 12.1 HR allowed",lift-pull EV profile; pitcher allows elevated contact,10.2,61.0,93.9,102.3633,0.519,0.228,0.366,74.0,34.1,42.4,37.3,4.0,0.195,8.67,36.67,89.25,0.3794,0.1689,31.5,In From CF,Open-Meteo forecast; MLB fallback,https://forecast.weather.gov/MapClick.php?lat=40.4469&lon=-80.0057,87,4,58,PNC Park,,,,,,,,,,,
41,673548,Seiya Suzuki,CHC,MIA,2026-09-23T23:40:00Z,Scheduled,2,Ryan Gusto,687473,R,54.9,Longshot,Watch List,"Projected Lineup, Strong Barrel, Premium Lineup Spot",47.8,49.6,49.3,95.5,50.0,37.8,50.0,,No,No,2,Yes,Yes,RotoWire projected lineup; MLB probable pitchers,lineup projected / unconfirmed,H:2026/2025 P:2026/2025,,,Direct BvP not yet weighted; 2026/2025 Statcast baseline active,7,8,32,1,"Last 7 games: 8/32, 1 HR","same-side matchup; pitcher baseline 9.1% barrel, 12.8 HR allowed",neutral batted-ball profile; pitcher fly-ball pressure modest,12.47,42.12,89.55,101.0927,0.4457,0.2001,0.3422,73.3,36.97,40.99,31.9,27.1,0.2127,9.08,43.88,90.04,0.4414,0.1711,26.75,52 deg,Open-Meteo forecast; MLB fallback,https://forecast.weather.gov/MapClick.php?lat=41.9484&lon=-87.6553,57,0,60,Wrigley Field,,,,,,,,,,,
42,596019,Francisco Lindor,NYM,TEX,2026-09-24T00:05:00Z,Scheduled,1,Cody Bradford,674003,L,54.9,Longshot,Watch List,"Projected Lineup, Premium Lineup Spot, Platoon Edge",45.7,49.1,58.6,88.7,75.0,7.0,50.0,,No,No,1,Yes,Yes,RotoWire projected lineup; MLB probable pitchers,lineup projected / unconfirmed,H:2026/2025 P:2026,,,Direct BvP not yet weighted; 2026/2025 Statcast baseline active,7,5,30,0,"Last 7 games: 5/30, 0 HR","switch hitter; pitcher baseline 9.5% barrel, 4.0 HR allowed",neutral batted-ball profile; pitcher allows elevated contact,8.9,47.62,91.13,100.4789,0.4393,0.194,0.3359,72.23,24.42,44.2,32.05,23.3,0.199,9.5,37.0,89.4,0.472,0.192,35.5,67 deg,Open-Meteo forecast; MLB fallback,https://forecast.weather.gov/MapClick.php?lat=32.7473&lon=-97.0842,41,0,93,Globe Life Field,,,,,,,,,,,
43,691406,Junior Caminero,TB,ATH,2026-09-23T23:05:00Z,Pre-Game,3,Gerrit Cole,543037,R,54.8,Longshot,Watch List,"Projected Lineup, Strong Barrel, Premium Lineup Spot",61.0,49.5,45.2,92.1,50.0,10.8,14.4,48.0,No,No,3,Yes,Yes,RotoWire projected lineup; MLB probable pitchers,lineup projected / unconfirmed,H:2026/2025 P:2026,,,Direct BvP not yet weighted; 2026/2025 Statcast baseline active,7,5,26,0,"Last 7 games: 5/26, 0 HR","same-side matchup; pitcher baseline 8.7% barrel, 21.0 HR allowed",EV profile; pitcher fly-ball pressure modest,13.16,50.0,92.54,104.9134,0.494,0.2278,0.3565,79.2,83.78,44.89,23.42,42.2,0.2563,8.7,45.2,90.9,0.406,0.153,27.0,In From LF,Open-Meteo forecast; MLB fallback,https://forecast.weather.gov/MapClick.php?lat=40.8296&lon=-73.9262,55,0,64,Yankee Stadium,,0,0,0,0,0,0,37,0,0,Ballpark Pal top hitter 27.9%; best park/weather on slate
44,668901,Mark Vientos,NYM,TEX,2026-09-24T00:05:00Z,Scheduled,5,Cody Bradford,674003,L,54.8,Longshot,Watch List,"Projected Lineup, Strong Barrel, Platoon Edge",46.9,49.5,58.6,81.9,78.0,10.1,50.0,,No,No,5,Yes,Yes,RotoWire projected lineup; MLB probable pitchers,lineup projected / unconfirmed,H:2026/2025 P:2026,,,Direct BvP not yet weighted; 2026/2025 Statcast baseline active,7,3,16,0,"Last 7 games: 3/16, 0 HR","platoon edge; pitcher baseline 9.5% barrel, 4.0 HR allowed",neutral batted-ball profile; pitcher allows elevated contact,10.59,46.44,90.35,101.2151,0.439,0.201,0.3137,72.88,27.2,37.63,28.74,14.2,0.1842,9.5,37.0,89.4,0.472,0.192,35.5,67 deg,Open-Meteo forecast; MLB fallback,https://forecast.weather.gov/MapClick.php?lat=32.7473&lon=-97.0842,41,0,93,Globe Life Field,,,,,,,,,,,
45,605141,Mookie Betts,LAD,SD,2026-09-24T02:10:00Z,Scheduled,2,Robbie Ray,592662,L,54.8,Longshot,Watch List,"Projected Lineup, Premium Lineup Spot, Platoon Edge, Hot Hitter/Streak",33.2,48.6,52.6,95.5,78.0,77.6,50.0,,No,No,2,Yes,Yes,RotoWire projected lineup; MLB probable pitchers,lineup projected / unconfirmed,H:2026/2025 P:2026/2025,,,Direct BvP not yet weighted; 2026/2025 Statcast baseline active,7,11,28,2,Hot streak: 2 HR in last 7 games,"platoon edge; pitcher baseline 8.7% barrel, 22.0 HR allowed",neutral batted-ball profile; pitcher allows elevated contact,7.18,37.76,90.01,98.5637,0.4318,0.1567,0.3363,69.53,8.81,40.87,33.24,21.4,0.1809,8.69,40.08,89.88,0.4088,0.1723,33.38,261 deg,Open-Meteo forecast; MLB fallback,https://forecast.weather.gov/MapClick.php?lat=34.0739&lon=-118.2400,68,0,75,UNIQLO Field at Dodger Stadium,,,,,,,,,,,
46,691181,Emmanuel Rodriguez,MIN,SF,2026-09-23T19:45:00Z,In Progress,7,Cesar Perdomo,702885,L,54.7,Longshot,Watch List,Strong Barrel,74.1,42.2,40.3,64.3,50.0,18.3,50.0,,Yes,Yes,7,Yes,No,MLB Stats API; RotoWire,,H:2026 P:2026,,,Direct BvP not yet weighted; 2026/2025 Statcast baseline active,7,2,19,1,"Last 7 games: 2/19, 1 HR","same-side matchup; pitcher baseline 6.3% barrel, 3.0 HR allowed",neutral batted-ball profile; pitcher fly-ball pressure modest,20.8,50.0,90.7,103.3021,0.54,0.294,0.349,75.6,65.0,37.5,29.2,2.0,0.263,6.3,46.9,90.9,0.432,0.154,29.7,Varies,Open-Meteo forecast; MLB fallback,https://forecast.weather.gov/MapClick.php?lat=37.7786&lon=-122.3893,80,0,63,Oracle Park,,,,,,,,,,,
47,691002,Yohandy Morales,WSH,DET,2026-09-23T17:10:00Z,In Progress,6,Framber Valdez,664285,L,54.3,Longshot,Watch List,"Strong Barrel, Platoon Edge",63.6,34.9,28.1,76.2,78.0,63.7,50.0,,Yes,Yes,6,Yes,No,MLB Stats API; RotoWire,,H:2026 P:2026/2025,,,Direct BvP not yet weighted; 2026/2025 Statcast baseline active,7,6,20,2,Hot streak: 2 HR in last 7 games,"platoon edge; pitcher baseline 6.0% barrel, 15.7 HR allowed",lift-pull EV profile; pitcher fly-ball pressure modest,14.3,64.3,92.2,103.7639,0.493,0.208,0.331,73.5,34.9,50.0,32.1,3.0,0.333,6.0,43.15,90.24,0.3826,0.1297,18.04,In From LF,Open-Meteo forecast; MLB fallback,https://forecast.weather.gov/MapClick.php?lat=42.3390&lon=-83.0485,68,0,59,Comerica Park,,,,,,,,,,,
48,687263,Zach Neto,LAA,ATH,2026-09-24T01:40:00Z,Scheduled,1,Jeffrey Springs,605488,L,54.3,Longshot,Watch List,"Projected Lineup, Strong Barrel, Premium Lineup Spot, Platoon Edge",48.2,45.5,54.4,88.7,78.0,1.6,50.0,,No,No,1,Yes,Yes,RotoWire projected lineup; MLB probable pitchers,lineup projected / unconfirmed,H:2026/2025 P:2026/2025,,,Direct BvP not yet weighted; 2026/2025 Statcast baseline active,7,3,23,0,"Last 7 games: 3/23, 0 HR","platoon edge; pitcher baseline 8.8% barrel, 31.5 HR allowed",neutral batted-ball profile; pitcher allows elevated contact,12.25,42.82,90.16,100.3638,0.4327,0.2083,0.3216,71.47,15.58,47.48,34.33,26.0,0.2009,8.8,35.34,87.67,0.4394,0.189,32.09,219 deg,Open-Meteo forecast; MLB fallback,https://forecast.weather.gov/MapClick.php?lat=38.5804&lon=-121.5139,44,0,82,Sutter Health Park,,,,,,,,,,,
49,691723,Coby Mayo,BAL,TOR,2026-09-23T22:35:00Z,Scheduled,4,,,,54.1,Longshot,Watch List,"Projected Lineup, Strong Barrel, Premium Lineup Spot",52.3,41.2,47.1,90.4,60.0,36.3,50.0,,No,No,4,Yes,Yes,RotoWire projected lineup; MLB probable pitchers,lineup projected / unconfirmed,H:2026/2025 P:,,,Direct BvP not yet weighted; 2026/2025 Statcast baseline active,7,6,25,1,"Last 7 games: 6/25, 1 HR","handedness incomplete; pitcher baseline 0.0% barrel, 0.0 HR allowed",neutral batted-ball profile; pitcher fly-ball pressure modest,12.48,44.19,90.1,102.4779,0.4435,0.2181,0.3213,75.47,55.72,49.48,33.76,20.1,0.2186,,,,,,,41 deg,Open-Meteo forecast; MLB fallback,https://forecast.weather.gov/MapClick.php?lat=39.2840&lon=-76.6217,92,58,59,Oriole Park at Camden Yards,,,,,,,,,,,
50,681715,Heriberto Hernandez,MIA,CHC,2026-09-23T23:40:00Z,Scheduled,2,Kevin Gausman,592332,R,54.1,Longshot,Watch List,"Projected Lineup, Strong Barrel, Premium Lineup Spot",52.7,42.1,49.3,95.5,50.0,25.5,50.0,,No,No,2,Yes,Yes,RotoWire projected lineup; MLB probable pitchers,lineup projected / unconfirmed,H:2026/2025 P:2026/2025,,,Direct BvP not yet weighted; 2026/2025 Statcast baseline active,7,9,31,0,"Last 7 games: 9/31, 0 HR","same-side matchup; pitcher baseline 7.9% barrel, 23.8 HR allowed",neutral batted-ball profile; pitcher fly-ball pressure modest,12.19,46.52,90.9,101.6365,0.4602,0.2152,0.3431,74.0,43.92,46.12,30.76,19.8,0.1979,7.87,40.07,88.88,0.407,0.1613,26.02,52 deg,Open-Meteo forecast; MLB fallback,https://forecast.weather.gov/MapClick.php?lat=41.9484&lon=-87.6553,57,0,60,Wrigley Field,,,,,,,,,,,
51,665487,Fernando Tatis,SD,LAD,2026-09-24T02:10:00Z,Scheduled,1,Yoshinobu Yamamoto,808967,R,54.0,Longshot,Watch List,"Projected Lineup, Strong Barrel, Premium Lineup Spot",58.4,26.8,52.6,88.7,50.0,68.0,50.0,,No,No,1,Yes,Yes,RotoWire projected lineup; MLB probable pitchers,lineup projected / unconfirmed,H:2026/2025 P:2026/2025,,,Direct BvP not yet weighted; 2026/2025 Statcast baseline active,7,6,29,3,Hot streak: 3 HR in last 7 games,"same-side matchup; pitcher baseline 6.3% barrel, 17.5 HR allowed",EV profile; pitcher fly-ball pressure modest,12.33,53.13,93.09,104.4497,0.4985,0.2093,0.377,75.65,58.12,34.59,22.57,25.0,0.1801,6.33,37.11,87.95,0.325,0.1179,22.87,261 deg,Open-Meteo forecast; MLB fallback,https://forecast.weather.gov/MapClick.php?lat=34.0739&lon=-118.2400,68,0,75,UNIQLO Field at Dodger Stadium,,,,,,,,,,,
52,691723,Coby Mayo,BAL,TOR,2026-09-23T17:35:00Z,In Progress,4,Max Scherzer,453286,R,53.9,Longshot,Watch List,"Strong Barrel, Premium Lineup Spot",52.3,47.5,36.6,94.9,50.0,36.3,50.0,,Yes,No,4,Yes,Yes,MLB Stats API; RotoWire,RotoWire not confirmed,H:2026/2025 P:2026/2025,,,Direct BvP not yet weighted; 2026/2025 Statcast baseline active,7,6,25,1,"Last 7 games: 6/25, 1 HR","same-side matchup; pitcher baseline 9.9% barrel, 15.5 HR allowed",neutral batted-ball profile; pitcher allows elevated contact,12.48,44.19,90.1,102.4779,0.4435,0.2181,0.3213,75.47,55.72,49.48,33.76,20.1,0.2186,9.88,35.68,87.74,0.4291,0.1883,34.44,In From CF,Open-Meteo forecast; MLB fallback,https://forecast.weather.gov/MapClick.php?lat=39.2840&lon=-76.6217,92,58,59,Oriole Park at Camden Yards,,,,,,,,,,,
53,687952,Christian Encarnacion-Strand,BAL,TOR,2026-09-23T22:35:00Z,Scheduled,5,,,,53.9,Longshot,Watch List,"Projected Lineup, Strong Barrel",50.6,41.2,47.1,81.9,60.0,66.4,50.0,,No,No,5,Yes,Yes,RotoWire projected lineup; MLB probable pitchers,lineup projected / unconfirmed,H:2026/2025 P:,,,Direct BvP not yet weighted; 2026/2025 Statcast baseline active,7,7,22,2,Hot streak: 2 HR in last 7 games,"handedness incomplete; pitcher baseline 0.0% barrel, 0.0 HR allowed",neutral batted-ball profile; pitcher fly-ball pressure modest,12.78,40.78,89.65,101.0555,0.4624,0.229,0.3154,73.53,35.5,44.83,32.31,8.8,0.211,,,,,,,41 deg,Open-Meteo forecast; MLB fallback,https://forecast.weather.gov/MapClick.php?lat=39.2840&lon=-76.6217,92,58,59,Oriole Park at Camden Yards,,,,,,,,,,,
54,683748,Victor Mesa,TB,NYY,2026-09-23T23:05:00Z,Pre-Game,5,Gerrit Cole,543037,R,53.8,Longshot,Watch List,"Projected Lineup, Strong Barrel, Platoon Edge",44.8,49.5,45.2,81.9,80.0,37.8,50.0,,No,No,5,Yes,Yes,RotoWire projected lineup; MLB probable pitchers,lineup projected / unconfirmed,H:2026/2025 P:2026,,,Direct BvP not yet weighted; 2026/2025 Statcast baseline active,7,6,24,1,"Last 7 games: 6/24, 1 HR","platoon edge; pitcher baseline 8.7% barrel, 21.0 HR allowed",neutral batted-ball profile; pitcher fly-ball pressure modest,10.25,41.36,89.77,100.2216,0.4409,0.1963,0.334,73.72,33.16,40.8,34.19,10.1,0.2204,8.7,45.2,90.9,0.406,0.153,27.0,In From LF,Open-Meteo forecast; MLB fallback,https://forecast.weather.gov/MapClick.php?lat=40.8296&lon=-73.9262,55,0,64,Yankee Stadium,,,,,,,,,,,
55,687952,Christian Encarnacion-Strand,BAL,TOR,2026-09-23T17:35:00Z,In Progress,5,Max Scherzer,453286,R,53.7,Longshot,Watch List,Strong Barrel,50.6,47.5,36.6,86.4,50.0,66.4,50.0,,Yes,No,5,Yes,Yes,MLB Stats API; RotoWire,RotoWire not confirmed,H:2026/2025 P:2026/2025,,,Direct BvP not yet weighted; 2026/2025 Statcast baseline active,7,7,22,2,Hot streak: 2 HR in last 7 games,"same-side matchup; pitcher baseline 9.9% barrel, 15.5 HR allowed",neutral batted-ball profile; pitcher allows elevated contact,12.78,40.78,89.65,101.0555,0.4624,0.229,0.3154,73.53,35.5,44.83,32.31,8.8,0.211,9.88,35.68,87.74,0.4291,0.1883,34.44,In From CF,Open-Meteo forecast; MLB fallback,https://forecast.weather.gov/MapClick.php?lat=39.2840&lon=-76.6217,92,58,59,Oriole Park at Camden Yards,,,,,,,,,,,
56,666182,Bo Bichette,NYM,TEX,2026-09-24T00:05:00Z,Scheduled,3,Cody Bradford,674003,L,53.7,Longshot,Watch List,"Projected Lineup, Premium Lineup Spot, Platoon Edge",33.1,49.5,58.6,92.1,78.0,43.9,50.0,,No,No,3,Yes,Yes,RotoWire projected lineup; MLB probable pitchers,lineup projected / unconfirmed,H:2026/2025 P:2026,,,Direct BvP not yet weighted; 2026/2025 Statcast baseline active,7,9,31,1,"Last 7 games: 9/31, 1 HR","platoon edge; pitcher baseline 9.5% barrel, 4.0 HR allowed",neutral batted-ball profile; pitcher allows elevated contact,6.85,44.04,90.02,101.1109,0.4359,0.1517,0.3355,69.59,12.81,26.77,22.74,17.3,0.1412,9.5,37.0,89.4,0.472,0.192,35.5,67 deg,Open-Meteo forecast; MLB fallback,https://forecast.weather.gov/MapClick.php?lat=32.7473&lon=-97.0842,41,0,93,Globe Life Field,,,,,,,,,,,
57,664023,Ian Happ,CHC,MIA,2026-09-23T23:40:00Z,Scheduled,5,Ryan Gusto,687473,R,53.6,Longshot,Watch List,"Projected Lineup, Strong Barrel, Platoon Edge",43.4,48.2,49.3,81.9,75.0,43.2,50.0,,No,No,5,Yes,Yes,RotoWire projected lineup; MLB probable pitchers,lineup projected / unconfirmed,H:2026/2025 P:2026/2025,,,Direct BvP not yet weighted; 2026/2025 Statcast baseline active,7,6,21,1,"Last 7 games: 6/21, 1 HR","switch hitter; pitcher baseline 9.1% barrel, 12.8 HR allowed",neutral batted-ball profile; pitcher fly-ball pressure modest,10.96,42.86,89.65,100.7584,0.4129,0.1902,0.3267,71.74,17.87,44.96,31.34,23.7,0.1889,9.08,43.88,90.04,0.4414,0.1711,26.75,52 deg,Open-Meteo forecast; MLB fallback,https://forecast.weather.gov/MapClick.php?lat=41.9484&lon=-87.6553,57,0,60,Wrigley Field,,,,,,,,,,,
58,676475,Alec Burleson,STL,PHI,2026-09-23T22:40:00Z,Pre-Game,3,Lake Bachar,669199,R,53.4,Longshot,Watch List,"Projected Lineup, Strong Barrel, Premium Lineup Spot, Platoon Edge",51.8,41.7,28.3,92.1,80.0,31.6,58.7,89.0,No,No,3,Yes,Yes,RotoWire projected lineup; MLB probable pitchers,lineup projected / unconfirmed,H:2026/2025 P:2026/2025,,,Direct BvP not yet weighted; 2026/2025 Statcast baseline active,7,5,24,1,"Last 7 games: 5/24, 1 HR","platoon edge; pitcher baseline 8.7% barrel, 12.1 HR allowed",neutral batted-ball profile; pitcher allows elevated contact,10.48,47.83,91.63,101.9619,0.5011,0.2172,0.3632,73.28,34.77,43.68,27.05,21.5,0.1788,8.67,36.67,89.25,0.3794,0.1689,31.5,In From CF,Open-Meteo forecast; MLB fallback,https://forecast.weather.gov/MapClick.php?lat=40.4469&lon=-80.0057,87,4,58,PNC Park,,18.3,0.244,94,8,123,27.3,6,6.35,9,"Strong LHH sheet, Busch heat/wind, Painter LHH split"
59,606192,Teoscar Hernandez,LAD,SD,2026-09-24T02:10:00Z,Scheduled,6,Robbie Ray,592662,L,53.4,Longshot,Watch List,"Projected Lineup, Strong Barrel, Platoon Edge",45.1,48.6,52.6,71.7,78.0,41.7,50.0,,No,No,6,Yes,Yes,RotoWire projected lineup; MLB probable pitchers,lineup projected / unconfirmed,H:2026/2025 P:2026/2025,,,Direct BvP not yet weighted; 2026/2025 Statcast baseline active,7,8,29,1,"Last 7 games: 8/29, 1 HR","platoon edge; pitcher baseline 8.7% barrel, 22.0 HR allowed",neutral batted-ball profile; pitcher allows elevated contact,10.73,45.33,90.2,101.5677,0.4399,0.185,0.3289,72.62,26.95,35.27,28.4,18.0,0.1706,8.69,40.08,89.88,0.4088,0.1723,33.38,261 deg,Open-Meteo forecast; MLB fallback,https://forecast.weather.gov/MapClick.php?lat=34.0739&lon=-118.2400,68,0,75,UNIQLO Field at Dodger Stadium,,,,,,,,,,,
60,547180,Bryce Harper,PHI,STL,2026-09-23T22:40:00Z,Pre-Game,3,Logan Henderson,701656,R,53.3,Longshot,Watch List,"Strong Barrel, Premium Lineup Spot, Platoon Edge",49.8,38.7,36.8,96.6,80.0,14.1,62.9,83.0,Yes,Yes,3,Yes,No,MLB Stats API; RotoWire,,H:2026/2025 P:2026/2025,,,Direct BvP not yet weighted; 2026/2025 Statcast baseline active,7,6,28,0,"Last 7 games: 6/28, 0 HR","platoon edge; pitcher baseline 8.8% barrel, 10.7 HR allowed",neutral batted-ball profile; pitcher allows elevated contact,11.04,44.84,90.46,101.7241,0.4857,0.2163,0.3771,74.1,45.29,38.47,27.03,27.7,0.2211,8.81,36.58,88.8,0.3597,0.1477,31.84,In From CF,Open-Meteo forecast; MLB fallback,https://forecast.weather.gov/MapClick.php?lat=39.9061&lon=-75.1665,84,18,61,Citizens Bank Park,,16.5,0.424,93,13,118,0,6,4.88,2,Elite hitter/sheet power; pitcher split less targetable
61,668804,Bryan Reynolds,PIT,STL,2026-09-23T22:40:00Z,Pre-Game,3,Matthew Liberatore,669461,L,53.2,Longshot,Watch List,"Strong Barrel, Premium Lineup Spot, Platoon Edge",47.3,52.7,28.3,96.6,75.0,9.8,50.0,,Yes,Yes,3,Yes,No,MLB Stats API; RotoWire,,H:2026/2025 P:2026/2025,,,Direct BvP not yet weighted; 2026/2025 Statcast baseline active,7,5,27,0,"Last 7 games: 5/27, 0 HR","switch hitter; pitcher baseline 9.6% barrel, 24.6 HR allowed",neutral batted-ball profile; pitcher fly-ball pressure modest,11.01,47.26,90.92,101.8463,0.4449,0.1904,0.3492,72.62,27.81,39.31,26.16,16.7,0.1612,9.62,41.66,90.18,0.4552,0.1878,28.38,In From CF,Open-Meteo forecast; MLB fallback,https://forecast.weather.gov/MapClick.php?lat=40.4469&lon=-80.0057,87,4,58,PNC Park,,,,,,,,,,,
62,701538,Jackson Merrill,SD,LAD,2026-09-24T02:10:00Z,Scheduled,5,Yoshinobu Yamamoto,808967,R,53.2,Longshot,Watch List,"Projected Lineup, Strong Barrel, Platoon Edge",54.6,26.8,52.6,81.9,80.0,46.9,50.0,,No,No,5,Yes,Yes,RotoWire projected lineup; MLB probable pitchers,lineup projected / unconfirmed,H:2026/2025 P:2026/2025,,,Direct BvP not yet weighted; 2026/2025 Statcast baseline active,7,9,29,1,"Last 7 games: 9/29, 1 HR","platoon edge; pitcher baseline 6.3% barrel, 17.5 HR allowed",neutral batted-ball profile; pitcher fly-ball pressure modest,12.65,47.24,91.03,101.2351,0.4907,0.2235,0.347,72.95,28.03,37.42,30.34,23.0,0.1895,6.33,37.11,87.95,0.325,0.1179,22.87,261 deg,Open-Meteo forecast; MLB fallback,https://forecast.weather.gov/MapClick.php?lat=34.0739&lon=-118.2400,68,0,75,UNIQLO Field at Dodger Stadium,,,,,,,,,,,
63,681624,Andy Pages,LAD,SD,2026-09-24T02:10:00Z,Scheduled,3,Robbie Ray,592662,L,53.1,Longshot,Watch List,"Projected Lineup, Premium Lineup Spot, Platoon Edge",35.6,48.6,52.6,92.1,78.0,37.8,50.0,,No,No,3,Yes,Yes,RotoWire projected lineup; MLB probable pitchers,lineup projected / unconfirmed,H:2026/2025 P:2026/2025,,,Direct BvP not yet weighted; 2026/2025 Statcast baseline active,7,6,24,1,"Last 7 games: 6/24, 1 HR","platoon edge; pitcher baseline 8.7% barrel, 22.0 HR allowed",neutral batted-ball profile; pitcher allows elevated contact,7.84,40.56,88.74,99.6948,0.4357,0.1672,0.3342,72.85,26.26,38.39,28.44,22.8,0.1869,8.69,40.08,89.88,0.4088,0.1723,33.38,261 deg,Open-Meteo forecast; MLB fallback,https://forecast.weather.gov/MapClick.php?lat=34.0739&lon=-118.2400,68,0,75,UNIQLO Field at Dodger Stadium,,,,,,,,,,,
64,682985,Riley Greene,DET,WSH,2026-09-23T17:10:00Z,In Progress,4,Richard Lovelady,663992,L,52.6,Longshot,Watch List,"Strong Barrel, Premium Lineup Spot",61.6,34.2,28.1,94.9,50.0,37.8,50.0,,Yes,Yes,4,Yes,No,MLB Stats API; RotoWire,,H:2026/2025 P:2026/2025,,,Direct BvP not yet weighted; 2026/2025 Statcast baseline active,7,6,24,1,"Last 7 games: 6/24, 1 HR","same-side matchup; pitcher baseline 8.3% barrel, 3.7 HR allowed",neutral batted-ball profile; pitcher fly-ball pressure modest,15.77,46.34,90.04,102.5068,0.5015,0.2452,0.3607,75.6,58.36,39.12,33.17,25.5,0.2084,8.35,35.23,87.52,0.4319,0.1597,20.0,In From LF,Open-Meteo forecast; MLB fallback,https://forecast.weather.gov/MapClick.php?lat=42.3390&lon=-83.0485,68,0,59,Comerica Park,,,,,,,,,,,
65,669003,Garrett Mitchell,MIL,PHI,2026-09-23T22:40:00Z,Pre-Game,1,Aaron Nola,605400,R,52.6,Longshot,Watch List,"Projected Lineup, Strong Barrel, Premium Lineup Spot, Platoon Edge",47.6,46.8,36.8,88.7,80.0,12.0,50.0,,No,No,1,Yes,Yes,RotoWire projected lineup; MLB probable pitchers,lineup projected / unconfirmed,H:2026/2025 P:2026/2025,,,Direct BvP not yet weighted; 2026/2025 Statcast baseline active,7,4,20,0,"Last 7 games: 4/20, 0 HR","platoon edge; pitcher baseline 9.1% barrel, 29.2 HR allowed",EV profile; pitcher fly-ball pressure modest,10.34,49.62,92.43,103.8833,0.4159,0.161,0.3335,77.15,77.37,33.51,16.99,7.7,0.1384,9.1,41.13,88.77,0.4128,0.1703,27.04,In From CF,Open-Meteo forecast; MLB fallback,https://forecast.weather.gov/MapClick.php?lat=39.9061&lon=-75.1665,84,18,61,Citizens Bank Park,,,,,,,,,,,
66,683002,Gunnar Henderson,BAL,TOR,2026-09-23T17:35:00Z,In Progress,3,Max Scherzer,453286,R,52.5,Longshot,Watch List,"Premium Lineup Spot, Platoon Edge",37.9,47.5,36.6,96.6,80.0,44.8,50.0,,Yes,No,3,Yes,Yes,MLB Stats API; RotoWire,RotoWire not confirmed,H:2026/2025 P:2026/2025,,,Direct BvP not yet weighted; 2026/2025 Statcast baseline active,7,8,27,1,"Last 7 games: 8/27, 1 HR","platoon edge; pitcher baseline 9.9% barrel, 15.5 HR allowed",neutral batted-ball profile; pitcher allows elevated contact,8.04,45.07,90.07,101.2442,0.4103,0.1546,0.3284,74.53,45.49,40.87,23.8,21.9,0.1759,9.88,35.68,87.74,0.4291,0.1883,34.44,In From CF,Open-Meteo forecast; MLB fallback,https://forecast.weather.gov/MapClick.php?lat=39.2840&lon=-76.6217,92,58,59,Oriole Park at Camden Yards,,,,,,,,,,,
67,605137,Josh Bell,MIN,SF,2026-09-23T19:45:00Z,In Progress,3,Cesar Perdomo,702885,L,52.5,Longshot,Watch List,"Strong Barrel, Premium Lineup Spot, Platoon Edge",44.7,41.9,40.3,96.6,75.0,26.4,50.0,,Yes,Yes,3,Yes,No,MLB Stats API; RotoWire,,H:2026/2025 P:2026,,,Direct BvP not yet weighted; 2026/2025 Statcast baseline active,7,8,27,0,"Last 7 games: 8/27, 0 HR","switch hitter; pitcher baseline 6.3% barrel, 3.0 HR allowed",neutral batted-ball profile; pitcher fly-ball pressure modest,10.35,43.71,89.98,101.0339,0.4563,0.2003,0.3408,72.26,28.36,40.94,27.13,20.6,0.1674,6.3,46.9,90.9,0.432,0.154,29.7,Varies,Open-Meteo forecast; MLB fallback,https://forecast.weather.gov/MapClick.php?lat=37.7786&lon=-122.3893,80,0,63,Oracle Park,,,,,,,,,,,
68,701807,Carson Benge,NYM,TEX,2026-09-24T00:05:00Z,Scheduled,4,Cody Bradford,674003,L,52.4,Longshot,Watch List,"Projected Lineup, Premium Lineup Spot, Hot Hitter/Streak",32.2,49.5,58.6,90.4,50.0,72.2,50.0,,No,No,4,Yes,Yes,RotoWire projected lineup; MLB probable pitchers,lineup projected / unconfirmed,H:2026 P:2026,,,Direct BvP not yet weighted; 2026/2025 Statcast baseline active,7,10,28,2,Hot streak: 2 HR in last 7 games,"same-side matchup; pitcher baseline 9.5% barrel, 4.0 HR allowed",neutral batted-ball profile; pitcher allows elevated contact,7.4,38.6,88.7,99.5135,0.435,0.158,0.34,71.0,17.2,33.3,27.9,19.0,0.146,9.5,37.0,89.4,0.472,0.192,35.5,67 deg,Open-Meteo forecast; MLB fallback,https://forecast.weather.gov/MapClick.php?lat=32.7473&lon=-97.0842,41,0,93,Globe Life Field,,,,,,,,,,,
69,694192,Jackson Chourio,MIL,PHI,2026-09-23T22:40:00Z,Pre-Game,2,Aaron Nola,605400,R,52.2,Longshot,Watch List,"Projected Lineup, Strong Barrel, Premium Lineup Spot",49.7,46.8,36.8,95.5,50.0,21.0,50.0,,No,No,2,Yes,Yes,RotoWire projected lineup; MLB probable pitchers,lineup projected / unconfirmed,H:2026/2025 P:2026/2025,,,Direct BvP not yet weighted; 2026/2025 Statcast baseline active,7,4,29,1,"Last 7 games: 4/29, 1 HR","same-side matchup; pitcher baseline 9.1% barrel, 29.2 HR allowed",neutral batted-ball profile; pitcher fly-ball pressure modest,11.45,45.52,90.98,101.9031,0.4554,0.1986,0.3294,74.25,44.66,31.43,29.2,23.1,0.1944,9.1,41.13,88.77,0.4128,0.1703,27.04,In From CF,Open-Meteo forecast; MLB fallback,https://forecast.weather.gov/MapClick.php?lat=39.9061&lon=-75.1665,84,18,61,Citizens Bank Park,,,,,,,,,,,
70,668227,Randy Arozarena,SEA,HOU,2026-09-24T02:10:00Z,Scheduled,2,Ethan Pecko,814490,R,52.2,Longshot,Watch List,"Projected Lineup, Premium Lineup Spot",40.5,48.4,42.9,95.5,50.0,52.5,50.0,,No,No,2,Yes,Yes,RotoWire projected lineup; MLB probable pitchers,lineup projected / unconfirmed,H:2026/2025 P:2026,,,Direct BvP not yet weighted; 2026/2025 Statcast baseline active,7,8,23,1,Contact streak: 8/23 over last 7 games,"same-side matchup; pitcher baseline 9.8% barrel, 5.0 HR allowed",neutral batted-ball profile; pitcher allows elevated contact,8.98,45.42,91.02,101.128,0.4198,0.1711,0.3424,71.32,24.73,35.03,24.66,26.3,0.1971,9.8,38.6,89.3,0.433,0.197,31.3,246 deg,Open-Meteo forecast; MLB fallback,https://forecast.weather.gov/MapClick.php?lat=47.5914&lon=-122.3325,72,0,66,T-Mobile Park,,,,,,,,,,,
71,663586,Austin Riley,ATL,NYM,2026-09-23T23:15:00Z,Pre-Game,6,Andrew Abbott,671096,L,52.0,Longshot,Watch List,"Strong Barrel, Platoon Edge",52.6,43.9,51.9,76.2,78.0,5.1,23.0,50.0,Yes,Yes,6,Yes,No,MLB Stats API; RotoWire,,H:2026/2025 P:2026/2025,,,Direct BvP not yet weighted; 2026/2025 Statcast baseline active,7,4,26,0,"Last 7 games: 4/26, 0 HR","platoon edge; pitcher baseline 8.1% barrel, 22.5 HR allowed",neutral batted-ball profile; pitcher fly-ball pressure modest,13.1,45.79,91.53,102.666,0.416,0.1928,0.3076,75.83,59.43,40.36,30.45,16.7,0.1477,8.14,37.27,89.2,0.4214,0.1667,29.12,L To R,Open-Meteo forecast; MLB fallback,https://forecast.weather.gov/MapClick.php?lat=33.8907&lon=-84.4677,75,5,77,Truist Park,,11.8,0.107,91,4,131,0,3,4.17,1,Volume but weak ISO
72,806146,George Lombard Jr.,NYY,TB,2026-09-23T23:05:00Z,Pre-Game,2,Mason Englert,669438,R,51.7,Longshot,Watch List,Premium Lineup Spot,21.6,65.0,45.2,100.0,50.0,65.2,50.0,,Yes,Yes,2,Yes,No,MLB Stats API; RotoWire,,H:2026 P:2026/2025,,,Direct BvP not yet weighted; 2026/2025 Statcast baseline active,7,9,29,2,Hot streak: 2 HR in last 7 games,"same-side matchup; pitcher baseline 13.2% barrel, 7.5 HR allowed",neutral batted-ball profile; pitcher allows elevated contact,6.8,33.7,86.2,98.1466,0.365,0.128,0.291,72.4,25.7,35.6,22.1,5.0,0.144,13.25,40.74,89.98,0.5045,0.2272,30.22,In From LF,Open-Meteo forecast; MLB fallback,https://forecast.weather.gov/MapClick.php?lat=40.8296&lon=-73.9262,55,0,64,Yankee Stadium,,,,,,,,,,,
73,607043,Brandon Nimmo,TEX,NYM,2026-09-24T00:05:00Z,Scheduled,4,Nolan McLean,690997,R,51.7,Longshot,Watch List,"Projected Lineup, Premium Lineup Spot, Platoon Edge",45.5,29.6,58.6,90.4,80.0,20.9,50.0,,No,No,4,Yes,Yes,RotoWire projected lineup; MLB probable pitchers,lineup projected / unconfirmed,H:2026/2025 P:2026/2025,,,Direct BvP not yet weighted; 2026/2025 Statcast baseline active,7,7,27,0,"Last 7 games: 7/27, 0 HR","platoon edge; pitcher baseline 7.0% barrel, 13.1 HR allowed",neutral batted-ball profile; pitcher fly-ball pressure modest,9.08,50.27,91.97,102.0286,0.4393,0.174,0.3364,72.34,27.81,33.59,25.77,17.3,0.1551,6.95,37.94,88.45,0.3471,0.1239,21.56,67 deg,Open-Meteo forecast; MLB fallback,https://forecast.weather.gov/MapClick.php?lat=32.7473&lon=-97.0842,41,0,93,Globe Life Field,,,,,,,,,,,
74,663330,Jahmai Jones,BOS,CLE,2026-09-23T23:10:00Z,Pre-Game,3,Foster Griffin,656492,L,51.6,Longshot,Watch List,"Projected Lineup, Strong Barrel, Premium Lineup Spot, Platoon Edge",50.8,40.8,27.7,92.1,78.0,18.3,50.0,,No,Yes,3,Yes,Yes,RotoWire projected lineup; MLB probable pitchers,lineup projected / unconfirmed,H:2026/2025 P:2026,,,Direct BvP not yet weighted; 2026/2025 Statcast baseline active,7,2,17,1,"Last 7 games: 2/17, 1 HR","platoon edge; pitcher baseline 8.5% barrel, 23.0 HR allowed",neutral batted-ball profile; pitcher fly-ball pressure modest,11.23,47.09,91.15,102.4097,0.4602,0.2143,0.3479,73.39,35.7,50.11,27.64,6.3,0.1993,8.5,37.4,88.0,0.414,0.155,25.3,In From CF,Open-Meteo forecast; MLB fallback,https://forecast.weather.gov/MapClick.php?lat=42.3467&lon=-71.0972,57,0,54,Fenway Park,,,,,,,,,,,
75,671739,Michael Harris II,ATL,NYM,2026-09-23T23:15:00Z,Pre-Game,5,Andrew Abbott,671096,L,51.6,Longshot,Watch List,No major boost,44.5,43.9,51.9,86.4,50.0,44.8,41.5,68.0,Yes,Yes,5,Yes,No,MLB Stats API; RotoWire,,H:2026/2025 P:2026/2025,,,Direct BvP not yet weighted; 2026/2025 Statcast baseline active,7,8,27,1,"Last 7 games: 8/27, 1 HR","same-side matchup; pitcher baseline 8.1% barrel, 22.5 HR allowed",neutral batted-ball profile; pitcher fly-ball pressure modest,9.87,45.92,90.34,103.0395,0.4632,0.1802,0.3332,74.72,46.91,36.22,22.28,24.2,0.1859,8.14,37.27,89.2,0.4214,0.1667,29.12,L To R,Open-Meteo forecast; MLB fallback,https://forecast.weather.gov/MapClick.php?lat=33.8907&lon=-84.4677,75,5,77,Truist Park,,14.3,0.294,91,5,68,0,3,3.3,6,Good LHH sheet line; mild park
76,664983,Jake McCarthy,COL,AZ,2026-09-24T00:40:00Z,Pre-Game,1,Merrill Kelly,518876,R,51.6,Longshot,Watch List,"Premium Lineup Spot, Platoon Edge",16.9,59.9,67.7,93.2,80.0,23.4,50.0,,Yes,Yes,1,Yes,No,MLB Stats API; RotoWire,,H:2026/2025 P:2026/2025,,,Direct BvP not yet weighted; 2026/2025 Statcast baseline active,7,8,29,0,"Last 7 games: 8/29, 0 HR","platoon edge; pitcher baseline 10.8% barrel, 26.5 HR allowed",neutral batted-ball profile; pitcher fly-ball pressure modest,5.51,28.23,85.12,96.8838,0.4034,0.1385,0.3126,70.89,13.4,37.94,21.59,11.7,0.176,10.77,42.59,89.99,0.4891,0.2104,26.43,L To R,Open-Meteo forecast; MLB fallback,https://forecast.weather.gov/MapClick.php?lat=39.7559&lon=-104.9942,17,12,81,Coors Field,,,,,,,,,,,
77,672960,Kazuma Okamoto,TOR,BOS,2026-09-23T22:35:00Z,Scheduled,3,,,,51.5,Longshot,Watch List,"Projected Lineup, Strong Barrel, Premium Lineup Spot",53.1,41.2,47.1,92.1,60.0,10.8,15.2,52.0,No,No,6,Yes,Yes,RotoWire projected lineup; MLB probable pitchers,lineup projected / unconfirmed; order MLB 3 vs RotoWire 6,H:2026 P:,,,Direct BvP not yet weighted; 2026/2025 Statcast baseline active,7,5,26,0,"Last 7 games: 5/26, 0 HR","handedness incomplete; pitcher baseline 0.0% barrel, 0.0 HR allowed",neutral batted-ball profile; pitcher fly-ball pressure modest,13.2,44.2,90.6,101.3198,0.447,0.223,0.328,73.0,33.4,51.1,33.9,33.0,0.223,,,,,,,41 deg,Open-Meteo forecast; MLB fallback,https://forecast.weather.gov/MapClick.php?lat=39.2840&lon=-76.6217,92,58,59,Oriole Park at Camden Yards,,0,0,0,0,0,36.4,22,3.16,4,PA note only; park helps but no full sheet line
78,677951,Bobby Witt Jr.,KC,CWS,2026-09-23T23:40:00Z,Pre-Game,2,Bryan Hudson,663542,L,51.4,Longshot,Watch List,"Strong Barrel, Premium Lineup Spot, Platoon Edge",56.0,22.5,32.2,100.0,78.0,32.0,50.0,,Yes,Yes,2,Yes,No,MLB Stats API; RotoWire,,H:2026/2025 P:2026/2025,,,Direct BvP not yet weighted; 2026/2025 Statcast baseline active,7,9,27,0,Contact streak: 9/27 over last 7 games,"platoon edge; pitcher baseline 5.2% barrel, 4.1 HR allowed",EV profile; pitcher fly-ball pressure modest,11.87,49.76,92.6,103.4768,0.5066,0.2101,0.3748,74.02,42.51,31.15,27.13,19.5,0.1745,5.2,37.44,88.7,0.3371,0.1053,25.59,In From RF,Open-Meteo forecast; MLB fallback,https://forecast.weather.gov/MapClick.php?lat=39.0517&lon=-94.4803,67,0,70,Kauffman Stadium,,,,,,,,,,,
79,691720,Kyle Karros,COL,AZ,2026-09-24T00:40:00Z,Pre-Game,5,Merrill Kelly,518876,R,51.2,Longshot,Watch List,No major boost,24.8,59.9,67.7,86.4,50.0,33.7,50.0,,Yes,Yes,5,Yes,No,MLB Stats API; RotoWire,,H:2026/2025 P:2026/2025,,,Direct BvP not yet weighted; 2026/2025 Statcast baseline active,7,6,27,1,"Last 7 games: 6/27, 1 HR","same-side matchup; pitcher baseline 10.8% barrel, 26.5 HR allowed",neutral batted-ball profile; pitcher fly-ball pressure modest,6.11,38.6,89.09,99.6666,0.3642,0.1236,0.314,69.8,5.58,38.8,23.99,8.7,0.128,10.77,42.59,89.99,0.4891,0.2104,26.43,L To R,Open-Meteo forecast; MLB fallback,https://forecast.weather.gov/MapClick.php?lat=39.7559&lon=-104.9942,17,12,81,Coors Field,,,,,,,,,,,
80,518692,Freddie Freeman,LAD,SD,2026-09-24T02:10:00Z,Scheduled,4,Robbie Ray,592662,L,51.2,Longshot,Watch List,"Projected Lineup, Premium Lineup Spot",39.2,48.6,52.6,90.4,50.0,27.0,50.0,,No,No,4,Yes,Yes,RotoWire projected lineup; MLB probable pitchers,lineup projected / unconfirmed,H:2026/2025 P:2026/2025,,,Direct BvP not yet weighted; 2026/2025 Statcast baseline active,7,9,30,0,"Last 7 games: 9/30, 0 HR","same-side matchup; pitcher baseline 8.7% barrel, 22.0 HR allowed",neutral batted-ball profile; pitcher allows elevated contact,8.79,42.41,89.85,100.145,0.4656,0.1818,0.3605,70.01,7.84,36.54,26.93,18.4,0.1643,8.69,40.08,89.88,0.4088,0.1723,33.38,261 deg,Open-Meteo forecast; MLB fallback,https://forecast.weather.gov/MapClick.php?lat=34.0739&lon=-118.2400,68,0,75,UNIQLO Field at Dodger Stadium,,,,,,,,,,,
81,641857,Ryan McMahon,NYY,TB,2026-09-23T23:05:00Z,Pre-Game,8,Mason Englert,669438,R,51.1,Longshot,Watch List,Platoon Edge,43.9,65.0,45.2,52.4,80.0,0.0,50.0,,Yes,Yes,8,Yes,No,MLB Stats API; RotoWire,,H:2026/2025 P:2026/2025,,,Direct BvP not yet weighted; 2026/2025 Statcast baseline active,7,2,21,0,"Last 7 games: 2/21, 0 HR","platoon edge; pitcher baseline 13.2% barrel, 7.5 HR allowed",neutral batted-ball profile; pitcher allows elevated contact,9.79,46.3,91.27,101.6952,0.3868,0.1632,0.3017,74.42,45.92,41.48,31.26,13.0,0.1446,13.25,40.74,89.98,0.5045,0.2272,30.22,In From LF,Open-Meteo forecast; MLB fallback,https://forecast.weather.gov/MapClick.php?lat=40.8296&lon=-73.9262,55,0,64,Yankee Stadium,,,,,,,,,,,
82,666176,Jo Adell,CLE,BOS,2026-09-23T23:10:00Z,Pre-Game,4,Sonny Gray,543243,R,51.0,Longshot,Watch List,"Strong Barrel, Premium Lineup Spot",52.0,39.4,27.7,94.9,50.0,43.2,50.0,,Yes,Yes,4,Yes,No,MLB Stats API; RotoWire,,H:2026/2025 P:2026/2025,,,Direct BvP not yet weighted; 2026/2025 Statcast baseline active,7,8,28,1,"Last 7 games: 8/28, 1 HR","same-side matchup; pitcher baseline 8.0% barrel, 18.7 HR allowed",neutral batted-ball profile; pitcher fly-ball pressure modest,11.35,45.45,90.58,102.8647,0.4699,0.2134,0.3363,77.46,72.32,39.54,27.28,26.5,0.186,7.98,39.16,89.11,0.3936,0.1453,23.2,In From CF,Open-Meteo forecast; MLB fallback,https://forecast.weather.gov/MapClick.php?lat=42.3467&lon=-71.0972,57,0,54,Fenway Park,,,,,,,,,,,
83,681198,TJ Rumfield,COL,AZ,2026-09-24T00:40:00Z,Pre-Game,4,Merrill Kelly,518876,R,50.9,Longshot,Watch List,"Premium Lineup Spot, Platoon Edge",13.2,59.9,67.7,94.9,80.0,26.4,50.0,,Yes,Yes,4,Yes,No,MLB Stats API; RotoWire,,H:2026 P:2026/2025,,,Direct BvP not yet weighted; 2026/2025 Statcast baseline active,7,8,27,0,"Last 7 games: 8/27, 0 HR","platoon edge; pitcher baseline 10.8% barrel, 26.5 HR allowed",neutral batted-ball profile; pitcher fly-ball pressure modest,4.9,27.8,84.3,96.1477,0.387,0.125,0.334,68.3,7.6,40.9,28.7,15.0,0.15,10.77,42.59,89.99,0.4891,0.2104,26.43,L To R,Open-Meteo forecast; MLB fallback,https://forecast.weather.gov/MapClick.php?lat=39.7559&lon=-104.9942,17,12,81,Coors Field,,,,,,,,,,,
84,677594,Julio Rodriguez,SEA,HOU,2026-09-24T02:10:00Z,Scheduled,5,Ethan Pecko,814490,R,50.6,Longshot,Watch List,Projected Lineup,45.5,48.4,42.9,81.9,50.0,28.2,50.0,,No,No,5,Yes,Yes,RotoWire projected lineup; MLB probable pitchers,lineup projected / unconfirmed,H:2026/2025 P:2026,,,Direct BvP not yet weighted; 2026/2025 Statcast baseline active,7,8,26,0,"Last 7 games: 8/26, 0 HR","same-side matchup; pitcher baseline 9.8% barrel, 5.0 HR allowed",neutral batted-ball profile; pitcher allows elevated contact,9.1,45.62,90.82,102.8181,0.451,0.1845,0.337,76.54,66.43,38.35,25.63,24.3,0.1685,9.8,38.6,89.3,0.433,0.197,31.3,246 deg,Open-Meteo forecast; MLB fallback,https://forecast.weather.gov/MapClick.php?lat=47.5914&lon=-122.3325,72,0,66,T-Mobile Park,,,,,,,,,,,
85,701350,Roman Anthony,BOS,CLE,2026-09-23T23:10:00Z,Pre-Game,1,Foster Griffin,656492,L,50.5,Longshot,Watch List,"Projected Lineup, Strong Barrel, Premium Lineup Spot",54.3,40.8,27.7,88.7,50.0,30.3,50.0,,No,Yes,1,Yes,Yes,RotoWire projected lineup; MLB probable pitchers,lineup projected / unconfirmed,H:2026/2025 P:2026,,,Direct BvP not yet weighted; 2026/2025 Statcast baseline active,7,6,30,1,"Last 7 games: 6/30, 1 HR","same-side matchup; pitcher baseline 8.5% barrel, 23.0 HR allowed",EV profile; pitcher fly-ball pressure modest,12.8,50.85,92.75,102.8485,0.4434,0.1847,0.3503,75.49,55.26,40.56,23.0,5.9,0.1493,8.5,37.4,88.0,0.414,0.155,25.3,In From CF,Open-Meteo forecast; MLB fallback,https://forecast.weather.gov/MapClick.php?lat=42.3467&lon=-71.0972,57,0,54,Fenway Park,,,,,,,,,,,
86,676551,Brewer Hicklen,ATL,CIN,2026-09-23T23:15:00Z,Pre-Game,8,Andrew Abbott,671096,L,50.5,Longshot,Watch List,"Strong Barrel, Platoon Edge",55.1,43.9,51.9,52.4,78.0,0.0,50.0,,Yes,Yes,8,Yes,No,MLB Stats API; RotoWire,,H:2026/2025 P:2026/2025,,,Direct BvP not yet weighted; 2026/2025 Statcast baseline active,7,1,11,0,"Last 7 games: 1/11, 0 HR","platoon edge; pitcher baseline 8.1% barrel, 22.5 HR allowed",neutral batted-ball profile; pitcher fly-ball pressure modest,23.26,47.97,91.14,104.296,0.3559,0.1611,0.3243,72.6,29.24,45.29,12.32,0.0,0.1057,8.14,37.27,89.2,0.4214,0.1667,29.12,L To R,Open-Meteo forecast; MLB fallback,https://forecast.weather.gov/MapClick.php?lat=33.8907&lon=-84.4677,75,5,77,Truist Park,,,,,,,,,,,
87,683002,Gunnar Henderson,BAL,TOR,2026-09-23T22:35:00Z,Scheduled,3,,,,50.3,Longshot,Watch List,"Projected Lineup, Premium Lineup Spot",37.9,41.2,47.1,92.1,60.0,44.8,50.0,,No,No,3,Yes,Yes,RotoWire projected lineup; MLB probable pitchers,lineup projected / unconfirmed,H:2026/2025 P:,,,Direct BvP not yet weighted; 2026/2025 Statcast baseline active,7,8,27,1,"Last 7 games: 8/27, 1 HR","handedness incomplete; pitcher baseline 0.0% barrel, 0.0 HR allowed",neutral batted-ball profile; pitcher fly-ball pressure modest,8.04,45.07,90.07,101.2442,0.4103,0.1546,0.3284,74.53,45.49,40.87,23.8,21.9,0.1759,,,,,,,41 deg,Open-Meteo forecast; MLB fallback,https://forecast.weather.gov/MapClick.php?lat=39.2840&lon=-76.6217,92,58,59,Oriole Park at Camden Yards,,,,,,,,,,,
88,665953,Andrés Chaparro,WSH,DET,2026-09-23T17:10:00Z,In Progress,2,Framber Valdez,664285,L,50.2,Longshot,Watch List,"Strong Barrel, Premium Lineup Spot, Platoon Edge",42.7,34.9,28.1,100.0,78.0,45.3,50.0,,Yes,Yes,2,Yes,No,MLB Stats API; RotoWire,,H:2026/2025 P:2026/2025,,,Direct BvP not yet weighted; 2026/2025 Statcast baseline active,7,6,20,1,"Last 7 games: 6/20, 1 HR","platoon edge; pitcher baseline 6.0% barrel, 15.7 HR allowed",neutral batted-ball profile; pitcher fly-ball pressure modest,12.01,41.51,88.45,100.7392,0.4027,0.1876,0.3154,74.0,41.04,49.29,26.44,8.0,0.195,6.0,43.15,90.24,0.3826,0.1297,18.04,In From LF,Open-Meteo forecast; MLB fallback,https://forecast.weather.gov/MapClick.php?lat=42.3390&lon=-83.0485,68,0,59,Comerica Park,,,,,,,,,,,
89,661388,William Contreras,MIL,PHI,2026-09-23T22:40:00Z,Pre-Game,4,Aaron Nola,605400,R,50.2,Longshot,Watch List,"Projected Lineup, Premium Lineup Spot",39.6,46.8,36.8,90.4,50.0,57.6,50.0,,No,No,4,Yes,Yes,RotoWire projected lineup; MLB probable pitchers,lineup projected / unconfirmed,H:2026/2025 P:2026/2025,,,Direct BvP not yet weighted; 2026/2025 Statcast baseline active,7,7,27,2,Hot streak: 2 HR in last 7 games,"same-side matchup; pitcher baseline 9.1% barrel, 29.2 HR allowed",neutral batted-ball profile; pitcher fly-ball pressure modest,7.87,45.56,90.54,101.6983,0.428,0.1709,0.3329,73.41,36.44,35.76,24.29,17.7,0.1467,9.1,41.13,88.77,0.4128,0.1703,27.04,In From CF,Open-Meteo forecast; MLB fallback,https://forecast.weather.gov/MapClick.php?lat=39.9061&lon=-75.1665,84,18,61,Citizens Bank Park,,,,,,,,,,,
90,691019,Kyle Teel,CWS,KC,2026-09-23T23:40:00Z,Pre-Game,2,Seth Lugo,607625,R,50.1,Longshot,Watch List,"Projected Lineup, Strong Barrel, Premium Lineup Spot, Platoon Edge",35.4,53.9,32.2,95.5,80.0,0.0,50.0,,No,No,2,Yes,Yes,RotoWire projected lineup; MLB probable pitchers,lineup projected / unconfirmed,H:2026/2025 P:2026/2025,,,Direct BvP not yet weighted; 2026/2025 Statcast baseline active,7,2,22,0,"Last 7 games: 2/22, 0 HR","platoon edge; pitcher baseline 8.9% barrel, 24.2 HR allowed",neutral batted-ball profile; pitcher fly-ball pressure modest,11.07,45.09,85.64,100.2459,0.3684,0.1587,0.3132,71.36,23.99,43.62,29.94,5.2,0.1394,8.93,43.52,90.0,0.4618,0.1918,28.97,In From RF,Open-Meteo forecast; MLB fallback,https://forecast.weather.gov/MapClick.php?lat=39.0517&lon=-94.4803,67,0,70,Kauffman Stadium,,,,,,,,,,,
91,643217,Andrew Benintendi,CWS,KC,2026-09-23T23:40:00Z,Pre-Game,5,Seth Lugo,607625,R,50.0,Longshot,Watch List,"Projected Lineup, Platoon Edge",37.4,53.9,32.2,81.9,80.0,23.7,50.0,,No,No,5,Yes,Yes,RotoWire projected lineup; MLB probable pitchers,lineup projected / unconfirmed,H:2026/2025 P:2026/2025,,,Direct BvP not yet weighted; 2026/2025 Statcast baseline active,7,5,18,0,"Last 7 games: 5/18, 0 HR","platoon edge; pitcher baseline 8.9% barrel, 24.2 HR allowed",neutral batted-ball profile; pitcher fly-ball pressure modest,9.28,42.78,88.91,98.8935,0.4081,0.1697,0.31,69.61,4.57,49.19,32.9,15.8,0.177,8.93,43.52,90.0,0.4618,0.1918,28.97,In From RF,Open-Meteo forecast; MLB fallback,https://forecast.weather.gov/MapClick.php?lat=39.0517&lon=-94.4803,67,0,70,Kauffman Stadium,,,,,,,,,,,
92,695657,Colson Montgomery,CWS,KC,2026-09-23T23:40:00Z,Pre-Game,7,Seth Lugo,607625,R,50.0,Longshot,Watch List,"Projected Lineup, Strong Barrel, Platoon Edge",50.8,53.9,32.2,59.8,80.0,2.5,50.0,,No,No,7,Yes,Yes,RotoWire projected lineup; MLB probable pitchers,lineup projected / unconfirmed,H:2026/2025 P:2026/2025,,,Direct BvP not yet weighted; 2026/2025 Statcast baseline active,7,3,22,0,"Last 7 games: 3/22, 0 HR","platoon edge; pitcher baseline 8.9% barrel, 24.2 HR allowed",neutral batted-ball profile; pitcher fly-ball pressure modest,12.96,42.33,88.91,101.8564,0.4289,0.2171,0.313,76.72,70.86,49.16,33.02,28.0,0.2361,8.93,43.52,90.0,0.4618,0.1918,28.97,In From RF,Open-Meteo forecast; MLB fallback,https://forecast.weather.gov/MapClick.php?lat=39.0517&lon=-94.4803,67,0,70,Kauffman Stadium,,,,,,,,,,,
93,669127,Shea Langeliers,ATH,LAA,2026-09-24T01:40:00Z,Scheduled,3,Walbert Ureña,700712,R,49.9,Longshot,Watch List,"Projected Lineup, Strong Barrel, Premium Lineup Spot",55.4,18.6,54.4,92.1,50.0,28.2,50.0,,No,No,3,Yes,Yes,RotoWire projected lineup; MLB probable pitchers,lineup projected / unconfirmed,H:2026/2025 P:2026,,,Direct BvP not yet weighted; 2026/2025 Statcast baseline active,7,8,26,0,"Last 7 games: 8/26, 0 HR","same-side matchup; pitcher baseline 5.4% barrel, 9.0 HR allowed",neutral batted-ball profile; pitcher fly-ball pressure modest,13.05,44.13,91.25,102.3788,0.4927,0.2277,0.35,74.71,48.19,40.16,29.63,25.4,0.2313,5.4,35.6,87.1,0.313,0.106,21.8,219 deg,Open-Meteo forecast; MLB fallback,https://forecast.weather.gov/MapClick.php?lat=38.5804&lon=-121.5139,44,0,82,Sutter Health Park,,,,,,,,,,,
94,695600,Carter Jensen,KC,CWS,2026-09-23T23:40:00Z,Pre-Game,1,Bryan Hudson,663542,L,49.8,Longshot,Watch List,"Strong Barrel, Premium Lineup Spot",59.7,22.5,32.2,93.2,50.0,40.7,50.0,,Yes,Yes,1,Yes,No,MLB Stats API; RotoWire,,H:2026/2025 P:2026/2025,,,Direct BvP not yet weighted; 2026/2025 Statcast baseline active,7,7,26,1,"Last 7 games: 7/26, 1 HR","same-side matchup; pitcher baseline 5.2% barrel, 4.1 HR allowed",lift-pull EV profile; pitcher fly-ball pressure modest,14.43,48.57,92.46,102.9984,0.4713,0.2214,0.3511,74.1,38.73,41.42,31.12,18.4,0.2283,5.2,37.44,88.7,0.3371,0.1053,25.59,In From RF,Open-Meteo forecast; MLB fallback,https://forecast.weather.gov/MapClick.php?lat=39.0517&lon=-94.4803,67,0,70,Kauffman Stadium,,,,,,,,,,,
95,668930,Brice Turang,MIL,PHI,2026-09-23T22:40:00Z,Pre-Game,3,Aaron Nola,605400,R,49.7,Longshot,Watch List,"Projected Lineup, Premium Lineup Spot, Platoon Edge",36.0,46.8,36.8,92.1,80.0,16.1,50.0,,No,No,3,Yes,Yes,RotoWire projected lineup; MLB probable pitchers,lineup projected / unconfirmed,H:2026/2025 P:2026/2025,,,Direct BvP not yet weighted; 2026/2025 Statcast baseline active,7,5,22,0,"Last 7 games: 5/22, 0 HR","platoon edge; pitcher baseline 9.1% barrel, 29.2 HR allowed",neutral batted-ball profile; pitcher fly-ball pressure modest,7.65,43.27,90.47,100.3724,0.4241,0.1684,0.3399,70.25,13.41,28.0,23.5,18.7,0.1652,9.1,41.13,88.77,0.4128,0.1703,27.04,In From CF,Open-Meteo forecast; MLB fallback,https://forecast.weather.gov/MapClick.php?lat=39.9061&lon=-75.1665,84,18,61,Citizens Bank Park,,,,,,,,,,,
96,553993,Eugenio Suárez,CIN,ATL,2026-09-23T23:15:00Z,Pre-Game,5,Chris Sale,519242,L,49.6,Longshot,Watch List,"Strong Barrel, Platoon Edge",44.6,23.7,51.9,86.4,78.0,43.7,50.0,,Yes,Yes,5,Yes,No,MLB Stats API; RotoWire,,H:2026/2025 P:2026/2025,,,Direct BvP not yet weighted; 2026/2025 Statcast baseline active,7,4,24,2,Hot streak: 2 HR in last 7 games,"platoon edge; pitcher baseline 6.2% barrel, 9.6 HR allowed",neutral batted-ball profile; pitcher fly-ball pressure modest,12.76,39.13,89.01,99.9296,0.3986,0.1953,0.306,72.23,23.91,46.84,34.95,32.2,0.2427,6.16,35.26,87.69,0.3277,0.1122,25.83,L To R,Open-Meteo forecast; MLB fallback,https://forecast.weather.gov/MapClick.php?lat=33.8907&lon=-84.4677,75,5,77,Truist Park,,,,,,,,,,,
97,680777,Ryan Jeffers,MIN,SF,2026-09-23T19:45:00Z,In Progress,4,Cesar Perdomo,702885,L,49.4,Longshot,Watch List,"Premium Lineup Spot, Platoon Edge",38.8,42.2,40.3,94.9,78.0,0.0,50.0,,Yes,Yes,4,Yes,No,MLB Stats API; RotoWire,,H:2026/2025 P:2026,,,Direct BvP not yet weighted; 2026/2025 Statcast baseline active,7,1,20,0,"Last 7 games: 1/20, 0 HR","platoon edge; pitcher baseline 6.3% barrel, 3.0 HR allowed",neutral batted-ball profile; pitcher fly-ball pressure modest,9.31,41.4,88.88,100.8312,0.4224,0.1787,0.3384,73.14,37.17,37.74,27.54,12.5,0.1856,6.3,46.9,90.9,0.432,0.154,29.7,Varies,Open-Meteo forecast; MLB fallback,https://forecast.weather.gov/MapClick.php?lat=37.7786&lon=-122.3893,80,0,63,Oracle Park,,,,,,,,,,,
98,650490,Yandy Diaz,TB,NYY,2026-09-23T23:05:00Z,Pre-Game,1,Gerrit Cole,543037,R,49.4,Longshot,Watch List,"Projected Lineup, Premium Lineup Spot",41.2,49.5,45.2,88.7,50.0,0.0,50.0,,No,No,1,Yes,Yes,RotoWire projected lineup; MLB probable pitchers,lineup projected / unconfirmed,H:2026/2025 P:2026,,,Direct BvP not yet weighted; 2026/2025 Statcast baseline active,7,2,28,0,"Last 7 games: 2/28, 0 HR","same-side matchup; pitcher baseline 8.7% barrel, 21.0 HR allowed",neutral batted-ball profile; pitcher fly-ball pressure modest,7.6,49.35,91.53,103.21,0.4453,0.1635,0.3484,73.5,37.44,23.81,19.72,22.9,0.1624,8.7,45.2,90.9,0.406,0.153,27.0,In From LF,Open-Meteo forecast; MLB fallback,https://forecast.weather.gov/MapClick.php?lat=40.8296&lon=-73.9262,55,0,64,Yankee Stadium,,,,,,,,,,,
99,687093,Vaughn Grissom,LAA,ATH,2026-09-24T01:40:00Z,Scheduled,4,Jeffrey Springs,605488,L,49.1,Longshot,Watch List,"Projected Lineup, Premium Lineup Spot, Platoon Edge",24.8,45.5,54.4,90.4,78.0,39.5,50.0,,No,No,4,Yes,Yes,RotoWire projected lineup; MLB probable pitchers,lineup projected / unconfirmed,H:2026 P:2026/2025,,,Direct BvP not yet weighted; 2026/2025 Statcast baseline active,7,6,23,1,"Last 7 games: 6/23, 1 HR","platoon edge; pitcher baseline 8.8% barrel, 31.5 HR allowed",neutral batted-ball profile; pitcher allows elevated contact,6.8,36.0,87.5,98.6725,0.378,0.136,0.309,70.9,16.3,40.3,24.6,12.0,0.145,8.8,35.34,87.67,0.4394,0.189,32.09,219 deg,Open-Meteo forecast; MLB fallback,https://forecast.weather.gov/MapClick.php?lat=38.5804&lon=-121.5139,44,0,82,Sutter Health Park,,,,,,,,,,,
100,665161,Jeremy Pena,HOU,SEA,2026-09-24T02:10:00Z,Scheduled,1,George Kirby,669923,R,49.1,Longshot,Watch List,"Projected Lineup, Premium Lineup Spot, Hot Hitter/Streak",32.9,40.6,42.9,88.7,50.0,92.0,50.0,,No,No,1,Yes,Yes,RotoWire projected lineup; MLB probable pitchers,lineup projected / unconfirmed,H:2026/2025 P:2026/2025,,,Direct BvP not yet weighted; 2026/2025 Statcast baseline active,7,11,30,3,Hot streak: 3 HR in last 7 games,"same-side matchup; pitcher baseline 7.2% barrel, 19.2 HR allowed",neutral batted-ball profile; pitcher fly-ball pressure modest,7.29,40.45,88.69,99.9887,0.4278,0.1592,0.3284,72.3,15.39,46.62,25.06,19.1,0.1877,7.2,41.17,89.83,0.4067,0.1465,23.96,246 deg,Open-Meteo forecast; MLB fallback,https://forecast.weather.gov/MapClick.php?lat=47.5914&lon=-122.3325,72,0,66,T-Mobile Park,,,,,,,,,,,
101,691023,Jordan Walker,STL,PHI,2026-09-23T22:40:00Z,Pre-Game,4,Lake Bachar,669199,R,49.0,Longshot,Watch List,"Projected Lineup, Strong Barrel, Premium Lineup Spot",55.2,41.7,28.3,90.4,50.0,0.0,32.9,55.0,No,No,4,Yes,Yes,RotoWire projected lineup; MLB probable pitchers,lineup projected / unconfirmed,H:2026/2025 P:2026/2025,,,Direct BvP not yet weighted; 2026/2025 Statcast baseline active,7,2,24,0,"Last 7 games: 2/24, 0 HR","same-side matchup; pitcher baseline 8.7% barrel, 12.1 HR allowed",EV profile; pitcher allows elevated contact,12.58,49.72,92.58,104.6986,0.4344,0.1865,0.3228,78.87,83.05,37.96,23.56,21.4,0.1659,8.67,36.67,89.25,0.3794,0.1689,31.5,In From CF,Open-Meteo forecast; MLB fallback,https://forecast.weather.gov/MapClick.php?lat=40.4469&lon=-80.0057,87,4,58,PNC Park,,10.9,0.144,91,9,264,0,6,7.62,6,Volume support but ISO modest
102,695506,Jac Caglianone,KC,CWS,2026-09-23T23:40:00Z,Pre-Game,3,Bryan Hudson,663542,L,49.0,Longshot,Watch List,"Strong Barrel, Premium Lineup Spot",57.8,22.5,32.2,96.6,50.0,27.0,50.0,,Yes,Yes,3,Yes,No,MLB Stats API; RotoWire,,H:2026/2025 P:2026/2025,,,Direct BvP not yet weighted; 2026/2025 Statcast baseline active,7,6,20,0,"Last 7 games: 6/20, 0 HR","same-side matchup; pitcher baseline 5.2% barrel, 4.1 HR allowed",EV profile; pitcher fly-ball pressure modest,13.05,50.87,92.06,104.7374,0.48,0.2129,0.3462,77.19,73.43,44.42,22.4,18.2,0.1842,5.2,37.44,88.7,0.3371,0.1053,25.59,In From RF,Open-Meteo forecast; MLB fallback,https://forecast.weather.gov/MapClick.php?lat=39.0517&lon=-94.4803,67,0,70,Kauffman Stadium,,,,,,,,,,,
103,701678,Hao-Yu Lee,DET,WSH,2026-09-23T17:10:00Z,In Progress,2,Richard Lovelady,663992,L,48.8,Longshot,Watch List,"Premium Lineup Spot, Platoon Edge",37.0,34.2,28.1,100.0,78.0,55.3,50.0,,Yes,Yes,2,Yes,No,MLB Stats API; RotoWire,,H:2026 P:2026/2025,,,Direct BvP not yet weighted; 2026/2025 Statcast baseline active,7,11,30,1,Contact streak: 11/30 over last 7 games,"platoon edge; pitcher baseline 8.3% barrel, 3.7 HR allowed",neutral batted-ball profile; pitcher fly-ball pressure modest,9.0,42.1,89.8,100.451,0.4,0.165,0.304,71.4,21.5,27.0,26.6,10.0,0.167,8.35,35.23,87.52,0.4319,0.1597,20.0,In From LF,Open-Meteo forecast; MLB fallback,https://forecast.weather.gov/MapClick.php?lat=42.3390&lon=-83.0485,68,0,59,Comerica Park,,,,,,,,,,,
104,677800,Wilyer Abreu,BOS,TOR,2026-09-23T23:10:00Z,Pre-Game,4,Foster Griffin,656492,L,48.7,Longshot,Watch List,"Projected Lineup, Strong Barrel, Premium Lineup Spot",53.6,40.8,27.7,90.4,50.0,0.0,42.2,61.0,No,Yes,4,Yes,Yes,RotoWire projected lineup; MLB probable pitchers,lineup projected / unconfirmed,H:2026/2025 P:2026,,,Direct BvP not yet weighted; 2026/2025 Statcast baseline active,7,3,26,0,"Last 7 games: 3/26, 0 HR","same-side matchup; pitcher baseline 8.5% barrel, 23.0 HR allowed",fly-ball profile; pitcher fly-ball pressure modest,12.58,44.27,90.17,101.3892,0.4743,0.2236,0.3448,73.89,38.1,37.97,37.31,23.4,0.208,8.5,37.4,88.0,0.414,0.155,25.3,In From CF,Open-Meteo forecast; MLB fallback,https://forecast.weather.gov/MapClick.php?lat=42.3467&lon=-71.0972,57,0,54,Fenway Park,,12.8,0.18,90,8,183,0,22,11.39,14,Taillon LHH split target + Rogers boost
105,681297,Colton Cowser,BAL,MIN,2026-09-23T17:35:00Z,In Progress,6,Max Scherzer,453286,R,48.6,Longshot,Watch List,"Strong Barrel, Platoon Edge",43.2,47.5,36.6,76.2,80.0,32.0,10.4,47.0,Yes,No,6,Yes,Yes,MLB Stats API; RotoWire,RotoWire not confirmed,H:2026/2025 P:2026/2025,,,Direct BvP not yet weighted; 2026/2025 Statcast baseline active,7,7,21,0,Contact streak: 7/21 over last 7 games,"platoon edge; pitcher baseline 9.9% barrel, 15.5 HR allowed",neutral batted-ball profile; pitcher allows elevated contact,11.02,42.29,88.8,100.825,0.4019,0.1883,0.3077,74.3,43.52,38.94,31.38,13.9,0.1561,9.88,35.68,87.74,0.4291,0.1883,34.44,In From CF,Open-Meteo forecast; MLB fallback,https://forecast.weather.gov/MapClick.php?lat=39.2840&lon=-76.6217,92,58,59,Oriole Park at Camden Yards,,11.7,0.101,85,2,89,0,-4,5.43,7,EV/ISO weak despite recent HR note
106,673962,Josh Jung,TEX,NYM,2026-09-24T00:05:00Z,Scheduled,3,Nolan McLean,690997,R,48.6,Longshot,Watch List,"Projected Lineup, Premium Lineup Spot",36.8,29.6,58.6,92.1,50.0,56.2,50.0,,No,No,3,Yes,Yes,RotoWire projected lineup; MLB probable pitchers,lineup projected / unconfirmed,H:2026/2025 P:2026/2025,,,Direct BvP not yet weighted; 2026/2025 Statcast baseline active,7,7,28,2,Hot streak: 2 HR in last 7 games,"same-side matchup; pitcher baseline 7.0% barrel, 13.1 HR allowed",neutral batted-ball profile; pitcher fly-ball pressure modest,7.39,48.31,90.21,100.3906,0.4287,0.1564,0.3327,70.41,7.55,37.48,23.5,11.9,0.1509,6.95,37.94,88.45,0.3471,0.1239,21.56,67 deg,Open-Meteo forecast; MLB fallback,https://forecast.weather.gov/MapClick.php?lat=32.7473&lon=-97.0842,41,0,93,Globe Life Field,,,,,,,,,,,
107,804606,Konnor Griffin,PIT,STL,2026-09-23T22:40:00Z,Pre-Game,1,Matthew Liberatore,669461,L,48.4,Longshot,Watch List,"Premium Lineup Spot, Platoon Edge",27.1,54.2,28.3,93.2,78.0,35.2,50.0,,Yes,Yes,1,Yes,No,MLB Stats API; RotoWire,,H:2026 P:2026/2025,,,Direct BvP not yet weighted; 2026/2025 Statcast baseline active,7,11,31,0,Contact streak: 11/31 over last 7 games,"platoon edge; pitcher baseline 9.6% barrel, 24.6 HR allowed",neutral batted-ball profile; pitcher fly-ball pressure modest,6.6,36.3,87.8,100.4038,0.389,0.137,0.307,75.5,56.9,40.0,17.2,5.0,0.126,9.62,41.66,90.18,0.4552,0.1878,28.38,In From CF,Open-Meteo forecast; MLB fallback,https://forecast.weather.gov/MapClick.php?lat=40.4469&lon=-80.0057,87,4,58,PNC Park,,,,,,,,,,,
108,800050,Chase DeLauter,CLE,BOS,2026-09-23T23:10:00Z,Pre-Game,3,Sonny Gray,543243,R,48.3,Longshot,Watch List,"Premium Lineup Spot, Platoon Edge",35.0,39.4,27.7,96.6,80.0,42.3,50.0,,Yes,Yes,3,Yes,No,MLB Stats API; RotoWire,,H:2026 P:2026/2025,,,Direct BvP not yet weighted; 2026/2025 Statcast baseline active,7,7,25,1,"Last 7 games: 7/25, 1 HR","platoon edge; pitcher baseline 8.0% barrel, 18.7 HR allowed",neutral batted-ball profile; pitcher fly-ball pressure modest,6.2,46.3,91.4,101.3267,0.429,0.149,0.348,71.5,18.7,37.3,19.3,15.0,0.167,7.98,39.16,89.11,0.3936,0.1453,23.2,In From CF,Open-Meteo forecast; MLB fallback,https://forecast.weather.gov/MapClick.php?lat=42.3467&lon=-71.0972,57,0,54,Fenway Park,,,,,,,,,,,
109,691728,Zac Veen,COL,AZ,2026-09-24T00:40:00Z,Pre-Game,8,Merrill Kelly,518876,R,48.3,Longshot,Watch List,Platoon Edge,27.9,59.9,67.7,52.4,80.0,3.4,50.0,,Yes,Yes,8,Yes,No,MLB Stats API; RotoWire,,H:2026/2025 P:2026/2025,,,Direct BvP not yet weighted; 2026/2025 Statcast baseline active,7,2,14,0,"Last 7 games: 2/14, 0 HR","platoon edge; pitcher baseline 10.8% barrel, 26.5 HR allowed",fly-ball profile; pitcher fly-ball pressure modest,7.52,37.0,87.89,100.4812,0.2959,0.1295,0.2482,72.12,22.1,39.47,40.53,1.7,0.1478,10.77,42.59,89.99,0.4891,0.2104,26.43,L To R,Open-Meteo forecast; MLB fallback,https://forecast.weather.gov/MapClick.php?lat=39.7559&lon=-104.9942,17,12,81,Coors Field,,,,,,,,,,,
110,665489,Vladimir Guerrero,TOR,BOS,2026-09-23T22:35:00Z,Scheduled,2,,,,48.2,Longshot,Watch List,"Projected Lineup, Premium Lineup Spot",40.8,41.2,47.1,95.5,60.0,14.6,12.1,48.0,No,No,2,Yes,Yes,RotoWire projected lineup; MLB probable pitchers,lineup projected / unconfirmed,H:2026/2025 P:,,,Direct BvP not yet weighted; 2026/2025 Statcast baseline active,7,5,23,0,"Last 7 games: 5/23, 0 HR","handedness incomplete; pitcher baseline 0.0% barrel, 0.0 HR allowed",neutral batted-ball profile; pitcher fly-ball pressure modest,8.56,46.43,90.95,103.3723,0.4346,0.1472,0.3497,76.42,64.24,35.11,19.45,13.2,0.1197,,,,,,,41 deg,Open-Meteo forecast; MLB fallback,https://forecast.weather.gov/MapClick.php?lat=39.2840&lon=-76.6217,92,58,59,Oriole Park at Camden Yards,,0,0,0,0,0,0,22,3.16,4,EV note only
111,664034,Ty France,SD,LAD,2026-09-24T02:10:00Z,Scheduled,4,Yoshinobu Yamamoto,808967,R,48.2,Longshot,Watch List,"Projected Lineup, Premium Lineup Spot",42.1,26.8,52.6,90.4,50.0,48.5,50.0,,No,No,4,Yes,Yes,RotoWire projected lineup; MLB probable pitchers,lineup projected / unconfirmed,H:2026/2025 P:2026/2025,,,Direct BvP not yet weighted; 2026/2025 Statcast baseline active,7,9,28,1,Contact streak: 9/28 over last 7 games,"same-side matchup; pitcher baseline 6.3% barrel, 17.5 HR allowed",neutral batted-ball profile; pitcher fly-ball pressure modest,8.96,47.07,91.11,100.9702,0.4299,0.1744,0.3315,71.77,19.95,36.43,25.04,16.8,0.1821,6.33,37.11,87.95,0.325,0.1179,22.87,261 deg,Open-Meteo forecast; MLB fallback,https://forecast.weather.gov/MapClick.php?lat=34.0739&lon=-118.2400,68,0,75,UNIQLO Field at Dodger Stadium,,,,,,,,,,,
112,691781,Brady House,WSH,DET,2026-09-23T17:10:00Z,In Progress,3,Framber Valdez,664285,L,48.0,Longshot,Watch List,"Premium Lineup Spot, Platoon Edge",39.1,34.9,28.1,96.6,78.0,32.0,50.0,,Yes,Yes,3,Yes,No,MLB Stats API; RotoWire,,H:2026/2025 P:2026/2025,,,Direct BvP not yet weighted; 2026/2025 Statcast baseline active,7,6,18,0,Contact streak: 6/18 over last 7 games,"platoon edge; pitcher baseline 6.0% barrel, 15.7 HR allowed",neutral batted-ball profile; pitcher fly-ball pressure modest,8.29,47.63,90.01,101.9665,0.4176,0.1546,0.319,73.17,30.32,31.77,25.79,8.2,0.1335,6.0,43.15,90.24,0.3826,0.1297,18.04,In From LF,Open-Meteo forecast; MLB fallback,https://forecast.weather.gov/MapClick.php?lat=42.3390&lon=-83.0485,68,0,59,Comerica Park,,,,,,,,,,,
113,815589,Bo Davidson,SF,MIN,2026-09-23T19:45:00Z,In Progress,4,Connor Prielipp,687570,L,47.8,Longshot,Watch List,Premium Lineup Spot,39.1,39.3,40.3,94.9,50.0,24.9,50.0,,Yes,Yes,4,Yes,No,MLB Stats API; RotoWire,,H:2026 P:2026,,,Direct BvP not yet weighted; 2026/2025 Statcast baseline active,3,2,7,0,"Last 3 games: 2/7, 0 HR","same-side matchup; pitcher baseline 6.8% barrel, 14.0 HR allowed",EV profile; pitcher fly-ball pressure modest,0.0,60.0,94.4,103.6141,0.457,0.12,0.389,72.4,23.1,20.0,0.0,0.0,0.0,6.8,42.0,90.2,0.386,0.15,26.9,Varies,Open-Meteo forecast; MLB fallback,https://forecast.weather.gov/MapClick.php?lat=37.7786&lon=-122.3893,80,0,63,Oracle Park,,,,,,,,,,,
114,592518,Manny Machado,SD,LAD,2026-09-24T02:10:00Z,Scheduled,3,Yoshinobu Yamamoto,808967,R,47.8,Longshot,Watch List,"Projected Lineup, Strong Barrel, Premium Lineup Spot",47.4,26.8,52.6,92.1,50.0,4.2,50.0,,No,No,3,Yes,Yes,RotoWire projected lineup; MLB probable pitchers,lineup projected / unconfirmed,H:2026/2025 P:2026/2025,,,Direct BvP not yet weighted; 2026/2025 Statcast baseline active,7,4,27,0,"Last 7 games: 4/27, 0 HR","same-side matchup; pitcher baseline 6.3% barrel, 17.5 HR allowed",neutral batted-ball profile; pitcher fly-ball pressure modest,10.52,45.9,90.94,101.7617,0.4411,0.1897,0.3365,74.64,44.72,39.1,28.15,27.7,0.1857,6.33,37.11,87.95,0.325,0.1179,22.87,261 deg,Open-Meteo forecast; MLB fallback,https://forecast.weather.gov/MapClick.php?lat=34.0739&lon=-118.2400,68,0,75,UNIQLO Field at Dodger Stadium,,,,,,,,,,,
115,687637,Dylan Beavers,BAL,TOR,2026-09-23T17:35:00Z,In Progress,1,Max Scherzer,453286,R,47.7,Longshot,Watch List,"Premium Lineup Spot, Platoon Edge",31.2,47.5,36.6,93.2,80.0,0.0,50.0,,Yes,No,1,Yes,Yes,MLB Stats API; RotoWire,RotoWire not confirmed,H:2026/2025 P:2026/2025,,,Direct BvP not yet weighted; 2026/2025 Statcast baseline active,7,2,25,0,"Last 7 games: 2/25, 0 HR","platoon edge; pitcher baseline 9.9% barrel, 15.5 HR allowed",neutral batted-ball profile; pitcher allows elevated contact,7.97,35.07,88.03,99.1173,0.3786,0.16,0.3083,72.41,21.61,40.67,33.49,6.1,0.145,9.88,35.68,87.74,0.4291,0.1883,34.44,In From CF,Open-Meteo forecast; MLB fallback,https://forecast.weather.gov/MapClick.php?lat=39.2840&lon=-76.6217,92,58,59,Oriole Park at Camden Yards,,,,,,,,,,,
116,686797,Brooks Lee,MIN,SF,2026-09-23T19:45:00Z,In Progress,2,Cesar Perdomo,702885,L,47.6,Longshot,Watch List,"Premium Lineup Spot, Platoon Edge",21.5,41.9,40.3,100.0,75.0,63.3,50.0,,Yes,Yes,2,Yes,No,MLB Stats API; RotoWire,,H:2026/2025 P:2026,,,Direct BvP not yet weighted; 2026/2025 Statcast baseline active,7,11,26,1,Contact streak: 11/26 over last 7 games,"switch hitter; pitcher baseline 6.3% barrel, 3.0 HR allowed",neutral batted-ball profile; pitcher fly-ball pressure modest,4.68,35.21,88.25,97.6732,0.3593,0.1267,0.2813,69.92,8.28,41.92,29.7,21.6,0.1655,6.3,46.9,90.9,0.432,0.154,29.7,Varies,Open-Meteo forecast; MLB fallback,https://forecast.weather.gov/MapClick.php?lat=37.7786&lon=-122.3893,80,0,63,Oracle Park,,,,,,,,,,,
117,682928,CJ Abrams,WSH,DET,2026-09-23T17:10:00Z,In Progress,4,Framber Valdez,664285,L,47.5,Longshot,Watch List,"Premium Lineup Spot, Hot Hitter/Streak",39.2,34.9,28.1,94.9,50.0,71.6,50.0,,Yes,Yes,4,Yes,No,MLB Stats API; RotoWire,,H:2026/2025 P:2026/2025,,,Direct BvP not yet weighted; 2026/2025 Statcast baseline active,7,6,26,3,Hot streak: 3 HR in last 7 games,"same-side matchup; pitcher baseline 6.0% barrel, 15.7 HR allowed",neutral batted-ball profile; pitcher fly-ball pressure modest,9.49,40.32,89.33,99.8793,0.4248,0.1784,0.3244,72.82,26.98,44.36,28.59,28.8,0.2201,6.0,43.15,90.24,0.3826,0.1297,18.04,In From LF,Open-Meteo forecast; MLB fallback,https://forecast.weather.gov/MapClick.php?lat=42.3390&lon=-83.0485,68,0,59,Comerica Park,,,,,,,,,,,
118,672960,Kazuma Okamoto,TOR,BOS,2026-09-23T17:35:00Z,In Progress,3,Chris Bassitt,605135,R,47.5,Longshot,Watch List,"Strong Barrel, Premium Lineup Spot",53.1,30.8,36.6,96.6,50.0,10.8,15.2,52.0,Yes,No,6,Yes,Yes,MLB Stats API; RotoWire,RotoWire not confirmed; order MLB 3 vs RotoWire 6,H:2026 P:2026/2025,,,Direct BvP not yet weighted; 2026/2025 Statcast baseline active,7,5,26,0,"Last 7 games: 5/26, 0 HR","same-side matchup; pitcher baseline 6.0% barrel, 13.6 HR allowed",neutral batted-ball profile; pitcher fly-ball pressure modest,13.2,44.2,90.6,101.3198,0.447,0.223,0.328,73.0,33.4,51.1,33.9,33.0,0.223,6.05,37.02,87.98,0.407,0.1364,23.77,In From CF,Open-Meteo forecast; MLB fallback,https://forecast.weather.gov/MapClick.php?lat=39.2840&lon=-76.6217,92,58,59,Oriole Park at Camden Yards,,0,0,0,0,0,36.4,22,3.16,4,PA note only; park helps but no full sheet line
119,668904,Royce Lewis,MIN,SF,2026-09-23T19:45:00Z,In Progress,6,Cesar Perdomo,702885,L,47.4,Longshot,Watch List,"Strong Barrel, Platoon Edge",39.8,42.2,40.3,76.2,78.0,5.1,50.0,,Yes,Yes,6,Yes,No,MLB Stats API; RotoWire,,H:2026/2025 P:2026,,,Direct BvP not yet weighted; 2026/2025 Statcast baseline active,7,4,26,0,"Last 7 games: 4/26, 0 HR","platoon edge; pitcher baseline 6.3% barrel, 3.0 HR allowed",neutral batted-ball profile; pitcher fly-ball pressure modest,10.1,40.23,89.8,100.5434,0.3951,0.1579,0.3026,74.72,50.31,46.58,30.71,13.7,0.1517,6.3,46.9,90.9,0.432,0.154,29.7,Varies,Open-Meteo forecast; MLB fallback,https://forecast.weather.gov/MapClick.php?lat=37.7786&lon=-122.3893,80,0,63,Oracle Park,,,,,,,,,,,
120,669394,Jake Burger,TEX,NYM,2026-09-24T00:05:00Z,Scheduled,7,Nolan McLean,690997,R,47.4,Longshot,Watch List,"Projected Lineup, Strong Barrel",52.2,29.6,58.6,59.8,50.0,26.4,50.0,,No,No,7,Yes,Yes,RotoWire projected lineup; MLB probable pitchers,lineup projected / unconfirmed,H:2026/2025 P:2026/2025,,,Direct BvP not yet weighted; 2026/2025 Statcast baseline active,7,4,23,1,"Last 7 games: 4/23, 1 HR","same-side matchup; pitcher baseline 7.0% barrel, 13.1 HR allowed",neutral batted-ball profile; pitcher fly-ball pressure modest,12.92,46.96,90.26,102.7959,0.4402,0.2061,0.3198,75.37,58.28,41.11,28.6,23.7,0.1907,6.95,37.94,88.45,0.3471,0.1239,21.56,67 deg,Open-Meteo forecast; MLB fallback,https://forecast.weather.gov/MapClick.php?lat=32.7473&lon=-97.0842,41,0,93,Globe Life Field,,,,,,,,,,,
121,671732,Lawrence Butler,ATH,LAA,2026-09-24T01:40:00Z,Scheduled,4,Walbert Ureña,700712,R,47.4,Longshot,Watch List,"Projected Lineup, Premium Lineup Spot, Platoon Edge",38.2,18.6,54.4,90.4,80.0,42.3,50.0,,No,No,4,Yes,Yes,RotoWire projected lineup; MLB probable pitchers,lineup projected / unconfirmed,H:2026/2025 P:2026,,,Direct BvP not yet weighted; 2026/2025 Statcast baseline active,7,7,25,1,"Last 7 games: 7/25, 1 HR","platoon edge; pitcher baseline 5.4% barrel, 9.0 HR allowed",neutral batted-ball profile; pitcher fly-ball pressure modest,8.92,44.89,90.01,101.9186,0.3982,0.1584,0.3204,73.63,37.88,35.52,22.35,18.2,0.1644,5.4,35.6,87.1,0.313,0.106,21.8,219 deg,Open-Meteo forecast; MLB fallback,https://forecast.weather.gov/MapClick.php?lat=38.5804&lon=-121.5139,44,0,82,Sutter Health Park,,,,,,,,,,,
122,641487,J.P. Crawford,SEA,HOU,2026-09-24T02:10:00Z,Scheduled,1,Ethan Pecko,814490,R,47.3,Longshot,Watch List,"Projected Lineup, Premium Lineup Spot, Platoon Edge",21.2,48.4,42.9,88.7,80.0,45.5,50.0,,No,No,1,Yes,Yes,RotoWire projected lineup; MLB probable pitchers,lineup projected / unconfirmed,H:2026/2025 P:2026,,,Direct BvP not yet weighted; 2026/2025 Statcast baseline active,7,5,28,2,Hot streak: 2 HR in last 7 games,"platoon edge; pitcher baseline 9.8% barrel, 5.0 HR allowed",neutral batted-ball profile; pitcher allows elevated contact,5.81,34.35,87.55,98.0386,0.3685,0.1228,0.3238,71.21,18.53,35.63,22.4,12.7,0.1218,9.8,38.6,89.3,0.433,0.197,31.3,246 deg,Open-Meteo forecast; MLB fallback,https://forecast.weather.gov/MapClick.php?lat=47.5914&lon=-122.3325,72,0,66,T-Mobile Park,,,,,,,,,,,
123,671056,Ivan Herrera,STL,PIT,2026-09-23T22:40:00Z,Pre-Game,2,Lake Bachar,669199,R,47.2,Longshot,Watch List,"Projected Lineup, Premium Lineup Spot",35.0,41.7,28.3,95.5,50.0,59.6,50.0,,No,No,2,Yes,Yes,RotoWire projected lineup; MLB probable pitchers,lineup projected / unconfirmed,H:2026/2025 P:2026/2025,,,Direct BvP not yet weighted; 2026/2025 Statcast baseline active,7,6,22,2,Hot streak: 2 HR in last 7 games,"same-side matchup; pitcher baseline 8.7% barrel, 12.1 HR allowed",neutral batted-ball profile; pitcher allows elevated contact,7.32,42.8,89.94,101.3284,0.4147,0.1586,0.3444,73.81,42.44,36.96,19.59,18.3,0.152,8.67,36.67,89.25,0.3794,0.1689,31.5,In From CF,Open-Meteo forecast; MLB fallback,https://forecast.weather.gov/MapClick.php?lat=40.4469&lon=-80.0057,87,4,58,PNC Park,,,,,,,,,,,
124,678662,Ezequiel Tovar,COL,AZ,2026-09-24T00:40:00Z,Pre-Game,9,Merrill Kelly,518876,R,47.2,Longshot,Watch List,No major boost,29.1,59.9,67.7,44.8,50.0,42.0,50.0,,Yes,Yes,9,Yes,No,MLB Stats API; RotoWire,,H:2026/2025 P:2026/2025,,,Direct BvP not yet weighted; 2026/2025 Statcast baseline active,7,5,18,1,"Last 7 games: 5/18, 1 HR","same-side matchup; pitcher baseline 10.8% barrel, 26.5 HR allowed",neutral batted-ball profile; pitcher fly-ball pressure modest,7.48,34.7,88.07,99.0541,0.3885,0.1527,0.291,71.95,21.03,37.26,29.99,10.4,0.1309,10.77,42.59,89.99,0.4891,0.2104,26.43,L To R,Open-Meteo forecast; MLB fallback,https://forecast.weather.gov/MapClick.php?lat=39.7559&lon=-104.9942,17,12,81,Coors Field,,,,,,,,,,,
125,686611,Dylan Crews,WSH,DET,2026-09-23T17:10:00Z,In Progress,5,Framber Valdez,664285,L,47.1,Longshot,Watch List,Platoon Edge,40.0,34.9,28.1,86.4,78.0,37.8,50.0,,Yes,Yes,5,Yes,No,MLB Stats API; RotoWire,,H:2026/2025 P:2026/2025,,,Direct BvP not yet weighted; 2026/2025 Statcast baseline active,7,7,28,1,"Last 7 games: 7/28, 1 HR","platoon edge; pitcher baseline 6.0% barrel, 15.7 HR allowed",neutral batted-ball profile; pitcher fly-ball pressure modest,9.52,41.5,89.98,100.9906,0.4126,0.172,0.3147,73.83,37.44,34.08,26.65,11.4,0.1454,6.0,43.15,90.24,0.3826,0.1297,18.04,In From LF,Open-Meteo forecast; MLB fallback,https://forecast.weather.gov/MapClick.php?lat=42.3390&lon=-83.0485,68,0,59,Comerica Park,,,,,,,,,,,
126,663656,Kyle Tucker,LAD,KC,2026-09-24T02:10:00Z,Scheduled,7,Robbie Ray,592662,L,47.1,Longshot,Watch List,"Projected Lineup, Hot Hitter/Streak",34.8,48.6,52.6,59.8,50.0,80.0,27.1,57.0,No,No,7,Yes,Yes,RotoWire projected lineup; MLB probable pitchers,lineup projected / unconfirmed,H:2026/2025 P:2026/2025,,,Direct BvP not yet weighted; 2026/2025 Statcast baseline active,7,9,22,2,Hot streak: 2 HR in last 7 games,"same-side matchup; pitcher baseline 8.7% barrel, 22.0 HR allowed",neutral batted-ball profile; pitcher allows elevated contact,7.86,38.02,89.19,98.8372,0.4221,0.1619,0.3454,71.65,20.73,43.1,34.1,18.5,0.1693,8.69,40.08,89.88,0.4088,0.1723,33.38,261 deg,Open-Meteo forecast; MLB fallback,https://forecast.weather.gov/MapClick.php?lat=34.0739&lon=-118.2400,68,0,75,UNIQLO Field at Dodger Stadium,,11.1,0.152,90,1,66,30.8,19,8.85,4,Park/split help but hitter sheet not loud
127,543807,George Springer,TOR,BOS,2026-09-23T22:35:00Z,Scheduled,4,,,,47.0,Longshot,Watch List,"Projected Lineup, Premium Lineup Spot",39.1,41.2,47.1,90.4,60.0,14.6,12.1,48.0,No,No,4,Yes,Yes,RotoWire projected lineup; MLB probable pitchers,lineup projected / unconfirmed,H:2026/2025 P:,,,Direct BvP not yet weighted; 2026/2025 Statcast baseline active,7,5,23,0,"Last 7 games: 5/23, 0 HR","handedness incomplete; pitcher baseline 0.0% barrel, 0.0 HR allowed",neutral batted-ball profile; pitcher fly-ball pressure modest,9.34,40.88,88.88,100.2657,0.4331,0.182,0.334,73.31,36.56,41.44,26.72,20.1,0.1852,,,,,,,41 deg,Open-Meteo forecast; MLB fallback,https://forecast.weather.gov/MapClick.php?lat=39.2840&lon=-76.6217,92,58,59,Oriole Park at Camden Yards,,0,0,0,0,0,0,22,3.16,4,EV note only
128,592885,Christian Yelich,MIL,PHI,2026-09-23T22:40:00Z,Pre-Game,6,Aaron Nola,605400,R,47.0,Longshot,Watch List,"Projected Lineup, Platoon Edge",37.8,46.8,36.8,71.7,80.0,8.8,50.0,,No,No,6,Yes,Yes,RotoWire projected lineup; MLB probable pitchers,lineup projected / unconfirmed,H:2026/2025 P:2026/2025,,,Direct BvP not yet weighted; 2026/2025 Statcast baseline active,7,5,28,0,"Last 7 games: 5/28, 0 HR","platoon edge; pitcher baseline 9.1% barrel, 29.2 HR allowed",neutral batted-ball profile; pitcher fly-ball pressure modest,9.53,44.3,89.36,101.0044,0.3991,0.1646,0.3139,73.23,32.25,34.45,18.95,16.4,0.1537,9.1,41.13,88.77,0.4128,0.1703,27.04,In From CF,Open-Meteo forecast; MLB fallback,https://forecast.weather.gov/MapClick.php?lat=39.9061&lon=-75.1665,84,18,61,Citizens Bank Park,,,,,,,,,,,
129,802139,JJ Wetherholt,STL,PIT,2026-09-23T22:40:00Z,Pre-Game,1,Lake Bachar,669199,R,46.9,Longshot,Watch List,"Projected Lineup, Premium Lineup Spot, Platoon Edge",38.7,41.7,28.3,88.7,80.0,0.8,50.0,,No,No,1,Yes,Yes,RotoWire projected lineup; MLB probable pitchers,lineup projected / unconfirmed,H:2026 P:2026/2025,,,Direct BvP not yet weighted; 2026/2025 Statcast baseline active,7,3,24,0,"Last 7 games: 3/24, 0 HR","platoon edge; pitcher baseline 8.7% barrel, 12.1 HR allowed",neutral batted-ball profile; pitcher allows elevated contact,7.4,44.7,89.8,99.396,0.434,0.18,0.347,71.9,19.3,36.5,29.4,17.0,0.125,8.67,36.67,89.25,0.3794,0.1689,31.5,In From CF,Open-Meteo forecast; MLB fallback,https://forecast.weather.gov/MapClick.php?lat=40.4469&lon=-80.0057,87,4,58,PNC Park,,,,,,,,,,,
130,673237,Yainer Diaz,HOU,SEA,2026-09-24T02:10:00Z,Scheduled,5,George Kirby,669923,R,46.9,Longshot,Watch List,Projected Lineup,32.7,40.6,42.9,81.9,50.0,68.7,50.0,,No,No,5,Yes,Yes,RotoWire projected lineup; MLB probable pitchers,lineup projected / unconfirmed,H:2026/2025 P:2026/2025,,,Direct BvP not yet weighted; 2026/2025 Statcast baseline active,7,8,24,2,Hot streak: 2 HR in last 7 games,"same-side matchup; pitcher baseline 7.2% barrel, 19.2 HR allowed",neutral batted-ball profile; pitcher fly-ball pressure modest,7.57,39.61,89.34,100.0578,0.4258,0.1571,0.3141,72.48,22.86,36.14,18.68,15.1,0.1638,7.2,41.17,89.83,0.4067,0.1465,23.96,246 deg,Open-Meteo forecast; MLB fallback,https://forecast.weather.gov/MapClick.php?lat=47.5914&lon=-122.3325,72,0,66,T-Mobile Park,,,,,,,,,,,
131,672640,Otto Lopez,MIA,CHC,2026-09-23T23:40:00Z,Scheduled,3,Kevin Gausman,592332,R,46.8,Longshot,Watch List,"Projected Lineup, Premium Lineup Spot",30.1,42.1,49.3,92.1,50.0,30.3,50.0,,No,No,3,Yes,Yes,RotoWire projected lineup; MLB probable pitchers,lineup projected / unconfirmed,H:2026/2025 P:2026/2025,,,Direct BvP not yet weighted; 2026/2025 Statcast baseline active,7,6,30,1,"Last 7 games: 6/30, 1 HR","same-side matchup; pitcher baseline 7.9% barrel, 23.8 HR allowed",neutral batted-ball profile; pitcher fly-ball pressure modest,6.47,40.12,88.92,100.1816,0.4235,0.1461,0.3279,71.84,23.02,33.84,22.78,12.2,0.1318,7.87,40.07,88.88,0.407,0.1613,26.02,52 deg,Open-Meteo forecast; MLB fallback,https://forecast.weather.gov/MapClick.php?lat=41.9484&lon=-87.6553,57,0,60,Wrigley Field,,,,,,,,,,,
132,693307,Dillon Dingler,DET,WSH,2026-09-23T17:10:00Z,In Progress,5,Richard Lovelady,663992,L,46.7,Longshot,Watch List,Platoon Edge,42.6,34.2,28.1,86.4,78.0,18.0,50.0,,Yes,Yes,5,Yes,No,MLB Stats API; RotoWire,,H:2026/2025 P:2026/2025,,,Direct BvP not yet weighted; 2026/2025 Statcast baseline active,7,6,25,0,"Last 7 games: 6/25, 0 HR","platoon edge; pitcher baseline 8.3% barrel, 3.7 HR allowed",neutral batted-ball profile; pitcher fly-ball pressure modest,9.83,43.67,89.02,100.5314,0.4657,0.1955,0.3427,71.77,15.9,41.36,28.36,22.8,0.1897,8.35,35.23,87.52,0.4319,0.1597,20.0,In From LF,Open-Meteo forecast; MLB fallback,https://forecast.weather.gov/MapClick.php?lat=42.3390&lon=-83.0485,68,0,59,Comerica Park,,,,,,,,,,,
133,679529,Spencer Torkelson,DET,WSH,2026-09-23T17:10:00Z,In Progress,7,Richard Lovelady,663992,L,46.4,Longshot,Watch List,"Strong Barrel, Platoon Edge",47.9,34.2,28.1,64.3,78.0,39.8,50.0,,Yes,Yes,7,Yes,No,MLB Stats API; RotoWire,,H:2026/2025 P:2026/2025,,,Direct BvP not yet weighted; 2026/2025 Statcast baseline active,7,5,19,1,"Last 7 games: 5/19, 1 HR","platoon edge; pitcher baseline 8.3% barrel, 3.7 HR allowed",fly-ball profile; pitcher fly-ball pressure modest,12.52,42.86,89.71,100.2128,0.4126,0.1964,0.3207,73.07,25.88,48.26,36.04,26.8,0.2034,8.35,35.23,87.52,0.4319,0.1597,20.0,In From LF,Open-Meteo forecast; MLB fallback,https://forecast.weather.gov/MapClick.php?lat=42.3390&lon=-83.0485,68,0,59,Comerica Park,,,,,,,,,,,
134,681297,Colton Cowser,BAL,MIN,2026-09-23T22:35:00Z,Scheduled,6,,,,46.4,Longshot,Watch List,"Projected Lineup, Strong Barrel",43.2,41.2,47.1,71.7,60.0,32.0,10.4,47.0,No,No,6,Yes,Yes,RotoWire projected lineup; MLB probable pitchers,lineup projected / unconfirmed,H:2026/2025 P:,,,Direct BvP not yet weighted; 2026/2025 Statcast baseline active,7,7,21,0,Contact streak: 7/21 over last 7 games,"handedness incomplete; pitcher baseline 0.0% barrel, 0.0 HR allowed",neutral batted-ball profile; pitcher fly-ball pressure modest,11.02,42.29,88.8,100.825,0.4019,0.1883,0.3077,74.3,43.52,38.94,31.38,13.9,0.1561,,,,,,,41 deg,Open-Meteo forecast; MLB fallback,https://forecast.weather.gov/MapClick.php?lat=39.2840&lon=-76.6217,92,58,59,Oriole Park at Camden Yards,,11.7,0.101,85,2,89,0,-4,5.43,7,EV/ISO weak despite recent HR note
135,686469,Vinnie Pasquantino,KC,CWS,2026-09-23T23:40:00Z,Pre-Game,5,Bryan Hudson,663542,L,46.4,Longshot,Watch List,Hot Hitter/Streak,42.5,22.5,32.2,86.4,50.0,98.4,50.0,,Yes,Yes,5,Yes,No,MLB Stats API; RotoWire,,H:2026/2025 P:2026/2025,,,Direct BvP not yet weighted; 2026/2025 Statcast baseline active,7,9,22,4,Hot streak: 4 HR in last 7 games,"same-side matchup; pitcher baseline 5.2% barrel, 4.1 HR allowed",neutral batted-ball profile; pitcher fly-ball pressure modest,9.75,43.09,90.34,100.3654,0.4427,0.1868,0.3354,71.17,15.38,44.68,29.98,20.1,0.1816,5.2,37.44,88.7,0.3371,0.1053,25.59,In From RF,Open-Meteo forecast; MLB fallback,https://forecast.weather.gov/MapClick.php?lat=39.0517&lon=-94.4803,67,0,70,Kauffman Stadium,,,,,,,,,,,
136,662139,Daulton Varsho,HOU,SEA,2026-09-24T02:10:00Z,Scheduled,6,George Kirby,669923,R,46.3,Longshot,Watch List,"Projected Lineup, Platoon Edge",35.7,40.6,42.9,71.7,80.0,18.3,50.0,,No,No,6,Yes,Yes,RotoWire projected lineup; MLB probable pitchers,lineup projected / unconfirmed,H:2026/2025 P:2026/2025,,,Direct BvP not yet weighted; 2026/2025 Statcast baseline active,7,2,24,1,"Last 7 games: 2/24, 1 HR","platoon edge; pitcher baseline 7.2% barrel, 19.2 HR allowed",neutral batted-ball profile; pitcher fly-ball pressure modest,9.6,37.64,87.66,99.4311,0.396,0.1683,0.2962,73.71,36.6,41.85,31.41,14.4,0.1868,7.2,41.17,89.83,0.4067,0.1465,23.96,246 deg,Open-Meteo forecast; MLB fallback,https://forecast.weather.gov/MapClick.php?lat=47.5914&lon=-122.3325,72,0,66,T-Mobile Park,,,,,,,,,,,
137,694671,Wyatt Langford,TEX,NYM,2026-09-24T00:05:00Z,Scheduled,5,Nolan McLean,690997,R,46.2,Longshot,Watch List,Projected Lineup,40.5,29.6,58.6,81.9,50.0,13.6,50.0,,No,No,5,Yes,Yes,RotoWire projected lineup; MLB probable pitchers,lineup projected / unconfirmed,H:2026/2025 P:2026/2025,,,Direct BvP not yet weighted; 2026/2025 Statcast baseline active,7,4,19,0,"Last 7 games: 4/19, 0 HR","same-side matchup; pitcher baseline 7.0% barrel, 13.1 HR allowed",neutral batted-ball profile; pitcher fly-ball pressure modest,9.94,40.63,89.72,100.492,0.4116,0.1764,0.3306,72.82,27.43,43.38,31.02,18.5,0.1914,6.95,37.94,88.45,0.3471,0.1239,21.56,67 deg,Open-Meteo forecast; MLB fallback,https://forecast.weather.gov/MapClick.php?lat=32.7473&lon=-97.0842,41,0,93,Globe Life Field,,,,,,,,,,,
138,680869,Zack Gelof,ATH,LAA,2026-09-24T01:40:00Z,Scheduled,5,Walbert Ureña,700712,R,46.2,Longshot,Watch List,"Projected Lineup, Strong Barrel",43.3,18.6,54.4,81.9,50.0,57.6,50.0,,No,No,5,Yes,Yes,RotoWire projected lineup; MLB probable pitchers,lineup projected / unconfirmed,H:2026/2025 P:2026,,,Direct BvP not yet weighted; 2026/2025 Statcast baseline active,7,7,27,2,Hot streak: 2 HR in last 7 games,"same-side matchup; pitcher baseline 5.4% barrel, 9.0 HR allowed",neutral batted-ball profile; pitcher fly-ball pressure modest,11.1,44.47,89.22,99.9524,0.3949,0.1865,0.2911,73.29,26.73,40.09,28.99,14.6,0.1764,5.4,35.6,87.1,0.313,0.106,21.8,219 deg,Open-Meteo forecast; MLB fallback,https://forecast.weather.gov/MapClick.php?lat=38.5804&lon=-121.5139,44,0,82,Sutter Health Park,,,,,,,,,,,
139,805300,Jakob Marsee,MIA,CHC,2026-09-23T23:40:00Z,Scheduled,6,Kevin Gausman,592332,R,46.0,Longshot,Watch List,"Projected Lineup, Platoon Edge, Hot Hitter/Streak",20.6,42.1,49.3,71.7,80.0,81.7,50.0,,No,No,6,Yes,Yes,RotoWire projected lineup; MLB probable pitchers,lineup projected / unconfirmed,H:2026/2025 P:2026/2025,,,Direct BvP not yet weighted; 2026/2025 Statcast baseline active,7,10,23,2,Hot streak: 2 HR in last 7 games,"platoon edge; pitcher baseline 7.9% barrel, 23.8 HR allowed",neutral batted-ball profile; pitcher fly-ball pressure modest,5.02,36.71,87.78,98.5814,0.3643,0.1197,0.3232,70.29,5.37,41.09,23.19,9.2,0.1454,7.87,40.07,88.88,0.407,0.1613,26.02,52 deg,Open-Meteo forecast; MLB fallback,https://forecast.weather.gov/MapClick.php?lat=41.9484&lon=-87.6553,57,0,60,Wrigley Field,,,,,,,,,,,
140,543760,Marcus Semien,NYM,TEX,2026-09-24T00:05:00Z,Scheduled,6,Cody Bradford,674003,L,46.0,Longshot,Watch List,"Projected Lineup, Platoon Edge",23.1,49.5,58.6,71.7,78.0,8.8,50.0,,No,No,6,Yes,Yes,RotoWire projected lineup; MLB probable pitchers,lineup projected / unconfirmed,H:2026/2025 P:2026,,,Direct BvP not yet weighted; 2026/2025 Statcast baseline active,7,5,28,0,"Last 7 games: 5/28, 0 HR","platoon edge; pitcher baseline 9.5% barrel, 4.0 HR allowed",neutral batted-ball profile; pitcher allows elevated contact,6.03,34.09,87.18,97.3851,0.3824,0.1397,0.3068,68.57,3.48,46.21,32.49,14.3,0.1249,9.5,37.0,89.4,0.472,0.192,35.5,67 deg,Open-Meteo forecast; MLB fallback,https://forecast.weather.gov/MapClick.php?lat=32.7473&lon=-97.0842,41,0,93,Globe Life Field,,,,,,,,,,,
141,695681,Christian Moore,LAA,ATH,2026-09-24T01:40:00Z,Scheduled,5,Jeffrey Springs,605488,L,45.8,Longshot,Watch List,"Projected Lineup, Platoon Edge",22.7,45.5,54.4,81.9,78.0,9.3,50.0,,No,No,5,Yes,Yes,RotoWire projected lineup; MLB probable pitchers,lineup projected / unconfirmed,H:2026/2025 P:2026/2025,,,Direct BvP not yet weighted; 2026/2025 Statcast baseline active,7,4,22,0,"Last 7 games: 4/22, 0 HR","platoon edge; pitcher baseline 8.8% barrel, 31.5 HR allowed",neutral batted-ball profile; pitcher allows elevated contact,6.76,37.63,88.41,99.5109,0.2911,0.1014,0.2442,71.93,24.73,25.45,26.31,2.8,0.0999,8.8,35.34,87.67,0.4394,0.189,32.09,219 deg,Open-Meteo forecast; MLB fallback,https://forecast.weather.gov/MapClick.php?lat=38.5804&lon=-121.5139,44,0,82,Sutter Health Park,,,,,,,,,,,
142,621020,Dansby Swanson,CHC,MIA,2026-09-23T23:40:00Z,Scheduled,9,Ryan Gusto,687473,R,45.7,Longshot,Watch List,Projected Lineup,38.9,49.6,49.3,40.2,50.0,63.7,50.0,,No,No,9,Yes,Yes,RotoWire projected lineup; MLB probable pitchers,lineup projected / unconfirmed,H:2026/2025 P:2026/2025,,,Direct BvP not yet weighted; 2026/2025 Statcast baseline active,7,6,20,2,Hot streak: 2 HR in last 7 games,"same-side matchup; pitcher baseline 9.1% barrel, 12.8 HR allowed",neutral batted-ball profile; pitcher fly-ball pressure modest,8.76,43.32,89.8,100.025,0.414,0.1778,0.317,71.32,8.68,47.13,29.05,20.5,0.1849,9.08,43.88,90.04,0.4414,0.1711,26.75,52 deg,Open-Meteo forecast; MLB fallback,https://forecast.weather.gov/MapClick.php?lat=41.9484&lon=-87.6553,57,0,60,Wrigley Field,,,,,,,,,,,
143,608070,José Ramírez,CLE,BOS,2026-09-23T23:10:00Z,Pre-Game,2,Sonny Gray,543243,R,45.6,Longshot,Watch List,"Premium Lineup Spot, Platoon Edge",26.2,37.4,27.7,100.0,75.0,50.3,50.0,,Yes,Yes,2,Yes,No,MLB Stats API; RotoWire,,H:2026/2025 P:2026/2025,,,Direct BvP not yet weighted; 2026/2025 Statcast baseline active,7,10,30,1,Contact streak: 10/30 over last 7 games,"switch hitter; pitcher baseline 8.0% barrel, 18.7 HR allowed",neutral batted-ball profile; pitcher fly-ball pressure modest,5.11,38.12,88.69,99.2677,0.411,0.1382,0.3315,70.34,12.98,50.55,28.29,17.4,0.1626,7.98,39.16,89.11,0.3936,0.1453,23.2,In From CF,Open-Meteo forecast; MLB fallback,https://forecast.weather.gov/MapClick.php?lat=42.3467&lon=-71.0972,57,0,54,Fenway Park,,,,,,,,,,,
144,687637,Dylan Beavers,BAL,TOR,2026-09-23T22:35:00Z,Scheduled,1,,,,45.5,Longshot,Watch List,"Projected Lineup, Premium Lineup Spot",31.2,41.2,47.1,88.7,60.0,0.0,50.0,,No,No,1,Yes,Yes,RotoWire projected lineup; MLB probable pitchers,lineup projected / unconfirmed,H:2026/2025 P:,,,Direct BvP not yet weighted; 2026/2025 Statcast baseline active,7,2,25,0,"Last 7 games: 2/25, 0 HR","handedness incomplete; pitcher baseline 0.0% barrel, 0.0 HR allowed",neutral batted-ball profile; pitcher fly-ball pressure modest,7.97,35.07,88.03,99.1173,0.3786,0.16,0.3083,72.41,21.61,40.67,33.49,6.1,0.145,,,,,,,41 deg,Open-Meteo forecast; MLB fallback,https://forecast.weather.gov/MapClick.php?lat=39.2840&lon=-76.6217,92,58,59,Oriole Park at Camden Yards,,,,,,,,,,,
145,663993,Nathaniel Lowe,CLE,BOS,2026-09-23T23:10:00Z,Pre-Game,6,Sonny Gray,543243,R,45.4,Longshot,Watch List,Platoon Edge,36.9,39.4,27.7,76.2,80.0,28.9,50.0,,Yes,Yes,6,Yes,No,MLB Stats API; RotoWire,,H:2026/2025 P:2026/2025,,,Direct BvP not yet weighted; 2026/2025 Statcast baseline active,7,5,16,0,"Last 7 games: 5/16, 0 HR","platoon edge; pitcher baseline 8.0% barrel, 18.7 HR allowed",neutral batted-ball profile; pitcher fly-ball pressure modest,8.26,41.57,89.28,100.9033,0.4199,0.1639,0.3261,73.93,38.66,34.54,26.41,17.3,0.1838,7.98,39.16,89.11,0.3936,0.1453,23.2,In From CF,Open-Meteo forecast; MLB fallback,https://forecast.weather.gov/MapClick.php?lat=42.3467&lon=-71.0972,57,0,54,Fenway Park,,,,,,,,,,,
146,667472,Dane Myers,CIN,ATL,2026-09-23T23:15:00Z,Pre-Game,4,Chris Sale,519242,L,45.2,Longshot,Watch List,"Premium Lineup Spot, Platoon Edge",26.2,23.7,51.9,94.9,78.0,45.9,50.0,,Yes,Yes,4,Yes,No,MLB Stats API; RotoWire,,H:2026/2025 P:2026/2025,,,Direct BvP not yet weighted; 2026/2025 Statcast baseline active,7,4,22,2,Hot streak: 2 HR in last 7 games,"platoon edge; pitcher baseline 6.2% barrel, 9.6 HR allowed",neutral batted-ball profile; pitcher fly-ball pressure modest,5.77,38.15,89.65,99.1358,0.3698,0.1288,0.3092,71.04,18.05,28.14,24.47,7.4,0.112,6.16,35.26,87.69,0.3277,0.1122,25.83,L To R,Open-Meteo forecast; MLB fallback,https://forecast.weather.gov/MapClick.php?lat=33.8907&lon=-84.4677,75,5,77,Truist Park,,,,,,,,,,,
147,643289,Mauricio Dubón,ATL,CIN,2026-09-23T23:15:00Z,Pre-Game,2,Andrew Abbott,671096,L,45.1,Longshot,Watch List,"Premium Lineup Spot, Platoon Edge",10.0,43.9,51.9,100.0,78.0,37.6,50.0,,Yes,Yes,2,Yes,No,MLB Stats API; RotoWire,,H:2026/2025 P:2026/2025,,,Direct BvP not yet weighted; 2026/2025 Statcast baseline active,7,10,27,0,Contact streak: 10/27 over last 7 games,"platoon edge; pitcher baseline 8.1% barrel, 22.5 HR allowed",neutral batted-ball profile; pitcher fly-ball pressure modest,3.09,28.61,85.9,96.2202,0.3611,0.0994,0.2962,68.87,4.03,31.82,25.72,9.8,0.1182,8.14,37.27,89.2,0.4214,0.1667,29.12,L To R,Open-Meteo forecast; MLB fallback,https://forecast.weather.gov/MapClick.php?lat=33.8907&lon=-84.4677,75,5,77,Truist Park,,,,,,,,,,,
148,803011,Sam Antonacci,CWS,KC,2026-09-23T23:40:00Z,Pre-Game,1,Seth Lugo,607625,R,45.1,Longshot,Watch List,"Projected Lineup, Premium Lineup Spot, Platoon Edge",18.2,53.9,32.2,88.7,80.0,24.9,50.0,,No,No,1,Yes,Yes,RotoWire projected lineup; MLB probable pitchers,lineup projected / unconfirmed,H:2026 P:2026/2025,,,Direct BvP not yet weighted; 2026/2025 Statcast baseline active,7,6,21,0,"Last 7 games: 6/21, 0 HR","platoon edge; pitcher baseline 8.9% barrel, 24.2 HR allowed",neutral batted-ball profile; pitcher fly-ball pressure modest,5.0,32.9,87.4,97.4451,0.39,0.114,0.341,69.7,7.4,31.5,22.1,8.0,0.121,8.93,43.52,90.0,0.4618,0.1918,28.97,In From RF,Open-Meteo forecast; MLB fallback,https://forecast.weather.gov/MapClick.php?lat=39.0517&lon=-94.4803,67,0,70,Kauffman Stadium,,,,,,,,,,,
149,691182,Adael Amador,COL,AZ,2026-09-24T00:40:00Z,Pre-Game,6,Merrill Kelly,518876,R,45.1,Longshot,Watch List,Platoon Edge,7.8,58.7,67.7,76.2,75.0,10.6,50.0,,Yes,Yes,6,Yes,No,MLB Stats API; RotoWire,,H:2026/2025 P:2026/2025,,,Direct BvP not yet weighted; 2026/2025 Statcast baseline active,7,4,21,0,"Last 7 games: 4/21, 0 HR","switch hitter; pitcher baseline 10.8% barrel, 26.5 HR allowed",neutral batted-ball profile; pitcher fly-ball pressure modest,5.85,24.28,84.03,95.7969,0.2962,0.0957,0.2648,69.2,8.01,51.12,22.92,3.1,0.1825,10.77,42.59,89.99,0.4891,0.2104,26.43,L To R,Open-Meteo forecast; MLB fallback,https://forecast.weather.gov/MapClick.php?lat=39.7559&lon=-104.9942,17,12,81,Coors Field,,,,,,,,,,,
150,664761,Alec Bohm,PHI,MIL,2026-09-23T22:40:00Z,Pre-Game,5,Logan Henderson,701656,R,45.0,Longshot,Watch List,No major boost,33.2,38.7,36.8,86.4,50.0,42.0,50.0,,Yes,Yes,5,Yes,No,MLB Stats API; RotoWire,,H:2026/2025 P:2026/2025,,,Direct BvP not yet weighted; 2026/2025 Statcast baseline active,7,10,25,0,Contact streak: 10/25 over last 7 games,"same-side matchup; pitcher baseline 8.8% barrel, 10.7 HR allowed",neutral batted-ball profile; pitcher allows elevated contact,6.2,44.58,90.66,100.4579,0.4165,0.1467,0.3289,71.28,15.33,28.28,22.51,13.8,0.1332,8.81,36.58,88.8,0.3597,0.1477,31.84,In From CF,Open-Meteo forecast; MLB fallback,https://forecast.weather.gov/MapClick.php?lat=39.9061&lon=-75.1665,84,18,61,Citizens Bank Park,,,,,,,,,,,
151,694203,Denzer Guzman,LAA,ATH,2026-09-24T01:40:00Z,Scheduled,7,Jeffrey Springs,605488,L,45.0,Longshot,Watch List,"Projected Lineup, Platoon Edge",25.3,45.5,54.4,59.8,78.0,39.2,50.0,,No,No,7,Yes,Yes,RotoWire projected lineup; MLB probable pitchers,lineup projected / unconfirmed,H:2026/2025 P:2026/2025,,,Direct BvP not yet weighted; 2026/2025 Statcast baseline active,7,7,27,1,"Last 7 games: 7/27, 1 HR","platoon edge; pitcher baseline 8.8% barrel, 31.5 HR allowed",neutral batted-ball profile; pitcher allows elevated contact,8.07,38.14,86.78,98.9153,0.3279,0.1162,0.2539,73.64,37.72,40.53,24.33,6.2,0.1369,8.8,35.34,87.67,0.4394,0.189,32.09,219 deg,Open-Meteo forecast; MLB fallback,https://forecast.weather.gov/MapClick.php?lat=38.5804&lon=-121.5139,44,0,82,Sutter Health Park,,,,,,,,,,,
152,701162,Ben Malgeri,DET,WSH,2026-09-23T17:10:00Z,In Progress,3,Richard Lovelady,663992,L,44.8,Longshot,Watch List,"Premium Lineup Spot, Platoon Edge",24.1,34.2,28.1,96.6,78.0,65.5,50.0,,Yes,Yes,3,Yes,No,MLB Stats API; RotoWire,,H:2026 P:2026/2025,,,Direct BvP not yet weighted; 2026/2025 Statcast baseline active,7,5,16,2,Hot streak: 2 HR in last 7 games,"platoon edge; pitcher baseline 8.3% barrel, 3.7 HR allowed",neutral batted-ball profile; pitcher fly-ball pressure modest,6.5,40.3,89.6,99.9911,0.341,0.103,0.315,68.7,3.0,36.4,24.7,4.0,0.153,8.35,35.23,87.52,0.4319,0.1597,20.0,In From LF,Open-Meteo forecast; MLB fallback,https://forecast.weather.gov/MapClick.php?lat=42.3390&lon=-83.0485,68,0,59,Comerica Park,,,,,,,,,,,
153,669016,Brandon Marsh,PHI,MIL,2026-09-23T22:40:00Z,Pre-Game,7,Logan Henderson,701656,R,44.8,Longshot,Watch List,Platoon Edge,36.6,38.7,36.8,64.3,80.0,30.3,50.0,,Yes,Yes,7,Yes,No,MLB Stats API; RotoWire,,H:2026/2025 P:2026/2025,,,Direct BvP not yet weighted; 2026/2025 Statcast baseline active,7,4,20,1,"Last 7 games: 4/20, 1 HR","platoon edge; pitcher baseline 8.8% barrel, 10.7 HR allowed",neutral batted-ball profile; pitcher allows elevated contact,8.19,44.16,89.84,100.0784,0.4131,0.1578,0.3104,71.54,15.58,38.26,26.52,15.9,0.1553,8.81,36.58,88.8,0.3597,0.1477,31.84,In From CF,Open-Meteo forecast; MLB fallback,https://forecast.weather.gov/MapClick.php?lat=39.9061&lon=-75.1665,84,18,61,Citizens Bank Park,,,,,,,,,,,
154,645277,Ozzie Albies,ATL,CIN,2026-09-23T23:15:00Z,Pre-Game,4,Andrew Abbott,671096,L,44.8,Longshot,Watch List,"Premium Lineup Spot, Platoon Edge",15.8,42.1,51.9,94.9,75.0,23.4,50.0,,Yes,Yes,4,Yes,No,MLB Stats API; RotoWire,,H:2026/2025 P:2026/2025,,,Direct BvP not yet weighted; 2026/2025 Statcast baseline active,7,4,26,1,"Last 7 games: 4/26, 1 HR","switch hitter; pitcher baseline 8.1% barrel, 22.5 HR allowed",neutral batted-ball profile; pitcher fly-ball pressure modest,4.2,28.67,87.22,96.7231,0.3509,0.1205,0.2843,68.86,5.74,46.63,31.69,20.2,0.1488,8.14,37.27,89.2,0.4214,0.1667,29.12,L To R,Open-Meteo forecast; MLB fallback,https://forecast.weather.gov/MapClick.php?lat=33.8907&lon=-84.4677,75,5,77,Truist Park,,,,,,,,,,,
155,669221,Sean Murphy,ATL,CIN,2026-09-23T23:15:00Z,Pre-Game,7,Andrew Abbott,671096,L,44.8,Longshot,Watch List,Platoon Edge,31.2,43.9,51.9,64.3,78.0,0.0,50.0,,Yes,Yes,7,Yes,No,MLB Stats API; RotoWire,,H:2026/2025 P:2026/2025,,,Direct BvP not yet weighted; 2026/2025 Statcast baseline active,7,2,24,0,"Last 7 games: 2/24, 0 HR","platoon edge; pitcher baseline 8.1% barrel, 22.5 HR allowed",neutral batted-ball profile; pitcher fly-ball pressure modest,9.48,39.18,87.49,100.8407,0.345,0.1503,0.2755,72.46,28.26,48.49,25.44,6.9,0.1561,8.14,37.27,89.2,0.4214,0.1667,29.12,L To R,Open-Meteo forecast; MLB fallback,https://forecast.weather.gov/MapClick.php?lat=33.8907&lon=-84.4677,75,5,77,Truist Park,,,,,,,,,,,
156,669236,Jeremiah Jackson,BAL,TOR,2026-09-23T22:35:00Z,Scheduled,7,,,,44.3,Longshot,Watch List,Projected Lineup,33.8,41.2,47.1,59.8,60.0,42.7,50.0,,No,No,7,Yes,Yes,RotoWire projected lineup; MLB probable pitchers,lineup projected / unconfirmed,H:2026/2025 P:,,,Direct BvP not yet weighted; 2026/2025 Statcast baseline active,7,4,25,2,Hot streak: 2 HR in last 7 games,"handedness incomplete; pitcher baseline 0.0% barrel, 0.0 HR allowed",neutral batted-ball profile; pitcher fly-ball pressure modest,7.71,40.75,89.69,100.5035,0.3902,0.1566,0.2854,72.74,27.59,38.88,24.35,7.8,0.1521,,,,,,,41 deg,Open-Meteo forecast; MLB fallback,https://forecast.weather.gov/MapClick.php?lat=39.2840&lon=-76.6217,92,58,59,Oriole Park at Camden Yards,,,,,,,,,,,
157,813841,Jonah Cox,SF,MIN,2026-09-23T19:45:00Z,In Progress,1,Connor Prielipp,687570,L,44.3,Longshot,Watch List,"Premium Lineup Spot, Platoon Edge",22.5,39.3,40.3,93.2,78.0,17.7,50.0,,Yes,Yes,1,Yes,No,MLB Stats API; RotoWire,,H:2026 P:2026,,,Direct BvP not yet weighted; 2026/2025 Statcast baseline active,7,5,21,0,"Last 7 games: 5/21, 0 HR","platoon edge; pitcher baseline 6.8% barrel, 14.0 HR allowed",neutral batted-ball profile; pitcher fly-ball pressure modest,6.0,38.6,88.9,99.5831,0.337,0.121,0.265,68.9,6.1,20.5,21.7,4.0,0.14,6.8,42.0,90.2,0.386,0.15,26.9,Varies,Open-Meteo forecast; MLB fallback,https://forecast.weather.gov/MapClick.php?lat=37.7786&lon=-122.3893,80,0,63,Oracle Park,,,,,,,,,,,
158,703607,Henry Bolte,ATH,LAA,2026-09-24T01:40:00Z,Scheduled,1,Walbert Ureña,700712,R,44.3,Longshot,Watch List,"Projected Lineup, Premium Lineup Spot",37.8,18.6,54.4,88.7,50.0,34.9,50.0,,No,No,1,Yes,Yes,RotoWire projected lineup; MLB probable pitchers,lineup projected / unconfirmed,H:2026 P:2026,,,Direct BvP not yet weighted; 2026/2025 Statcast baseline active,7,6,26,1,"Last 7 games: 6/26, 1 HR","same-side matchup; pitcher baseline 5.4% barrel, 9.0 HR allowed",neutral batted-ball profile; pitcher fly-ball pressure modest,7.8,48.5,91.0,104.4266,0.375,0.128,0.319,76.8,70.9,32.3,15.2,11.0,0.125,5.4,35.6,87.1,0.313,0.106,21.8,219 deg,Open-Meteo forecast; MLB fallback,https://forecast.weather.gov/MapClick.php?lat=38.5804&lon=-121.5139,44,0,82,Sutter Health Park,,,,,,,,,,,
159,665489,Vladimir Guerrero Jr.,TOR,BOS,2026-09-23T17:35:00Z,In Progress,2,Chris Bassitt,605135,R,44.2,Longshot,Watch List,Premium Lineup Spot,40.8,30.8,36.6,100.0,50.0,14.6,12.1,48.0,Yes,No,2,Yes,Yes,MLB Stats API; RotoWire,RotoWire not confirmed,H:2026/2025 P:2026/2025,,,Direct BvP not yet weighted; 2026/2025 Statcast baseline active,7,5,23,0,"Last 7 games: 5/23, 0 HR","same-side matchup; pitcher baseline 6.0% barrel, 13.6 HR allowed",neutral batted-ball profile; pitcher fly-ball pressure modest,8.56,46.43,90.95,103.3723,0.4346,0.1472,0.3497,76.42,64.24,35.11,19.45,13.2,0.1197,6.05,37.02,87.98,0.407,0.1364,23.77,In From CF,Open-Meteo forecast; MLB fallback,https://forecast.weather.gov/MapClick.php?lat=39.2840&lon=-76.6217,92,58,59,Oriole Park at Camden Yards,,0,0,0,0,0,0,22,3.16,4,EV note only
160,672724,Oswald Peraza,LAA,ATH,2026-09-24T01:40:00Z,Scheduled,6,Jeffrey Springs,605488,L,44.2,Longshot,Watch List,"Projected Lineup, Platoon Edge",21.0,45.5,54.4,71.7,78.0,16.6,50.0,,No,No,6,Yes,Yes,RotoWire projected lineup; MLB probable pitchers,lineup projected / unconfirmed,H:2026/2025 P:2026/2025,,,Direct BvP not yet weighted; 2026/2025 Statcast baseline active,7,3,13,0,"Last 7 games: 3/13, 0 HR","platoon edge; pitcher baseline 8.8% barrel, 31.5 HR allowed",neutral batted-ball profile; pitcher allows elevated contact,6.28,36.91,87.45,99.6432,0.3242,0.1085,0.2662,72.9,29.58,36.9,20.1,6.4,0.1021,8.8,35.34,87.67,0.4394,0.189,32.09,219 deg,Open-Meteo forecast; MLB fallback,https://forecast.weather.gov/MapClick.php?lat=38.5804&lon=-121.5139,44,0,82,Sutter Health Park,,,,,,,,,,,
161,669236,Jeremiah Jackson,BAL,TOR,2026-09-23T17:35:00Z,In Progress,7,Max Scherzer,453286,R,44.1,Longshot,Watch List,No major boost,33.8,47.5,36.6,64.3,50.0,42.7,50.0,,Yes,No,7,Yes,Yes,MLB Stats API; RotoWire,RotoWire not confirmed,H:2026/2025 P:2026/2025,,,Direct BvP not yet weighted; 2026/2025 Statcast baseline active,7,4,25,2,Hot streak: 2 HR in last 7 games,"same-side matchup; pitcher baseline 9.9% barrel, 15.5 HR allowed",neutral batted-ball profile; pitcher allows elevated contact,7.71,40.75,89.69,100.5035,0.3902,0.1566,0.2854,72.74,27.59,38.88,24.35,7.8,0.1521,9.88,35.68,87.74,0.4291,0.1883,34.44,In From CF,Open-Meteo forecast; MLB fallback,https://forecast.weather.gov/MapClick.php?lat=39.2840&lon=-76.6217,92,58,59,Oriole Park at Camden Yards,,,,,,,,,,,
162,521692,Salvador Perez,KC,CWS,2026-09-23T23:40:00Z,Pre-Game,6,Bryan Hudson,663542,L,44.1,Longshot,Watch List,"Strong Barrel, Platoon Edge",46.7,22.5,32.2,76.2,78.0,10.6,50.0,,Yes,Yes,6,Yes,No,MLB Stats API; RotoWire,,H:2026/2025 P:2026/2025,,,Direct BvP not yet weighted; 2026/2025 Statcast baseline active,7,4,21,0,"Last 7 games: 4/21, 0 HR","platoon edge; pitcher baseline 5.2% barrel, 4.1 HR allowed",neutral batted-ball profile; pitcher fly-ball pressure modest,11.44,43.9,89.37,100.8564,0.4591,0.2058,0.3241,71.99,22.49,41.63,30.85,22.3,0.1652,5.2,37.44,88.7,0.3371,0.1053,25.59,In From RF,Open-Meteo forecast; MLB fallback,https://forecast.weather.gov/MapClick.php?lat=39.0517&lon=-94.4803,67,0,70,Kauffman Stadium,,,,,,,,,,,
163,666211,Taylor Trammell,HOU,SEA,2026-09-24T02:10:00Z,Scheduled,8,George Kirby,669923,R,44.1,Longshot,Watch List,"Projected Lineup, Strong Barrel, Platoon Edge",39.5,40.6,42.9,47.9,80.0,18.3,50.0,,No,No,8,Yes,Yes,RotoWire projected lineup; MLB probable pitchers,lineup projected / unconfirmed,H:2026/2025 P:2026/2025,,,Direct BvP not yet weighted; 2026/2025 Statcast baseline active,7,2,19,1,"Last 7 games: 2/19, 1 HR","platoon edge; pitcher baseline 7.2% barrel, 19.2 HR allowed",neutral batted-ball profile; pitcher fly-ball pressure modest,11.02,39.04,89.32,101.1598,0.3539,0.1627,0.2857,75.93,60.25,47.66,28.69,6.5,0.1493,7.2,41.17,89.83,0.4067,0.1465,23.96,246 deg,Open-Meteo forecast; MLB fallback,https://forecast.weather.gov/MapClick.php?lat=47.5914&lon=-122.3325,72,0,66,T-Mobile Park,,,,,,,,,,,
164,682927,Ronny Simon,PIT,STL,2026-09-23T22:40:00Z,Pre-Game,6,Matthew Liberatore,669461,L,44.0,Longshot,Watch List,Platoon Edge,20.6,52.7,28.3,76.2,75.0,47.7,50.0,,Yes,Yes,6,Yes,No,MLB Stats API; RotoWire,,H:2026/2025 P:2026/2025,,,Direct BvP not yet weighted; 2026/2025 Statcast baseline active,7,6,19,1,"Last 7 games: 6/19, 1 HR","switch hitter; pitcher baseline 9.6% barrel, 24.6 HR allowed",neutral batted-ball profile; pitcher fly-ball pressure modest,4.94,32.84,87.98,98.7551,0.4004,0.1219,0.3216,72.01,24.14,38.3,15.99,0.7,0.0943,9.62,41.66,90.18,0.4552,0.1878,28.38,In From CF,Open-Meteo forecast; MLB fallback,https://forecast.weather.gov/MapClick.php?lat=40.4469&lon=-80.0057,87,4,58,PNC Park,,,,,,,,,,,
165,572233,Christian Walker,HOU,SEA,2026-09-24T02:10:00Z,Scheduled,7,George Kirby,669923,R,43.9,Longshot,Watch List,"Projected Lineup, Strong Barrel",41.0,40.6,42.9,59.8,50.0,19.1,50.0,,No,No,7,Yes,Yes,RotoWire projected lineup; MLB probable pitchers,lineup projected / unconfirmed,H:2026/2025 P:2026/2025,,,Direct BvP not yet weighted; 2026/2025 Statcast baseline active,7,3,24,1,"Last 7 games: 3/24, 1 HR","same-side matchup; pitcher baseline 7.2% barrel, 19.2 HR allowed",neutral batted-ball profile; pitcher fly-ball pressure modest,10.31,42.04,89.5,101.4224,0.3993,0.1729,0.3042,74.31,43.41,41.57,28.21,26.3,0.1872,7.2,41.17,89.83,0.4067,0.1465,23.96,246 deg,Open-Meteo forecast; MLB fallback,https://forecast.weather.gov/MapClick.php?lat=47.5914&lon=-122.3325,72,0,66,T-Mobile Park,,,,,,,,,,,
166,805808,Kevin McGonigle,DET,WSH,2026-09-23T17:10:00Z,In Progress,1,Richard Lovelady,663992,L,43.8,Longshot,Watch List,Premium Lineup Spot,33.9,34.2,28.1,93.2,50.0,38.3,50.0,,Yes,Yes,1,Yes,No,MLB Stats API; RotoWire,,H:2026 P:2026/2025,,,Direct BvP not yet weighted; 2026/2025 Statcast baseline active,7,12,32,0,Contact streak: 12/32 over last 7 games,"same-side matchup; pitcher baseline 8.3% barrel, 3.7 HR allowed",fly-ball profile; pitcher fly-ball pressure modest,7.1,37.3,87.9,98.3944,0.446,0.18,0.357,71.3,15.9,37.2,35.4,17.0,0.149,8.35,35.23,87.52,0.4319,0.1597,20.0,In From LF,Open-Meteo forecast; MLB fallback,https://forecast.weather.gov/MapClick.php?lat=42.3390&lon=-83.0485,68,0,59,Comerica Park,,,,,,,,,,,
167,668939,Adley Rutschman,BOS,CLE,2026-09-23T23:10:00Z,Pre-Game,5,Foster Griffin,656492,L,43.8,Longshot,Watch List,"Projected Lineup, Platoon Edge",32.1,39.1,27.7,81.9,75.0,19.5,50.0,,No,Yes,5,Yes,Yes,RotoWire projected lineup; MLB probable pitchers,lineup projected / unconfirmed,H:2026/2025 P:2026,,,Direct BvP not yet weighted; 2026/2025 Statcast baseline active,7,7,28,0,"Last 7 games: 7/28, 0 HR","switch hitter; pitcher baseline 8.5% barrel, 23.0 HR allowed",neutral batted-ball profile; pitcher fly-ball pressure modest,7.08,38.74,89.05,99.2189,0.4121,0.162,0.3271,70.49,12.21,38.54,30.34,11.1,0.1719,8.5,37.4,88.0,0.414,0.155,25.3,In From CF,Open-Meteo forecast; MLB fallback,https://forecast.weather.gov/MapClick.php?lat=42.3467&lon=-71.0972,57,0,54,Fenway Park,,,,,,,,,,,
168,805999,A.J. Ewing,NYM,TEX,2026-09-24T00:05:00Z,Scheduled,8,Cody Bradford,674003,L,43.8,Longshot,Watch List,Projected Lineup,29.9,49.5,58.6,47.9,50.0,33.9,50.0,,No,No,8,Yes,Yes,RotoWire projected lineup; MLB probable pitchers,lineup projected / unconfirmed,H:2026 P:2026,,,Direct BvP not yet weighted; 2026/2025 Statcast baseline active,7,9,26,0,Contact streak: 9/26 over last 7 games,"same-side matchup; pitcher baseline 9.5% barrel, 4.0 HR allowed",neutral batted-ball profile; pitcher allows elevated contact,6.8,41.7,89.4,99.9523,0.396,0.138,0.319,70.5,12.5,31.4,23.9,10.0,0.122,9.5,37.0,89.4,0.472,0.192,35.5,67 deg,Open-Meteo forecast; MLB fallback,https://forecast.weather.gov/MapClick.php?lat=32.7473&lon=-97.0842,41,0,93,Globe Life Field,,,,,,,,,,,
169,607208,Trea Turner,PHI,MIL,2026-09-23T22:40:00Z,Pre-Game,2,Logan Henderson,701656,R,43.7,Longshot,Watch List,Premium Lineup Spot,26.7,38.7,36.8,100.0,50.0,18.0,50.0,,Yes,Yes,2,Yes,No,MLB Stats API; RotoWire,,H:2026/2025 P:2026/2025,,,Direct BvP not yet weighted; 2026/2025 Statcast baseline active,7,6,25,0,"Last 7 games: 6/25, 0 HR","same-side matchup; pitcher baseline 8.8% barrel, 10.7 HR allowed",neutral batted-ball profile; pitcher allows elevated contact,6.08,40.0,88.67,99.2563,0.3785,0.1281,0.3028,71.38,18.3,35.52,24.92,17.8,0.1439,8.81,36.58,88.8,0.3597,0.1477,31.84,In From CF,Open-Meteo forecast; MLB fallback,https://forecast.weather.gov/MapClick.php?lat=39.9061&lon=-75.1665,84,18,61,Citizens Bank Park,,,,,,,,,,,
170,683953,Travis Bazzana,CLE,BOS,2026-09-23T23:10:00Z,Pre-Game,5,Sonny Gray,543243,R,43.7,Longshot,Watch List,Platoon Edge,20.9,39.4,27.7,86.4,80.0,65.8,50.0,,Yes,Yes,5,Yes,No,MLB Stats API; RotoWire,,H:2026 P:2026/2025,,,Direct BvP not yet weighted; 2026/2025 Statcast baseline active,7,5,26,3,Hot streak: 3 HR in last 7 games,"platoon edge; pitcher baseline 8.0% barrel, 18.7 HR allowed",neutral batted-ball profile; pitcher fly-ball pressure modest,5.1,36.7,87.7,98.356,0.349,0.122,0.302,69.6,12.3,38.9,28.1,15.0,0.16,7.98,39.16,89.11,0.3936,0.1453,23.2,In From CF,Open-Meteo forecast; MLB fallback,https://forecast.weather.gov/MapClick.php?lat=42.3467&lon=-71.0972,57,0,54,Fenway Park,,,,,,,,,,,
171,699393,Pedro Ramirez,CHC,MIA,2026-09-23T23:40:00Z,Scheduled,7,Ryan Gusto,687473,R,43.5,Longshot,Watch List,"Projected Lineup, Platoon Edge",21.6,48.2,49.3,59.8,75.0,39.2,50.0,,No,No,7,Yes,Yes,RotoWire projected lineup; MLB probable pitchers,lineup projected / unconfirmed,H:2026 P:2026/2025,,,Direct BvP not yet weighted; 2026/2025 Statcast baseline active,7,7,27,1,"Last 7 games: 7/27, 1 HR","switch hitter; pitcher baseline 9.1% barrel, 12.8 HR allowed",neutral batted-ball profile; pitcher fly-ball pressure modest,4.3,38.9,89.0,99.3696,0.347,0.105,0.284,72.1,22.4,41.1,23.8,6.0,0.15,9.08,43.88,90.04,0.4414,0.1711,26.75,52 deg,Open-Meteo forecast; MLB fallback,https://forecast.weather.gov/MapClick.php?lat=41.9484&lon=-87.6553,57,0,60,Wrigley Field,,,,,,,,,,,
172,670623,Isaac Paredes,HOU,SEA,2026-09-24T02:10:00Z,Scheduled,3,George Kirby,669923,R,43.5,Longshot,Watch List,"Projected Lineup, Premium Lineup Spot",18.1,40.6,42.9,92.1,50.0,62.4,50.0,,No,No,3,Yes,Yes,RotoWire projected lineup; MLB probable pitchers,lineup projected / unconfirmed,H:2026/2025 P:2026/2025,,,Direct BvP not yet weighted; 2026/2025 Statcast baseline active,7,7,24,2,Hot streak: 2 HR in last 7 games,"same-side matchup; pitcher baseline 7.2% barrel, 19.2 HR allowed",neutral batted-ball profile; pitcher fly-ball pressure modest,5.39,30.45,86.42,97.0011,0.3744,0.132,0.3221,67.74,7.64,51.93,31.08,22.1,0.1858,7.2,41.17,89.83,0.4067,0.1465,23.96,246 deg,Open-Meteo forecast; MLB fallback,https://forecast.weather.gov/MapClick.php?lat=47.5914&lon=-122.3325,72,0,66,T-Mobile Park,,,,,,,,,,,
173,647304,Josh Naylor,SEA,HOU,2026-09-24T02:10:00Z,Scheduled,6,Ethan Pecko,814490,R,43.5,Longshot,Watch List,"Projected Lineup, Platoon Edge",22.7,48.4,42.9,71.7,80.0,7.9,50.0,,No,No,6,Yes,Yes,RotoWire projected lineup; MLB probable pitchers,lineup projected / unconfirmed,H:2026/2025 P:2026,,,Direct BvP not yet weighted; 2026/2025 Statcast baseline active,7,5,29,0,"Last 7 games: 5/29, 0 HR","platoon edge; pitcher baseline 9.8% barrel, 5.0 HR allowed",neutral batted-ball profile; pitcher allows elevated contact,5.23,37.7,87.73,98.9931,0.3984,0.1289,0.3173,70.34,11.68,41.5,22.15,13.0,0.1131,9.8,38.6,89.3,0.433,0.197,31.3,246 deg,Open-Meteo forecast; MLB fallback,https://forecast.weather.gov/MapClick.php?lat=47.5914&lon=-122.3325,72,0,66,T-Mobile Park,,,,,,,,,,,
174,691788,Joe Mack,MIA,CHC,2026-09-23T23:40:00Z,Scheduled,8,Kevin Gausman,592332,R,43.3,Longshot,Watch List,"Projected Lineup, Platoon Edge",32.2,42.1,49.3,47.9,80.0,21.5,50.0,,No,No,8,Yes,Yes,RotoWire projected lineup; MLB probable pitchers,lineup projected / unconfirmed,H:2026 P:2026/2025,,,Direct BvP not yet weighted; 2026/2025 Statcast baseline active,7,5,19,0,"Last 7 games: 5/19, 0 HR","platoon edge; pitcher baseline 7.9% barrel, 23.8 HR allowed",neutral batted-ball profile; pitcher fly-ball pressure modest,7.7,38.0,88.6,99.4572,0.381,0.161,0.284,74.3,43.3,48.0,24.4,13.0,0.161,7.87,40.07,88.88,0.407,0.1613,26.02,52 deg,Open-Meteo forecast; MLB fallback,https://forecast.weather.gov/MapClick.php?lat=41.9484&lon=-87.6553,57,0,60,Wrigley Field,,,,,,,,,,,
175,676914,Davis Schneider,TOR,BAL,2026-09-23T17:35:00Z,In Progress,6,Chris Bassitt,605135,R,43.1,Longshot,Watch List,Strong Barrel,40.8,30.8,36.6,76.2,50.0,21.8,50.0,,Yes,,,No,Yes,MLB Stats API; RotoWire,not found on RotoWire,H:2026/2025 P:2026/2025,,,Direct BvP not yet weighted; 2026/2025 Statcast baseline active,7,1,7,1,"Last 7 games: 1/7, 1 HR","same-side matchup; pitcher baseline 6.0% barrel, 13.6 HR allowed",fly-ball profile; pitcher fly-ball pressure modest,12.32,42.36,88.77,100.3264,0.3208,0.1601,0.2887,71.01,12.47,45.96,41.67,6.1,0.1684,6.05,37.02,87.98,0.407,0.1364,23.77,In From CF,Open-Meteo forecast; MLB fallback,https://forecast.weather.gov/MapClick.php?lat=39.2840&lon=-76.6217,92,58,59,Oriole Park at Camden Yards,,,,,,,,,,,
176,571771,Enrique Hernandez,LAD,KC,2026-09-24T02:10:00Z,Scheduled,8,Robbie Ray,592662,L,43.1,Longshot,Watch List,"Projected Lineup, Platoon Edge",30.2,48.6,52.6,47.9,78.0,24.9,19.5,49.0,No,No,8,Yes,Yes,RotoWire projected lineup; MLB probable pitchers,lineup projected / unconfirmed,H:2026/2025 P:2026/2025,,,Direct BvP not yet weighted; 2026/2025 Statcast baseline active,7,4,14,0,"Last 7 games: 4/14, 0 HR","platoon edge; pitcher baseline 8.7% barrel, 22.0 HR allowed",neutral batted-ball profile; pitcher allows elevated contact,8.03,39.77,89.11,99.6576,0.3604,0.1415,0.2779,70.75,13.75,29.59,25.26,5.1,0.1616,8.69,40.08,89.88,0.4088,0.1723,33.38,261 deg,Open-Meteo forecast; MLB fallback,https://forecast.weather.gov/MapClick.php?lat=34.0739&lon=-118.2400,68,0,75,UNIQLO Field at Dodger Stadium,,11.1,0.273,89,1,11,0,19,5.34,10,Tiny sample; park helps but not core parlay leg
177,693304,Nick Gonzales,PIT,STL,2026-09-23T22:40:00Z,Pre-Game,5,Matthew Liberatore,669461,L,43.0,Longshot,Watch List,Platoon Edge,16.1,54.2,28.3,86.4,78.0,16.1,50.0,,Yes,Yes,5,Yes,No,MLB Stats API; RotoWire,,H:2026/2025 P:2026/2025,,,Direct BvP not yet weighted; 2026/2025 Statcast baseline active,7,5,22,0,"Last 7 games: 5/22, 0 HR","platoon edge; pitcher baseline 9.6% barrel, 24.6 HR allowed",neutral batted-ball profile; pitcher fly-ball pressure modest,3.45,35.3,87.12,98.1401,0.3778,0.1056,0.3141,70.71,12.52,36.8,21.61,5.7,0.0915,9.62,41.66,90.18,0.4552,0.1878,28.38,In From CF,Open-Meteo forecast; MLB fallback,https://forecast.weather.gov/MapClick.php?lat=40.4469&lon=-80.0057,87,4,58,PNC Park,,,,,,,,,,,
178,543807,George Springer,TOR,BOS,2026-09-23T17:35:00Z,In Progress,4,Chris Bassitt,605135,R,42.9,Longshot,Watch List,Premium Lineup Spot,39.1,30.8,36.6,94.9,50.0,14.6,12.1,48.0,Yes,No,4,Yes,Yes,MLB Stats API; RotoWire,RotoWire not confirmed,H:2026/2025 P:2026/2025,,,Direct BvP not yet weighted; 2026/2025 Statcast baseline active,7,5,23,0,"Last 7 games: 5/23, 0 HR","same-side matchup; pitcher baseline 6.0% barrel, 13.6 HR allowed",neutral batted-ball profile; pitcher fly-ball pressure modest,9.34,40.88,88.88,100.2657,0.4331,0.182,0.334,73.31,36.56,41.44,26.72,20.1,0.1852,6.05,37.02,87.98,0.407,0.1364,23.77,In From CF,Open-Meteo forecast; MLB fallback,https://forecast.weather.gov/MapClick.php?lat=39.2840&lon=-76.6217,92,58,59,Oriole Park at Camden Yards,,0,0,0,0,0,0,22,3.16,4,EV note only
179,689414,Liam Hicks,TB,NYY,2026-09-23T23:05:00Z,Pre-Game,4,Gerrit Cole,543037,R,42.9,Longshot,Watch List,"Projected Lineup, Premium Lineup Spot, Platoon Edge",7.5,49.5,45.2,90.4,80.0,26.1,50.0,,No,No,4,Yes,Yes,RotoWire projected lineup; MLB probable pitchers,lineup projected / unconfirmed,H:2026/2025 P:2026,,,Direct BvP not yet weighted; 2026/2025 Statcast baseline active,7,5,17,0,"Last 7 games: 5/17, 0 HR","platoon edge; pitcher baseline 8.7% barrel, 21.0 HR allowed",neutral batted-ball profile; pitcher fly-ball pressure modest,3.74,27.14,84.46,96.0625,0.3549,0.099,0.3178,68.03,3.72,41.19,24.08,14.4,0.1354,8.7,45.2,90.9,0.406,0.153,27.0,In From LF,Open-Meteo forecast; MLB fallback,https://forecast.weather.gov/MapClick.php?lat=40.8296&lon=-73.9262,55,0,64,Yankee Stadium,,,,,,,,,,,
180,695670,Harry Ford,WSH,DET,2026-09-23T17:10:00Z,In Progress,7,Framber Valdez,664285,L,42.8,Longshot,Watch List,"Strong Barrel, Platoon Edge",41.2,34.9,28.1,64.3,78.0,7.0,50.0,,Yes,Yes,7,Yes,No,MLB Stats API; RotoWire,,H:2026/2025 P:2026/2025,,,Direct BvP not yet weighted; 2026/2025 Statcast baseline active,7,2,12,0,"Last 7 games: 2/12, 0 HR","platoon edge; pitcher baseline 6.0% barrel, 15.7 HR allowed",fly-ball profile; pitcher fly-ball pressure modest,14.71,38.66,87.46,99.2332,0.3574,0.1717,0.2856,69.62,5.49,33.26,36.63,2.1,0.1106,6.0,43.15,90.24,0.3826,0.1297,18.04,In From LF,Open-Meteo forecast; MLB fallback,https://forecast.weather.gov/MapClick.php?lat=42.3390&lon=-83.0485,68,0,59,Comerica Park,,,,,,,,,,,
181,702176,Alan Roden,MIN,SF,2026-09-23T19:45:00Z,In Progress,5,Cesar Perdomo,702885,L,42.6,Longshot,Watch List,No major boost,17.6,42.2,40.3,86.4,50.0,63.3,50.0,,Yes,Yes,5,Yes,No,MLB Stats API; RotoWire,,H:2026/2025 P:2026,,,Direct BvP not yet weighted; 2026/2025 Statcast baseline active,7,11,22,1,Contact streak: 11/22 over last 7 games,"same-side matchup; pitcher baseline 6.3% barrel, 3.0 HR allowed",neutral batted-ball profile; pitcher fly-ball pressure modest,3.82,39.29,87.45,98.662,0.3575,0.1031,0.3124,70.03,11.25,37.59,21.45,1.3,0.0967,6.3,46.9,90.9,0.432,0.154,29.7,Varies,Open-Meteo forecast; MLB fallback,https://forecast.weather.gov/MapClick.php?lat=37.7786&lon=-122.3893,80,0,63,Oracle Park,,,,,,,,,,,
182,656811,Ryan O'Hearn,PIT,STL,2026-09-23T22:40:00Z,Pre-Game,7,Matthew Liberatore,669461,L,42.6,Longshot,Watch List,No major boost,32.5,54.2,28.3,64.3,50.0,12.0,50.0,,Yes,Yes,7,Yes,No,MLB Stats API; RotoWire,,H:2026/2025 P:2026/2025,,,Direct BvP not yet weighted; 2026/2025 Statcast baseline active,7,5,25,0,"Last 7 games: 5/25, 0 HR","same-side matchup; pitcher baseline 9.6% barrel, 24.6 HR allowed",neutral batted-ball profile; pitcher fly-ball pressure modest,6.97,42.22,89.19,99.2438,0.4064,0.1523,0.3232,71.1,11.57,38.66,27.59,17.7,0.1707,9.62,41.66,90.18,0.4552,0.1878,28.38,In From CF,Open-Meteo forecast; MLB fallback,https://forecast.weather.gov/MapClick.php?lat=40.4469&lon=-80.0057,87,4,58,PNC Park,,,,,,,,,,,
183,676609,José Caballero,NYY,TB,2026-09-23T23:05:00Z,Pre-Game,7,Mason Englert,669438,R,42.3,Longshot,Watch List,No major boost,9.7,65.0,45.2,64.3,50.0,50.3,50.0,,Yes,Yes,7,Yes,No,MLB Stats API; RotoWire,,H:2026/2025 P:2026/2025,,,Direct BvP not yet weighted; 2026/2025 Statcast baseline active,7,6,18,1,Contact streak: 6/18 over last 7 games,"same-side matchup; pitcher baseline 13.2% barrel, 7.5 HR allowed",neutral batted-ball profile; pitcher allows elevated contact,4.78,27.45,84.6,96.4677,0.3369,0.1108,0.2848,68.89,7.98,41.88,21.45,11.3,0.1292,13.25,40.74,89.98,0.5045,0.2272,30.22,In From LF,Open-Meteo forecast; MLB fallback,https://forecast.weather.gov/MapClick.php?lat=40.8296&lon=-73.9262,55,0,64,Yankee Stadium,,,,,,,,,,,
184,668800,Andrew Knizner,SF,MIN,2026-09-23T19:45:00Z,In Progress,5,Connor Prielipp,687570,L,42.2,Longshot,Watch List,Platoon Edge,14.5,39.3,40.3,86.4,78.0,43.8,50.0,,Yes,Yes,5,Yes,No,MLB Stats API; RotoWire,,H:2026/2025 P:2026,,,Direct BvP not yet weighted; 2026/2025 Statcast baseline active,7,7,17,0,Contact streak: 7/17 over last 7 games,"platoon edge; pitcher baseline 6.8% barrel, 14.0 HR allowed",neutral batted-ball profile; pitcher fly-ball pressure modest,4.48,31.18,85.95,97.8351,0.3433,0.1169,0.2899,69.76,6.63,31.59,25.79,1.7,0.12,6.8,42.0,90.2,0.386,0.15,26.9,Varies,Open-Meteo forecast; MLB fallback,https://forecast.weather.gov/MapClick.php?lat=37.7786&lon=-122.3893,80,0,63,Oracle Park,,,,,,,,,,,
185,807712,Luke Keaschall,MIN,SF,2026-09-23T19:45:00Z,In Progress,1,Cesar Perdomo,702885,L,42.1,Longshot,Watch List,"Premium Lineup Spot, Platoon Edge",12.6,42.2,40.3,93.2,78.0,20.9,50.0,,Yes,Yes,1,Yes,No,MLB Stats API; RotoWire,,H:2026/2025 P:2026,,,Direct BvP not yet weighted; 2026/2025 Statcast baseline active,7,7,27,0,"Last 7 games: 7/27, 0 HR","platoon edge; pitcher baseline 6.3% barrel, 3.0 HR allowed",neutral batted-ball profile; pitcher fly-ball pressure modest,3.94,29.52,85.64,96.6603,0.364,0.1132,0.3177,68.57,7.31,38.75,27.25,7.5,0.1199,6.3,46.9,90.9,0.432,0.154,29.7,Varies,Open-Meteo forecast; MLB fallback,https://forecast.weather.gov/MapClick.php?lat=37.7786&lon=-122.3893,80,0,63,Oracle Park,,,,,,,,,,,
186,680574,Matt McLain,CIN,ATL,2026-09-23T23:15:00Z,Pre-Game,6,Chris Sale,519242,L,42.1,Longshot,Watch List,Platoon Edge,32.0,23.7,51.9,76.2,78.0,1.6,50.0,,Yes,Yes,6,Yes,No,MLB Stats API; RotoWire,,H:2026/2025 P:2026/2025,,,Direct BvP not yet weighted; 2026/2025 Statcast baseline active,7,3,23,0,"Last 7 games: 3/23, 0 HR","platoon edge; pitcher baseline 6.2% barrel, 9.6 HR allowed",neutral batted-ball profile; pitcher fly-ball pressure modest,8.85,37.48,88.31,98.9188,0.3662,0.1504,0.2952,70.93,9.89,36.27,33.78,15.0,0.1412,6.16,35.26,87.69,0.3277,0.1122,25.83,L To R,Open-Meteo forecast; MLB fallback,https://forecast.weather.gov/MapClick.php?lat=33.8907&lon=-84.4677,75,5,77,Truist Park,,,,,,,,,,,
187,682663,Agustin Ramirez,MIA,CHC,2026-09-23T23:40:00Z,Scheduled,9,Kevin Gausman,592332,R,42.1,Longshot,Watch List,"Projected Lineup, Hot Hitter/Streak",31.0,42.1,49.3,40.2,50.0,75.8,50.0,,No,No,9,Yes,Yes,RotoWire projected lineup; MLB probable pitchers,lineup projected / unconfirmed,H:2026/2025 P:2026/2025,,,Direct BvP not yet weighted; 2026/2025 Statcast baseline active,7,8,21,2,Hot streak: 2 HR in last 7 games,"same-side matchup; pitcher baseline 7.9% barrel, 23.8 HR allowed",neutral batted-ball profile; pitcher fly-ball pressure modest,6.52,42.38,90.17,102.652,0.3618,0.1259,0.3005,75.62,56.74,42.5,18.28,9.8,0.1456,7.87,40.07,88.88,0.407,0.1613,26.02,52 deg,Open-Meteo forecast; MLB fallback,https://forecast.weather.gov/MapClick.php?lat=41.9484&lon=-87.6553,57,0,60,Wrigley Field,,,,,,,,,,,
188,518595,Travis d'Arnaud,LAA,ATH,2026-09-24T01:40:00Z,Scheduled,9,Jeffrey Springs,605488,L,42.1,Longshot,Watch List,"Projected Lineup, Strong Barrel, Platoon Edge",29.6,45.5,54.4,40.2,78.0,8.5,50.0,,No,No,9,Yes,Yes,RotoWire projected lineup; MLB probable pitchers,lineup projected / unconfirmed,H:2026/2025 P:2026/2025,,,Direct BvP not yet weighted; 2026/2025 Statcast baseline active,7,3,17,0,"Last 7 games: 3/17, 0 HR","platoon edge; pitcher baseline 8.8% barrel, 31.5 HR allowed",neutral batted-ball profile; pitcher allows elevated contact,10.7,34.68,87.15,97.6322,0.3117,0.1449,0.2501,71.01,13.74,31.84,31.02,2.5,0.1019,8.8,35.34,87.67,0.4394,0.189,32.09,219 deg,Open-Meteo forecast; MLB fallback,https://forecast.weather.gov/MapClick.php?lat=38.5804&lon=-121.5139,44,0,82,Sutter Health Park,,,,,,,,,,,
189,681082,Bryson Stott,PHI,MIL,2026-09-23T22:40:00Z,Pre-Game,6,Logan Henderson,701656,R,42.0,Longshot,Watch List,Platoon Edge,25.1,38.7,36.8,76.2,80.0,12.0,50.0,,Yes,Yes,6,Yes,No,MLB Stats API; RotoWire,,H:2026/2025 P:2026/2025,,,Direct BvP not yet weighted; 2026/2025 Statcast baseline active,7,5,25,0,"Last 7 games: 5/25, 0 HR","platoon edge; pitcher baseline 8.8% barrel, 10.7 HR allowed",neutral batted-ball profile; pitcher allows elevated contact,5.8,34.82,88.72,98.286,0.3986,0.1383,0.3235,69.72,6.68,34.24,27.87,10.9,0.1375,8.81,36.58,88.8,0.3597,0.1477,31.84,In From CF,Open-Meteo forecast; MLB fallback,https://forecast.weather.gov/MapClick.php?lat=39.9061&lon=-75.1665,84,18,61,Citizens Bank Park,,,,,,,,,,,
190,678218,Brandon Valenzuela,TOR,BAL,2026-09-23T22:35:00Z,Scheduled,7,,,,41.8,Longshot,Watch List,"Projected Lineup, Platoon Edge",26.2,40.2,47.1,59.8,75.0,19.5,50.0,,No,Yes,7,Yes,Yes,RotoWire projected lineup; MLB probable pitchers,lineup projected / unconfirmed,H:2026 P:,,,Direct BvP not yet weighted; 2026/2025 Statcast baseline active,7,4,16,0,"Last 7 games: 4/16, 0 HR","switch hitter; pitcher baseline 0.0% barrel, 0.0 HR allowed",neutral batted-ball profile; pitcher fly-ball pressure modest,6.6,37.1,88.1,99.2168,0.373,0.133,0.312,72.6,22.0,43.7,24.0,8.0,0.142,,,,,,,41 deg,Open-Meteo forecast; MLB fallback,https://forecast.weather.gov/MapClick.php?lat=39.2840&lon=-76.6217,92,58,59,Oriole Park at Camden Yards,,,,,,,,,,,
191,680700,Richie Palacios,TB,NYY,2026-09-23T23:05:00Z,Pre-Game,7,Gerrit Cole,543037,R,41.8,Longshot,Watch List,"Projected Lineup, Platoon Edge",16.2,49.5,45.2,59.8,80.0,35.6,50.0,,No,No,7,Yes,Yes,RotoWire projected lineup; MLB probable pitchers,lineup projected / unconfirmed,H:2026/2025 P:2026,,,Direct BvP not yet weighted; 2026/2025 Statcast baseline active,7,4,17,1,"Last 7 games: 4/17, 1 HR","platoon edge; pitcher baseline 8.7% barrel, 21.0 HR allowed",neutral batted-ball profile; pitcher fly-ball pressure modest,4.64,33.74,87.52,97.1889,0.3702,0.1025,0.3243,68.84,3.94,36.39,21.54,7.3,0.1344,8.7,45.2,90.9,0.406,0.153,27.0,In From LF,Open-Meteo forecast; MLB fallback,https://forecast.weather.gov/MapClick.php?lat=40.8296&lon=-73.9262,55,0,64,Yankee Stadium,,,,,,,,,,,
192,593428,Xander Bogaerts,SD,LAD,2026-09-24T02:10:00Z,Scheduled,6,Yoshinobu Yamamoto,808967,R,41.8,Longshot,Watch List,Projected Lineup,28.7,26.8,52.6,71.7,50.0,56.6,50.0,,No,No,6,Yes,Yes,RotoWire projected lineup; MLB probable pitchers,lineup projected / unconfirmed,H:2026/2025 P:2026/2025,,,Direct BvP not yet weighted; 2026/2025 Statcast baseline active,7,9,24,1,Contact streak: 9/24 over last 7 games,"same-side matchup; pitcher baseline 6.3% barrel, 17.5 HR allowed",neutral batted-ball profile; pitcher fly-ball pressure modest,5.99,41.37,89.35,100.2616,0.3864,0.1327,0.3242,72.31,27.8,43.17,23.2,11.7,0.1154,6.33,37.11,87.95,0.325,0.1179,22.87,261 deg,Open-Meteo forecast; MLB fallback,https://forecast.weather.gov/MapClick.php?lat=34.0739&lon=-118.2400,68,0,75,UNIQLO Field at Dodger Stadium,,,,,,,,,,,
193,702284,Cole Young,SEA,HOU,2026-09-24T02:10:00Z,Scheduled,7,Ethan Pecko,814490,R,41.8,Longshot,Watch List,"Projected Lineup, Platoon Edge",23.5,48.4,42.9,59.8,80.0,2.5,50.0,,No,No,7,Yes,Yes,RotoWire projected lineup; MLB probable pitchers,lineup projected / unconfirmed,H:2026/2025 P:2026,,,Direct BvP not yet weighted; 2026/2025 Statcast baseline active,7,3,22,0,"Last 7 games: 3/22, 0 HR","platoon edge; pitcher baseline 9.8% barrel, 5.0 HR allowed",neutral batted-ball profile; pitcher allows elevated contact,5.18,36.0,88.09,98.7942,0.3795,0.1303,0.3089,71.51,21.65,42.12,26.66,13.1,0.1255,9.8,38.6,89.3,0.433,0.197,31.3,246 deg,Open-Meteo forecast; MLB fallback,https://forecast.weather.gov/MapClick.php?lat=47.5914&lon=-122.3325,72,0,66,T-Mobile Park,,,,,,,,,,,
194,693306,Aaron Sabato,MIN,SF,2026-09-23T19:45:00Z,In Progress,8,Cesar Perdomo,702885,L,41.7,Longshot,Watch List,Platoon Edge,33.1,42.2,40.3,52.4,78.0,0.0,50.0,,Yes,Yes,8,Yes,No,MLB Stats API; RotoWire,,H:2026 P:2026,,,Direct BvP not yet weighted; 2026/2025 Statcast baseline active,2,0,3,0,"Last 2 games: 0/3, 0 HR","platoon edge; pitcher baseline 6.3% barrel, 3.0 HR allowed",fly-ball profile; pitcher fly-ball pressure modest,0.0,50.0,89.9,95.6276,0.259,0.144,0.156,73.5,33.3,50.0,50.0,0.0,0.0,6.3,46.9,90.9,0.432,0.154,29.7,Varies,Open-Meteo forecast; MLB fallback,https://forecast.weather.gov/MapClick.php?lat=37.7786&lon=-122.3893,80,0,63,Oracle Park,,,,,,,,,,,
195,691594,Javier Sanoja,MIA,CHC,2026-09-23T23:40:00Z,Scheduled,5,Kevin Gausman,592332,R,41.4,Longshot,Watch List,Projected Lineup,11.4,42.1,49.3,81.9,50.0,65.2,50.0,,No,No,5,Yes,Yes,RotoWire projected lineup; MLB probable pitchers,lineup projected / unconfirmed,H:2026/2025 P:2026/2025,,,Direct BvP not yet weighted; 2026/2025 Statcast baseline active,7,9,29,2,Hot streak: 2 HR in last 7 games,"same-side matchup; pitcher baseline 7.9% barrel, 23.8 HR allowed",neutral batted-ball profile; pitcher fly-ball pressure modest,2.43,32.97,87.45,97.5491,0.3518,0.0865,0.2904,69.0,6.88,38.15,19.53,8.8,0.1586,7.87,40.07,88.88,0.407,0.1613,26.02,52 deg,Open-Meteo forecast; MLB fallback,https://forecast.weather.gov/MapClick.php?lat=41.9484&lon=-87.6553,57,0,60,Wrigley Field,,,,,,,,,,,
196,514888,Jose Altuve,HOU,SEA,2026-09-24T02:10:00Z,Scheduled,4,George Kirby,669923,R,41.3,Longshot,Watch List,"Projected Lineup, Premium Lineup Spot",13.6,40.6,42.9,90.4,50.0,52.1,50.0,,No,No,4,Yes,Yes,RotoWire projected lineup; MLB probable pitchers,lineup projected / unconfirmed,H:2026/2025 P:2026/2025,,,Direct BvP not yet weighted; 2026/2025 Statcast baseline active,7,10,29,1,Contact streak: 10/29 over last 7 games,"same-side matchup; pitcher baseline 7.2% barrel, 19.2 HR allowed",neutral batted-ball profile; pitcher fly-ball pressure modest,4.87,31.46,85.45,97.1079,0.3441,0.1162,0.2804,68.93,9.57,45.85,23.21,19.0,0.1595,7.2,41.17,89.83,0.4067,0.1465,23.96,246 deg,Open-Meteo forecast; MLB fallback,https://forecast.weather.gov/MapClick.php?lat=47.5914&lon=-122.3325,72,0,66,T-Mobile Park,,,,,,,,,,,
197,686765,Nick Sogard,BOS,CLE,2026-09-23T23:10:00Z,Pre-Game,2,Foster Griffin,656492,L,41.0,Longshot,Watch List,"Projected Lineup, Premium Lineup Spot, Platoon Edge",15.5,39.1,27.7,95.5,75.0,28.1,50.0,,No,Yes,2,Yes,Yes,RotoWire projected lineup; MLB probable pitchers,lineup projected / unconfirmed,H:2026/2025 P:2026,,,Direct BvP not yet weighted; 2026/2025 Statcast baseline active,7,5,27,1,"Last 7 games: 5/27, 1 HR","switch hitter; pitcher baseline 8.5% barrel, 23.0 HR allowed",neutral batted-ball profile; pitcher fly-ball pressure modest,5.32,30.15,86.56,96.8742,0.3603,0.1128,0.3069,68.78,3.89,44.33,24.86,3.5,0.1239,8.5,37.4,88.0,0.414,0.155,25.3,In From CF,Open-Meteo forecast; MLB fallback,https://forecast.weather.gov/MapClick.php?lat=42.3467&lon=-71.0972,57,0,54,Fenway Park,,,,,,,,,,,
198,806367,Turner Hill,SF,MIN,2026-09-23T19:45:00Z,In Progress,2,Connor Prielipp,687570,L,40.8,Longshot,Watch List,Premium Lineup Spot,13.2,39.3,40.3,100.0,50.0,30.3,50.0,,Yes,Yes,2,Yes,No,MLB Stats API; RotoWire,,H:2026 P:2026,,,Direct BvP not yet weighted; 2026/2025 Statcast baseline active,7,4,20,1,"Last 7 games: 4/20, 1 HR","same-side matchup; pitcher baseline 6.8% barrel, 14.0 HR allowed",neutral batted-ball profile; pitcher fly-ball pressure modest,3.8,31.3,87.5,96.3954,0.366,0.111,0.325,65.5,0.6,47.5,23.8,1.0,0.094,6.8,42.0,90.2,0.386,0.15,26.9,Varies,Open-Meteo forecast; MLB fallback,https://forecast.weather.gov/MapClick.php?lat=37.7786&lon=-122.3893,80,0,63,Oracle Park,,,,,,,,,,,
199,669242,Tommy Edman,LAD,SD,2026-09-24T02:10:00Z,Scheduled,9,Robbie Ray,592662,L,40.8,Longshot,Watch List,"Projected Lineup, Platoon Edge",20.7,46.8,52.6,40.2,75.0,43.7,50.0,,No,No,9,Yes,Yes,RotoWire projected lineup; MLB probable pitchers,lineup projected / unconfirmed,H:2026/2025 P:2026/2025,,,Direct BvP not yet weighted; 2026/2025 Statcast baseline active,7,4,24,2,Hot streak: 2 HR in last 7 games,"switch hitter; pitcher baseline 8.7% barrel, 22.0 HR allowed",neutral batted-ball profile; pitcher allows elevated contact,5.27,34.65,87.6,98.7407,0.3676,0.1167,0.3098,70.59,13.58,43.23,27.06,9.5,0.1458,8.69,40.08,89.88,0.4088,0.1723,33.38,261 deg,Open-Meteo forecast; MLB fallback,https://forecast.weather.gov/MapClick.php?lat=34.0739&lon=-118.2400,68,0,75,UNIQLO Field at Dodger Stadium,,,,,,,,,,,
200,608348,Carson Kelly,CHC,MIA,2026-09-23T23:40:00Z,Scheduled,8,Ryan Gusto,687473,R,40.7,Longshot,Watch List,Projected Lineup,25.4,49.6,49.3,47.9,50.0,27.0,50.0,,No,No,8,Yes,Yes,RotoWire projected lineup; MLB probable pitchers,lineup projected / unconfirmed,H:2026/2025 P:2026/2025,,,Direct BvP not yet weighted; 2026/2025 Statcast baseline active,7,6,20,0,"Last 7 games: 6/20, 0 HR","same-side matchup; pitcher baseline 9.1% barrel, 12.8 HR allowed",neutral batted-ball profile; pitcher fly-ball pressure modest,6.59,37.22,87.26,98.6728,0.3844,0.1421,0.3147,70.54,7.98,40.27,25.92,12.1,0.1377,9.08,43.88,90.04,0.4414,0.1711,26.75,52 deg,Open-Meteo forecast; MLB fallback,https://forecast.weather.gov/MapClick.php?lat=41.9484&lon=-87.6553,57,0,60,Wrigley Field,,,,,,,,,,,
201,664770,Nathan Lukes,TOR,BAL,2026-09-23T22:35:00Z,Scheduled,1,,,,40.6,Longshot,Watch List,"Projected Lineup, Premium Lineup Spot",11.3,41.2,47.1,88.7,60.0,27.0,50.0,,No,No,5,Yes,Yes,RotoWire projected lineup; MLB probable pitchers,lineup projected / unconfirmed; order MLB 1 vs RotoWire 5,H:2026/2025 P:,,,Direct BvP not yet weighted; 2026/2025 Statcast baseline active,7,6,20,0,"Last 7 games: 6/20, 0 HR","handedness incomplete; pitcher baseline 0.0% barrel, 0.0 HR allowed",neutral batted-ball profile; pitcher fly-ball pressure modest,3.26,31.26,87.13,96.9445,0.3584,0.1029,0.2968,67.3,3.69,31.98,21.02,10.6,0.124,,,,,,,41 deg,Open-Meteo forecast; MLB fallback,https://forecast.weather.gov/MapClick.php?lat=39.2840&lon=-76.6217,92,58,59,Oriole Park at Camden Yards,,,,,,,,,,,
202,596115,Trevor Story,BOS,CLE,2026-09-23T23:10:00Z,Pre-Game,8,Foster Griffin,656492,L,40.6,Longshot,Watch List,"Projected Lineup, Platoon Edge, Hot Hitter/Streak",26.8,40.8,27.7,47.9,78.0,72.7,50.0,,No,Yes,8,Yes,Yes,RotoWire projected lineup; MLB probable pitchers,lineup projected / unconfirmed,H:2026/2025 P:2026,,,Direct BvP not yet weighted; 2026/2025 Statcast baseline active,7,9,25,2,Hot streak: 2 HR in last 7 games,"platoon edge; pitcher baseline 8.5% barrel, 23.0 HR allowed",neutral batted-ball profile; pitcher fly-ball pressure modest,6.89,40.0,88.39,99.7173,0.3573,0.1289,0.2711,71.03,14.03,42.79,25.09,11.0,0.1357,8.5,37.4,88.0,0.414,0.155,25.3,In From CF,Open-Meteo forecast; MLB fallback,https://forecast.weather.gov/MapClick.php?lat=42.3467&lon=-71.0972,57,0,54,Fenway Park,,,,,,,,,,,
203,677649,Ezequiel Duran,TEX,NYM,2026-09-24T00:05:00Z,Scheduled,1,Nolan McLean,690997,R,40.4,Longshot,Watch List,"Projected Lineup, Premium Lineup Spot",20.1,29.6,58.6,88.7,50.0,6.0,50.0,,No,No,1,Yes,Yes,RotoWire projected lineup; MLB probable pitchers,lineup projected / unconfirmed,H:2026/2025 P:2026/2025,,,Direct BvP not yet weighted; 2026/2025 Statcast baseline active,7,4,25,0,"Last 7 games: 4/25, 0 HR","same-side matchup; pitcher baseline 7.0% barrel, 13.1 HR allowed",neutral batted-ball profile; pitcher fly-ball pressure modest,4.91,36.08,87.75,98.9814,0.3489,0.1139,0.2862,72.27,24.59,35.52,21.58,11.9,0.1362,6.95,37.94,88.45,0.3471,0.1239,21.56,67 deg,Open-Meteo forecast; MLB fallback,https://forecast.weather.gov/MapClick.php?lat=32.7473&lon=-97.0842,41,0,93,Globe Life Field,,,,,,,,,,,
204,671976,Tristan Peters,CWS,KC,2026-09-23T23:40:00Z,Pre-Game,6,Seth Lugo,607625,R,40.3,Longshot,Watch List,"Projected Lineup, Platoon Edge",14.4,53.9,32.2,71.7,80.0,0.0,50.0,,No,No,6,Yes,Yes,RotoWire projected lineup; MLB probable pitchers,lineup projected / unconfirmed,H:2026/2025 P:2026/2025,,,Direct BvP not yet weighted; 2026/2025 Statcast baseline active,7,0,11,0,"Last 7 games: 0/11, 0 HR","platoon edge; pitcher baseline 8.9% barrel, 24.2 HR allowed",neutral batted-ball profile; pitcher fly-ball pressure modest,3.92,35.66,87.22,98.1516,0.3257,0.1064,0.2649,69.16,5.18,42.05,19.88,8.4,0.1253,8.93,43.52,90.0,0.4618,0.1918,28.97,In From RF,Open-Meteo forecast; MLB fallback,https://forecast.weather.gov/MapClick.php?lat=39.0517&lon=-94.4803,67,0,70,Kauffman Stadium,,,,,,,,,,,
205,669701,Josh Smith,TOR,BAL,2026-09-23T22:35:00Z,Scheduled,5,,,,40.2,Longshot,Watch List,Projected Lineup,17.2,41.2,47.1,81.9,60.0,0.0,50.0,,No,No,7,Yes,Yes,RotoWire projected lineup; MLB probable pitchers,lineup projected / unconfirmed; order MLB 5 vs RotoWire 7,H:2026/2025 P:,,,Direct BvP not yet weighted; 2026/2025 Statcast baseline active,7,1,19,0,"Last 7 games: 1/19, 0 HR","handedness incomplete; pitcher baseline 0.0% barrel, 0.0 HR allowed",neutral batted-ball profile; pitcher fly-ball pressure modest,6.19,30.82,86.15,97.1474,0.3359,0.1176,0.2897,68.86,2.9,36.58,29.63,7.2,0.1192,,,,,,,41 deg,Open-Meteo forecast; MLB fallback,https://forecast.weather.gov/MapClick.php?lat=39.2840&lon=-76.6217,92,58,59,Oriole Park at Camden Yards,,,,,,,,,,,
206,695336,Thomas Saggese,STL,PIT,2026-09-23T22:40:00Z,Pre-Game,7,Lake Bachar,669199,R,40.2,Longshot,Watch List,Projected Lineup,37.0,41.7,28.3,59.8,50.0,6.0,50.0,,No,No,7,Yes,Yes,RotoWire projected lineup; MLB probable pitchers,lineup projected / unconfirmed,H:2026/2025 P:2026/2025,,,Direct BvP not yet weighted; 2026/2025 Statcast baseline active,7,4,25,0,"Last 7 games: 4/25, 0 HR","same-side matchup; pitcher baseline 8.7% barrel, 12.1 HR allowed",neutral batted-ball profile; pitcher allows elevated contact,8.82,43.05,90.41,100.6121,0.3951,0.1516,0.3069,71.55,18.18,29.48,27.32,3.4,0.1155,8.67,36.67,89.25,0.3794,0.1689,31.5,In From CF,Open-Meteo forecast; MLB fallback,https://forecast.weather.gov/MapClick.php?lat=40.4469&lon=-80.0057,87,4,58,PNC Park,,,,,,,,,,,
207,703492,Nick Morabito,NYM,TEX,2026-09-24T00:05:00Z,Scheduled,9,Cody Bradford,674003,L,40.2,Longshot,Watch List,"Projected Lineup, Platoon Edge",16.6,49.5,58.6,40.2,78.0,22.0,50.0,,No,No,9,Yes,Yes,RotoWire projected lineup; MLB probable pitchers,lineup projected / unconfirmed,H:2026 P:2026,,,Direct BvP not yet weighted; 2026/2025 Statcast baseline active,7,4,15,0,"Last 7 games: 4/15, 0 HR","platoon edge; pitcher baseline 9.5% barrel, 4.0 HR allowed",neutral batted-ball profile; pitcher allows elevated contact,0.0,40.9,89.2,99.2079,0.32,0.051,0.315,70.7,23.1,31.8,9.1,0.0,0.03,9.5,37.0,89.4,0.472,0.192,35.5,67 deg,Open-Meteo forecast; MLB fallback,https://forecast.weather.gov/MapClick.php?lat=32.7473&lon=-97.0842,41,0,93,Globe Life Field,,,,,,,,,,,
208,701358,Cam Smith,HOU,SEA,2026-09-24T02:10:00Z,Scheduled,9,George Kirby,669923,R,40.2,Longshot,Watch List,"Projected Lineup, Strong Barrel",41.0,40.6,42.9,40.2,50.0,0.0,50.0,,No,No,9,Yes,Yes,RotoWire projected lineup; MLB probable pitchers,lineup projected / unconfirmed,H:2026/2025 P:2026/2025,,,Direct BvP not yet weighted; 2026/2025 Statcast baseline active,7,1,25,0,"Last 7 games: 1/25, 0 HR","same-side matchup; pitcher baseline 7.2% barrel, 19.2 HR allowed",neutral batted-ball profile; pitcher fly-ball pressure modest,10.12,42.83,88.39,101.362,0.411,0.1746,0.3138,76.95,68.81,37.42,25.0,16.7,0.1626,7.2,41.17,89.83,0.4067,0.1465,23.96,246 deg,Open-Meteo forecast; MLB fallback,https://forecast.weather.gov/MapClick.php?lat=47.5914&lon=-122.3325,72,0,66,T-Mobile Park,,,,,,,,,,,
209,650333,Luis Arraez,PHI,MIL,2026-09-23T22:40:00Z,Pre-Game,4,Logan Henderson,701656,R,40.0,Longshot,Watch List,"Premium Lineup Spot, Platoon Edge",6.9,38.7,36.8,94.9,80.0,32.0,50.0,,Yes,Yes,4,Yes,No,MLB Stats API; RotoWire,,H:2026/2025 P:2026/2025,,,Direct BvP not yet weighted; 2026/2025 Statcast baseline active,7,8,24,0,Contact streak: 8/24 over last 7 games,"platoon edge; pitcher baseline 8.8% barrel, 10.7 HR allowed",neutral batted-ball profile; pitcher allows elevated contact,1.17,18.38,86.24,93.9045,0.3735,0.0851,0.3065,62.92,0.19,30.24,28.31,6.6,0.107,8.81,36.58,88.8,0.3597,0.1477,31.84,In From CF,Open-Meteo forecast; MLB fallback,https://forecast.weather.gov/MapClick.php?lat=39.9061&lon=-75.1665,84,18,61,Citizens Bank Park,,,,,,,,,,,
210,682877,Juan Brito,CIN,ATL,2026-09-23T23:15:00Z,Pre-Game,1,Chris Sale,519242,L,40.0,Longshot,Watch List,"Premium Lineup Spot, Platoon Edge",15.3,22.7,51.9,93.2,75.0,24.9,50.0,,Yes,Yes,1,Yes,No,MLB Stats API; RotoWire,,H:2026 P:2026/2025,,,Direct BvP not yet weighted; 2026/2025 Statcast baseline active,7,6,21,0,"Last 7 games: 6/21, 0 HR","switch hitter; pitcher baseline 6.2% barrel, 9.6 HR allowed",neutral batted-ball profile; pitcher fly-ball pressure modest,5.8,30.4,85.2,96.3423,0.357,0.125,0.284,69.7,4.7,52.2,21.7,2.0,0.132,6.16,35.26,87.69,0.3277,0.1122,25.83,L To R,Open-Meteo forecast; MLB fallback,https://forecast.weather.gov/MapClick.php?lat=33.8907&lon=-84.4677,75,5,77,Truist Park,,,,,,,,,,,
211,814430,Brett Callahan,DET,WSH,2026-09-23T17:10:00Z,In Progress,9,Richard Lovelady,663992,L,39.9,Longshot,Watch List,Strong Barrel,47.5,34.2,28.1,44.8,50.0,12.0,50.0,,Yes,,,No,Yes,MLB Stats API; RotoWire,not found on RotoWire,H:2026 P:2026/2025,,,Direct BvP not yet weighted; 2026/2025 Statcast baseline active,7,2,10,0,"Last 7 games: 2/10, 0 HR","same-side matchup; pitcher baseline 8.3% barrel, 3.7 HR allowed",neutral batted-ball profile; pitcher fly-ball pressure modest,11.9,45.2,90.3,101.0042,0.404,0.178,0.306,74.8,50.0,33.3,33.3,1.0,0.123,8.35,35.23,87.52,0.4319,0.1597,20.0,In From LF,Open-Meteo forecast; MLB fallback,https://forecast.weather.gov/MapClick.php?lat=42.3390&lon=-83.0485,68,0,59,Comerica Park,,,,,,,,,,,
212,672275,Patrick Bailey,CLE,BOS,2026-09-23T23:10:00Z,Pre-Game,7,Sonny Gray,543243,R,39.9,Longshot,Watch List,Platoon Edge,30.5,37.4,27.7,64.3,75.0,9.3,50.0,,Yes,Yes,7,Yes,No,MLB Stats API; RotoWire,,H:2026/2025 P:2026/2025,,,Direct BvP not yet weighted; 2026/2025 Statcast baseline active,7,4,22,0,"Last 7 games: 4/22, 0 HR","switch hitter; pitcher baseline 8.0% barrel, 18.7 HR allowed",neutral batted-ball profile; pitcher fly-ball pressure modest,6.58,40.11,89.67,99.6133,0.3708,0.1419,0.2906,72.41,26.2,34.6,27.04,7.4,0.1114,7.98,39.16,89.11,0.3936,0.1453,23.2,In From CF,Open-Meteo forecast; MLB fallback,https://forecast.weather.gov/MapClick.php?lat=42.3467&lon=-71.0972,57,0,54,Fenway Park,,,,,,,,,,,
213,656775,Cedric Mullins,TB,NYY,2026-09-23T23:05:00Z,Pre-Game,8,Gerrit Cole,543037,R,39.8,Longshot,Watch List,"Projected Lineup, Platoon Edge",20.3,49.5,45.2,47.9,80.0,3.4,50.0,,No,No,8,Yes,Yes,RotoWire projected lineup; MLB probable pitchers,lineup projected / unconfirmed,H:2026/2025 P:2026,,,Direct BvP not yet weighted; 2026/2025 Statcast baseline active,7,2,14,0,"Last 7 games: 2/14, 0 HR","platoon edge; pitcher baseline 8.7% barrel, 21.0 HR allowed",neutral batted-ball profile; pitcher fly-ball pressure modest,4.73,33.31,88.17,97.9554,0.3178,0.1229,0.2694,71.03,9.92,45.88,31.94,14.9,0.1484,8.7,45.2,90.9,0.406,0.153,27.0,In From LF,Open-Meteo forecast; MLB fallback,https://forecast.weather.gov/MapClick.php?lat=40.8296&lon=-73.9262,55,0,64,Yankee Stadium,,,,,,,,,,,
214,666126,Carlos Cortes,ATH,LAA,2026-09-24T01:40:00Z,Scheduled,7,Walbert Ureña,700712,R,39.7,Longshot,Watch List,"Projected Lineup, Platoon Edge",28.7,18.6,54.4,59.8,80.0,31.9,50.0,,No,No,7,Yes,Yes,RotoWire projected lineup; MLB probable pitchers,lineup projected / unconfirmed,H:2026/2025 P:2026,,,Direct BvP not yet weighted; 2026/2025 Statcast baseline active,7,4,19,1,"Last 7 games: 4/19, 1 HR","platoon edge; pitcher baseline 5.4% barrel, 9.0 HR allowed",neutral batted-ball profile; pitcher fly-ball pressure modest,7.17,38.54,88.82,99.3375,0.3954,0.1434,0.3077,70.69,14.06,30.69,22.94,8.2,0.1759,5.4,35.6,87.1,0.313,0.106,21.8,219 deg,Open-Meteo forecast; MLB fallback,https://forecast.weather.gov/MapClick.php?lat=38.5804&lon=-121.5139,44,0,82,Sutter Health Park,,,,,,,,,,,
215,672580,Maikel Garcia,KC,CWS,2026-09-23T23:40:00Z,Pre-Game,4,Bryan Hudson,663542,L,39.6,Longshot,Watch List,"Premium Lineup Spot, Platoon Edge",25.5,22.5,32.2,94.9,78.0,0.0,50.0,,Yes,Yes,4,Yes,No,MLB Stats API; RotoWire,,H:2026/2025 P:2026/2025,,,Direct BvP not yet weighted; 2026/2025 Statcast baseline active,7,2,19,0,"Last 7 games: 2/19, 0 HR","platoon edge; pitcher baseline 5.2% barrel, 4.1 HR allowed",neutral batted-ball profile; pitcher fly-ball pressure modest,4.69,41.46,90.18,100.282,0.3821,0.1117,0.3196,71.69,17.73,34.39,21.39,6.9,0.128,5.2,37.44,88.7,0.3371,0.1053,25.59,In From RF,Open-Meteo forecast; MLB fallback,https://forecast.weather.gov/MapClick.php?lat=39.0517&lon=-94.4803,67,0,70,Kauffman Stadium,,,,,,,,,,,
216,645305,Ali Sánchez,NYY,TB,2026-09-23T23:05:00Z,Pre-Game,9,Mason Englert,669438,R,39.5,Longshot,Watch List,No major boost,15.0,65.0,45.2,44.8,50.0,16.6,50.0,,Yes,Yes,9,Yes,No,MLB Stats API; RotoWire,,H:2026/2025 P:2026/2025,,,Direct BvP not yet weighted; 2026/2025 Statcast baseline active,7,3,13,0,"Last 7 games: 3/13, 0 HR","same-side matchup; pitcher baseline 13.2% barrel, 7.5 HR allowed",neutral batted-ball profile; pitcher allows elevated contact,7.8,31.12,84.66,96.287,0.3232,0.0987,0.2473,70.21,8.47,38.61,19.0,0.7,0.0702,13.25,40.74,89.98,0.5045,0.2272,30.22,In From LF,Open-Meteo forecast; MLB fallback,https://forecast.weather.gov/MapClick.php?lat=40.8296&lon=-73.9262,55,0,64,Yankee Stadium,,,,,,,,,,,
217,678882,Ceddanne Rafaela,BOS,CLE,2026-09-23T23:10:00Z,Pre-Game,6,Foster Griffin,656492,L,39.5,Longshot,Watch List,"Projected Lineup, Platoon Edge",21.7,40.8,27.7,71.7,78.0,15.3,50.0,,No,Yes,6,Yes,Yes,RotoWire projected lineup; MLB probable pitchers,lineup projected / unconfirmed,H:2026/2025 P:2026,,,Direct BvP not yet weighted; 2026/2025 Statcast baseline active,7,6,27,0,"Last 7 games: 6/27, 0 HR","platoon edge; pitcher baseline 8.5% barrel, 23.0 HR allowed",neutral batted-ball profile; pitcher fly-ball pressure modest,6.4,33.87,86.9,97.7024,0.3754,0.1299,0.2889,69.95,8.62,35.15,26.07,16.0,0.1622,8.5,37.4,88.0,0.414,0.155,25.3,In From CF,Open-Meteo forecast; MLB fallback,https://forecast.weather.gov/MapClick.php?lat=42.3467&lon=-71.0972,57,0,54,Fenway Park,,,,,,,,,,,
218,665966,Carlos Narvaez,BAL,TOR,2026-09-23T22:35:00Z,Scheduled,9,,,,39.4,Longshot,Watch List,Projected Lineup,30.4,41.2,47.1,40.2,60.0,19.5,50.0,,No,No,9,Yes,Yes,RotoWire projected lineup; MLB probable pitchers,lineup projected / unconfirmed,H:2026/2025 P:,,,Direct BvP not yet weighted; 2026/2025 Statcast baseline active,7,3,12,0,"Last 7 games: 3/12, 0 HR","handedness incomplete; pitcher baseline 0.0% barrel, 0.0 HR allowed",neutral batted-ball profile; pitcher fly-ball pressure modest,7.14,39.49,90.89,100.0616,0.3257,0.1256,0.2699,72.09,19.81,32.51,29.68,6.6,0.0996,,,,,,,41 deg,Open-Meteo forecast; MLB fallback,https://forecast.weather.gov/MapClick.php?lat=39.2840&lon=-76.6217,92,58,59,Oriole Park at Camden Yards,,,,,,,,,,,
219,665966,Carlos Narváez,BAL,TOR,2026-09-23T17:35:00Z,In Progress,9,Max Scherzer,453286,R,39.2,Longshot,Watch List,No major boost,30.4,47.5,36.6,44.8,50.0,19.5,50.0,,Yes,No,9,Yes,Yes,MLB Stats API; RotoWire,RotoWire not confirmed,H:2026/2025 P:2026/2025,,,Direct BvP not yet weighted; 2026/2025 Statcast baseline active,7,3,12,0,"Last 7 games: 3/12, 0 HR","same-side matchup; pitcher baseline 9.9% barrel, 15.5 HR allowed",neutral batted-ball profile; pitcher allows elevated contact,7.14,39.49,90.89,100.0616,0.3257,0.1256,0.2699,72.09,19.81,32.51,29.68,6.6,0.0996,9.88,35.68,87.74,0.4291,0.1883,34.44,In From CF,Open-Meteo forecast; MLB fallback,https://forecast.weather.gov/MapClick.php?lat=39.2840&lon=-76.6217,92,58,59,Oriole Park at Camden Yards,,,,,,,,,,,
220,664770,Nathan Lukes,TOR,BAL,2026-09-23T17:35:00Z,In Progress,1,Chris Bassitt,605135,R,39.0,Longshot,Watch List,"Premium Lineup Spot, Platoon Edge",11.3,30.8,36.6,93.2,80.0,27.0,50.0,,Yes,No,5,Yes,Yes,MLB Stats API; RotoWire,RotoWire not confirmed; order MLB 1 vs RotoWire 5,H:2026/2025 P:2026/2025,,,Direct BvP not yet weighted; 2026/2025 Statcast baseline active,7,6,20,0,"Last 7 games: 6/20, 0 HR","platoon edge; pitcher baseline 6.0% barrel, 13.6 HR allowed",neutral batted-ball profile; pitcher fly-ball pressure modest,3.26,31.26,87.13,96.9445,0.3584,0.1029,0.2968,67.3,3.69,31.98,21.02,10.6,0.124,6.05,37.02,87.98,0.407,0.1364,23.77,In From CF,Open-Meteo forecast; MLB fallback,https://forecast.weather.gov/MapClick.php?lat=39.2840&lon=-76.6217,92,58,59,Oriole Park at Camden Yards,,,,,,,,,,,
221,694376,Shay Whitcomb,SF,MIN,2026-09-23T19:45:00Z,In Progress,8,Connor Prielipp,687570,L,39.0,Longshot,Watch List,Platoon Edge,25.5,39.3,40.3,52.4,78.0,7.0,50.0,,Yes,Yes,8,Yes,No,MLB Stats API; RotoWire,,H:2026/2025 P:2026,,,Direct BvP not yet weighted; 2026/2025 Statcast baseline active,7,3,18,0,"Last 7 games: 3/18, 0 HR","platoon edge; pitcher baseline 6.8% barrel, 14.0 HR allowed",neutral batted-ball profile; pitcher fly-ball pressure modest,9.61,29.4,86.11,97.847,0.3503,0.1534,0.2435,71.59,17.78,44.4,25.69,3.1,0.1276,6.8,42.0,90.2,0.386,0.15,26.9,Varies,Open-Meteo forecast; MLB fallback,https://forecast.weather.gov/MapClick.php?lat=37.7786&lon=-122.3893,80,0,63,Oracle Park,,,,,,,,,,,
222,695391,Brett Harris,SF,MIN,2026-09-23T19:45:00Z,In Progress,6,Connor Prielipp,687570,L,38.9,Longshot,Watch List,Platoon Edge,12.1,39.3,40.3,76.2,78.0,21.5,50.0,,Yes,Yes,6,Yes,No,MLB Stats API; RotoWire,,H:2026/2025 P:2026,,,Direct BvP not yet weighted; 2026/2025 Statcast baseline active,7,5,19,0,"Last 7 games: 5/19, 0 HR","platoon edge; pitcher baseline 6.8% barrel, 14.0 HR allowed",neutral batted-ball profile; pitcher fly-ball pressure modest,4.47,31.65,86.52,97.4053,0.2604,0.0731,0.2693,71.07,10.94,29.98,25.0,0.0,0.0638,6.8,42.0,90.2,0.386,0.15,26.9,Varies,Open-Meteo forecast; MLB fallback,https://forecast.weather.gov/MapClick.php?lat=37.7786&lon=-122.3893,80,0,63,Oracle Park,,,,,,,,,,,
223,687957,Dustin Harris,SD,LAD,2026-09-24T02:10:00Z,Scheduled,2,Yoshinobu Yamamoto,808967,R,38.9,Longshot,Watch List,"Projected Lineup, Premium Lineup Spot, Platoon Edge",4.4,26.8,52.6,95.5,80.0,35.6,50.0,,No,No,2,Yes,Yes,RotoWire projected lineup; MLB probable pitchers,lineup projected / unconfirmed,H:2026/2025 P:2026/2025,,,Direct BvP not yet weighted; 2026/2025 Statcast baseline active,7,10,28,0,Contact streak: 10/28 over last 7 games,"platoon edge; pitcher baseline 6.3% barrel, 17.5 HR allowed",neutral batted-ball profile; pitcher fly-ball pressure modest,2.51,21.77,85.57,95.2139,0.3338,0.0876,0.2856,66.96,2.52,44.7,21.77,0.3,0.1066,6.33,37.11,87.95,0.325,0.1179,22.87,261 deg,Open-Meteo forecast; MLB fallback,https://forecast.weather.gov/MapClick.php?lat=34.0739&lon=-118.2400,68,0,75,UNIQLO Field at Dodger Stadium,,,,,,,,,,,
224,592663,J.T. Realmuto,PHI,MIL,2026-09-23T22:40:00Z,Pre-Game,8,Logan Henderson,701656,R,38.8,Longshot,Watch List,No major boost,32.1,38.7,36.8,52.4,50.0,18.3,50.0,,Yes,Yes,8,Yes,No,MLB Stats API; RotoWire,,H:2026/2025 P:2026/2025,,,Direct BvP not yet weighted; 2026/2025 Statcast baseline active,7,3,26,1,"Last 7 games: 3/26, 1 HR","same-side matchup; pitcher baseline 8.8% barrel, 10.7 HR allowed",neutral batted-ball profile; pitcher allows elevated contact,6.56,41.72,89.72,100.0725,0.3956,0.1447,0.3181,72.77,30.47,41.53,26.01,11.3,0.1277,8.81,36.58,88.8,0.3597,0.1477,31.84,In From CF,Open-Meteo forecast; MLB fallback,https://forecast.weather.gov/MapClick.php?lat=39.9061&lon=-75.1665,84,18,61,Citizens Bank Park,,,,,,,,,,,
225,643446,Jeff McNeil,ATH,LAA,2026-09-24T01:40:00Z,Scheduled,2,Walbert Ureña,700712,R,38.7,Longshot,Watch List,"Projected Lineup, Premium Lineup Spot, Platoon Edge",12.1,18.6,54.4,95.5,80.0,16.1,50.0,,No,No,2,Yes,Yes,RotoWire projected lineup; MLB probable pitchers,lineup projected / unconfirmed,H:2026/2025 P:2026,,,Direct BvP not yet weighted; 2026/2025 Statcast baseline active,7,5,22,0,"Last 7 games: 5/22, 0 HR","platoon edge; pitcher baseline 5.4% barrel, 9.0 HR allowed",neutral batted-ball profile; pitcher fly-ball pressure modest,2.72,30.94,86.64,96.6208,0.3705,0.1006,0.3083,69.37,5.65,43.77,23.75,9.2,0.1204,5.4,35.6,87.1,0.313,0.106,21.8,219 deg,Open-Meteo forecast; MLB fallback,https://forecast.weather.gov/MapClick.php?lat=38.5804&lon=-121.5139,44,0,82,Sutter Health Park,,,,,,,,,,,
226,695734,Daylen Lile,WSH,DET,2026-09-23T17:10:00Z,In Progress,8,Framber Valdez,664285,L,38.5,Longshot,Watch List,No major boost,36.4,34.9,28.1,52.4,50.0,29.2,50.0,,Yes,,,No,Yes,MLB Stats API; RotoWire,not found on RotoWire,H:2026/2025 P:2026/2025,,,Direct BvP not yet weighted; 2026/2025 Statcast baseline active,7,5,26,1,"Last 7 games: 5/26, 1 HR","same-side matchup; pitcher baseline 6.0% barrel, 15.7 HR allowed",neutral batted-ball profile; pitcher fly-ball pressure modest,8.42,38.42,88.69,99.0588,0.4476,0.1761,0.3333,70.71,9.71,40.24,33.74,18.1,0.1906,6.0,43.15,90.24,0.3826,0.1297,18.04,In From LF,Open-Meteo forecast; MLB fallback,https://forecast.weather.gov/MapClick.php?lat=42.3390&lon=-83.0485,68,0,59,Comerica Park,,,,,,,,,,,
227,669701,Josh Smith,TOR,BAL,2026-09-23T17:35:00Z,In Progress,5,Chris Bassitt,605135,R,38.5,Longshot,Watch List,Platoon Edge,17.2,30.8,36.6,86.4,80.0,0.0,50.0,,Yes,No,7,Yes,Yes,MLB Stats API; RotoWire,RotoWire not confirmed; order MLB 5 vs RotoWire 7,H:2026/2025 P:2026/2025,,,Direct BvP not yet weighted; 2026/2025 Statcast baseline active,7,1,19,0,"Last 7 games: 1/19, 0 HR","platoon edge; pitcher baseline 6.0% barrel, 13.6 HR allowed",neutral batted-ball profile; pitcher fly-ball pressure modest,6.19,30.82,86.15,97.1474,0.3359,0.1176,0.2897,68.86,2.9,36.58,29.63,7.2,0.1192,6.05,37.02,87.98,0.407,0.1364,23.77,In From CF,Open-Meteo forecast; MLB fallback,https://forecast.weather.gov/MapClick.php?lat=39.2840&lon=-76.6217,92,58,59,Oriole Park at Camden Yards,,,,,,,,,,,
228,695731,Braden Montgomery,CWS,KC,2026-09-23T23:40:00Z,Pre-Game,9,Seth Lugo,607625,R,38.4,Longshot,Watch List,"Projected Lineup, Platoon Edge",23.4,52.3,32.2,40.2,75.0,10.6,50.0,,No,No,9,Yes,Yes,RotoWire projected lineup; MLB probable pitchers,lineup projected / unconfirmed,H:2026 P:2026/2025,,,Direct BvP not yet weighted; 2026/2025 Statcast baseline active,7,4,21,0,"Last 7 games: 4/21, 0 HR","switch hitter; pitcher baseline 8.9% barrel, 24.2 HR allowed",neutral batted-ball profile; pitcher fly-ball pressure modest,4.6,39.7,88.7,99.8213,0.388,0.137,0.325,69.7,8.4,37.1,18.6,6.0,0.128,8.93,43.52,90.0,0.4618,0.1918,28.97,In From RF,Open-Meteo forecast; MLB fallback,https://forecast.weather.gov/MapClick.php?lat=39.0517&lon=-94.4803,67,0,70,Kauffman Stadium,,,,,,,,,,,
229,663538,Nico Hoerner,CHC,MIA,2026-09-23T23:40:00Z,Scheduled,6,Ryan Gusto,687473,R,38.4,Longshot,Watch List,Projected Lineup,9.0,49.6,49.3,71.7,50.0,15.3,50.0,,No,No,6,Yes,Yes,RotoWire projected lineup; MLB probable pitchers,lineup projected / unconfirmed,H:2026/2025 P:2026/2025,,,Direct BvP not yet weighted; 2026/2025 Statcast baseline active,7,6,27,0,"Last 7 games: 6/27, 0 HR","same-side matchup; pitcher baseline 9.1% barrel, 12.8 HR allowed",neutral batted-ball profile; pitcher fly-ball pressure modest,1.7,29.53,86.21,96.3281,0.3805,0.0843,0.322,68.33,1.76,32.66,21.84,7.7,0.0921,9.08,43.88,90.04,0.4414,0.1711,26.75,52 deg,Open-Meteo forecast; MLB fallback,https://forecast.weather.gov/MapClick.php?lat=41.9484&lon=-87.6553,57,0,60,Wrigley Field,,,,,,,,,,,
230,687401,Joey Ortiz,MIL,PHI,2026-09-23T22:40:00Z,Pre-Game,7,Aaron Nola,605400,R,38.3,Longshot,Watch List,Projected Lineup,16.8,46.8,36.8,59.8,50.0,46.5,50.0,,No,No,7,Yes,Yes,RotoWire projected lineup; MLB probable pitchers,lineup projected / unconfirmed,H:2026/2025 P:2026/2025,,,Direct BvP not yet weighted; 2026/2025 Statcast baseline active,7,8,26,1,"Last 7 games: 8/26, 1 HR","same-side matchup; pitcher baseline 9.1% barrel, 29.2 HR allowed",neutral batted-ball profile; pitcher fly-ball pressure modest,3.77,35.6,87.77,99.1565,0.3396,0.0974,0.2897,73.0,30.5,31.98,20.03,8.4,0.1213,9.1,41.13,88.77,0.4128,0.1703,27.04,In From CF,Open-Meteo forecast; MLB fallback,https://forecast.weather.gov/MapClick.php?lat=39.9061&lon=-75.1665,84,18,61,Citizens Bank Park,,,,,,,,,,,
231,802415,Chandler Simpson,TB,NYY,2026-09-23T23:05:00Z,Pre-Game,6,Gerrit Cole,543037,R,38.2,Longshot,Watch List,"Projected Lineup, Platoon Edge",0.3,49.5,45.2,71.7,80.0,30.2,50.0,,No,No,6,Yes,Yes,RotoWire projected lineup; MLB probable pitchers,lineup projected / unconfirmed,H:2026/2025 P:2026,,,Direct BvP not yet weighted; 2026/2025 Statcast baseline active,7,9,28,0,Contact streak: 9/28 over last 7 games,"platoon edge; pitcher baseline 8.7% barrel, 21.0 HR allowed",neutral batted-ball profile; pitcher fly-ball pressure modest,0.0,14.71,83.81,92.9129,0.3101,0.0382,0.2746,64.8,0.44,28.41,12.51,0.0,0.05,8.7,45.2,90.9,0.406,0.153,27.0,In From LF,Open-Meteo forecast; MLB fallback,https://forecast.weather.gov/MapClick.php?lat=40.8296&lon=-73.9262,55,0,64,Yankee Stadium,,,,,,,,,,,
232,807726,John Peck,DET,WSH,2026-09-23T17:10:00Z,In Progress,8,Richard Lovelady,663992,L,38.1,Longshot,Watch List,Platoon Edge,33.0,34.2,28.1,52.4,78.0,0.0,50.0,,Yes,Yes,8,Yes,No,MLB Stats API; RotoWire,,H:2026 P:2026/2025,,,Direct BvP not yet weighted; 2026/2025 Statcast baseline active,7,1,20,0,"Last 7 games: 1/20, 0 HR","platoon edge; pitcher baseline 8.3% barrel, 3.7 HR allowed",neutral batted-ball profile; pitcher fly-ball pressure modest,9.1,42.2,89.6,99.7214,0.37,0.137,0.326,72.1,16.7,24.4,17.8,0.0,0.017,8.35,35.23,87.52,0.4319,0.1597,20.0,In From LF,Open-Meteo forecast; MLB fallback,https://forecast.weather.gov/MapClick.php?lat=42.3390&lon=-83.0485,68,0,59,Comerica Park,,,,,,,,,,,
233,691785,Marcelo Mayer,SF,MIN,2026-09-23T19:45:00Z,In Progress,7,Connor Prielipp,687570,L,37.9,Longshot,Watch List,No major boost,24.9,39.3,40.3,64.3,50.0,0.8,50.0,,Yes,Yes,7,Yes,No,MLB Stats API; RotoWire,,H:2026/2025 P:2026,,,Direct BvP not yet weighted; 2026/2025 Statcast baseline active,7,2,16,0,"Last 7 games: 2/16, 0 HR","same-side matchup; pitcher baseline 6.8% barrel, 14.0 HR allowed",neutral batted-ball profile; pitcher fly-ball pressure modest,7.03,40.71,87.27,99.0278,0.3081,0.1072,0.2567,74.42,44.56,36.15,25.42,3.3,0.1159,6.8,42.0,90.2,0.386,0.15,26.9,Varies,Open-Meteo forecast; MLB fallback,https://forecast.weather.gov/MapClick.php?lat=37.7786&lon=-122.3893,80,0,63,Oracle Park,,,,,,,,,,,
234,805367,Chase Meidroth,CWS,KC,2026-09-23T23:40:00Z,Pre-Game,8,Seth Lugo,607625,R,37.9,Longshot,Watch List,"Projected Lineup, Hot Hitter/Streak",13.5,53.9,32.2,47.9,50.0,72.2,50.0,,No,No,8,Yes,Yes,RotoWire projected lineup; MLB probable pitchers,lineup projected / unconfirmed,H:2026/2025 P:2026/2025,,,Direct BvP not yet weighted; 2026/2025 Statcast baseline active,7,10,28,2,Hot streak: 2 HR in last 7 games,"same-side matchup; pitcher baseline 8.9% barrel, 24.2 HR allowed",neutral batted-ball profile; pitcher fly-ball pressure modest,3.77,35.12,87.64,97.4785,0.3421,0.101,0.2993,67.05,1.25,38.4,20.75,12.7,0.1167,8.93,43.52,90.0,0.4618,0.1918,28.97,In From RF,Open-Meteo forecast; MLB fallback,https://forecast.weather.gov/MapClick.php?lat=39.0517&lon=-94.4803,67,0,70,Kauffman Stadium,,,,,,,,,,,
235,630105,Jake Cronenworth,SD,LAD,2026-09-24T02:10:00Z,Scheduled,8,Yoshinobu Yamamoto,808967,R,37.9,Longshot,Watch List,"Projected Lineup, Platoon Edge, Hot Hitter/Streak",15.8,26.8,52.6,47.9,80.0,77.6,50.0,,No,No,8,Yes,Yes,RotoWire projected lineup; MLB probable pitchers,lineup projected / unconfirmed,H:2026/2025 P:2026/2025,,,Direct BvP not yet weighted; 2026/2025 Statcast baseline active,7,11,28,2,Hot streak: 2 HR in last 7 games,"platoon edge; pitcher baseline 6.3% barrel, 17.5 HR allowed",neutral batted-ball profile; pitcher fly-ball pressure modest,4.45,32.21,87.52,97.7531,0.3194,0.1028,0.2868,71.32,17.39,32.24,24.61,8.2,0.1072,6.33,37.11,87.95,0.325,0.1179,22.87,261 deg,Open-Meteo forecast; MLB fallback,https://forecast.weather.gov/MapClick.php?lat=34.0739&lon=-118.2400,68,0,75,UNIQLO Field at Dodger Stadium,,,,,,,,,,,
236,801126,Brock Rodden,SEA,HOU,2026-09-24T02:10:00Z,Scheduled,9,Ethan Pecko,814490,R,37.8,Longshot,Watch List,"Projected Lineup, Platoon Edge",21.5,47.8,42.9,40.2,75.0,0.0,50.0,,No,No,9,Yes,Yes,RotoWire projected lineup; MLB probable pitchers,lineup projected / unconfirmed,H:2026 P:2026,,,Direct BvP not yet weighted; 2026/2025 Statcast baseline active,7,0,7,0,"Last 7 games: 0/7, 0 HR","switch hitter; pitcher baseline 9.8% barrel, 5.0 HR allowed",fly-ball profile; pitcher allows elevated contact,5.3,36.8,88.0,97.78,0.227,0.092,0.233,69.0,1.7,52.6,47.4,0.0,0.082,9.8,38.6,89.3,0.433,0.197,31.3,246 deg,Open-Meteo forecast; MLB fallback,https://forecast.weather.gov/MapClick.php?lat=47.5914&lon=-122.3325,72,0,66,T-Mobile Park,,,,,,,,,,,
237,622268,Donovan Walton,ATH,LAA,2026-09-24T01:40:00Z,Scheduled,6,Walbert Ureña,700712,R,37.6,Longshot,Watch List,"Projected Lineup, Platoon Edge",16.2,18.6,54.4,71.7,80.0,33.7,50.0,,No,No,6,Yes,Yes,RotoWire projected lineup; MLB probable pitchers,lineup projected / unconfirmed,H:2026/2025 P:2026,,,Direct BvP not yet weighted; 2026/2025 Statcast baseline active,7,4,18,1,"Last 7 games: 4/18, 1 HR","platoon edge; pitcher baseline 5.4% barrel, 9.0 HR allowed",neutral batted-ball profile; pitcher fly-ball pressure modest,3.57,34.21,88.75,97.3619,0.3674,0.1061,0.3111,67.92,0.49,37.35,22.72,5.6,0.1295,5.4,35.6,87.1,0.313,0.106,21.8,219 deg,Open-Meteo forecast; MLB fallback,https://forecast.weather.gov/MapClick.php?lat=38.5804&lon=-121.5139,44,0,82,Sutter Health Park,,,,,,,,,,,
238,665750,Leody Taveras,BAL,TOR,2026-09-23T17:35:00Z,In Progress,8,Max Scherzer,453286,R,37.4,Longshot,Watch List,Platoon Edge,18.4,45.8,36.6,52.4,75.0,3.4,50.0,,Yes,No,8,Yes,Yes,MLB Stats API; RotoWire,RotoWire not confirmed,H:2026/2025 P:2026/2025,,,Direct BvP not yet weighted; 2026/2025 Statcast baseline active,7,3,21,0,"Last 7 games: 3/21, 0 HR","switch hitter; pitcher baseline 9.9% barrel, 15.5 HR allowed",neutral batted-ball profile; pitcher allows elevated contact,4.65,33.52,88.15,99.067,0.3152,0.1068,0.2592,72.46,25.37,34.14,25.15,6.5,0.1158,9.88,35.68,87.74,0.4291,0.1883,34.44,In From CF,Open-Meteo forecast; MLB fallback,https://forecast.weather.gov/MapClick.php?lat=39.2840&lon=-76.6217,92,58,59,Oriole Park at Camden Yards,,,,,,,,,,,
239,680757,Steven Kwan,CLE,BOS,2026-09-23T23:10:00Z,Pre-Game,1,Sonny Gray,543243,R,37.2,Longshot,Watch List,"Premium Lineup Spot, Platoon Edge",2.7,39.4,27.7,93.2,80.0,30.0,50.0,,Yes,Yes,1,Yes,No,MLB Stats API; RotoWire,,H:2026/2025 P:2026/2025,,,Direct BvP not yet weighted; 2026/2025 Statcast baseline active,7,8,25,0,Contact streak: 8/25 over last 7 games,"platoon edge; pitcher baseline 8.0% barrel, 18.7 HR allowed",neutral batted-ball profile; pitcher fly-ball pressure modest,0.85,12.93,84.45,92.7428,0.3492,0.0734,0.3219,62.73,0.31,28.09,23.44,5.4,0.0761,7.98,39.16,89.11,0.3936,0.1453,23.2,In From CF,Open-Meteo forecast; MLB fallback,https://forecast.weather.gov/MapClick.php?lat=42.3467&lon=-71.0972,57,0,54,Fenway Park,,,,,,,,,,,
240,665750,Leody Taveras,BAL,TOR,2026-09-23T22:35:00Z,Scheduled,8,,,,36.9,Longshot,Watch List,"Projected Lineup, Platoon Edge",18.4,40.2,47.1,47.9,75.0,3.4,50.0,,No,No,8,Yes,Yes,RotoWire projected lineup; MLB probable pitchers,lineup projected / unconfirmed,H:2026/2025 P:,,,Direct BvP not yet weighted; 2026/2025 Statcast baseline active,7,3,21,0,"Last 7 games: 3/21, 0 HR","switch hitter; pitcher baseline 0.0% barrel, 0.0 HR allowed",neutral batted-ball profile; pitcher fly-ball pressure modest,4.65,33.52,88.15,99.067,0.3152,0.1068,0.2592,72.46,25.37,34.14,25.15,6.5,0.1158,,,,,,,41 deg,Open-Meteo forecast; MLB fallback,https://forecast.weather.gov/MapClick.php?lat=39.2840&lon=-76.6217,92,58,59,Oriole Park at Camden Yards,,,,,,,,,,,
241,669707,Jared Triolo,PIT,STL,2026-09-23T22:40:00Z,Pre-Game,8,Matthew Liberatore,669461,L,36.9,Longshot,Watch List,Platoon Edge,14.2,54.2,28.3,52.4,78.0,0.8,50.0,,Yes,Yes,8,Yes,No,MLB Stats API; RotoWire,,H:2026/2025 P:2026/2025,,,Direct BvP not yet weighted; 2026/2025 Statcast baseline active,7,1,8,0,"Last 7 games: 1/8, 0 HR","platoon edge; pitcher baseline 9.6% barrel, 24.6 HR allowed",neutral batted-ball profile; pitcher fly-ball pressure modest,3.54,34.63,87.18,97.9794,0.3375,0.0957,0.2932,70.83,7.65,37.71,21.31,4.2,0.0849,9.62,41.66,90.18,0.4552,0.1878,28.38,In From CF,Open-Meteo forecast; MLB fallback,https://forecast.weather.gov/MapClick.php?lat=40.4469&lon=-80.0057,87,4,58,PNC Park,,,,,,,,,,,
242,678218,Brandon Valenzuela,TOR,BAL,2026-09-23T17:35:00Z,In Progress,8,Chris Bassitt,605135,R,36.8,Longshot,Watch List,Platoon Edge,26.2,29.3,36.6,52.4,75.0,19.5,50.0,,Yes,Yes,7,Yes,Yes,MLB Stats API; RotoWire,order MLB 8 vs RotoWire 7,H:2026 P:2026/2025,,,Direct BvP not yet weighted; 2026/2025 Statcast baseline active,7,4,16,0,"Last 7 games: 4/16, 0 HR","switch hitter; pitcher baseline 6.0% barrel, 13.6 HR allowed",neutral batted-ball profile; pitcher fly-ball pressure modest,6.6,37.1,88.1,99.2168,0.373,0.133,0.312,72.6,22.0,43.7,24.0,8.0,0.142,6.05,37.02,87.98,0.407,0.1364,23.77,In From CF,Open-Meteo forecast; MLB fallback,https://forecast.weather.gov/MapClick.php?lat=39.2840&lon=-76.6217,92,58,59,Oriole Park at Camden Yards,,,,,,,,,,,
243,663647,Ke'Bryan Hayes,CIN,ATL,2026-09-23T23:15:00Z,Pre-Game,9,Chris Sale,519242,L,36.7,Longshot,Watch List,Platoon Edge,29.0,23.7,51.9,44.8,78.0,0.0,50.0,,Yes,Yes,9,Yes,No,MLB Stats API; RotoWire,,H:2026/2025 P:2026/2025,,,Direct BvP not yet weighted; 2026/2025 Statcast baseline active,7,1,11,0,"Last 7 games: 1/11, 0 HR","platoon edge; pitcher baseline 6.2% barrel, 9.6 HR allowed",neutral batted-ball profile; pitcher fly-ball pressure modest,6.35,40.82,90.14,99.7832,0.3679,0.1278,0.2897,70.89,7.57,29.9,26.66,5.0,0.0822,6.16,35.26,87.69,0.3277,0.1122,25.83,L To R,Open-Meteo forecast; MLB fallback,https://forecast.weather.gov/MapClick.php?lat=33.8907&lon=-84.4677,75,5,77,Truist Park,,,,,,,,,,,
244,665926,Andres Gimenez,TOR,BAL,2026-09-23T22:35:00Z,Scheduled,6,,,,36.6,Longshot,Watch List,Projected Lineup,7.2,41.2,47.1,71.7,60.0,19.5,50.0,,No,No,8,Yes,Yes,RotoWire projected lineup; MLB probable pitchers,lineup projected / unconfirmed; order MLB 6 vs RotoWire 8,H:2026/2025 P:,,,Direct BvP not yet weighted; 2026/2025 Statcast baseline active,7,6,24,0,"Last 7 games: 6/24, 0 HR","handedness incomplete; pitcher baseline 0.0% barrel, 0.0 HR allowed",neutral batted-ball profile; pitcher fly-ball pressure modest,3.14,25.6,85.6,96.0197,0.34,0.0992,0.2835,68.53,5.07,38.59,23.58,8.4,0.1107,,,,,,,41 deg,Open-Meteo forecast; MLB fallback,https://forecast.weather.gov/MapClick.php?lat=39.2840&lon=-76.6217,92,58,59,Oriole Park at Camden Yards,,,,,,,,,,,
245,643376,Danny Jansen,TEX,NYM,2026-09-24T00:05:00Z,Scheduled,8,Nolan McLean,690997,R,36.6,Longshot,Watch List,Projected Lineup,22.7,29.6,58.6,47.9,50.0,27.0,50.0,,No,No,8,Yes,Yes,RotoWire projected lineup; MLB probable pitchers,lineup projected / unconfirmed,H:2026/2025 P:2026/2025,,,Direct BvP not yet weighted; 2026/2025 Statcast baseline active,7,6,20,0,"Last 7 games: 6/20, 0 HR","same-side matchup; pitcher baseline 7.0% barrel, 13.1 HR allowed",neutral batted-ball profile; pitcher fly-ball pressure modest,6.84,34.87,87.67,97.82,0.3185,0.1297,0.2762,69.85,6.6,53.56,29.12,8.4,0.1672,6.95,37.94,88.45,0.3471,0.1239,21.56,67 deg,Open-Meteo forecast; MLB fallback,https://forecast.weather.gov/MapClick.php?lat=32.7473&lon=-97.0842,41,0,93,Globe Life Field,,,,,,,,,,,
246,800325,Luis Lara,MIL,PHI,2026-09-23T22:40:00Z,Pre-Game,8,Aaron Nola,605400,R,36.4,Longshot,Watch List,"Projected Lineup, Platoon Edge",16.4,45.9,36.8,47.9,75.0,7.0,50.0,,No,No,8,Yes,Yes,RotoWire projected lineup; MLB probable pitchers,lineup projected / unconfirmed,H:2026 P:2026/2025,,,Direct BvP not yet weighted; 2026/2025 Statcast baseline active,7,4,24,0,"Last 7 games: 4/24, 0 HR","switch hitter; pitcher baseline 9.1% barrel, 29.2 HR allowed",neutral batted-ball profile; pitcher fly-ball pressure modest,3.6,40.9,87.8,98.8423,0.332,0.075,0.294,71.4,17.2,29.9,14.6,1.0,0.084,9.1,41.13,88.77,0.4128,0.1703,27.04,In From CF,Open-Meteo forecast; MLB fallback,https://forecast.weather.gov/MapClick.php?lat=39.9061&lon=-75.1665,84,18,61,Citizens Bank Park,,,,,,,,,,,
247,669364,Xavier Edwards,MIA,CHC,2026-09-23T23:40:00Z,Scheduled,7,Kevin Gausman,592332,R,36.1,Longshot,Watch List,"Projected Lineup, Platoon Edge",8.6,40.5,49.3,59.8,75.0,7.0,50.0,,No,No,7,Yes,Yes,RotoWire projected lineup; MLB probable pitchers,lineup projected / unconfirmed,H:2026/2025 P:2026/2025,,,Direct BvP not yet weighted; 2026/2025 Statcast baseline active,7,4,24,0,"Last 7 games: 4/24, 0 HR","switch hitter; pitcher baseline 7.9% barrel, 23.8 HR allowed",neutral batted-ball profile; pitcher fly-ball pressure modest,2.48,28.7,86.8,96.5317,0.3488,0.0893,0.3062,67.88,2.4,28.66,21.98,5.1,0.0847,7.87,40.07,88.88,0.407,0.1613,26.02,52 deg,Open-Meteo forecast; MLB fallback,https://forecast.weather.gov/MapClick.php?lat=41.9484&lon=-87.6553,57,0,60,Wrigley Field,,,,,,,,,,,
248,694497,Evan Carter,TEX,NYM,2026-09-24T00:05:00Z,Scheduled,9,Nolan McLean,690997,R,36.1,Longshot,Watch List,"Projected Lineup, Platoon Edge",19.8,29.6,58.6,40.2,80.0,8.5,50.0,,No,No,9,Yes,Yes,RotoWire projected lineup; MLB probable pitchers,lineup projected / unconfirmed,H:2026/2025 P:2026/2025,,,Direct BvP not yet weighted; 2026/2025 Statcast baseline active,7,3,17,0,"Last 7 games: 3/17, 0 HR","platoon edge; pitcher baseline 7.0% barrel, 13.1 HR allowed",neutral batted-ball profile; pitcher fly-ball pressure modest,5.27,34.95,87.33,98.5937,0.3299,0.1169,0.287,71.02,18.07,39.05,27.84,7.8,0.1282,6.95,37.94,88.45,0.3471,0.1239,21.56,67 deg,Open-Meteo forecast; MLB fallback,https://forecast.weather.gov/MapClick.php?lat=32.7473&lon=-97.0842,41,0,93,Globe Life Field,,,,,,,,,,,
249,703601,Max Clark,DET,WSH,2026-09-23T17:10:00Z,In Progress,6,Richard Lovelady,663992,L,36.0,Longshot,Watch List,No major boost,17.8,34.2,28.1,76.2,50.0,29.7,50.0,,Yes,Yes,6,Yes,No,MLB Stats API; RotoWire,,H:2026 P:2026/2025,,,Direct BvP not yet weighted; 2026/2025 Statcast baseline active,7,7,22,0,"Last 7 games: 7/22, 0 HR","same-side matchup; pitcher baseline 8.3% barrel, 3.7 HR allowed",neutral batted-ball profile; pitcher fly-ball pressure modest,2.3,38.5,87.5,98.3617,0.36,0.085,0.326,73.5,30.6,34.6,26.2,3.0,0.153,8.35,35.23,87.52,0.4319,0.1597,20.0,In From LF,Open-Meteo forecast; MLB fallback,https://forecast.weather.gov/MapClick.php?lat=42.3390&lon=-83.0485,68,0,59,Comerica Park,,,,,,,,,,,
250,669134,Luis Campusano,SD,LAD,2026-09-24T02:10:00Z,Scheduled,7,Yoshinobu Yamamoto,808967,R,35.9,Longshot,Watch List,Projected Lineup,19.8,26.8,52.6,59.8,50.0,26.2,50.0,,No,No,7,Yes,Yes,RotoWire projected lineup; MLB probable pitchers,lineup projected / unconfirmed,H:2026/2025 P:2026/2025,,,Direct BvP not yet weighted; 2026/2025 Statcast baseline active,7,5,29,1,"Last 7 games: 5/29, 1 HR","same-side matchup; pitcher baseline 6.3% barrel, 17.5 HR allowed",neutral batted-ball profile; pitcher fly-ball pressure modest,5.81,35.74,87.73,98.3598,0.3025,0.1113,0.292,73.03,30.69,46.98,19.94,5.6,0.1204,6.33,37.11,87.95,0.325,0.1179,22.87,261 deg,Open-Meteo forecast; MLB fallback,https://forecast.weather.gov/MapClick.php?lat=34.0739&lon=-118.2400,68,0,75,UNIQLO Field at Dodger Stadium,,,,,,,,,,,
251,805346,Ben Ross,MIN,SF,2026-09-23T19:45:00Z,In Progress,9,Cesar Perdomo,702885,L,35.8,Longshot,Watch List,"Strong Barrel, Platoon Edge",16.5,42.2,40.3,44.8,78.0,7.0,50.0,,Yes,Yes,9,Yes,No,MLB Stats API; RotoWire,,H:2026 P:2026,,,Direct BvP not yet weighted; 2026/2025 Statcast baseline active,7,3,18,0,"Last 7 games: 3/18, 0 HR","platoon edge; pitcher baseline 6.3% barrel, 3.0 HR allowed",neutral batted-ball profile; pitcher fly-ball pressure modest,12.5,25.0,75.7,91.8317,0.207,0.071,0.147,70.5,2.7,37.5,12.5,0.0,0.105,6.3,46.9,90.9,0.432,0.154,29.7,Varies,Open-Meteo forecast; MLB fallback,https://forecast.weather.gov/MapClick.php?lat=37.7786&lon=-122.3893,80,0,63,Oracle Park,,,,,,,,,,,
252,686681,Michael Massey,KC,CWS,2026-09-23T23:40:00Z,Pre-Game,7,Bryan Hudson,663542,L,35.8,Longshot,Watch List,No major boost,26.9,22.5,32.2,64.3,50.0,45.5,50.0,,Yes,Yes,7,Yes,No,MLB Stats API; RotoWire,,H:2026/2025 P:2026/2025,,,Direct BvP not yet weighted; 2026/2025 Statcast baseline active,7,5,28,2,Hot streak: 2 HR in last 7 games,"same-side matchup; pitcher baseline 5.2% barrel, 4.1 HR allowed",neutral batted-ball profile; pitcher fly-ball pressure modest,5.26,37.76,88.76,98.661,0.3908,0.1402,0.293,71.36,11.56,49.22,30.1,10.0,0.1348,5.2,37.44,88.7,0.3371,0.1053,25.59,In From RF,Open-Meteo forecast; MLB fallback,https://forecast.weather.gov/MapClick.php?lat=39.0517&lon=-94.4803,67,0,70,Kauffman Stadium,,,,,,,,,,,
253,669326,Bryce Teodosio,LAA,ATH,2026-09-24T01:40:00Z,Scheduled,8,Jeffrey Springs,605488,L,35.6,Longshot,Watch List,"Projected Lineup, Platoon Edge",6.5,45.5,54.4,47.9,78.0,0.0,50.0,,No,No,8,Yes,Yes,RotoWire projected lineup; MLB probable pitchers,lineup projected / unconfirmed,H:2026/2025 P:2026/2025,,,Direct BvP not yet weighted; 2026/2025 Statcast baseline active,7,0,13,0,"Last 7 games: 0/13, 0 HR","platoon edge; pitcher baseline 8.8% barrel, 31.5 HR allowed",neutral batted-ball profile; pitcher allows elevated contact,5.56,22.82,83.11,96.0283,0.2282,0.0708,0.2024,69.6,3.6,33.84,23.63,0.3,0.0562,8.8,35.34,87.67,0.4394,0.189,32.09,219 deg,Open-Meteo forecast; MLB fallback,https://forecast.weather.gov/MapClick.php?lat=38.5804&lon=-121.5139,44,0,82,Sutter Health Park,,,,,,,,,,,
254,673490,Ha-Seong Kim,ATL,CIN,2026-09-23T23:15:00Z,Pre-Game,9,Andrew Abbott,671096,L,35.5,Longshot,Watch List,Platoon Edge,10.0,43.9,51.9,44.8,78.0,0.0,50.0,,Yes,Yes,9,Yes,No,MLB Stats API; RotoWire,,H:2026/2025 P:2026/2025,,,Direct BvP not yet weighted; 2026/2025 Statcast baseline active,7,1,18,0,"Last 7 games: 1/18, 0 HR","platoon edge; pitcher baseline 8.1% barrel, 22.5 HR allowed",neutral batted-ball profile; pitcher fly-ball pressure modest,3.24,29.3,86.62,96.3484,0.2482,0.0678,0.2375,71.45,15.21,42.19,26.91,1.5,0.0389,8.14,37.27,89.2,0.4214,0.1667,29.12,L To R,Open-Meteo forecast; MLB fallback,https://forecast.weather.gov/MapClick.php?lat=33.8907&lon=-84.4677,75,5,77,Truist Park,,,,,,,,,,,
255,670032,Nicky Lopez,TEX,NYM,2026-09-24T00:05:00Z,Scheduled,6,Nolan McLean,690997,R,35.3,Longshot,Watch List,"Projected Lineup, Platoon Edge",2.4,29.6,58.6,71.7,80.0,12.0,50.0,,No,No,6,Yes,Yes,RotoWire projected lineup; MLB probable pitchers,lineup projected / unconfirmed,H:2026/2025 P:2026/2025,,,Direct BvP not yet weighted; 2026/2025 Statcast baseline active,7,2,10,0,"Last 7 games: 2/10, 0 HR","platoon edge; pitcher baseline 7.0% barrel, 13.1 HR allowed",neutral batted-ball profile; pitcher fly-ball pressure modest,0.0,27.47,84.73,95.2015,0.2648,0.0412,0.2582,66.72,1.24,33.87,12.07,0.7,0.0273,6.95,37.94,88.45,0.3471,0.1239,21.56,67 deg,Open-Meteo forecast; MLB fallback,https://forecast.weather.gov/MapClick.php?lat=32.7473&lon=-97.0842,41,0,93,Globe Life Field,,,,,,,,,,,
256,663494,Bryan Torres,STL,PIT,2026-09-23T22:40:00Z,Pre-Game,6,Lake Bachar,669199,R,35.0,Longshot,Watch List,"Projected Lineup, Platoon Edge",8.0,41.7,28.3,71.7,80.0,0.0,50.0,,No,No,6,Yes,Yes,RotoWire projected lineup; MLB probable pitchers,lineup projected / unconfirmed,H:2026 P:2026/2025,,,Direct BvP not yet weighted; 2026/2025 Statcast baseline active,7,1,19,0,"Last 7 games: 1/19, 0 HR","platoon edge; pitcher baseline 8.7% barrel, 12.1 HR allowed",neutral batted-ball profile; pitcher allows elevated contact,3.2,26.8,86.9,95.8294,0.335,0.102,0.288,65.9,1.1,48.0,23.6,4.0,0.105,8.67,36.67,89.25,0.3794,0.1689,31.5,In From CF,Open-Meteo forecast; MLB fallback,https://forecast.weather.gov/MapClick.php?lat=40.4469&lon=-80.0057,87,4,58,PNC Park,,,,,,,,,,,
257,670231,John Rave,KC,CWS,2026-09-23T23:40:00Z,Pre-Game,8,Bryan Hudson,663542,L,35.0,Longshot,Watch List,No major boost,30.5,22.5,32.2,52.4,50.0,39.8,50.0,,Yes,Yes,8,Yes,No,MLB Stats API; RotoWire,,H:2026/2025 P:2026/2025,,,Direct BvP not yet weighted; 2026/2025 Statcast baseline active,7,5,19,1,"Last 7 games: 5/19, 1 HR","same-side matchup; pitcher baseline 5.2% barrel, 4.1 HR allowed",neutral batted-ball profile; pitcher fly-ball pressure modest,8.44,37.34,88.23,100.0905,0.3707,0.1402,0.3083,73.97,38.74,44.1,24.5,5.4,0.1824,5.2,37.44,88.7,0.3371,0.1053,25.59,In From RF,Open-Meteo forecast; MLB fallback,https://forecast.weather.gov/MapClick.php?lat=39.0517&lon=-94.4803,67,0,70,Kauffman Stadium,,,,,,,,,,,
258,664702,Myles Straw,TOR,BAL,2026-09-23T22:35:00Z,Scheduled,8,,,,34.6,Longshot,Watch List,Projected Lineup,9.3,41.2,47.1,47.9,60.0,32.0,50.0,,No,Yes,8,Yes,Yes,RotoWire projected lineup; MLB probable pitchers,lineup projected / unconfirmed,H:2026/2025 P:,,,Direct BvP not yet weighted; 2026/2025 Statcast baseline active,7,6,18,0,Contact streak: 6/18 over last 7 games,"handedness incomplete; pitcher baseline 0.0% barrel, 0.0 HR allowed",neutral batted-ball profile; pitcher fly-ball pressure modest,3.13,26.12,86.43,95.6934,0.3517,0.0997,0.2957,68.12,4.75,34.4,27.25,3.3,0.1057,,,,,,,41 deg,Open-Meteo forecast; MLB fallback,https://forecast.weather.gov/MapClick.php?lat=39.2840&lon=-76.6217,92,58,59,Oriole Park at Camden Yards,,,,,,,,,,,
259,663968,Jake Mangum,PIT,STL,2026-09-23T22:40:00Z,Pre-Game,9,Matthew Liberatore,669461,L,34.6,Longshot,Watch List,Platoon Edge,7.2,52.7,28.3,44.8,75.0,30.3,50.0,,Yes,Yes,9,Yes,No,MLB Stats API; RotoWire,,H:2026/2025 P:2026/2025,,,Direct BvP not yet weighted; 2026/2025 Statcast baseline active,7,5,25,1,"Last 7 games: 5/25, 1 HR","switch hitter; pitcher baseline 9.6% barrel, 24.6 HR allowed",neutral batted-ball profile; pitcher fly-ball pressure modest,2.49,29.48,86.25,96.8073,0.336,0.0857,0.2851,67.72,4.5,28.28,16.33,4.4,0.0853,9.62,41.66,90.18,0.4552,0.1878,28.38,In From CF,Open-Meteo forecast; MLB fallback,https://forecast.weather.gov/MapClick.php?lat=40.4469&lon=-80.0057,87,4,58,PNC Park,,,,,,,,,,,
260,655316,Andruw Monasterio,BOS,CLE,2026-09-23T23:10:00Z,Pre-Game,9,Foster Griffin,656492,L,34.6,Longshot,Watch List,"Projected Lineup, Platoon Edge",22.3,40.8,27.7,40.2,78.0,0.0,50.0,,No,Yes,9,Yes,Yes,RotoWire projected lineup; MLB probable pitchers,lineup projected / unconfirmed,H:2026/2025 P:2026,,,Direct BvP not yet weighted; 2026/2025 Statcast baseline active,7,0,15,0,"Last 7 games: 0/15, 0 HR","platoon edge; pitcher baseline 8.5% barrel, 23.0 HR allowed",neutral batted-ball profile; pitcher fly-ball pressure modest,6.28,33.07,87.56,97.3348,0.3602,0.1299,0.2877,69.24,3.29,39.85,31.55,5.4,0.1502,8.5,37.4,88.0,0.414,0.155,25.3,In From CF,Open-Meteo forecast; MLB fallback,https://forecast.weather.gov/MapClick.php?lat=42.3467&lon=-71.0972,57,0,54,Fenway Park,,,,,,,,,,,
261,701675,Nathan Church,STL,PIT,2026-09-23T22:40:00Z,Pre-Game,8,Lake Bachar,669199,R,34.5,Longshot,Watch List,"Projected Lineup, Platoon Edge",14.4,41.7,28.3,47.9,80.0,18.0,50.0,,No,No,8,Yes,Yes,RotoWire projected lineup; MLB probable pitchers,lineup projected / unconfirmed,H:2026/2025 P:2026/2025,,,Direct BvP not yet weighted; 2026/2025 Statcast baseline active,7,6,25,0,"Last 7 games: 6/25, 0 HR","platoon edge; pitcher baseline 8.7% barrel, 12.1 HR allowed",neutral batted-ball profile; pitcher allows elevated contact,4.57,33.38,86.62,97.4673,0.335,0.1053,0.275,69.46,8.13,34.5,21.95,7.3,0.1067,8.67,36.67,89.25,0.3794,0.1689,31.5,In From CF,Open-Meteo forecast; MLB fallback,https://forecast.weather.gov/MapClick.php?lat=40.4469&lon=-80.0057,87,4,58,PNC Park,,,,,,,,,,,
262,702222,Justin Crawford,PHI,MIL,2026-09-23T22:40:00Z,Pre-Game,9,Logan Henderson,701656,R,34.4,Longshot,Watch List,Platoon Edge,10.8,38.7,36.8,44.8,80.0,36.0,50.0,,Yes,Yes,9,Yes,No,MLB Stats API; RotoWire,,H:2026 P:2026/2025,,,Direct BvP not yet weighted; 2026/2025 Statcast baseline active,7,5,21,1,"Last 7 games: 5/21, 1 HR","platoon edge; pitcher baseline 8.8% barrel, 10.7 HR allowed",neutral batted-ball profile; pitcher allows elevated contact,1.8,35.2,87.1,98.1195,0.325,0.07,0.283,69.2,6.1,29.0,16.1,3.0,0.093,8.81,36.58,88.8,0.3597,0.1477,31.84,In From CF,Open-Meteo forecast; MLB fallback,https://forecast.weather.gov/MapClick.php?lat=39.9061&lon=-75.1665,84,18,61,Citizens Bank Park,,,,,,,,,,,
263,665828,Oswaldo Cabrera,CIN,ATL,2026-09-23T23:15:00Z,Pre-Game,7,Chris Sale,519242,L,34.1,Longshot,Watch List,Platoon Edge,13.3,22.7,51.9,64.3,75.0,0.0,50.0,,Yes,Yes,7,Yes,No,MLB Stats API; RotoWire,,H:2026/2025 P:2026/2025,,,Direct BvP not yet weighted; 2026/2025 Statcast baseline active,4,0,12,0,"Last 4 games: 0/12, 0 HR","switch hitter; pitcher baseline 6.2% barrel, 9.6 HR allowed",neutral batted-ball profile; pitcher fly-ball pressure modest,0.0,36.6,89.45,97.684,0.1948,0.0323,0.1692,68.57,0.48,38.76,4.29,0.3,0.0195,6.16,35.26,87.69,0.3277,0.1122,25.83,L To R,Open-Meteo forecast; MLB fallback,https://forecast.weather.gov/MapClick.php?lat=33.8907&lon=-84.4677,75,5,77,Truist Park,,,,,,,,,,,
264,670764,Taylor Walls,TB,NYY,2026-09-23T23:05:00Z,Pre-Game,9,Gerrit Cole,543037,R,33.8,Longshot,Watch List,"Projected Lineup, Platoon Edge",5.5,47.5,45.2,40.2,75.0,15.3,50.0,,No,No,9,Yes,Yes,RotoWire projected lineup; MLB probable pitchers,lineup projected / unconfirmed,H:2026/2025 P:2026,,,Direct BvP not yet weighted; 2026/2025 Statcast baseline active,7,4,18,0,"Last 7 games: 4/18, 0 HR","switch hitter; pitcher baseline 8.7% barrel, 21.0 HR allowed",neutral batted-ball profile; pitcher fly-ball pressure modest,2.22,23.18,85.95,95.5007,0.274,0.0773,0.254,68.35,2.06,38.68,28.49,2.6,0.0801,8.7,45.2,90.9,0.406,0.153,27.0,In From LF,Open-Meteo forecast; MLB fallback,https://forecast.weather.gov/MapClick.php?lat=40.8296&lon=-73.9262,55,0,64,Yankee Stadium,,,,,,,,,,,
265,690984,Petey Halpin,CLE,BOS,2026-09-23T23:10:00Z,Pre-Game,8,Sonny Gray,543243,R,33.8,Longshot,Watch List,Platoon Edge,7.5,39.4,27.7,52.4,80.0,46.5,50.0,,Yes,Yes,8,Yes,No,MLB Stats API; RotoWire,,H:2026/2025 P:2026/2025,,,Direct BvP not yet weighted; 2026/2025 Statcast baseline active,7,4,13,1,"Last 7 games: 4/13, 1 HR","platoon edge; pitcher baseline 8.0% barrel, 18.7 HR allowed",neutral batted-ball profile; pitcher fly-ball pressure modest,3.92,18.13,81.59,93.5803,0.3143,0.0938,0.286,70.29,5.39,39.99,31.51,2.8,0.0735,7.98,39.16,89.11,0.3936,0.1453,23.2,In From CF,Open-Meteo forecast; MLB fallback,https://forecast.weather.gov/MapClick.php?lat=42.3467&lon=-71.0972,57,0,54,Fenway Park,,,,,,,,,,,
266,641680,Jonah Heim,ATH,LAA,2026-09-24T01:40:00Z,Scheduled,8,Walbert Ureña,700712,R,33.5,Longshot,Watch List,"Projected Lineup, Platoon Edge",21.3,17.7,54.4,47.9,75.0,0.0,50.0,,No,No,8,Yes,Yes,RotoWire projected lineup; MLB probable pitchers,lineup projected / unconfirmed,H:2026/2025 P:2026,,,Direct BvP not yet weighted; 2026/2025 Statcast baseline active,7,3,25,0,"Last 7 games: 3/25, 0 HR","switch hitter; pitcher baseline 5.4% barrel, 9.0 HR allowed",neutral batted-ball profile; pitcher fly-ball pressure modest,6.1,32.68,87.54,97.6274,0.3544,0.1319,0.2802,69.84,9.52,40.14,27.06,12.4,0.1505,5.4,35.6,87.1,0.313,0.106,21.8,219 deg,Open-Meteo forecast; MLB fallback,https://forecast.weather.gov/MapClick.php?lat=38.5804&lon=-121.5139,44,0,82,Sutter Health Park,,,,,,,,,,,
267,665926,Andrés Giménez,TOR,BAL,2026-09-23T17:35:00Z,In Progress,7,Chris Bassitt,605135,R,33.3,Longshot,Watch List,Platoon Edge,7.2,30.8,36.6,64.3,80.0,19.5,50.0,,Yes,No,8,Yes,Yes,MLB Stats API; RotoWire,RotoWire not confirmed; order MLB 7 vs RotoWire 8,H:2026/2025 P:2026/2025,,,Direct BvP not yet weighted; 2026/2025 Statcast baseline active,7,6,24,0,"Last 7 games: 6/24, 0 HR","platoon edge; pitcher baseline 6.0% barrel, 13.6 HR allowed",neutral batted-ball profile; pitcher fly-ball pressure modest,3.14,25.6,85.6,96.0197,0.34,0.0992,0.2835,68.53,5.07,38.59,23.58,8.4,0.1107,6.05,37.02,87.98,0.407,0.1364,23.77,In From CF,Open-Meteo forecast; MLB fallback,https://forecast.weather.gov/MapClick.php?lat=39.2840&lon=-76.6217,92,58,59,Oriole Park at Camden Yards,,,,,,,,,,,
268,806198,Cooper Pratt,MIL,PHI,2026-09-23T22:40:00Z,Pre-Game,9,Aaron Nola,605400,R,33.2,Longshot,Watch List,Projected Lineup,11.8,46.8,36.8,40.2,50.0,29.7,50.0,,No,No,9,Yes,Yes,RotoWire projected lineup; MLB probable pitchers,lineup projected / unconfirmed,H:2026 P:2026/2025,,,Direct BvP not yet weighted; 2026/2025 Statcast baseline active,7,7,22,0,"Last 7 games: 7/22, 0 HR","same-side matchup; pitcher baseline 9.1% barrel, 29.2 HR allowed",neutral batted-ball profile; pitcher fly-ball pressure modest,3.4,28.2,87.4,96.8724,0.362,0.097,0.314,70.0,9.0,32.0,21.5,3.0,0.088,9.1,41.13,88.77,0.4128,0.1703,27.04,In From CF,Open-Meteo forecast; MLB fallback,https://forecast.weather.gov/MapClick.php?lat=39.9061&lon=-75.1665,84,18,61,Citizens Bank Park,,,,,,,,,,,
269,702332,Caleb Durbin,BOS,CLE,2026-09-23T23:10:00Z,Pre-Game,7,Foster Griffin,656492,L,33.2,Longshot,Watch List,"Projected Lineup, Platoon Edge",3.9,40.8,27.7,59.8,78.0,32.0,50.0,,No,Yes,7,Yes,Yes,RotoWire projected lineup; MLB probable pitchers,lineup projected / unconfirmed,H:2026/2025 P:2026,,,Direct BvP not yet weighted; 2026/2025 Statcast baseline active,7,7,21,0,Contact streak: 7/21 over last 7 games,"platoon edge; pitcher baseline 8.5% barrel, 23.0 HR allowed",neutral batted-ball profile; pitcher fly-ball pressure modest,3.16,25.85,83.8,95.499,0.3326,0.0895,0.3001,68.81,4.88,41.3,20.17,12.4,0.1324,8.5,37.4,88.0,0.414,0.155,25.3,In From CF,Open-Meteo forecast; MLB fallback,https://forecast.weather.gov/MapClick.php?lat=42.3467&lon=-71.0972,57,0,54,Fenway Park,,,,,,,,,,,
270,677587,Brayan Rocchio,CLE,BOS,2026-09-23T23:10:00Z,Pre-Game,9,Sonny Gray,543243,R,33.1,Longshot,Watch List,Platoon Edge,13.8,37.4,27.7,44.8,75.0,32.0,50.0,,Yes,Yes,9,Yes,No,MLB Stats API; RotoWire,,H:2026/2025 P:2026/2025,,,Direct BvP not yet weighted; 2026/2025 Statcast baseline active,7,8,24,0,Contact streak: 8/24 over last 7 games,"switch hitter; pitcher baseline 8.0% barrel, 18.7 HR allowed",neutral batted-ball profile; pitcher fly-ball pressure modest,3.02,31.79,87.3,97.2766,0.3524,0.106,0.295,69.86,6.59,43.43,25.3,10.6,0.1224,7.98,39.16,89.11,0.3936,0.1453,23.2,In From CF,Open-Meteo forecast; MLB fallback,https://forecast.weather.gov/MapClick.php?lat=42.3467&lon=-71.0972,57,0,54,Fenway Park,,,,,,,,,,,
271,683766,Christian Koss,SF,MIN,2026-09-23T19:45:00Z,In Progress,9,Connor Prielipp,687570,L,33.0,Longshot,Watch List,Platoon Edge,9.6,39.3,40.3,44.8,78.0,5.7,50.0,,Yes,Yes,9,Yes,No,MLB Stats API; RotoWire,,H:2026/2025 P:2026,,,Direct BvP not yet weighted; 2026/2025 Statcast baseline active,7,3,19,0,"Last 7 games: 3/19, 0 HR","platoon edge; pitcher baseline 6.8% barrel, 14.0 HR allowed",neutral batted-ball profile; pitcher fly-ball pressure modest,4.74,29.26,85.01,97.1908,0.3264,0.0956,0.2669,69.58,6.21,38.44,18.98,3.7,0.097,6.8,42.0,90.2,0.386,0.15,26.9,Varies,Open-Meteo forecast; MLB fallback,https://forecast.weather.gov/MapClick.php?lat=37.7786&lon=-122.3893,80,0,63,Oracle Park,,,,,,,,,,,
272,677943,Will Banfield,CIN,ATL,2026-09-23T23:15:00Z,Pre-Game,8,Chris Sale,519242,L,31.9,Longshot,Watch List,Platoon Edge,6.4,23.7,51.9,52.4,78.0,22.9,50.0,,Yes,Yes,8,Yes,No,MLB Stats API; RotoWire,,H:2026/2025 P:2026/2025,,,Direct BvP not yet weighted; 2026/2025 Statcast baseline active,7,3,11,0,"Last 7 games: 3/11, 0 HR","platoon edge; pitcher baseline 6.2% barrel, 9.6 HR allowed",neutral batted-ball profile; pitcher fly-ball pressure modest,0.0,20.24,84.68,91.6523,0.2296,0.0421,0.1839,73.05,23.75,32.98,27.74,0.0,0.0469,6.16,35.26,87.69,0.3277,0.1122,25.83,L To R,Open-Meteo forecast; MLB fallback,https://forecast.weather.gov/MapClick.php?lat=33.8907&lon=-84.4677,75,5,77,Truist Park,,,,,,,,,,,
273,660688,Keibert Ruiz,WSH,DET,2026-09-23T17:10:00Z,In Progress,9,Framber Valdez,664285,L,31.8,Longshot,Watch List,Platoon Edge,16.2,33.2,28.1,44.8,75.0,8.5,50.0,,Yes,,,No,Yes,MLB Stats API; RotoWire,not found on RotoWire,H:2026/2025 P:2026/2025,,,Direct BvP not yet weighted; 2026/2025 Statcast baseline active,7,3,17,0,"Last 7 games: 3/17, 0 HR","switch hitter; pitcher baseline 6.0% barrel, 15.7 HR allowed",neutral batted-ball profile; pitcher fly-ball pressure modest,4.02,34.68,87.46,97.4447,0.3678,0.1129,0.2891,67.22,0.86,54.61,26.0,7.6,0.1375,6.0,43.15,90.24,0.3826,0.1297,18.04,In From LF,Open-Meteo forecast; MLB fallback,https://forecast.weather.gov/MapClick.php?lat=42.3390&lon=-83.0485,68,0,59,Comerica Park,,,,,,,,,,,
274,686555,Isaac Collins,KC,CWS,2026-09-23T23:40:00Z,Pre-Game,9,Bryan Hudson,663542,L,30.9,Longshot,Watch List,Platoon Edge,21.1,22.0,32.2,44.8,75.0,0.0,50.0,,Yes,Yes,9,Yes,No,MLB Stats API; RotoWire,,H:2026/2025 P:2026/2025,,,Direct BvP not yet weighted; 2026/2025 Statcast baseline active,7,1,15,0,"Last 7 games: 1/15, 0 HR","switch hitter; pitcher baseline 5.2% barrel, 4.1 HR allowed",neutral batted-ball profile; pitcher fly-ball pressure modest,4.97,39.18,88.31,99.7461,0.3212,0.0934,0.3024,73.26,30.06,39.84,25.18,6.9,0.1228,5.2,37.44,88.7,0.3371,0.1053,25.59,In From RF,Open-Meteo forecast; MLB fallback,https://forecast.weather.gov/MapClick.php?lat=39.0517&lon=-94.4803,67,0,70,Kauffman Stadium,,,,,,,,,,,
275,691026,Masyn Winn,STL,PIT,2026-09-23T22:40:00Z,Pre-Game,9,Lake Bachar,669199,R,30.8,Longshot,Watch List,Projected Lineup,15.9,41.7,28.3,40.2,50.0,3.4,50.0,,No,No,9,Yes,Yes,RotoWire projected lineup; MLB probable pitchers,lineup projected / unconfirmed,H:2026/2025 P:2026/2025,,,Direct BvP not yet weighted; 2026/2025 Statcast baseline active,7,2,14,0,"Last 7 games: 2/14, 0 HR","same-side matchup; pitcher baseline 8.7% barrel, 12.1 HR allowed",neutral batted-ball profile; pitcher allows elevated contact,3.82,34.6,88.23,98.578,0.3365,0.0916,0.2944,71.24,16.12,32.6,21.81,6.2,0.0925,8.67,36.67,89.25,0.3794,0.1689,31.5,In From CF,Open-Meteo forecast; MLB fallback,https://forecast.weather.gov/MapClick.php?lat=40.4469&lon=-80.0057,87,4,58,PNC Park,,,,,,,,,,,
276,676391,Ernie Clement,TOR,BAL,2026-09-23T22:35:00Z,Scheduled,9,,,,30.6,Longshot,Watch List,Projected Lineup,4.8,41.2,47.1,40.2,60.0,2.5,50.0,,No,No,9,Yes,Yes,RotoWire projected lineup; MLB probable pitchers,lineup projected / unconfirmed,H:2026/2025 P:,,,Direct BvP not yet weighted; 2026/2025 Statcast baseline active,7,3,22,0,"Last 7 games: 3/22, 0 HR","handedness incomplete; pitcher baseline 0.0% barrel, 0.0 HR allowed",neutral batted-ball profile; pitcher fly-ball pressure modest,2.19,22.08,84.85,94.5395,0.3324,0.0846,0.2687,67.39,2.68,40.1,28.25,9.0,0.1105,,,,,,,41 deg,Open-Meteo forecast; MLB fallback,https://forecast.weather.gov/MapClick.php?lat=39.2840&lon=-76.6217,92,58,59,Oriole Park at Camden Yards,,,,,,,,,,,
277,664702,Myles Straw,TOR,BAL,2026-09-23T17:35:00Z,In Progress,9,Chris Bassitt,605135,R,29.4,Longshot,Watch List,No major boost,9.3,30.8,36.6,44.8,50.0,32.0,50.0,,Yes,Yes,8,Yes,Yes,MLB Stats API; RotoWire,order MLB 9 vs RotoWire 8,H:2026/2025 P:2026/2025,,,Direct BvP not yet weighted; 2026/2025 Statcast baseline active,7,6,18,0,Contact streak: 6/18 over last 7 games,"same-side matchup; pitcher baseline 6.0% barrel, 13.6 HR allowed",neutral batted-ball profile; pitcher fly-ball pressure modest,3.13,26.12,86.43,95.6934,0.3517,0.0997,0.2957,68.12,4.75,34.4,27.25,3.3,0.1057,6.05,37.02,87.98,0.407,0.1364,23.77,In From CF,Open-Meteo forecast; MLB fallback,https://forecast.weather.gov/MapClick.php?lat=39.2840&lon=-76.6217,92,58,59,Oriole Park at Camden Yards,,,,,,,,,,,
278,669392,Samad Taylor,SD,LAD,2026-09-24T02:10:00Z,Scheduled,9,Yoshinobu Yamamoto,808967,R,29.4,Longshot,Watch List,Projected Lineup,1.8,26.8,52.6,40.2,50.0,63.3,50.0,,No,No,9,Yes,Yes,RotoWire projected lineup; MLB probable pitchers,lineup projected / unconfirmed,H:2026/2025 P:2026/2025,,,Direct BvP not yet weighted; 2026/2025 Statcast baseline active,7,10,19,1,Contact streak: 10/19 over last 7 games,"same-side matchup; pitcher baseline 6.3% barrel, 17.5 HR allowed",neutral batted-ball profile; pitcher fly-ball pressure modest,2.73,20.2,82.49,93.9542,0.3077,0.0682,0.2778,68.81,3.71,29.48,16.77,1.4,0.0707,6.33,37.11,87.95,0.325,0.1179,22.87,261 deg,Open-Meteo forecast; MLB fallback,https://forecast.weather.gov/MapClick.php?lat=34.0739&lon=-118.2400,68,0,75,UNIQLO Field at Dodger Stadium,,,,,,,,,,,
279,675961,Alika Williams,ATH,LAA,2026-09-24T01:40:00Z,Scheduled,9,Walbert Ureña,700712,R,27.8,Longshot,Watch List,Projected Lineup,7.0,18.6,54.4,40.2,50.0,32.0,50.0,,No,No,9,Yes,Yes,RotoWire projected lineup; MLB probable pitchers,lineup projected / unconfirmed,H:2026 P:2026,,,Direct BvP not yet weighted; 2026/2025 Statcast baseline active,7,6,18,0,Contact streak: 6/18 over last 7 games,"same-side matchup; pitcher baseline 5.4% barrel, 9.0 HR allowed",neutral batted-ball profile; pitcher fly-ball pressure modest,1.2,32.9,84.7,97.1092,0.294,0.082,0.244,69.2,3.2,43.0,23.6,4.0,0.162,5.4,35.6,87.1,0.313,0.106,21.8,219 deg,Open-Meteo forecast; MLB fallback,https://forecast.weather.gov/MapClick.php?lat=38.5804&lon=-121.5139,44,0,82,Sutter Health Park,,,,,,,,,,,
