hitter_id,player,team,opponent,game_start_time,game_status,batting_order,pitcher,pitcher_id,pitcher_hand,hitter_hand,barrel_pct,iso,avg_exit_velocity,ev50,xslg,xiso,xwoba,bat_speed,fast_swing_pct,pull_pct,fb_pct,hard_hit_pct,hr_total,pitcher_barrel_pct_allowed,pitcher_hard_hit_pct_allowed,pitcher_avg_exit_velocity_allowed,pitcher_xslg_allowed,pitcher_xiso_allowed,pitcher_fb_pct_allowed,pitcher_hr_allowed,pitcher_hr_allowed_vs_lhh,pitcher_hr_allowed_vs_rhh,ballpark,park_hr_factor,weather_temp,wind_speed,wind_direction,weather_source,weather_url,weather_humidity,weather_precip_pct,confirmed_lineup,rotowire_confirmed_lineup,rotowire_batting_order,rotowire_player_found,lineup_disagreement,lineup_sources_used,source_warnings,stat_years_used,bvp_pa,bvp_hr,bvp_note,recent_games,recent_hits,recent_abs,recent_hr,recent_form_note,split_matchup_note,pitch_mix_note,public_attention,odds
663330,Jahmai Jones,BOS,NYY,2026-08-29T23:15:00Z,Pre-Game,1,Max Fried,608331,L,R,11.02,0.1937,91.36,102.4875,0.4609,0.2038,0.3528,73.39,34.65,49.13,25.82,48.49,4.9,3.33,33.07,86.5,0.2919,0.0823,21.69,5.6,5.6,5.6,Yankee Stadium,119,80,3,Out To CF,Open-Meteo forecast; MLB fallback,https://forecast.weather.gov/MapClick.php?lat=40.8296&lon=-73.9262,49,7,Yes,Yes,1,Yes,No,MLB Stats API; RotoWire,,H:2026/2025 P:2026/2025,,,Direct BvP not yet weighted; 2026/2025 Statcast baseline active,7,2,7,0,"Last 7 games: 2/7, 0 HR","platoon edge; pitcher baseline 3.3% barrel, 5.6 HR allowed",neutral batted-ball profile; pitcher fly-ball pressure modest,,
678882,Ceddanne Rafaela,BOS,NYY,2026-08-29T23:15:00Z,Pre-Game,2,Max Fried,608331,L,R,6.61,0.1671,86.97,97.7812,0.3775,0.1306,0.2903,70.02,8.69,35.29,25.58,34.22,16.0,3.33,33.07,86.5,0.2919,0.0823,21.69,5.6,5.6,5.6,Yankee Stadium,119,80,3,Out To CF,Open-Meteo forecast; MLB fallback,https://forecast.weather.gov/MapClick.php?lat=40.8296&lon=-73.9262,49,7,Yes,Yes,2,Yes,No,MLB Stats API; RotoWire,,H:2026/2025 P:2026/2025,,,Direct BvP not yet weighted; 2026/2025 Statcast baseline active,7,9,30,0,"Last 7 games: 9/30, 0 HR","platoon edge; pitcher baseline 3.3% barrel, 5.6 HR allowed",neutral batted-ball profile; pitcher fly-ball pressure modest,,
677800,Wilyer Abreu,BOS,NYY,2026-08-29T23:15:00Z,Pre-Game,3,Max Fried,608331,L,L,12.51,0.2122,90.17,101.4406,0.4792,0.2264,0.3476,73.89,38.73,38.81,36.82,44.41,22.0,3.33,33.07,86.5,0.2919,0.0823,21.69,5.6,5.6,5.6,Yankee Stadium,119,80,3,Out To CF,Open-Meteo forecast; MLB fallback,https://forecast.weather.gov/MapClick.php?lat=40.8296&lon=-73.9262,49,7,Yes,Yes,3,Yes,No,MLB Stats API; RotoWire,,H:2026/2025 P:2026/2025,,,Direct BvP not yet weighted; 2026/2025 Statcast baseline active,7,4,29,1,"Last 7 games: 4/29, 1 HR","same-side matchup; pitcher baseline 3.3% barrel, 5.6 HR allowed",fly-ball profile; pitcher fly-ball pressure modest,,
575929,Willson Contreras,BOS,NYY,2026-08-29T23:15:00Z,Pre-Game,4,Max Fried,608331,L,R,13.76,0.2271,90.04,102.7522,0.4887,0.2324,0.3706,76.77,68.66,45.82,29.05,45.5,24.2,3.33,33.07,86.5,0.2919,0.0823,21.69,5.6,5.6,5.6,Yankee Stadium,119,80,3,Out To CF,Open-Meteo forecast; MLB fallback,https://forecast.weather.gov/MapClick.php?lat=40.8296&lon=-73.9262,49,7,Yes,Yes,4,Yes,No,MLB Stats API; RotoWire,,H:2026/2025 P:2026/2025,,,Direct BvP not yet weighted; 2026/2025 Statcast baseline active,7,4,28,1,"Last 7 games: 4/28, 1 HR","platoon edge; pitcher baseline 3.3% barrel, 5.6 HR allowed",neutral batted-ball profile; pitcher fly-ball pressure modest,,
702332,Caleb Durbin,BOS,NYY,2026-08-29T23:15:00Z,Pre-Game,5,Max Fried,608331,L,R,3.09,0.138,84.08,95.5924,0.3333,0.0909,0.2952,68.88,5.16,40.18,20.03,26.06,11.7,3.33,33.07,86.5,0.2919,0.0823,21.69,5.6,5.6,5.6,Yankee Stadium,119,80,3,Out To CF,Open-Meteo forecast; MLB fallback,https://forecast.weather.gov/MapClick.php?lat=40.8296&lon=-73.9262,49,7,Yes,Yes,5,Yes,No,MLB Stats API; RotoWire,,H:2026/2025 P:2026/2025,,,Direct BvP not yet weighted; 2026/2025 Statcast baseline active,7,6,21,0,"Last 7 games: 6/21, 0 HR","platoon edge; pitcher baseline 3.3% barrel, 5.6 HR allowed",neutral batted-ball profile; pitcher fly-ball pressure modest,,
655316,Andruw Monasterio,BOS,NYY,2026-08-29T23:15:00Z,Pre-Game,6,Max Fried,608331,L,R,6.56,0.1586,87.63,97.3842,0.3707,0.1355,0.2947,69.24,3.5,39.85,31.34,32.93,5.4,3.33,33.07,86.5,0.2919,0.0823,21.69,5.6,5.6,5.6,Yankee Stadium,119,80,3,Out To CF,Open-Meteo forecast; MLB fallback,https://forecast.weather.gov/MapClick.php?lat=40.8296&lon=-73.9262,49,7,Yes,Yes,6,Yes,No,MLB Stats API; RotoWire,,H:2026/2025 P:2026/2025,,,Direct BvP not yet weighted; 2026/2025 Statcast baseline active,7,4,24,0,"Last 7 games: 4/24, 0 HR","platoon edge; pitcher baseline 3.3% barrel, 5.6 HR allowed",neutral batted-ball profile; pitcher fly-ball pressure modest,,
686765,Nick Sogard,BOS,NYY,2026-08-29T23:15:00Z,Pre-Game,7,Max Fried,608331,L,S,5.39,0.1106,85.72,96.3053,0.3547,0.1093,0.3139,68.78,3.4,44.89,23.04,28.96,1.4,3.33,33.07,86.5,0.2919,0.0823,21.69,5.6,5.6,5.6,Yankee Stadium,119,80,3,Out To CF,Open-Meteo forecast; MLB fallback,https://forecast.weather.gov/MapClick.php?lat=40.8296&lon=-73.9262,49,7,Yes,Yes,7,Yes,No,MLB Stats API; RotoWire,,H:2026/2025 P:2026/2025,,,Direct BvP not yet weighted; 2026/2025 Statcast baseline active,7,7,28,1,"Last 7 games: 7/28, 1 HR","switch hitter; pitcher baseline 3.3% barrel, 5.6 HR allowed",neutral batted-ball profile; pitcher fly-ball pressure modest,,
657136,Connor Wong,BOS,NYY,2026-08-29T23:15:00Z,Pre-Game,8,Max Fried,608331,L,R,4.5,0.104,86.13,98.9389,0.3293,0.1055,0.2863,72.72,27.19,41.22,22.72,35.06,2.8,3.33,33.07,86.5,0.2919,0.0823,21.69,5.6,5.6,5.6,Yankee Stadium,119,80,3,Out To CF,Open-Meteo forecast; MLB fallback,https://forecast.weather.gov/MapClick.php?lat=40.8296&lon=-73.9262,49,7,Yes,Yes,8,Yes,No,MLB Stats API; RotoWire,,H:2026/2025 P:2026/2025,,,Direct BvP not yet weighted; 2026/2025 Statcast baseline active,7,6,24,1,"Last 7 games: 6/24, 1 HR","platoon edge; pitcher baseline 3.3% barrel, 5.6 HR allowed",neutral batted-ball profile; pitcher fly-ball pressure modest,,
642201,Eli White,BOS,NYY,2026-08-29T23:15:00Z,Pre-Game,9,Max Fried,608331,L,R,6.23,0.1524,86.16,98.3206,0.3426,0.1185,0.2708,72.76,26.84,36.61,24.01,32.21,6.5,3.33,33.07,86.5,0.2919,0.0823,21.69,5.6,5.6,5.6,Yankee Stadium,119,80,3,Out To CF,Open-Meteo forecast; MLB fallback,https://forecast.weather.gov/MapClick.php?lat=40.8296&lon=-73.9262,49,7,Yes,Yes,9,Yes,No,MLB Stats API; RotoWire,,H:2026/2025 P:2026/2025,,,Direct BvP not yet weighted; 2026/2025 Statcast baseline active,7,2,10,0,"Last 7 games: 2/10, 0 HR","platoon edge; pitcher baseline 3.3% barrel, 5.6 HR allowed",neutral batted-ball profile; pitcher fly-ball pressure modest,,
663757,Trent Grisham,NYY,BOS,2026-08-29T23:15:00Z,Pre-Game,1,Alec Gamboa,687941,L,L,11.05,0.2045,90.82,100.8587,0.4546,0.2073,0.3497,70.86,9.58,46.05,30.98,46.26,22.8,3.4,31.7,88.2,0.271,0.088,18.3,1.0,1.0,1.0,Yankee Stadium,119,80,3,Out To CF,Open-Meteo forecast; MLB fallback,https://forecast.weather.gov/MapClick.php?lat=40.8296&lon=-73.9262,49,7,Yes,Yes,1,Yes,No,MLB Stats API; RotoWire,,H:2026/2025 P:2026,,,Direct BvP not yet weighted; 2026/2025 Statcast baseline active,7,2,24,1,"Last 7 games: 2/24, 1 HR","same-side matchup; pitcher baseline 3.4% barrel, 1.0 HR allowed",neutral batted-ball profile; pitcher fly-ball pressure modest,,
700250,Ben Rice,NYY,BOS,2026-08-29T23:15:00Z,Pre-Game,2,Alec Gamboa,687941,L,L,15.26,0.2671,92.53,102.6002,0.525,0.2555,0.3812,72.91,28.36,46.15,30.6,50.92,32.3,3.4,31.7,88.2,0.271,0.088,18.3,1.0,1.0,1.0,Yankee Stadium,119,80,3,Out To CF,Open-Meteo forecast; MLB fallback,https://forecast.weather.gov/MapClick.php?lat=40.8296&lon=-73.9262,49,7,Yes,Yes,2,Yes,No,MLB Stats API; RotoWire,,H:2026/2025 P:2026,,,Direct BvP not yet weighted; 2026/2025 Statcast baseline active,7,8,26,1,"Last 7 games: 8/26, 1 HR","same-side matchup; pitcher baseline 3.4% barrel, 1.0 HR allowed",lift-pull EV profile; pitcher fly-ball pressure modest,,
671218,Heliot Ramos,NYY,BOS,2026-08-29T23:15:00Z,Pre-Game,3,Alec Gamboa,687941,L,R,12.02,0.1454,92.01,102.8784,0.4268,0.1764,0.3193,72.99,31.77,33.38,22.39,48.66,12.6,3.4,31.7,88.2,0.271,0.088,18.3,1.0,1.0,1.0,Yankee Stadium,119,80,3,Out To CF,Open-Meteo forecast; MLB fallback,https://forecast.weather.gov/MapClick.php?lat=40.8296&lon=-73.9262,49,7,Yes,Yes,3,Yes,No,MLB Stats API; RotoWire,,H:2026/2025 P:2026,,,Direct BvP not yet weighted; 2026/2025 Statcast baseline active,7,4,18,0,"Last 7 games: 4/18, 0 HR","platoon edge; pitcher baseline 3.4% barrel, 1.0 HR allowed",EV profile; pitcher fly-ball pressure modest,,
671277,Luis García Jr.,NYY,BOS,2026-08-29T23:15:00Z,Pre-Game,4,Alec Gamboa,687941,L,L,11.52,0.2391,91.18,101.8754,0.4959,0.2114,0.3495,73.73,39.55,41.01,22.75,46.08,24.4,3.4,31.7,88.2,0.271,0.088,18.3,1.0,1.0,1.0,Yankee Stadium,119,80,3,Out To CF,Open-Meteo forecast; MLB fallback,https://forecast.weather.gov/MapClick.php?lat=40.8296&lon=-73.9262,49,7,Yes,Yes,4,Yes,No,MLB Stats API; RotoWire,,H:2026/2025 P:2026,,,Direct BvP not yet weighted; 2026/2025 Statcast baseline active,7,8,22,3,Hot streak: 3 HR in last 7 games,"same-side matchup; pitcher baseline 3.4% barrel, 1.0 HR allowed",neutral batted-ball profile; pitcher fly-ball pressure modest,,
665862,Jazz Chisholm Jr.,NYY,BOS,2026-08-29T23:15:00Z,Pre-Game,5,Alec Gamboa,687941,L,L,10.8,0.1942,90.26,100.5046,0.4033,0.1833,0.3089,73.41,34.0,51.35,30.47,42.67,21.9,3.4,31.7,88.2,0.271,0.088,18.3,1.0,1.0,1.0,Yankee Stadium,119,80,3,Out To CF,Open-Meteo forecast; MLB fallback,https://forecast.weather.gov/MapClick.php?lat=40.8296&lon=-73.9262,49,7,Yes,Yes,5,Yes,No,MLB Stats API; RotoWire,,H:2026/2025 P:2026,,,Direct BvP not yet weighted; 2026/2025 Statcast baseline active,7,9,19,1,Contact streak: 9/19 over last 7 games,"same-side matchup; pitcher baseline 3.4% barrel, 1.0 HR allowed",neutral batted-ball profile; pitcher fly-ball pressure modest,,
806146,George Lombard Jr.,NYY,BOS,2026-08-29T23:15:00Z,Pre-Game,6,Alec Gamboa,687941,L,R,7.7,0.121,85.3,97.667,0.355,0.108,0.298,72.0,18.2,32.1,22.6,34.0,2.0,3.4,31.7,88.2,0.271,0.088,18.3,1.0,1.0,1.0,Yankee Stadium,119,80,3,Out To CF,Open-Meteo forecast; MLB fallback,https://forecast.weather.gov/MapClick.php?lat=40.8296&lon=-73.9262,49,7,Yes,Yes,6,Yes,No,MLB Stats API; RotoWire,,H:2026 P:2026,,,Direct BvP not yet weighted; 2026/2025 Statcast baseline active,7,4,25,0,"Last 7 games: 4/25, 0 HR","platoon edge; pitcher baseline 3.4% barrel, 1.0 HR allowed",neutral batted-ball profile; pitcher fly-ball pressure modest,,
682987,Spencer Jones,NYY,BOS,2026-08-29T23:15:00Z,Pre-Game,7,Alec Gamboa,687941,L,L,15.7,0.187,94.9,104.3543,0.449,0.22,0.325,77.5,75.3,32.4,36.3,57.4,7.0,3.4,31.7,88.2,0.271,0.088,18.3,1.0,1.0,1.0,Yankee Stadium,119,80,3,Out To CF,Open-Meteo forecast; MLB fallback,https://forecast.weather.gov/MapClick.php?lat=40.8296&lon=-73.9262,49,7,Yes,Yes,7,Yes,No,MLB Stats API; RotoWire,,H:2026 P:2026,,,Direct BvP not yet weighted; 2026/2025 Statcast baseline active,7,5,21,0,"Last 7 games: 5/21, 0 HR","same-side matchup; pitcher baseline 3.4% barrel, 1.0 HR allowed",EV profile; pitcher fly-ball pressure modest,,
669224,Austin Wells,NYY,BOS,2026-08-29T23:15:00Z,Pre-Game,8,Alec Gamboa,687941,L,L,7.47,0.1442,89.55,100.6833,0.3661,0.1549,0.2919,72.98,27.95,46.38,32.58,43.38,11.9,3.4,31.7,88.2,0.271,0.088,18.3,1.0,1.0,1.0,Yankee Stadium,119,80,3,Out To CF,Open-Meteo forecast; MLB fallback,https://forecast.weather.gov/MapClick.php?lat=40.8296&lon=-73.9262,49,7,Yes,Yes,8,Yes,No,MLB Stats API; RotoWire,,H:2026/2025 P:2026,,,Direct BvP not yet weighted; 2026/2025 Statcast baseline active,7,4,19,0,"Last 7 games: 4/19, 0 HR","same-side matchup; pitcher baseline 3.4% barrel, 1.0 HR allowed",neutral batted-ball profile; pitcher fly-ball pressure modest,,
676609,José Caballero,NYY,BOS,2026-08-29T23:15:00Z,Pre-Game,9,Alec Gamboa,687941,L,R,4.64,0.1278,84.53,96.531,0.3362,0.1101,0.2857,68.89,8.05,41.25,21.52,27.24,9.9,3.4,31.7,88.2,0.271,0.088,18.3,1.0,1.0,1.0,Yankee Stadium,119,80,3,Out To CF,Open-Meteo forecast; MLB fallback,https://forecast.weather.gov/MapClick.php?lat=40.8296&lon=-73.9262,49,7,Yes,Yes,9,Yes,No,MLB Stats API; RotoWire,,H:2026/2025 P:2026,,,Direct BvP not yet weighted; 2026/2025 Statcast baseline active,7,4,23,0,"Last 7 games: 4/23, 0 HR","platoon edge; pitcher baseline 3.4% barrel, 1.0 HR allowed",neutral batted-ball profile; pitcher fly-ball pressure modest,,
668227,Randy Arozarena,SEA,TOR,2026-08-29T19:07:00Z,In Progress,1,José Soriano,667755,R,R,8.77,0.188,90.88,100.9868,0.4177,0.1669,0.3424,71.32,24.59,33.84,23.96,44.58,22.1,7.76,41.97,89.79,0.3838,0.1383,18.54,12.7,12.7,12.7,Rogers Centre,105,66,1,Out To CF,Open-Meteo forecast; MLB fallback,https://forecast.weather.gov/MapClick.php?lat=43.6414&lon=-79.3894,69,0,Yes,Yes,1,Yes,No,MLB Stats API; RotoWire,,H:2026/2025 P:2026/2025,,,Direct BvP not yet weighted; 2026/2025 Statcast baseline active,7,6,22,3,Hot streak: 3 HR in last 7 games,"same-side matchup; pitcher baseline 7.8% barrel, 12.7 HR allowed",neutral batted-ball profile; pitcher fly-ball pressure modest,,
686527,Dominic Canzone,SEA,TOR,2026-08-29T19:07:00Z,In Progress,2,José Soriano,667755,R,L,13.1,0.2125,91.53,102.5448,0.5008,0.2241,0.3634,74.08,42.48,39.97,26.23,46.06,17.3,7.76,41.97,89.79,0.3838,0.1383,18.54,12.7,12.7,12.7,Rogers Centre,105,66,1,Out To CF,Open-Meteo forecast; MLB fallback,https://forecast.weather.gov/MapClick.php?lat=43.6414&lon=-79.3894,69,0,Yes,Yes,2,Yes,No,MLB Stats API; RotoWire,,H:2026/2025 P:2026/2025,,,Direct BvP not yet weighted; 2026/2025 Statcast baseline active,7,5,26,1,"Last 7 games: 5/26, 1 HR","platoon edge; pitcher baseline 7.8% barrel, 12.7 HR allowed",neutral batted-ball profile; pitcher fly-ball pressure modest,,
677594,Julio Rodríguez,SEA,TOR,2026-08-29T19:07:00Z,In Progress,3,José Soriano,667755,R,R,9.73,0.1741,90.47,102.6094,0.4643,0.195,0.344,76.61,67.13,38.07,26.4,44.5,23.6,7.76,41.97,89.79,0.3838,0.1383,18.54,12.7,12.7,12.7,Rogers Centre,105,66,1,Out To CF,Open-Meteo forecast; MLB fallback,https://forecast.weather.gov/MapClick.php?lat=43.6414&lon=-79.3894,69,0,Yes,Yes,3,Yes,No,MLB Stats API; RotoWire,,H:2026/2025 P:2026/2025,,,Direct BvP not yet weighted; 2026/2025 Statcast baseline active,7,4,28,1,"Last 7 games: 4/28, 1 HR","same-side matchup; pitcher baseline 7.8% barrel, 12.7 HR allowed",neutral batted-ball profile; pitcher fly-ball pressure modest,,
647304,Josh Naylor,SEA,TOR,2026-08-29T19:07:00Z,In Progress,4,José Soriano,667755,R,L,5.16,0.1194,87.87,99.0975,0.4005,0.1303,0.3208,70.41,11.68,41.92,22.43,37.98,13.0,7.76,41.97,89.79,0.3838,0.1383,18.54,12.7,12.7,12.7,Rogers Centre,105,66,1,Out To CF,Open-Meteo forecast; MLB fallback,https://forecast.weather.gov/MapClick.php?lat=43.6414&lon=-79.3894,69,0,Yes,Yes,4,Yes,No,MLB Stats API; RotoWire,,H:2026/2025 P:2026/2025,,,Direct BvP not yet weighted; 2026/2025 Statcast baseline active,7,8,27,0,"Last 7 games: 8/27, 0 HR","platoon edge; pitcher baseline 7.8% barrel, 12.7 HR allowed",neutral batted-ball profile; pitcher fly-ball pressure modest,,
663728,Cal Raleigh,SEA,TOR,2026-08-29T19:07:00Z,In Progress,5,José Soriano,667755,R,S,15.72,0.2244,90.11,101.0736,0.4315,0.2362,0.3248,74.99,52.04,54.57,42.43,41.06,30.6,7.76,41.97,89.79,0.3838,0.1383,18.54,12.7,12.7,12.7,Rogers Centre,105,66,1,Out To CF,Open-Meteo forecast; MLB fallback,https://forecast.weather.gov/MapClick.php?lat=43.6414&lon=-79.3894,69,0,Yes,Yes,5,Yes,No,MLB Stats API; RotoWire,,H:2026/2025 P:2026/2025,,,Direct BvP not yet weighted; 2026/2025 Statcast baseline active,7,8,21,5,Hot streak: 5 HR in last 7 games,"switch hitter; pitcher baseline 7.8% barrel, 12.7 HR allowed",fly-ball profile; pitcher fly-ball pressure modest,,
702284,Cole Young,SEA,TOR,2026-08-29T19:07:00Z,In Progress,6,José Soriano,667755,R,L,4.97,0.1283,88.3,98.8909,0.3823,0.1303,0.3103,71.44,21.51,42.33,26.87,36.0,12.4,7.76,41.97,89.79,0.3838,0.1383,18.54,12.7,12.7,12.7,Rogers Centre,105,66,1,Out To CF,Open-Meteo forecast; MLB fallback,https://forecast.weather.gov/MapClick.php?lat=43.6414&lon=-79.3894,69,0,Yes,Yes,6,Yes,No,MLB Stats API; RotoWire,,H:2026/2025 P:2026/2025,,,Direct BvP not yet weighted; 2026/2025 Statcast baseline active,7,3,25,1,"Last 7 games: 3/25, 1 HR","platoon edge; pitcher baseline 7.8% barrel, 12.7 HR allowed",neutral batted-ball profile; pitcher fly-ball pressure modest,,
621493,Taylor Ward,SEA,TOR,2026-08-29T19:07:00Z,In Progress,7,José Soriano,667755,R,R,7.96,0.1385,89.26,99.402,0.3926,0.1532,0.3365,68.8,4.09,33.38,30.01,39.41,15.7,7.76,41.97,89.79,0.3838,0.1383,18.54,12.7,12.7,12.7,Rogers Centre,105,66,1,Out To CF,Open-Meteo forecast; MLB fallback,https://forecast.weather.gov/MapClick.php?lat=43.6414&lon=-79.3894,69,0,Yes,Yes,7,Yes,No,MLB Stats API; RotoWire,,H:2026/2025 P:2026/2025,,,Direct BvP not yet weighted; 2026/2025 Statcast baseline active,7,1,21,0,"Last 7 games: 1/21, 0 HR","same-side matchup; pitcher baseline 7.8% barrel, 12.7 HR allowed",neutral batted-ball profile; pitcher fly-ball pressure modest,,
641487,J.P. Crawford,SEA,TOR,2026-08-29T19:07:00Z,In Progress,8,José Soriano,667755,R,L,5.88,0.1225,87.55,98.2939,0.3664,0.1214,0.3227,71.21,18.6,35.56,20.72,35.33,10.6,7.76,41.97,89.79,0.3838,0.1383,18.54,12.7,12.7,12.7,Rogers Centre,105,66,1,Out To CF,Open-Meteo forecast; MLB fallback,https://forecast.weather.gov/MapClick.php?lat=43.6414&lon=-79.3894,69,0,Yes,Yes,8,Yes,No,MLB Stats API; RotoWire,,H:2026/2025 P:2026/2025,,,Direct BvP not yet weighted; 2026/2025 Statcast baseline active,7,2,19,0,"Last 7 games: 2/19, 0 HR","platoon edge; pitcher baseline 7.8% barrel, 12.7 HR allowed",neutral batted-ball profile; pitcher fly-ball pressure modest,,
801126,Brock Rodden,SEA,TOR,2026-08-29T19:07:00Z,In Progress,9,José Soriano,667755,R,S,4.5,0.115,87.7,97.7912,0.211,0.083,0.219,69.0,1.6,63.6,40.9,40.9,0.0,7.76,41.97,89.79,0.3838,0.1383,18.54,12.7,12.7,12.7,Rogers Centre,105,66,1,Out To CF,Open-Meteo forecast; MLB fallback,https://forecast.weather.gov/MapClick.php?lat=43.6414&lon=-79.3894,69,0,Yes,Yes,9,Yes,No,MLB Stats API; RotoWire,,H:2026 P:2026/2025,,,Direct BvP not yet weighted; 2026/2025 Statcast baseline active,7,0,18,0,"Last 7 games: 0/18, 0 HR","switch hitter; pitcher baseline 7.8% barrel, 12.7 HR allowed",fly-ball profile; pitcher fly-ball pressure modest,,
703520,Brett Bateman,TOR,SEA,2026-08-29T19:07:00Z,In Progress,1,Kade Anderson,807739,L,L,0.0,0.068,82.6,93.7913,0.29,0.051,0.26,68.4,2.8,31.0,6.9,19.0,0.0,13.3,33.3,86.7,0.373,0.205,46.7,2.0,2.0,2.0,Rogers Centre,105,66,1,Out To CF,Open-Meteo forecast; MLB fallback,https://forecast.weather.gov/MapClick.php?lat=43.6414&lon=-79.3894,69,0,Yes,Yes,1,Yes,No,MLB Stats API; RotoWire,,H:2026 P:2026,,,Direct BvP not yet weighted; 2026/2025 Statcast baseline active,7,12,28,0,Contact streak: 12/28 over last 7 games,"same-side matchup; pitcher baseline 13.3% barrel, 2.0 HR allowed",neutral batted-ball profile; pitcher allows elevated contact,,
672386,Alejandro Kirk,TOR,SEA,2026-08-29T19:07:00Z,In Progress,2,Kade Anderson,807739,L,R,5.41,0.1355,89.07,100.2593,0.4058,0.1372,0.3261,71.87,19.72,25.23,21.34,43.03,9.4,13.3,33.3,86.7,0.373,0.205,46.7,2.0,2.0,2.0,Rogers Centre,105,66,1,Out To CF,Open-Meteo forecast; MLB fallback,https://forecast.weather.gov/MapClick.php?lat=43.6414&lon=-79.3894,69,0,Yes,Yes,2,Yes,No,MLB Stats API; RotoWire,,H:2026/2025 P:2026,,,Direct BvP not yet weighted; 2026/2025 Statcast baseline active,7,5,24,0,"Last 7 games: 5/24, 0 HR","platoon edge; pitcher baseline 13.3% barrel, 2.0 HR allowed",neutral batted-ball profile; pitcher allows elevated contact,,
665489,Vladimir Guerrero Jr.,TOR,SEA,2026-08-29T19:07:00Z,In Progress,3,Kade Anderson,807739,L,R,8.28,0.1169,90.6,102.9799,0.4318,0.1437,0.3483,76.35,63.4,35.6,19.31,45.31,11.8,13.3,33.3,86.7,0.373,0.205,46.7,2.0,2.0,2.0,Rogers Centre,105,66,1,Out To CF,Open-Meteo forecast; MLB fallback,https://forecast.weather.gov/MapClick.php?lat=43.6414&lon=-79.3894,69,0,Yes,Yes,3,Yes,No,MLB Stats API; RotoWire,,H:2026/2025 P:2026,,,Direct BvP not yet weighted; 2026/2025 Statcast baseline active,7,5,27,0,"Last 7 games: 5/27, 0 HR","platoon edge; pitcher baseline 13.3% barrel, 2.0 HR allowed",neutral batted-ball profile; pitcher allows elevated contact,,
543807,George Springer,TOR,SEA,2026-08-29T19:07:00Z,In Progress,4,Kade Anderson,807739,L,R,9.62,0.1901,88.74,100.0399,0.4352,0.1834,0.3354,73.17,34.32,41.16,26.3,40.25,19.4,13.3,33.3,86.7,0.373,0.205,46.7,2.0,2.0,2.0,Rogers Centre,105,66,1,Out To CF,Open-Meteo forecast; MLB fallback,https://forecast.weather.gov/MapClick.php?lat=43.6414&lon=-79.3894,69,0,Yes,Yes,4,Yes,No,MLB Stats API; RotoWire,,H:2026/2025 P:2026,,,Direct BvP not yet weighted; 2026/2025 Statcast baseline active,7,12,24,2,Hot streak: 2 HR in last 7 games,"platoon edge; pitcher baseline 13.3% barrel, 2.0 HR allowed",neutral batted-ball profile; pitcher allows elevated contact,,
672960,Kazuma Okamoto,TOR,SEA,2026-08-29T19:07:00Z,In Progress,5,Kade Anderson,807739,L,R,13.2,0.212,90.4,101.2561,0.431,0.214,0.318,73.1,34.6,50.8,33.5,43.1,27.0,13.3,33.3,86.7,0.373,0.205,46.7,2.0,2.0,2.0,Rogers Centre,105,66,1,Out To CF,Open-Meteo forecast; MLB fallback,https://forecast.weather.gov/MapClick.php?lat=43.6414&lon=-79.3894,69,0,Yes,Yes,5,Yes,No,MLB Stats API; RotoWire,,H:2026 P:2026,,,Direct BvP not yet weighted; 2026/2025 Statcast baseline active,7,5,22,1,"Last 7 games: 5/22, 1 HR","platoon edge; pitcher baseline 13.3% barrel, 2.0 HR allowed",neutral batted-ball profile; pitcher allows elevated contact,,
807727,Charles McAdoo,TOR,SEA,2026-08-29T19:07:00Z,In Progress,6,Kade Anderson,807739,L,R,6.1,0.118,86.9,97.9084,0.349,0.113,0.275,73.5,34.5,16.3,24.5,34.7,2.0,13.3,33.3,86.7,0.373,0.205,46.7,2.0,2.0,2.0,Rogers Centre,105,66,1,Out To CF,Open-Meteo forecast; MLB fallback,https://forecast.weather.gov/MapClick.php?lat=43.6414&lon=-79.3894,69,0,Yes,Yes,6,Yes,No,MLB Stats API; RotoWire,,H:2026 P:2026,,,Direct BvP not yet weighted; 2026/2025 Statcast baseline active,7,6,26,0,"Last 7 games: 6/26, 0 HR","platoon edge; pitcher baseline 13.3% barrel, 2.0 HR allowed",neutral batted-ball profile; pitcher allows elevated contact,,
676391,Ernie Clement,TOR,SEA,2026-08-29T19:07:00Z,In Progress,7,Kade Anderson,807739,L,R,2.26,0.1168,84.99,94.588,0.338,0.0853,0.2729,67.46,2.75,40.94,27.55,21.87,9.0,13.3,33.3,86.7,0.373,0.205,46.7,2.0,2.0,2.0,Rogers Centre,105,66,1,Out To CF,Open-Meteo forecast; MLB fallback,https://forecast.weather.gov/MapClick.php?lat=43.6414&lon=-79.3894,69,0,Yes,Yes,7,Yes,No,MLB Stats API; RotoWire,,H:2026/2025 P:2026,,,Direct BvP not yet weighted; 2026/2025 Statcast baseline active,7,4,27,0,"Last 7 games: 4/27, 0 HR","platoon edge; pitcher baseline 13.3% barrel, 2.0 HR allowed",neutral batted-ball profile; pitcher allows elevated contact,,
663662,Daz Cameron,TOR,SEA,2026-08-29T19:07:00Z,In Progress,8,Kade Anderson,807739,L,R,10.88,0.1631,88.96,99.0641,0.4383,0.1882,0.3001,73.87,41.38,32.62,28.21,31.54,1.0,13.3,33.3,86.7,0.373,0.205,46.7,2.0,2.0,2.0,Rogers Centre,105,66,1,Out To CF,Open-Meteo forecast; MLB fallback,https://forecast.weather.gov/MapClick.php?lat=43.6414&lon=-79.3894,69,0,Yes,Yes,8,Yes,No,MLB Stats API; RotoWire,,H:2026/2025 P:2026,,,Direct BvP not yet weighted; 2026/2025 Statcast baseline active,7,4,20,1,"Last 7 games: 4/20, 1 HR","platoon edge; pitcher baseline 13.3% barrel, 2.0 HR allowed",neutral batted-ball profile; pitcher allows elevated contact,,
664770,Nathan Lukes,TOR,SEA,2026-08-29T19:07:00Z,In Progress,9,Kade Anderson,807739,L,L,3.19,0.1338,87.2,96.8734,0.3612,0.1036,0.2996,67.3,3.76,33.52,21.51,30.63,10.6,13.3,33.3,86.7,0.373,0.205,46.7,2.0,2.0,2.0,Rogers Centre,105,66,1,Out To CF,Open-Meteo forecast; MLB fallback,https://forecast.weather.gov/MapClick.php?lat=43.6414&lon=-79.3894,69,0,Yes,,,No,Yes,MLB Stats API; RotoWire,not found on RotoWire,H:2026/2025 P:2026,,,Direct BvP not yet weighted; 2026/2025 Statcast baseline active,7,7,20,3,Hot streak: 3 HR in last 7 games,"same-side matchup; pitcher baseline 13.3% barrel, 2.0 HR allowed",neutral batted-ball profile; pitcher allows elevated contact,,
545121,Ildemaro Vargas,AZ,SF,2026-08-29T20:05:00Z,In Progress,1,Matt Wilkinson,683363,L,S,3.55,0.1312,87.94,98.5341,0.3725,0.1028,0.2968,70.71,14.33,40.57,21.05,35.69,7.2,8.7,52.2,89.8,0.51,0.247,34.8,1.0,1.0,1.0,Oracle Park,85,67,7,Out To CF,Open-Meteo forecast; MLB fallback,https://forecast.weather.gov/MapClick.php?lat=37.7786&lon=-122.3893,71,12,Yes,,,No,Yes,MLB Stats API; RotoWire,not found on RotoWire,H:2026/2025 P:2026,,,Direct BvP not yet weighted; 2026/2025 Statcast baseline active,7,4,26,0,"Last 7 games: 4/26, 0 HR","switch hitter; pitcher baseline 8.7% barrel, 1.0 HR allowed",neutral batted-ball profile; pitcher allows elevated contact,,
682998,Corbin Carroll,AZ,SF,2026-08-29T20:05:00Z,In Progress,2,Matt Wilkinson,683363,L,L,12.89,0.2512,91.89,102.5288,0.473,0.2173,0.3552,75.16,53.98,43.17,30.46,49.06,22.6,8.7,52.2,89.8,0.51,0.247,34.8,1.0,1.0,1.0,Oracle Park,85,67,7,Out To CF,Open-Meteo forecast; MLB fallback,https://forecast.weather.gov/MapClick.php?lat=37.7786&lon=-122.3893,71,12,Yes,,,No,Yes,MLB Stats API; RotoWire,not found on RotoWire,H:2026/2025 P:2026,,,Direct BvP not yet weighted; 2026/2025 Statcast baseline active,7,4,23,1,"Last 7 games: 4/23, 1 HR","same-side matchup; pitcher baseline 8.7% barrel, 1.0 HR allowed",neutral batted-ball profile; pitcher allows elevated contact,,
672515,Gabriel Moreno,AZ,SF,2026-08-29T20:05:00Z,In Progress,3,Matt Wilkinson,683363,L,R,7.8,0.1606,89.63,99.7248,0.4544,0.1677,0.3607,71.39,20.14,34.73,25.82,42.91,10.4,8.7,52.2,89.8,0.51,0.247,34.8,1.0,1.0,1.0,Oracle Park,85,67,7,Out To CF,Open-Meteo forecast; MLB fallback,https://forecast.weather.gov/MapClick.php?lat=37.7786&lon=-122.3893,71,12,Yes,,,No,Yes,MLB Stats API; RotoWire,not found on RotoWire,H:2026/2025 P:2026,,,Direct BvP not yet weighted; 2026/2025 Statcast baseline active,7,4,23,1,"Last 7 games: 4/23, 1 HR","platoon edge; pitcher baseline 8.7% barrel, 1.0 HR allowed",neutral batted-ball profile; pitcher allows elevated contact,,
672695,Geraldo Perdomo,AZ,SF,2026-08-29T20:05:00Z,In Progress,4,Matt Wilkinson,683363,L,S,3.89,0.1363,87.46,96.707,0.3708,0.1075,0.3371,67.5,2.36,43.17,26.01,30.78,12.3,8.7,52.2,89.8,0.51,0.247,34.8,1.0,1.0,1.0,Oracle Park,85,67,7,Out To CF,Open-Meteo forecast; MLB fallback,https://forecast.weather.gov/MapClick.php?lat=37.7786&lon=-122.3893,71,12,Yes,,,No,Yes,MLB Stats API; RotoWire,not found on RotoWire,H:2026/2025 P:2026,,,Direct BvP not yet weighted; 2026/2025 Statcast baseline active,7,9,22,0,Contact streak: 9/22 over last 7 games,"switch hitter; pitcher baseline 8.7% barrel, 1.0 HR allowed",neutral batted-ball profile; pitcher allows elevated contact,,
571448,Nolan Arenado,AZ,SF,2026-08-29T20:05:00Z,In Progress,5,Matt Wilkinson,683363,L,R,5.75,0.1792,85.61,97.0082,0.3541,0.1234,0.2897,71.33,15.89,46.72,28.0,31.97,18.3,8.7,52.2,89.8,0.51,0.247,34.8,1.0,1.0,1.0,Oracle Park,85,67,7,Out To CF,Open-Meteo forecast; MLB fallback,https://forecast.weather.gov/MapClick.php?lat=37.7786&lon=-122.3893,71,12,Yes,,,No,Yes,MLB Stats API; RotoWire,not found on RotoWire,H:2026/2025 P:2026,,,Direct BvP not yet weighted; 2026/2025 Statcast baseline active,7,5,25,1,"Last 7 games: 5/25, 1 HR","platoon edge; pitcher baseline 8.7% barrel, 1.0 HR allowed",neutral batted-ball profile; pitcher allows elevated contact,,
694374,Tim Tawa,AZ,SF,2026-08-29T20:05:00Z,In Progress,6,Matt Wilkinson,683363,L,R,9.93,0.1572,90.39,100.8701,0.4016,0.1662,0.3082,73.8,36.49,40.03,27.03,44.48,8.4,8.7,52.2,89.8,0.51,0.247,34.8,1.0,1.0,1.0,Oracle Park,85,67,7,Out To CF,Open-Meteo forecast; MLB fallback,https://forecast.weather.gov/MapClick.php?lat=37.7786&lon=-122.3893,71,12,Yes,,,No,Yes,MLB Stats API; RotoWire,not found on RotoWire,H:2026/2025 P:2026,,,Direct BvP not yet weighted; 2026/2025 Statcast baseline active,7,5,22,1,"Last 7 games: 5/22, 1 HR","platoon edge; pitcher baseline 8.7% barrel, 1.0 HR allowed",neutral batted-ball profile; pitcher allows elevated contact,,
699912,Jose Fernandez,AZ,SF,2026-08-29T20:05:00Z,In Progress,7,Matt Wilkinson,683363,L,R,4.0,0.095,87.7,100.2082,0.353,0.103,0.286,74.1,43.9,42.3,12.1,38.3,3.0,8.7,52.2,89.8,0.51,0.247,34.8,1.0,1.0,1.0,Oracle Park,85,67,7,Out To CF,Open-Meteo forecast; MLB fallback,https://forecast.weather.gov/MapClick.php?lat=37.7786&lon=-122.3893,71,12,Yes,,,No,Yes,MLB Stats API; RotoWire,not found on RotoWire,H:2026 P:2026,,,Direct BvP not yet weighted; 2026/2025 Statcast baseline active,7,4,15,0,"Last 7 games: 4/15, 0 HR","platoon edge; pitcher baseline 8.7% barrel, 1.0 HR allowed",neutral batted-ball profile; pitcher allows elevated contact,,
663457,Lars Nootbaar,AZ,SF,2026-08-29T20:05:00Z,In Progress,8,Matt Wilkinson,683363,L,L,10.13,0.1291,91.58,101.6556,0.4266,0.1837,0.3338,73.26,36.52,38.49,28.27,49.58,7.4,8.7,52.2,89.8,0.51,0.247,34.8,1.0,1.0,1.0,Oracle Park,85,67,7,Out To CF,Open-Meteo forecast; MLB fallback,https://forecast.weather.gov/MapClick.php?lat=37.7786&lon=-122.3893,71,12,Yes,,,No,Yes,MLB Stats API; RotoWire,not found on RotoWire,H:2026/2025 P:2026,,,Direct BvP not yet weighted; 2026/2025 Statcast baseline active,7,7,22,2,Hot streak: 2 HR in last 7 games,"same-side matchup; pitcher baseline 8.7% barrel, 1.0 HR allowed",neutral batted-ball profile; pitcher allows elevated contact,,
691783,Jordan Lawlar,AZ,SF,2026-08-29T20:05:00Z,In Progress,9,Matt Wilkinson,683363,L,R,5.95,0.148,87.07,97.309,0.3612,0.118,0.3034,70.23,8.85,48.84,32.66,26.61,2.1,8.7,52.2,89.8,0.51,0.247,34.8,1.0,1.0,1.0,Oracle Park,85,67,7,Out To CF,Open-Meteo forecast; MLB fallback,https://forecast.weather.gov/MapClick.php?lat=37.7786&lon=-122.3893,71,12,Yes,,,No,Yes,MLB Stats API; RotoWire,not found on RotoWire,H:2026/2025 P:2026,,,Direct BvP not yet weighted; 2026/2025 Statcast baseline active,7,6,21,2,Hot streak: 2 HR in last 7 games,"platoon edge; pitcher baseline 8.7% barrel, 1.0 HR allowed",neutral batted-ball profile; pitcher allows elevated contact,,
687551,Drew Gilbert,SF,AZ,2026-08-29T20:05:00Z,In Progress,1,Merrill Kelly,518876,R,L,5.39,0.1523,86.74,98.2151,0.3794,0.1328,0.3127,70.45,10.2,41.54,20.18,35.87,6.5,11.61,43.57,90.27,0.5136,0.2251,26.57,25.1,25.1,25.1,Oracle Park,85,67,7,Out To CF,Open-Meteo forecast; MLB fallback,https://forecast.weather.gov/MapClick.php?lat=37.7786&lon=-122.3893,71,12,Yes,Yes,1,Yes,No,MLB Stats API; RotoWire,,H:2026/2025 P:2026/2025,,,Direct BvP not yet weighted; 2026/2025 Statcast baseline active,7,5,18,1,"Last 7 games: 5/18, 1 HR","platoon edge; pitcher baseline 11.6% barrel, 25.1 HR allowed",neutral batted-ball profile; pitcher fly-ball pressure modest,,
646240,Rafael Devers,SF,AZ,2026-08-29T20:05:00Z,In Progress,2,Merrill Kelly,518876,R,L,12.5,0.2333,92.94,103.0478,0.459,0.2245,0.3397,71.81,20.3,33.77,33.6,52.11,30.8,11.61,43.57,90.27,0.5136,0.2251,26.57,25.1,25.1,25.1,Oracle Park,85,67,7,Out To CF,Open-Meteo forecast; MLB fallback,https://forecast.weather.gov/MapClick.php?lat=37.7786&lon=-122.3893,71,12,Yes,No,2,Yes,Yes,MLB Stats API; RotoWire,RotoWire not confirmed,H:2026/2025 P:2026/2025,,,Direct BvP not yet weighted; 2026/2025 Statcast baseline active,7,9,25,3,Hot streak: 3 HR in last 7 games,"platoon edge; pitcher baseline 11.6% barrel, 25.1 HR allowed",EV profile; pitcher fly-ball pressure modest,,
805811,Bryce Eldridge,SF,AZ,2026-08-29T20:05:00Z,In Progress,3,Merrill Kelly,518876,R,L,16.04,0.1574,93.5,103.3222,0.4827,0.2519,0.3573,73.0,28.71,38.97,37.68,57.53,10.5,11.61,43.57,90.27,0.5136,0.2251,26.57,25.1,25.1,25.1,Oracle Park,85,67,7,Out To CF,Open-Meteo forecast; MLB fallback,https://forecast.weather.gov/MapClick.php?lat=37.7786&lon=-122.3893,71,12,Yes,No,3,Yes,Yes,MLB Stats API; RotoWire,RotoWire not confirmed,H:2026/2025 P:2026/2025,,,Direct BvP not yet weighted; 2026/2025 Statcast baseline active,7,8,25,1,Contact streak: 8/25 over last 7 games,"platoon edge; pitcher baseline 11.6% barrel, 25.1 HR allowed",lift-pull EV profile; pitcher fly-ball pressure modest,,
808982,Jung Hoo Lee,SF,AZ,2026-08-29T20:05:00Z,In Progress,4,Merrill Kelly,518876,R,L,2.93,0.1354,87.17,96.7448,0.3829,0.0975,0.3161,68.37,3.61,37.76,22.66,30.67,8.7,11.61,43.57,90.27,0.5136,0.2251,26.57,25.1,25.1,25.1,Oracle Park,85,67,7,Out To CF,Open-Meteo forecast; MLB fallback,https://forecast.weather.gov/MapClick.php?lat=37.7786&lon=-122.3893,71,12,Yes,No,5,Yes,Yes,MLB Stats API; RotoWire,RotoWire not confirmed; order MLB 4 vs RotoWire 5,H:2026/2025 P:2026/2025,,,Direct BvP not yet weighted; 2026/2025 Statcast baseline active,7,5,20,0,"Last 7 games: 5/20, 0 HR","platoon edge; pitcher baseline 11.6% barrel, 25.1 HR allowed",neutral batted-ball profile; pitcher fly-ball pressure modest,,
806367,Turner Hill,SF,AZ,2026-08-29T20:05:00Z,In Progress,5,Merrill Kelly,518876,R,L,8.0,0.143,89.1,98.4382,0.442,0.165,0.356,65.8,0.0,56.0,32.0,40.0,0.0,11.61,43.57,90.27,0.5136,0.2251,26.57,25.1,25.1,25.1,Oracle Park,85,67,7,Out To CF,Open-Meteo forecast; MLB fallback,https://forecast.weather.gov/MapClick.php?lat=37.7786&lon=-122.3893,71,12,Yes,No,7,Yes,Yes,MLB Stats API; RotoWire,RotoWire not confirmed; order MLB 5 vs RotoWire 7,H:2026 P:2026/2025,,,Direct BvP not yet weighted; 2026/2025 Statcast baseline active,7,5,18,0,"Last 7 games: 5/18, 0 HR","platoon edge; pitcher baseline 11.6% barrel, 25.1 HR allowed",neutral batted-ball profile; pitcher fly-ball pressure modest,,
701852,Drew Cavanaugh,SF,AZ,2026-08-29T20:05:00Z,In Progress,6,Merrill Kelly,518876,R,L,5.9,0.01,86.7,99.0642,0.382,0.13,0.331,69.3,5.1,25.7,22.9,32.9,0.0,11.61,43.57,90.27,0.5136,0.2251,26.57,25.1,25.1,25.1,Oracle Park,85,67,7,Out To CF,Open-Meteo forecast; MLB fallback,https://forecast.weather.gov/MapClick.php?lat=37.7786&lon=-122.3893,71,12,Yes,Yes,6,Yes,No,MLB Stats API; RotoWire,,H:2026 P:2026/2025,,,Direct BvP not yet weighted; 2026/2025 Statcast baseline active,7,4,18,0,"Last 7 games: 4/18, 0 HR","platoon edge; pitcher baseline 11.6% barrel, 25.1 HR allowed",neutral batted-ball profile; pitcher fly-ball pressure modest,,
694376,Shay Whitcomb,SF,AZ,2026-08-29T20:05:00Z,In Progress,7,Merrill Kelly,518876,R,R,12.55,0.199,85.06,98.0442,0.3692,0.1968,0.2337,71.31,13.86,42.86,30.66,33.46,2.4,11.61,43.57,90.27,0.5136,0.2251,26.57,25.1,25.1,25.1,Oracle Park,85,67,7,Out To CF,Open-Meteo forecast; MLB fallback,https://forecast.weather.gov/MapClick.php?lat=37.7786&lon=-122.3893,71,12,Yes,Yes,7,Yes,No,MLB Stats API; RotoWire,,H:2026/2025 P:2026/2025,,,Direct BvP not yet weighted; 2026/2025 Statcast baseline active,7,3,24,2,Hot streak: 2 HR in last 7 games,"same-side matchup; pitcher baseline 11.6% barrel, 25.1 HR allowed",neutral batted-ball profile; pitcher fly-ball pressure modest,,
801501,Nate Furman,SF,AZ,2026-08-29T20:05:00Z,In Progress,8,Merrill Kelly,518876,R,L,0.0,0.0,83.7,96.0632,0.197,0.032,0.226,66.5,0.0,40.0,20.0,30.0,0.0,11.61,43.57,90.27,0.5136,0.2251,26.57,25.1,25.1,25.1,Oracle Park,85,67,7,Out To CF,Open-Meteo forecast; MLB fallback,https://forecast.weather.gov/MapClick.php?lat=37.7786&lon=-122.3893,71,12,Yes,Yes,8,Yes,No,MLB Stats API; RotoWire,,H:2026 P:2026/2025,,,Direct BvP not yet weighted; 2026/2025 Statcast baseline active,7,1,10,0,"Last 7 games: 1/10, 0 HR","platoon edge; pitcher baseline 11.6% barrel, 25.1 HR allowed",neutral batted-ball profile; pitcher fly-ball pressure modest,,
683766,Christian Koss,SF,AZ,2026-08-29T20:05:00Z,In Progress,9,Merrill Kelly,518876,R,R,6.07,0.0802,85.71,97.7822,0.3138,0.0949,0.2578,69.79,6.42,39.21,19.33,30.94,1.6,11.61,43.57,90.27,0.5136,0.2251,26.57,25.1,25.1,25.1,Oracle Park,85,67,7,Out To CF,Open-Meteo forecast; MLB fallback,https://forecast.weather.gov/MapClick.php?lat=37.7786&lon=-122.3893,71,12,Yes,No,9,Yes,Yes,MLB Stats API; RotoWire,RotoWire not confirmed,H:2026/2025 P:2026/2025,,,Direct BvP not yet weighted; 2026/2025 Statcast baseline active,7,5,19,1,"Last 7 games: 5/19, 1 HR","same-side matchup; pitcher baseline 11.6% barrel, 25.1 HR allowed",neutral batted-ball profile; pitcher fly-ball pressure modest,,
687551,Drew Gilbert,SF,AZ,2026-08-30T02:05:00Z,Scheduled,1,Mitch Bratt,683352,L,L,5.39,0.1523,86.74,98.2151,0.3794,0.1328,0.3127,70.45,10.2,41.54,20.18,35.87,6.5,7.4,34.4,87.2,0.365,0.139,32.0,5.0,5.0,5.0,Oracle Park,85,67,7,301 deg,Open-Meteo forecast; MLB fallback,https://forecast.weather.gov/MapClick.php?lat=37.7786&lon=-122.3893,71,12,No,Yes,1,Yes,Yes,RotoWire projected lineup; MLB probable pitchers,lineup projected / unconfirmed,H:2026/2025 P:2026,,,Direct BvP not yet weighted; 2026/2025 Statcast baseline active,7,5,18,1,"Last 7 games: 5/18, 1 HR","same-side matchup; pitcher baseline 7.4% barrel, 5.0 HR allowed",neutral batted-ball profile; pitcher allows elevated contact,,
646240,Rafael Devers,SF,AZ,2026-08-30T02:05:00Z,Scheduled,2,Mitch Bratt,683352,L,L,12.5,0.2333,92.94,103.0478,0.459,0.2245,0.3397,71.81,20.3,33.77,33.6,52.11,30.8,7.4,34.4,87.2,0.365,0.139,32.0,5.0,5.0,5.0,Oracle Park,85,67,7,301 deg,Open-Meteo forecast; MLB fallback,https://forecast.weather.gov/MapClick.php?lat=37.7786&lon=-122.3893,71,12,No,No,2,Yes,Yes,RotoWire projected lineup; MLB probable pitchers,lineup projected / unconfirmed,H:2026/2025 P:2026,,,Direct BvP not yet weighted; 2026/2025 Statcast baseline active,7,9,25,3,Hot streak: 3 HR in last 7 games,"same-side matchup; pitcher baseline 7.4% barrel, 5.0 HR allowed",EV profile; pitcher allows elevated contact,,
805811,Bryce Eldridge,SF,AZ,2026-08-30T02:05:00Z,Scheduled,3,Mitch Bratt,683352,L,L,16.04,0.1574,93.5,103.3222,0.4827,0.2519,0.3573,73.0,28.71,38.97,37.68,57.53,10.5,7.4,34.4,87.2,0.365,0.139,32.0,5.0,5.0,5.0,Oracle Park,85,67,7,301 deg,Open-Meteo forecast; MLB fallback,https://forecast.weather.gov/MapClick.php?lat=37.7786&lon=-122.3893,71,12,No,No,3,Yes,Yes,RotoWire projected lineup; MLB probable pitchers,lineup projected / unconfirmed,H:2026/2025 P:2026,,,Direct BvP not yet weighted; 2026/2025 Statcast baseline active,7,8,25,1,Contact streak: 8/25 over last 7 games,"same-side matchup; pitcher baseline 7.4% barrel, 5.0 HR allowed",lift-pull EV profile; pitcher allows elevated contact,,
808982,Jung Hoo Lee,SF,AZ,2026-08-30T02:05:00Z,Scheduled,4,Mitch Bratt,683352,L,L,2.93,0.1354,87.17,96.7448,0.3829,0.0975,0.3161,68.37,3.61,37.76,22.66,30.67,8.7,7.4,34.4,87.2,0.365,0.139,32.0,5.0,5.0,5.0,Oracle Park,85,67,7,301 deg,Open-Meteo forecast; MLB fallback,https://forecast.weather.gov/MapClick.php?lat=37.7786&lon=-122.3893,71,12,No,No,5,Yes,Yes,RotoWire projected lineup; MLB probable pitchers,lineup projected / unconfirmed; order MLB 4 vs RotoWire 5,H:2026/2025 P:2026,,,Direct BvP not yet weighted; 2026/2025 Statcast baseline active,7,5,20,0,"Last 7 games: 5/20, 0 HR","same-side matchup; pitcher baseline 7.4% barrel, 5.0 HR allowed",neutral batted-ball profile; pitcher allows elevated contact,,
806367,Turner Hill,SF,AZ,2026-08-30T02:05:00Z,Scheduled,5,Mitch Bratt,683352,L,L,8.0,0.143,89.1,98.4382,0.442,0.165,0.356,65.8,0.0,56.0,32.0,40.0,0.0,7.4,34.4,87.2,0.365,0.139,32.0,5.0,5.0,5.0,Oracle Park,85,67,7,301 deg,Open-Meteo forecast; MLB fallback,https://forecast.weather.gov/MapClick.php?lat=37.7786&lon=-122.3893,71,12,No,No,7,Yes,Yes,RotoWire projected lineup; MLB probable pitchers,lineup projected / unconfirmed; order MLB 5 vs RotoWire 7,H:2026 P:2026,,,Direct BvP not yet weighted; 2026/2025 Statcast baseline active,7,5,18,0,"Last 7 games: 5/18, 0 HR","same-side matchup; pitcher baseline 7.4% barrel, 5.0 HR allowed",neutral batted-ball profile; pitcher allows elevated contact,,
701852,Drew Cavanaugh,SF,AZ,2026-08-30T02:05:00Z,Scheduled,6,Mitch Bratt,683352,L,L,5.9,0.01,86.7,99.0642,0.382,0.13,0.331,69.3,5.1,25.7,22.9,32.9,0.0,7.4,34.4,87.2,0.365,0.139,32.0,5.0,5.0,5.0,Oracle Park,85,67,7,301 deg,Open-Meteo forecast; MLB fallback,https://forecast.weather.gov/MapClick.php?lat=37.7786&lon=-122.3893,71,12,No,Yes,6,Yes,Yes,RotoWire projected lineup; MLB probable pitchers,lineup projected / unconfirmed,H:2026 P:2026,,,Direct BvP not yet weighted; 2026/2025 Statcast baseline active,7,4,18,0,"Last 7 games: 4/18, 0 HR","same-side matchup; pitcher baseline 7.4% barrel, 5.0 HR allowed",neutral batted-ball profile; pitcher allows elevated contact,,
694376,Shay Whitcomb,SF,AZ,2026-08-30T02:05:00Z,Scheduled,7,Mitch Bratt,683352,L,R,12.55,0.199,85.06,98.0442,0.3692,0.1968,0.2337,71.31,13.86,42.86,30.66,33.46,2.4,7.4,34.4,87.2,0.365,0.139,32.0,5.0,5.0,5.0,Oracle Park,85,67,7,301 deg,Open-Meteo forecast; MLB fallback,https://forecast.weather.gov/MapClick.php?lat=37.7786&lon=-122.3893,71,12,No,Yes,7,Yes,Yes,RotoWire projected lineup; MLB probable pitchers,lineup projected / unconfirmed,H:2026/2025 P:2026,,,Direct BvP not yet weighted; 2026/2025 Statcast baseline active,7,3,24,2,Hot streak: 2 HR in last 7 games,"platoon edge; pitcher baseline 7.4% barrel, 5.0 HR allowed",neutral batted-ball profile; pitcher allows elevated contact,,
801501,Nate Furman,SF,AZ,2026-08-30T02:05:00Z,Scheduled,8,Mitch Bratt,683352,L,L,0.0,0.0,83.7,96.0632,0.197,0.032,0.226,66.5,0.0,40.0,20.0,30.0,0.0,7.4,34.4,87.2,0.365,0.139,32.0,5.0,5.0,5.0,Oracle Park,85,67,7,301 deg,Open-Meteo forecast; MLB fallback,https://forecast.weather.gov/MapClick.php?lat=37.7786&lon=-122.3893,71,12,No,Yes,8,Yes,Yes,RotoWire projected lineup; MLB probable pitchers,lineup projected / unconfirmed,H:2026 P:2026,,,Direct BvP not yet weighted; 2026/2025 Statcast baseline active,7,1,10,0,"Last 7 games: 1/10, 0 HR","same-side matchup; pitcher baseline 7.4% barrel, 5.0 HR allowed",neutral batted-ball profile; pitcher allows elevated contact,,
683766,Christian Koss,SF,AZ,2026-08-30T02:05:00Z,Scheduled,9,Mitch Bratt,683352,L,R,6.07,0.0802,85.71,97.7822,0.3138,0.0949,0.2578,69.79,6.42,39.21,19.33,30.94,1.6,7.4,34.4,87.2,0.365,0.139,32.0,5.0,5.0,5.0,Oracle Park,85,67,7,301 deg,Open-Meteo forecast; MLB fallback,https://forecast.weather.gov/MapClick.php?lat=37.7786&lon=-122.3893,71,12,No,No,9,Yes,Yes,RotoWire projected lineup; MLB probable pitchers,lineup projected / unconfirmed,H:2026/2025 P:2026,,,Direct BvP not yet weighted; 2026/2025 Statcast baseline active,7,5,19,1,"Last 7 games: 5/19, 1 HR","platoon edge; pitcher baseline 7.4% barrel, 5.0 HR allowed",neutral batted-ball profile; pitcher allows elevated contact,,
669065,Kyle Stowers,MIA,WSH,2026-08-29T20:05:00Z,In Progress,1,Cade Cavalli,676917,R,L,14.06,0.2273,91.87,103.2803,0.467,0.2237,0.3449,75.28,55.02,46.48,31.85,54.45,18.7,6.6,41.8,88.82,0.3825,0.1361,22.1,14.0,14.0,14.0,Nationals Park,101,80,4,R To L,Open-Meteo forecast; MLB fallback,https://forecast.weather.gov/MapClick.php?lat=38.8730&lon=-77.0074,67,5,Yes,Yes,1,Yes,No,MLB Stats API; RotoWire,,H:2026/2025 P:2026/2025,,,Direct BvP not yet weighted; 2026/2025 Statcast baseline active,7,5,22,0,"Last 7 games: 5/22, 0 HR","platoon edge; pitcher baseline 6.6% barrel, 14.0 HR allowed",neutral batted-ball profile; pitcher fly-ball pressure modest,,
681715,Heriberto Hernández,MIA,WSH,2026-08-29T20:05:00Z,In Progress,2,Cade Cavalli,676917,R,R,12.68,0.2147,91.04,101.7263,0.4714,0.2222,0.3473,74.14,45.11,46.75,29.64,47.29,17.7,6.6,41.8,88.82,0.3825,0.1361,22.1,14.0,14.0,14.0,Nationals Park,101,80,4,R To L,Open-Meteo forecast; MLB fallback,https://forecast.weather.gov/MapClick.php?lat=38.8730&lon=-77.0074,67,5,Yes,Yes,2,Yes,No,MLB Stats API; RotoWire,,H:2026/2025 P:2026/2025,,,Direct BvP not yet weighted; 2026/2025 Statcast baseline active,7,8,25,3,Hot streak: 3 HR in last 7 games,"same-side matchup; pitcher baseline 6.6% barrel, 14.0 HR allowed",neutral batted-ball profile; pitcher fly-ball pressure modest,,
669364,Xavier Edwards,MIA,WSH,2026-08-29T20:05:00Z,In Progress,3,Cade Cavalli,676917,R,S,2.55,0.0882,86.8,96.6314,0.3544,0.0907,0.309,67.95,2.54,28.59,21.77,29.12,5.1,6.6,41.8,88.82,0.3825,0.1361,22.1,14.0,14.0,14.0,Nationals Park,101,80,4,R To L,Open-Meteo forecast; MLB fallback,https://forecast.weather.gov/MapClick.php?lat=38.8730&lon=-77.0074,67,5,Yes,Yes,3,Yes,No,MLB Stats API; RotoWire,,H:2026/2025 P:2026/2025,,,Direct BvP not yet weighted; 2026/2025 Statcast baseline active,7,7,28,0,"Last 7 games: 7/28, 0 HR","switch hitter; pitcher baseline 6.6% barrel, 14.0 HR allowed",neutral batted-ball profile; pitcher fly-ball pressure modest,,
665052,Griffin Conine,MIA,WSH,2026-08-29T20:05:00Z,In Progress,4,Cade Cavalli,676917,R,L,15.08,0.2224,91.67,103.4716,0.4649,0.2173,0.3461,74.26,43.76,43.02,24.04,50.83,10.4,6.6,41.8,88.82,0.3825,0.1361,22.1,14.0,14.0,14.0,Nationals Park,101,80,4,R To L,Open-Meteo forecast; MLB fallback,https://forecast.weather.gov/MapClick.php?lat=38.8730&lon=-77.0074,67,5,Yes,Yes,4,Yes,No,MLB Stats API; RotoWire,,H:2026/2025 P:2026/2025,,,Direct BvP not yet weighted; 2026/2025 Statcast baseline active,7,2,22,0,"Last 7 games: 2/22, 0 HR","platoon edge; pitcher baseline 6.6% barrel, 14.0 HR allowed",neutral batted-ball profile; pitcher fly-ball pressure modest,,
672640,Otto Lopez,MIA,WSH,2026-08-29T20:05:00Z,In Progress,5,Cade Cavalli,676917,R,R,6.54,0.1318,88.99,100.222,0.427,0.1475,0.3272,71.7,22.53,32.51,22.5,40.4,10.8,6.6,41.8,88.82,0.3825,0.1361,22.1,14.0,14.0,14.0,Nationals Park,101,80,4,R To L,Open-Meteo forecast; MLB fallback,https://forecast.weather.gov/MapClick.php?lat=38.8730&lon=-77.0074,67,5,Yes,Yes,5,Yes,No,MLB Stats API; RotoWire,,H:2026/2025 P:2026/2025,,,Direct BvP not yet weighted; 2026/2025 Statcast baseline active,7,7,26,0,"Last 7 games: 7/26, 0 HR","same-side matchup; pitcher baseline 6.6% barrel, 14.0 HR allowed",neutral batted-ball profile; pitcher fly-ball pressure modest,,
805300,Jakob Marsee,MIA,WSH,2026-08-29T20:05:00Z,In Progress,6,Cade Cavalli,676917,R,L,4.81,0.1363,87.71,98.6002,0.3552,0.1169,0.3162,70.5,6.07,41.65,24.03,36.78,7.1,6.6,41.8,88.82,0.3825,0.1361,22.1,14.0,14.0,14.0,Nationals Park,101,80,4,R To L,Open-Meteo forecast; MLB fallback,https://forecast.weather.gov/MapClick.php?lat=38.8730&lon=-77.0074,67,5,Yes,Yes,6,Yes,No,MLB Stats API; RotoWire,,H:2026/2025 P:2026/2025,,,Direct BvP not yet weighted; 2026/2025 Statcast baseline active,7,6,19,1,"Last 7 games: 6/19, 1 HR","platoon edge; pitcher baseline 6.6% barrel, 14.0 HR allowed",neutral batted-ball profile; pitcher fly-ball pressure modest,,
691594,Javier Sanoja,MIA,WSH,2026-08-29T20:05:00Z,In Progress,7,Cade Cavalli,676917,R,R,2.08,0.1453,87.38,97.393,0.3357,0.0795,0.2806,68.93,6.6,37.31,19.53,32.13,6.0,6.6,41.8,88.82,0.3825,0.1361,22.1,14.0,14.0,14.0,Nationals Park,101,80,4,R To L,Open-Meteo forecast; MLB fallback,https://forecast.weather.gov/MapClick.php?lat=38.8730&lon=-77.0074,67,5,Yes,Yes,7,Yes,No,MLB Stats API; RotoWire,,H:2026/2025 P:2026/2025,,,Direct BvP not yet weighted; 2026/2025 Statcast baseline active,7,6,24,0,"Last 7 games: 6/24, 0 HR","same-side matchup; pitcher baseline 6.6% barrel, 14.0 HR allowed",neutral batted-ball profile; pitcher fly-ball pressure modest,,
683357,Owen Caissie,MIA,WSH,2026-08-29T20:05:00Z,In Progress,8,Cade Cavalli,676917,R,L,13.93,0.1848,90.03,100.2531,0.3768,0.1727,0.2803,74.81,53.88,30.9,30.06,37.99,9.4,6.6,41.8,88.82,0.3825,0.1361,22.1,14.0,14.0,14.0,Nationals Park,101,80,4,R To L,Open-Meteo forecast; MLB fallback,https://forecast.weather.gov/MapClick.php?lat=38.8730&lon=-77.0074,67,5,Yes,Yes,8,Yes,No,MLB Stats API; RotoWire,,H:2026/2025 P:2026/2025,,,Direct BvP not yet weighted; 2026/2025 Statcast baseline active,7,3,17,0,"Last 7 games: 3/17, 0 HR","platoon edge; pitcher baseline 6.6% barrel, 14.0 HR allowed",neutral batted-ball profile; pitcher fly-ball pressure modest,,
691788,Joe Mack,MIA,WSH,2026-08-29T20:05:00Z,In Progress,9,Cade Cavalli,676917,R,L,8.9,0.182,88.3,99.5563,0.397,0.173,0.296,74.3,42.9,48.9,25.0,38.9,12.0,6.6,41.8,88.82,0.3825,0.1361,22.1,14.0,14.0,14.0,Nationals Park,101,80,4,R To L,Open-Meteo forecast; MLB fallback,https://forecast.weather.gov/MapClick.php?lat=38.8730&lon=-77.0074,67,5,Yes,Yes,9,Yes,No,MLB Stats API; RotoWire,,H:2026 P:2026/2025,,,Direct BvP not yet weighted; 2026/2025 Statcast baseline active,7,4,20,0,"Last 7 games: 4/20, 0 HR","platoon edge; pitcher baseline 6.6% barrel, 14.0 HR allowed",neutral batted-ball profile; pitcher fly-ball pressure modest,,
682928,CJ Abrams,WSH,MIA,2026-08-29T20:05:00Z,In Progress,1,Sandy Alcantara,645261,R,L,9.21,0.2229,89.19,99.8212,0.4255,0.1763,0.3272,72.82,27.82,43.8,28.73,40.32,26.0,6.29,38.07,88.95,0.387,0.1351,24.1,19.2,19.2,19.2,Nationals Park,101,80,4,R To L,Open-Meteo forecast; MLB fallback,https://forecast.weather.gov/MapClick.php?lat=38.8730&lon=-77.0074,67,5,Yes,Yes,1,Yes,No,MLB Stats API; RotoWire,,H:2026/2025 P:2026/2025,,,Direct BvP not yet weighted; 2026/2025 Statcast baseline active,7,3,27,0,"Last 7 games: 3/27, 0 HR","platoon edge; pitcher baseline 6.3% barrel, 19.2 HR allowed",neutral batted-ball profile; pitcher fly-ball pressure modest,,
694673,Abimelec Ortiz,WSH,MIA,2026-08-29T20:05:00Z,In Progress,2,Sandy Alcantara,645261,R,L,10.7,0.237,90.5,100.2212,0.472,0.235,0.319,75.4,59.4,48.2,35.7,41.1,5.0,6.29,38.07,88.95,0.387,0.1351,24.1,19.2,19.2,19.2,Nationals Park,101,80,4,R To L,Open-Meteo forecast; MLB fallback,https://forecast.weather.gov/MapClick.php?lat=38.8730&lon=-77.0074,67,5,Yes,Yes,2,Yes,No,MLB Stats API; RotoWire,,H:2026 P:2026/2025,,,Direct BvP not yet weighted; 2026/2025 Statcast baseline active,7,6,25,0,"Last 7 games: 6/25, 0 HR","platoon edge; pitcher baseline 6.3% barrel, 19.2 HR allowed",fly-ball profile; pitcher fly-ball pressure modest,,
677588,José Tena,WSH,MIA,2026-08-29T20:05:00Z,In Progress,3,Sandy Alcantara,645261,R,L,7.96,0.1435,90.74,101.9193,0.3668,0.1336,0.3013,72.87,32.97,30.25,18.06,46.24,4.9,6.29,38.07,88.95,0.387,0.1351,24.1,19.2,19.2,19.2,Nationals Park,101,80,4,R To L,Open-Meteo forecast; MLB fallback,https://forecast.weather.gov/MapClick.php?lat=38.8730&lon=-77.0074,67,5,Yes,Yes,3,Yes,No,MLB Stats API; RotoWire,,H:2026/2025 P:2026/2025,,,Direct BvP not yet weighted; 2026/2025 Statcast baseline active,7,2,19,0,"Last 7 games: 2/19, 0 HR","platoon edge; pitcher baseline 6.3% barrel, 19.2 HR allowed",neutral batted-ball profile; pitcher fly-ball pressure modest,,
695734,Daylen Lile,WSH,MIA,2026-08-29T20:05:00Z,In Progress,4,Sandy Alcantara,645261,R,L,7.65,0.1829,88.62,98.8617,0.4378,0.1663,0.3298,70.64,9.01,40.94,32.97,38.0,15.3,6.29,38.07,88.95,0.387,0.1351,24.1,19.2,19.2,19.2,Nationals Park,101,80,4,R To L,Open-Meteo forecast; MLB fallback,https://forecast.weather.gov/MapClick.php?lat=38.8730&lon=-77.0074,67,5,Yes,Yes,4,Yes,No,MLB Stats API; RotoWire,,H:2026/2025 P:2026/2025,,,Direct BvP not yet weighted; 2026/2025 Statcast baseline active,7,11,24,3,Hot streak: 3 HR in last 7 games,"platoon edge; pitcher baseline 6.3% barrel, 19.2 HR allowed",neutral batted-ball profile; pitcher fly-ball pressure modest,,
686611,Dylan Crews,WSH,MIA,2026-08-29T20:05:00Z,In Progress,5,Sandy Alcantara,645261,R,R,9.66,0.1461,90.26,101.0607,0.4105,0.172,0.3147,73.9,38.21,33.87,27.84,42.06,10.0,6.29,38.07,88.95,0.387,0.1351,24.1,19.2,19.2,19.2,Nationals Park,101,80,4,R To L,Open-Meteo forecast; MLB fallback,https://forecast.weather.gov/MapClick.php?lat=38.8730&lon=-77.0074,67,5,Yes,Yes,5,Yes,No,MLB Stats API; RotoWire,,H:2026/2025 P:2026/2025,,,Direct BvP not yet weighted; 2026/2025 Statcast baseline active,7,9,26,0,Contact streak: 9/26 over last 7 games,"same-side matchup; pitcher baseline 6.3% barrel, 19.2 HR allowed",neutral batted-ball profile; pitcher fly-ball pressure modest,,
660688,Keibert Ruiz,WSH,MIA,2026-08-29T20:05:00Z,In Progress,6,Sandy Alcantara,645261,R,S,3.95,0.1417,87.6,97.5608,0.3594,0.1087,0.2849,67.29,0.93,54.89,26.14,35.1,6.9,6.29,38.07,88.95,0.387,0.1351,24.1,19.2,19.2,19.2,Nationals Park,101,80,4,R To L,Open-Meteo forecast; MLB fallback,https://forecast.weather.gov/MapClick.php?lat=38.8730&lon=-77.0074,67,5,Yes,Yes,6,Yes,No,MLB Stats API; RotoWire,,H:2026/2025 P:2026/2025,,,Direct BvP not yet weighted; 2026/2025 Statcast baseline active,7,8,23,2,Hot streak: 2 HR in last 7 games,"switch hitter; pitcher baseline 6.3% barrel, 19.2 HR allowed",neutral batted-ball profile; pitcher fly-ball pressure modest,,
691781,Brady House,WSH,MIA,2026-08-29T20:05:00Z,In Progress,7,Sandy Alcantara,645261,R,R,9.27,0.1426,89.8,101.6991,0.426,0.1665,0.3197,73.31,31.09,33.45,26.14,47.14,8.2,6.29,38.07,88.95,0.387,0.1351,24.1,19.2,19.2,19.2,Nationals Park,101,80,4,R To L,Open-Meteo forecast; MLB fallback,https://forecast.weather.gov/MapClick.php?lat=38.8730&lon=-77.0074,67,5,Yes,Yes,7,Yes,No,MLB Stats API; RotoWire,,H:2026/2025 P:2026/2025,,,Direct BvP not yet weighted; 2026/2025 Statcast baseline active,7,6,25,1,"Last 7 games: 6/25, 1 HR","same-side matchup; pitcher baseline 6.3% barrel, 19.2 HR allowed",neutral batted-ball profile; pitcher fly-ball pressure modest,,
678391,Jorbit Vivas,WSH,MIA,2026-08-29T20:05:00Z,In Progress,8,Sandy Alcantara,645261,R,L,3.65,0.082,83.52,95.0058,0.3212,0.0771,0.3003,69.53,4.03,41.95,21.88,26.42,2.4,6.29,38.07,88.95,0.387,0.1351,24.1,19.2,19.2,19.2,Nationals Park,101,80,4,R To L,Open-Meteo forecast; MLB fallback,https://forecast.weather.gov/MapClick.php?lat=38.8730&lon=-77.0074,67,5,Yes,Yes,8,Yes,No,MLB Stats API; RotoWire,,H:2026/2025 P:2026/2025,,,Direct BvP not yet weighted; 2026/2025 Statcast baseline active,7,6,20,0,"Last 7 games: 6/20, 0 HR","platoon edge; pitcher baseline 6.3% barrel, 19.2 HR allowed",neutral batted-ball profile; pitcher fly-ball pressure modest,,
683083,Nasim Nuñez,WSH,MIA,2026-08-29T20:05:00Z,In Progress,9,Sandy Alcantara,645261,R,S,1.62,0.0748,86.15,96.0872,0.2991,0.072,0.275,68.74,4.77,30.52,19.59,27.71,1.9,6.29,38.07,88.95,0.387,0.1351,24.1,19.2,19.2,19.2,Nationals Park,101,80,4,R To L,Open-Meteo forecast; MLB fallback,https://forecast.weather.gov/MapClick.php?lat=38.8730&lon=-77.0074,67,5,Yes,Yes,9,Yes,No,MLB Stats API; RotoWire,,H:2026/2025 P:2026/2025,,,Direct BvP not yet weighted; 2026/2025 Statcast baseline active,7,1,22,0,"Last 7 games: 1/22, 0 HR","switch hitter; pitcher baseline 6.3% barrel, 19.2 HR allowed",neutral batted-ball profile; pitcher fly-ball pressure modest,,
695600,Carter Jensen,KC,CLE,2026-08-29T20:10:00Z,In Progress,1,Foster Griffin,656492,L,L,13.73,0.2094,92.32,102.814,0.4468,0.2039,0.3385,74.03,38.31,40.16,30.84,48.43,14.2,9.1,37.7,88.0,0.418,0.164,26.0,23.0,23.0,23.0,Progressive Field,100,70,4,L To R,Open-Meteo forecast; MLB fallback,https://forecast.weather.gov/MapClick.php?lat=41.4962&lon=-81.6852,56,0,Yes,Yes,1,Yes,No,MLB Stats API; RotoWire,,H:2026/2025 P:2026,,,Direct BvP not yet weighted; 2026/2025 Statcast baseline active,7,5,22,2,Hot streak: 2 HR in last 7 games,"same-side matchup; pitcher baseline 9.1% barrel, 23.0 HR allowed",lift-pull EV profile; pitcher fly-ball pressure modest,,
677951,Bobby Witt Jr.,KC,CLE,2026-08-29T20:10:00Z,In Progress,2,Foster Griffin,656492,L,R,12.01,0.1815,92.6,103.5835,0.508,0.2094,0.3769,73.95,42.16,30.31,26.71,50.32,18.1,9.1,37.7,88.0,0.418,0.164,26.0,23.0,23.0,23.0,Progressive Field,100,70,4,L To R,Open-Meteo forecast; MLB fallback,https://forecast.weather.gov/MapClick.php?lat=41.4962&lon=-81.6852,56,0,Yes,Yes,2,Yes,No,MLB Stats API; RotoWire,,H:2026/2025 P:2026,,,Direct BvP not yet weighted; 2026/2025 Statcast baseline active,7,7,28,0,"Last 7 games: 7/28, 0 HR","platoon edge; pitcher baseline 9.1% barrel, 23.0 HR allowed",EV profile; pitcher fly-ball pressure modest,,
695506,Jac Caglianone,KC,CLE,2026-08-29T20:10:00Z,In Progress,3,Foster Griffin,656492,L,L,13.82,0.1933,91.99,104.7714,0.4905,0.2213,0.3504,77.26,74.13,43.58,22.33,51.08,18.2,9.1,37.7,88.0,0.418,0.164,26.0,23.0,23.0,23.0,Progressive Field,100,70,4,L To R,Open-Meteo forecast; MLB fallback,https://forecast.weather.gov/MapClick.php?lat=41.4962&lon=-81.6852,56,0,Yes,Yes,3,Yes,No,MLB Stats API; RotoWire,,H:2026/2025 P:2026,,,Direct BvP not yet weighted; 2026/2025 Statcast baseline active,7,10,26,1,Contact streak: 10/26 over last 7 games,"same-side matchup; pitcher baseline 9.1% barrel, 23.0 HR allowed",neutral batted-ball profile; pitcher fly-ball pressure modest,,
521692,Salvador Perez,KC,CLE,2026-08-29T20:10:00Z,In Progress,4,Foster Griffin,656492,L,R,11.3,0.1666,89.09,100.5724,0.4486,0.2044,0.3171,71.92,21.79,41.84,30.78,43.34,20.9,9.1,37.7,88.0,0.418,0.164,26.0,23.0,23.0,23.0,Progressive Field,100,70,4,L To R,Open-Meteo forecast; MLB fallback,https://forecast.weather.gov/MapClick.php?lat=41.4962&lon=-81.6852,56,0,Yes,Yes,4,Yes,No,MLB Stats API; RotoWire,,H:2026/2025 P:2026,,,Direct BvP not yet weighted; 2026/2025 Statcast baseline active,7,8,27,1,"Last 7 games: 8/27, 1 HR","platoon edge; pitcher baseline 9.1% barrel, 23.0 HR allowed",neutral batted-ball profile; pitcher fly-ball pressure modest,,
679845,Nick Loftin,KC,CLE,2026-08-29T20:10:00Z,In Progress,5,Foster Griffin,656492,L,R,4.69,0.1469,87.43,96.9251,0.345,0.1144,0.2975,69.12,5.94,43.87,28.29,29.94,5.4,9.1,37.7,88.0,0.418,0.164,26.0,23.0,23.0,23.0,Progressive Field,100,70,4,L To R,Open-Meteo forecast; MLB fallback,https://forecast.weather.gov/MapClick.php?lat=41.4962&lon=-81.6852,56,0,Yes,Yes,5,Yes,No,MLB Stats API; RotoWire,,H:2026/2025 P:2026,,,Direct BvP not yet weighted; 2026/2025 Statcast baseline active,7,8,25,1,Contact streak: 8/25 over last 7 games,"platoon edge; pitcher baseline 9.1% barrel, 23.0 HR allowed",neutral batted-ball profile; pitcher fly-ball pressure modest,,
686475,Tyler Tolbert,KC,CLE,2026-08-29T20:10:00Z,In Progress,6,Foster Griffin,656492,L,R,3.03,0.1189,86.13,96.6112,0.3269,0.076,0.3032,69.25,3.58,33.66,23.05,28.93,2.4,9.1,37.7,88.0,0.418,0.164,26.0,23.0,23.0,23.0,Progressive Field,100,70,4,L To R,Open-Meteo forecast; MLB fallback,https://forecast.weather.gov/MapClick.php?lat=41.4962&lon=-81.6852,56,0,Yes,Yes,6,Yes,No,MLB Stats API; RotoWire,,H:2026/2025 P:2026,,,Direct BvP not yet weighted; 2026/2025 Statcast baseline active,7,4,12,0,Contact streak: 4/12 over last 7 games,"platoon edge; pitcher baseline 9.1% barrel, 23.0 HR allowed",neutral batted-ball profile; pitcher fly-ball pressure modest,,
670231,John Rave,KC,CLE,2026-08-29T20:10:00Z,In Progress,7,Foster Griffin,656492,L,L,10.54,0.1768,87.81,99.7636,0.4064,0.1626,0.3181,74.25,44.9,42.84,25.13,35.31,3.3,9.1,37.7,88.0,0.418,0.164,26.0,23.0,23.0,23.0,Progressive Field,100,70,4,L To R,Open-Meteo forecast; MLB fallback,https://forecast.weather.gov/MapClick.php?lat=41.4962&lon=-81.6852,56,0,Yes,,,No,Yes,MLB Stats API; RotoWire,not found on RotoWire,H:2026/2025 P:2026,,,Direct BvP not yet weighted; 2026/2025 Statcast baseline active,7,6,24,1,"Last 7 games: 6/24, 1 HR","same-side matchup; pitcher baseline 9.1% barrel, 23.0 HR allowed",neutral batted-ball profile; pitcher fly-ball pressure modest,,
686555,Isaac Collins,KC,CLE,2026-08-29T20:10:00Z,In Progress,8,Foster Griffin,656492,L,S,5.39,0.1284,88.8,99.9909,0.3317,0.0983,0.3066,73.33,30.41,40.05,26.02,40.09,6.9,9.1,37.7,88.0,0.418,0.164,26.0,23.0,23.0,23.0,Progressive Field,100,70,4,L To R,Open-Meteo forecast; MLB fallback,https://forecast.weather.gov/MapClick.php?lat=41.4962&lon=-81.6852,56,0,Yes,Yes,7,Yes,Yes,MLB Stats API; RotoWire,order MLB 8 vs RotoWire 7,H:2026/2025 P:2026,,,Direct BvP not yet weighted; 2026/2025 Statcast baseline active,7,8,24,0,Contact streak: 8/24 over last 7 games,"switch hitter; pitcher baseline 9.1% barrel, 23.0 HR allowed",neutral batted-ball profile; pitcher fly-ball pressure modest,,
683090,Matthew Lugo,KC,CLE,2026-08-29T20:10:00Z,In Progress,9,Foster Griffin,656492,L,R,3.99,0.0696,74.9,78.5506,0.1165,0.0493,0.0808,76.62,80.56,15.33,6.66,12.66,1.2,9.1,37.7,88.0,0.418,0.164,26.0,23.0,23.0,23.0,Progressive Field,100,70,4,L To R,Open-Meteo forecast; MLB fallback,https://forecast.weather.gov/MapClick.php?lat=41.4962&lon=-81.6852,56,0,Yes,Yes,8,Yes,Yes,MLB Stats API; RotoWire,order MLB 9 vs RotoWire 8,H:2026/2025 P:2026,,,Direct BvP not yet weighted; 2026/2025 Statcast baseline active,2,1,3,0,Contact streak: 1/3 over last 2 games,"platoon edge; pitcher baseline 9.1% barrel, 23.0 HR allowed",neutral batted-ball profile; pitcher fly-ball pressure modest,,
680757,Steven Kwan,CLE,KC,2026-08-29T20:10:00Z,In Progress,1,Daniel Lynch IV,663738,L,L,0.92,0.0719,84.52,92.6431,0.3422,0.072,0.3191,62.8,0.38,28.23,23.58,12.51,4.7,6.91,39.07,88.6,0.4,0.1529,26.12,5.2,5.2,5.2,Progressive Field,100,70,4,L To R,Open-Meteo forecast; MLB fallback,https://forecast.weather.gov/MapClick.php?lat=41.4962&lon=-81.6852,56,0,Yes,Yes,1,Yes,No,MLB Stats API; RotoWire,,H:2026/2025 P:2026/2025,,,Direct BvP not yet weighted; 2026/2025 Statcast baseline active,7,12,32,0,Contact streak: 12/32 over last 7 games,"same-side matchup; pitcher baseline 6.9% barrel, 5.2 HR allowed",neutral batted-ball profile; pitcher fly-ball pressure modest,,
800050,Chase DeLauter,CLE,KC,2026-08-29T20:10:00Z,In Progress,2,Daniel Lynch IV,663738,L,L,6.3,0.16,91.3,101.3709,0.423,0.149,0.343,71.3,17.3,37.1,19.5,45.5,13.0,6.91,39.07,88.6,0.4,0.1529,26.12,5.2,5.2,5.2,Progressive Field,100,70,4,L To R,Open-Meteo forecast; MLB fallback,https://forecast.weather.gov/MapClick.php?lat=41.4962&lon=-81.6852,56,0,Yes,Yes,2,Yes,No,MLB Stats API; RotoWire,,H:2026 P:2026/2025,,,Direct BvP not yet weighted; 2026/2025 Statcast baseline active,7,6,19,0,"Last 7 games: 6/19, 0 HR","same-side matchup; pitcher baseline 6.9% barrel, 5.2 HR allowed",neutral batted-ball profile; pitcher fly-ball pressure modest,,
608070,José Ramírez,CLE,KC,2026-08-29T20:10:00Z,In Progress,3,Daniel Lynch IV,663738,L,S,5.39,0.1647,89.25,99.6729,0.4271,0.1452,0.3434,70.34,13.12,50.83,29.27,40.43,16.0,6.91,39.07,88.6,0.4,0.1529,26.12,5.2,5.2,5.2,Progressive Field,100,70,4,L To R,Open-Meteo forecast; MLB fallback,https://forecast.weather.gov/MapClick.php?lat=41.4962&lon=-81.6852,56,0,Yes,Yes,3,Yes,No,MLB Stats API; RotoWire,,H:2026/2025 P:2026/2025,,,Direct BvP not yet weighted; 2026/2025 Statcast baseline active,7,7,29,0,"Last 7 games: 7/29, 0 HR","switch hitter; pitcher baseline 6.9% barrel, 5.2 HR allowed",neutral batted-ball profile; pitcher fly-ball pressure modest,,
666176,Jo Adell,CLE,KC,2026-08-29T20:10:00Z,In Progress,4,Daniel Lynch IV,663738,L,R,12.05,0.1902,90.72,103.091,0.479,0.2211,0.3391,77.32,71.48,38.56,27.63,46.57,25.1,6.91,39.07,88.6,0.4,0.1529,26.12,5.2,5.2,5.2,Progressive Field,100,70,4,L To R,Open-Meteo forecast; MLB fallback,https://forecast.weather.gov/MapClick.php?lat=41.4962&lon=-81.6852,56,0,Yes,Yes,4,Yes,No,MLB Stats API; RotoWire,,H:2026/2025 P:2026/2025,,,Direct BvP not yet weighted; 2026/2025 Statcast baseline active,7,6,26,1,"Last 7 games: 6/26, 1 HR","platoon edge; pitcher baseline 6.9% barrel, 5.2 HR allowed",neutral batted-ball profile; pitcher fly-ball pressure modest,,
682657,Angel Martínez,CLE,KC,2026-08-29T20:10:00Z,In Progress,5,Daniel Lynch IV,663738,L,S,6.16,0.1651,87.38,98.5884,0.3767,0.1326,0.2886,70.94,15.39,45.93,26.66,33.71,11.7,6.91,39.07,88.6,0.4,0.1529,26.12,5.2,5.2,5.2,Progressive Field,100,70,4,L To R,Open-Meteo forecast; MLB fallback,https://forecast.weather.gov/MapClick.php?lat=41.4962&lon=-81.6852,56,0,Yes,Yes,5,Yes,No,MLB Stats API; RotoWire,,H:2026/2025 P:2026/2025,,,Direct BvP not yet weighted; 2026/2025 Statcast baseline active,7,6,22,1,"Last 7 games: 6/22, 1 HR","switch hitter; pitcher baseline 6.9% barrel, 5.2 HR allowed",neutral batted-ball profile; pitcher fly-ball pressure modest,,
681807,David Fry,CLE,KC,2026-08-29T20:10:00Z,In Progress,6,Daniel Lynch IV,663738,L,R,7.28,0.164,86.46,97.5425,0.2581,0.101,0.2398,70.75,10.91,54.55,31.34,34.76,6.6,6.91,39.07,88.6,0.4,0.1529,26.12,5.2,5.2,5.2,Progressive Field,100,70,4,L To R,Open-Meteo forecast; MLB fallback,https://forecast.weather.gov/MapClick.php?lat=41.4962&lon=-81.6852,56,0,Yes,Yes,6,Yes,No,MLB Stats API; RotoWire,,H:2026/2025 P:2026/2025,,,Direct BvP not yet weighted; 2026/2025 Statcast baseline active,7,1,9,0,"Last 7 games: 1/9, 0 HR","platoon edge; pitcher baseline 6.9% barrel, 5.2 HR allowed",neutral batted-ball profile; pitcher fly-ball pressure modest,,
694197,Angel Genao,CLE,KC,2026-08-29T20:10:00Z,In Progress,7,Daniel Lynch IV,663738,L,S,5.1,0.089,91.7,100.9015,0.357,0.099,0.302,72.1,22.1,35.6,15.3,55.9,1.0,6.91,39.07,88.6,0.4,0.1529,26.12,5.2,5.2,5.2,Progressive Field,100,70,4,L To R,Open-Meteo forecast; MLB fallback,https://forecast.weather.gov/MapClick.php?lat=41.4962&lon=-81.6852,56,0,Yes,Yes,7,Yes,No,MLB Stats API; RotoWire,,H:2026 P:2026/2025,,,Direct BvP not yet weighted; 2026/2025 Statcast baseline active,7,4,24,0,"Last 7 games: 4/24, 0 HR","switch hitter; pitcher baseline 6.9% barrel, 5.2 HR allowed",neutral batted-ball profile; pitcher fly-ball pressure modest,,
595978,Austin Hedges,CLE,KC,2026-08-29T20:10:00Z,In Progress,8,Daniel Lynch IV,663738,L,R,4.31,0.1216,87.01,97.8339,0.3141,0.0972,0.2728,70.1,10.23,49.0,24.01,32.34,5.0,6.91,39.07,88.6,0.4,0.1529,26.12,5.2,5.2,5.2,Progressive Field,100,70,4,L To R,Open-Meteo forecast; MLB fallback,https://forecast.weather.gov/MapClick.php?lat=41.4962&lon=-81.6852,56,0,Yes,Yes,8,Yes,No,MLB Stats API; RotoWire,,H:2026/2025 P:2026/2025,,,Direct BvP not yet weighted; 2026/2025 Statcast baseline active,7,4,21,1,"Last 7 games: 4/21, 1 HR","platoon edge; pitcher baseline 6.9% barrel, 5.2 HR allowed",neutral batted-ball profile; pitcher fly-ball pressure modest,,
677587,Brayan Rocchio,CLE,KC,2026-08-29T20:10:00Z,In Progress,9,Daniel Lynch IV,663738,L,S,3.16,0.114,87.16,97.3172,0.3517,0.1067,0.2936,69.93,7.01,43.71,25.44,32.49,8.5,6.91,39.07,88.6,0.4,0.1529,26.12,5.2,5.2,5.2,Progressive Field,100,70,4,L To R,Open-Meteo forecast; MLB fallback,https://forecast.weather.gov/MapClick.php?lat=41.4962&lon=-81.6852,56,0,Yes,Yes,9,Yes,No,MLB Stats API; RotoWire,,H:2026/2025 P:2026/2025,,,Direct BvP not yet weighted; 2026/2025 Statcast baseline active,7,5,25,0,"Last 7 games: 5/25, 0 HR","switch hitter; pitcher baseline 6.9% barrel, 5.2 HR allowed",neutral batted-ball profile; pitcher fly-ball pressure modest,,
665161,Jeremy Peña,HOU,NYM,2026-08-29T20:10:00Z,In Progress,1,Nolan McLean,690997,R,R,6.8,0.187,88.41,99.9146,0.4208,0.1487,0.3298,72.23,14.27,46.06,24.01,40.66,16.3,7.09,37.87,88.31,0.3458,0.1257,21.91,11.7,11.7,11.7,Citi Field,95,78,3,In From LF,Open-Meteo forecast; MLB fallback,https://forecast.weather.gov/MapClick.php?lat=40.7571&lon=-73.8458,69,9,Yes,Yes,1,Yes,No,MLB Stats API; RotoWire,,H:2026/2025 P:2026/2025,,,Direct BvP not yet weighted; 2026/2025 Statcast baseline active,7,8,28,2,Hot streak: 2 HR in last 7 games,"same-side matchup; pitcher baseline 7.1% barrel, 11.7 HR allowed",neutral batted-ball profile; pitcher fly-ball pressure modest,,
670541,Yordan Alvarez,HOU,NYM,2026-08-29T20:10:00Z,In Progress,2,Nolan McLean,690997,R,L,15.97,0.2494,94.56,104.9919,0.6288,0.3147,0.4364,76.17,61.94,41.09,36.31,53.25,27.0,7.09,37.87,88.31,0.3458,0.1257,21.91,11.7,11.7,11.7,Citi Field,95,78,3,In From LF,Open-Meteo forecast; MLB fallback,https://forecast.weather.gov/MapClick.php?lat=40.7571&lon=-73.8458,69,9,Yes,Yes,2,Yes,No,MLB Stats API; RotoWire,,H:2026/2025 P:2026/2025,,,Direct BvP not yet weighted; 2026/2025 Statcast baseline active,7,6,22,0,"Last 7 games: 6/22, 0 HR","platoon edge; pitcher baseline 7.1% barrel, 11.7 HR allowed",lift-pull EV profile; pitcher fly-ball pressure modest,,
670623,Isaac Paredes,HOU,NYM,2026-08-29T20:10:00Z,In Progress,3,Nolan McLean,690997,R,R,5.39,0.176,86.35,96.903,0.3744,0.1292,0.3235,67.74,7.36,52.0,30.87,29.75,17.9,7.09,37.87,88.31,0.3458,0.1257,21.91,11.7,11.7,11.7,Citi Field,95,78,3,In From LF,Open-Meteo forecast; MLB fallback,https://forecast.weather.gov/MapClick.php?lat=40.7571&lon=-73.8458,69,9,Yes,Yes,3,Yes,No,MLB Stats API; RotoWire,,H:2026/2025 P:2026/2025,,,Direct BvP not yet weighted; 2026/2025 Statcast baseline active,7,4,21,1,"Last 7 games: 4/21, 1 HR","same-side matchup; pitcher baseline 7.1% barrel, 11.7 HR allowed",neutral batted-ball profile; pitcher fly-ball pressure modest,,
514888,Jose Altuve,HOU,NYM,2026-08-29T20:10:00Z,In Progress,4,Nolan McLean,690997,R,R,5.08,0.1581,85.31,97.1412,0.3434,0.1169,0.2825,69.14,10.13,45.57,22.02,32.23,17.6,7.09,37.87,88.31,0.3458,0.1257,21.91,11.7,11.7,11.7,Citi Field,95,78,3,In From LF,Open-Meteo forecast; MLB fallback,https://forecast.weather.gov/MapClick.php?lat=40.7571&lon=-73.8458,69,9,Yes,Yes,4,Yes,No,MLB Stats API; RotoWire,,H:2026/2025 P:2026/2025,,,Direct BvP not yet weighted; 2026/2025 Statcast baseline active,7,5,26,1,"Last 7 games: 5/26, 1 HR","same-side matchup; pitcher baseline 7.1% barrel, 11.7 HR allowed",neutral batted-ball profile; pitcher fly-ball pressure modest,,
662139,Daulton Varsho,HOU,NYM,2026-08-29T20:10:00Z,In Progress,5,Nolan McLean,690997,R,L,9.32,0.1875,87.94,99.6545,0.3988,0.1662,0.3004,73.71,35.97,41.29,30.29,38.9,13.0,7.09,37.87,88.31,0.3458,0.1257,21.91,11.7,11.7,11.7,Citi Field,95,78,3,In From LF,Open-Meteo forecast; MLB fallback,https://forecast.weather.gov/MapClick.php?lat=40.7571&lon=-73.8458,69,9,Yes,Yes,5,Yes,No,MLB Stats API; RotoWire,,H:2026/2025 P:2026/2025,,,Direct BvP not yet weighted; 2026/2025 Statcast baseline active,7,8,28,2,Hot streak: 2 HR in last 7 games,"platoon edge; pitcher baseline 7.1% barrel, 11.7 HR allowed",neutral batted-ball profile; pitcher fly-ball pressure modest,,
572233,Christian Walker,HOU,NYM,2026-08-29T20:10:00Z,In Progress,6,Nolan McLean,690997,R,R,10.17,0.1998,89.78,101.5669,0.3986,0.1708,0.3049,74.31,43.76,42.13,27.51,42.74,24.9,7.09,37.87,88.31,0.3458,0.1257,21.91,11.7,11.7,11.7,Citi Field,95,78,3,In From LF,Open-Meteo forecast; MLB fallback,https://forecast.weather.gov/MapClick.php?lat=40.7571&lon=-73.8458,69,9,Yes,Yes,6,Yes,No,MLB Stats API; RotoWire,,H:2026/2025 P:2026/2025,,,Direct BvP not yet weighted; 2026/2025 Statcast baseline active,7,5,27,1,"Last 7 games: 5/27, 1 HR","same-side matchup; pitcher baseline 7.1% barrel, 11.7 HR allowed",neutral batted-ball profile; pitcher fly-ball pressure modest,,
666211,Taylor Trammell,HOU,NYM,2026-08-29T20:10:00Z,In Progress,7,Nolan McLean,690997,R,L,10.95,0.1507,89.11,100.6971,0.3651,0.1704,0.2885,75.79,58.64,45.7,30.02,37.92,5.8,7.09,37.87,88.31,0.3458,0.1257,21.91,11.7,11.7,11.7,Citi Field,95,78,3,In From LF,Open-Meteo forecast; MLB fallback,https://forecast.weather.gov/MapClick.php?lat=40.7571&lon=-73.8458,69,9,Yes,Yes,7,Yes,No,MLB Stats API; RotoWire,,H:2026/2025 P:2026/2025,,,Direct BvP not yet weighted; 2026/2025 Statcast baseline active,7,2,15,0,"Last 7 games: 2/15, 0 HR","platoon edge; pitcher baseline 7.1% barrel, 11.7 HR allowed",neutral batted-ball profile; pitcher fly-ball pressure modest,,
669397,Nick Allen,HOU,NYM,2026-08-29T20:10:00Z,In Progress,8,Nolan McLean,690997,R,R,1.4,0.0671,85.57,96.1491,0.2719,0.053,0.2471,67.58,0.76,35.39,20.43,26.78,1.4,7.09,37.87,88.31,0.3458,0.1257,21.91,11.7,11.7,11.7,Citi Field,95,78,3,In From LF,Open-Meteo forecast; MLB fallback,https://forecast.weather.gov/MapClick.php?lat=40.7571&lon=-73.8458,69,9,Yes,Yes,8,Yes,No,MLB Stats API; RotoWire,,H:2026/2025 P:2026/2025,,,Direct BvP not yet weighted; 2026/2025 Statcast baseline active,7,3,10,0,"Last 7 games: 3/10, 0 HR","same-side matchup; pitcher baseline 7.1% barrel, 11.7 HR allowed",neutral batted-ball profile; pitcher fly-ball pressure modest,,
543877,Christian Vázquez,HOU,NYM,2026-08-29T20:10:00Z,In Progress,9,Nolan McLean,690997,R,R,2.68,0.1144,85.9,95.5494,0.2846,0.0837,0.2479,65.95,1.01,34.28,25.75,24.32,5.8,7.09,37.87,88.31,0.3458,0.1257,21.91,11.7,11.7,11.7,Citi Field,95,78,3,In From LF,Open-Meteo forecast; MLB fallback,https://forecast.weather.gov/MapClick.php?lat=40.7571&lon=-73.8458,69,9,Yes,Yes,9,Yes,No,MLB Stats API; RotoWire,,H:2026/2025 P:2026/2025,,,Direct BvP not yet weighted; 2026/2025 Statcast baseline active,7,4,18,2,Hot streak: 2 HR in last 7 games,"same-side matchup; pitcher baseline 7.1% barrel, 11.7 HR allowed",neutral batted-ball profile; pitcher fly-ball pressure modest,,
596019,Francisco Lindor,NYM,HOU,2026-08-29T20:10:00Z,In Progress,1,Bennett Sousa,656986,L,S,9.25,0.1885,90.85,100.2212,0.4477,0.1982,0.3408,72.02,22.25,45.25,31.0,46.22,18.4,9.78,33.16,88.12,0.3413,0.1325,37.87,2.6,2.6,2.6,Citi Field,95,78,3,In From LF,Open-Meteo forecast; MLB fallback,https://forecast.weather.gov/MapClick.php?lat=40.7571&lon=-73.8458,69,9,Yes,Yes,1,Yes,No,MLB Stats API; RotoWire,,H:2026/2025 P:2026/2025,,,Direct BvP not yet weighted; 2026/2025 Statcast baseline active,7,6,26,1,"Last 7 games: 6/26, 1 HR","switch hitter; pitcher baseline 9.8% barrel, 2.6 HR allowed",neutral batted-ball profile; pitcher allows elevated contact,,
665742,Juan Soto,NYM,HOU,2026-08-29T20:10:00Z,In Progress,2,Bennett Sousa,656986,L,L,15.47,0.2578,92.89,103.0713,0.5947,0.3,0.4241,72.62,31.07,39.46,32.61,50.61,27.6,9.78,33.16,88.12,0.3413,0.1325,37.87,2.6,2.6,2.6,Citi Field,95,78,3,In From LF,Open-Meteo forecast; MLB fallback,https://forecast.weather.gov/MapClick.php?lat=40.7571&lon=-73.8458,69,9,Yes,Yes,2,Yes,No,MLB Stats API; RotoWire,,H:2026/2025 P:2026/2025,,,Direct BvP not yet weighted; 2026/2025 Statcast baseline active,7,4,20,0,"Last 7 games: 4/20, 0 HR","same-side matchup; pitcher baseline 9.8% barrel, 2.6 HR allowed",lift-pull EV profile; pitcher allows elevated contact,,
666182,Bo Bichette,NYM,HOU,2026-08-29T20:10:00Z,In Progress,3,Bennett Sousa,656986,L,R,6.78,0.1412,90.02,101.0918,0.431,0.1482,0.332,69.73,13.37,26.14,22.88,43.83,15.2,9.78,33.16,88.12,0.3413,0.1325,37.87,2.6,2.6,2.6,Citi Field,95,78,3,In From LF,Open-Meteo forecast; MLB fallback,https://forecast.weather.gov/MapClick.php?lat=40.7571&lon=-73.8458,69,9,Yes,Yes,3,Yes,No,MLB Stats API; RotoWire,,H:2026/2025 P:2026/2025,,,Direct BvP not yet weighted; 2026/2025 Statcast baseline active,7,4,26,2,Hot streak: 2 HR in last 7 games,"platoon edge; pitcher baseline 9.8% barrel, 2.6 HR allowed",neutral batted-ball profile; pitcher allows elevated contact,,
701807,Carson Benge,NYM,HOU,2026-08-29T20:10:00Z,In Progress,4,Bennett Sousa,656986,L,L,7.6,0.147,89.1,99.9259,0.44,0.16,0.34,71.0,17.4,32.4,27.3,40.6,16.0,9.78,33.16,88.12,0.3413,0.1325,37.87,2.6,2.6,2.6,Citi Field,95,78,3,In From LF,Open-Meteo forecast; MLB fallback,https://forecast.weather.gov/MapClick.php?lat=40.7571&lon=-73.8458,69,9,Yes,Yes,4,Yes,No,MLB Stats API; RotoWire,,H:2026 P:2026/2025,,,Direct BvP not yet weighted; 2026/2025 Statcast baseline active,7,11,27,1,Contact streak: 11/27 over last 7 games,"same-side matchup; pitcher baseline 9.8% barrel, 2.6 HR allowed",neutral batted-ball profile; pitcher allows elevated contact,,
676724,Jared Young,NYM,HOU,2026-08-29T20:10:00Z,In Progress,5,Bennett Sousa,656986,L,L,9.47,0.2096,88.38,100.8586,0.4126,0.185,0.3065,73.37,32.9,39.37,27.23,43.5,6.8,9.78,33.16,88.12,0.3413,0.1325,37.87,2.6,2.6,2.6,Citi Field,95,78,3,In From LF,Open-Meteo forecast; MLB fallback,https://forecast.weather.gov/MapClick.php?lat=40.7571&lon=-73.8458,69,9,Yes,Yes,5,Yes,No,MLB Stats API; RotoWire,,H:2026/2025 P:2026/2025,,,Direct BvP not yet weighted; 2026/2025 Statcast baseline active,7,7,26,0,"Last 7 games: 7/26, 0 HR","same-side matchup; pitcher baseline 9.8% barrel, 2.6 HR allowed",neutral batted-ball profile; pitcher allows elevated contact,,
543760,Marcus Semien,NYM,HOU,2026-08-29T20:10:00Z,In Progress,6,Bennett Sousa,656986,L,R,6.52,0.1333,87.04,97.4523,0.3915,0.1439,0.3103,68.5,3.2,46.63,31.09,33.95,14.3,9.78,33.16,88.12,0.3413,0.1325,37.87,2.6,2.6,2.6,Citi Field,95,78,3,In From LF,Open-Meteo forecast; MLB fallback,https://forecast.weather.gov/MapClick.php?lat=40.7571&lon=-73.8458,69,9,Yes,Yes,6,Yes,No,MLB Stats API; RotoWire,,H:2026/2025 P:2026/2025,,,Direct BvP not yet weighted; 2026/2025 Statcast baseline active,7,7,24,0,"Last 7 games: 7/24, 0 HR","platoon edge; pitcher baseline 9.8% barrel, 2.6 HR allowed",neutral batted-ball profile; pitcher allows elevated contact,,
805999,A.J. Ewing,NYM,HOU,2026-08-29T20:10:00Z,In Progress,7,Bennett Sousa,656986,L,L,7.3,0.113,89.2,100.1047,0.391,0.139,0.315,70.4,12.0,31.9,25.4,41.9,7.0,9.78,33.16,88.12,0.3413,0.1325,37.87,2.6,2.6,2.6,Citi Field,95,78,3,In From LF,Open-Meteo forecast; MLB fallback,https://forecast.weather.gov/MapClick.php?lat=40.7571&lon=-73.8458,69,9,Yes,Yes,7,Yes,No,MLB Stats API; RotoWire,,H:2026 P:2026/2025,,,Direct BvP not yet weighted; 2026/2025 Statcast baseline active,7,4,28,0,"Last 7 games: 4/28, 0 HR","same-side matchup; pitcher baseline 9.8% barrel, 2.6 HR allowed",neutral batted-ball profile; pitcher allows elevated contact,,
683146,Brett Baty,NYM,HOU,2026-08-29T20:10:00Z,In Progress,8,Bennett Sousa,656986,L,L,10.17,0.1348,90.21,101.6225,0.4024,0.1644,0.313,75.08,53.79,36.31,25.47,43.05,11.0,9.78,33.16,88.12,0.3413,0.1325,37.87,2.6,2.6,2.6,Citi Field,95,78,3,In From LF,Open-Meteo forecast; MLB fallback,https://forecast.weather.gov/MapClick.php?lat=40.7571&lon=-73.8458,69,9,Yes,Yes,8,Yes,No,MLB Stats API; RotoWire,,H:2026/2025 P:2026/2025,,,Direct BvP not yet weighted; 2026/2025 Statcast baseline active,7,5,14,0,Contact streak: 5/14 over last 7 games,"same-side matchup; pitcher baseline 9.8% barrel, 2.6 HR allowed",neutral batted-ball profile; pitcher allows elevated contact,,
682626,Francisco Alvarez,NYM,HOU,2026-08-29T20:10:00Z,In Progress,9,Bennett Sousa,656986,L,R,14.34,0.1721,90.93,102.6448,0.4265,0.1982,0.3246,74.11,42.32,38.66,24.75,47.16,12.4,9.78,33.16,88.12,0.3413,0.1325,37.87,2.6,2.6,2.6,Citi Field,95,78,3,In From LF,Open-Meteo forecast; MLB fallback,https://forecast.weather.gov/MapClick.php?lat=40.7571&lon=-73.8458,69,9,Yes,Yes,9,Yes,No,MLB Stats API; RotoWire,,H:2026/2025 P:2026/2025,,,Direct BvP not yet weighted; 2026/2025 Statcast baseline active,7,2,23,0,"Last 7 games: 2/23, 0 HR","platoon edge; pitcher baseline 9.8% barrel, 2.6 HR allowed",neutral batted-ball profile; pitcher allows elevated contact,,
665487,Fernando Tatis Jr.,SD,TB,2026-08-29T20:10:00Z,In Progress,1,Nick Martinez,607259,R,R,11.98,0.1647,93.02,104.5111,0.488,0.1981,0.3749,75.58,58.05,35.08,22.15,53.48,19.4,7.07,33.52,87.39,0.424,0.1551,28.68,18.5,18.5,18.5,Tropicana Field,100,80,5,None,Open-Meteo forecast; MLB fallback,https://forecast.weather.gov/MapClick.php?lat=27.7682&lon=-82.6534,89,5,Yes,Yes,1,Yes,No,MLB Stats API; RotoWire,,H:2026/2025 P:2026/2025,,,Direct BvP not yet weighted; 2026/2025 Statcast baseline active,7,9,31,2,Hot streak: 2 HR in last 7 games,"same-side matchup; pitcher baseline 7.1% barrel, 18.5 HR allowed",EV profile; pitcher fly-ball pressure modest,,
630105,Jake Cronenworth,SD,TB,2026-08-29T20:10:00Z,In Progress,2,Nick Martinez,607259,R,L,4.17,0.0939,87.52,97.865,0.3236,0.0993,0.2945,71.39,17.81,31.89,22.58,32.63,6.1,7.07,33.52,87.39,0.424,0.1551,28.68,18.5,18.5,18.5,Tropicana Field,100,80,5,None,Open-Meteo forecast; MLB fallback,https://forecast.weather.gov/MapClick.php?lat=27.7682&lon=-82.6534,89,5,Yes,Yes,2,Yes,No,MLB Stats API; RotoWire,,H:2026/2025 P:2026/2025,,,Direct BvP not yet weighted; 2026/2025 Statcast baseline active,7,7,28,0,"Last 7 games: 7/28, 0 HR","platoon edge; pitcher baseline 7.1% barrel, 18.5 HR allowed",neutral batted-ball profile; pitcher fly-ball pressure modest,,
592518,Manny Machado,SD,TB,2026-08-29T20:10:00Z,In Progress,3,Nick Martinez,607259,R,R,10.59,0.1864,91.15,101.8722,0.4432,0.1918,0.3361,74.71,44.65,39.94,27.73,46.53,24.9,7.07,33.52,87.39,0.424,0.1551,28.68,18.5,18.5,18.5,Tropicana Field,100,80,5,None,Open-Meteo forecast; MLB fallback,https://forecast.weather.gov/MapClick.php?lat=27.7682&lon=-82.6534,89,5,Yes,Yes,3,Yes,No,MLB Stats API; RotoWire,,H:2026/2025 P:2026/2025,,,Direct BvP not yet weighted; 2026/2025 Statcast baseline active,7,3,25,0,"Last 7 games: 3/25, 0 HR","same-side matchup; pitcher baseline 7.1% barrel, 18.5 HR allowed",neutral batted-ball profile; pitcher fly-ball pressure modest,,
664034,Ty France,SD,TB,2026-08-29T20:10:00Z,In Progress,4,Nick Martinez,607259,R,R,9.17,0.1821,91.18,101.103,0.4264,0.1751,0.3301,71.77,19.46,35.94,25.11,47.07,14.7,7.07,33.52,87.39,0.424,0.1551,28.68,18.5,18.5,18.5,Tropicana Field,100,80,5,None,Open-Meteo forecast; MLB fallback,https://forecast.weather.gov/MapClick.php?lat=27.7682&lon=-82.6534,89,5,Yes,Yes,4,Yes,No,MLB Stats API; RotoWire,,H:2026/2025 P:2026/2025,,,Direct BvP not yet weighted; 2026/2025 Statcast baseline active,7,5,22,1,"Last 7 games: 5/22, 1 HR","same-side matchup; pitcher baseline 7.1% barrel, 18.5 HR allowed",neutral batted-ball profile; pitcher fly-ball pressure modest,,
701538,Jackson Merrill,SD,TB,2026-08-29T20:10:00Z,In Progress,5,Nick Martinez,607259,R,L,11.88,0.186,90.4,100.7035,0.4767,0.2172,0.3386,72.88,27.4,37.7,30.27,45.56,20.2,7.07,33.52,87.39,0.424,0.1551,28.68,18.5,18.5,18.5,Tropicana Field,100,80,5,None,Open-Meteo forecast; MLB fallback,https://forecast.weather.gov/MapClick.php?lat=27.7682&lon=-82.6534,89,5,Yes,Yes,5,Yes,No,MLB Stats API; RotoWire,,H:2026/2025 P:2026/2025,,,Direct BvP not yet weighted; 2026/2025 Statcast baseline active,7,7,26,3,Hot streak: 3 HR in last 7 games,"platoon edge; pitcher baseline 7.1% barrel, 18.5 HR allowed",neutral batted-ball profile; pitcher fly-ball pressure modest,,
669134,Luis Campusano,SD,TB,2026-08-29T20:10:00Z,In Progress,6,Nick Martinez,607259,R,R,6.65,0.1274,88.15,98.9207,0.3025,0.1092,0.2983,72.47,26.28,45.72,18.19,38.75,3.5,7.07,33.52,87.39,0.424,0.1551,28.68,18.5,18.5,18.5,Tropicana Field,100,80,5,None,Open-Meteo forecast; MLB fallback,https://forecast.weather.gov/MapClick.php?lat=27.7682&lon=-82.6534,89,5,Yes,Yes,6,Yes,No,MLB Stats API; RotoWire,,H:2026/2025 P:2026/2025,,,Direct BvP not yet weighted; 2026/2025 Statcast baseline active,7,1,18,0,"Last 7 games: 1/18, 0 HR","same-side matchup; pitcher baseline 7.1% barrel, 18.5 HR allowed",neutral batted-ball profile; pitcher fly-ball pressure modest,,
657757,Gavin Sheets,SD,TB,2026-08-29T20:10:00Z,In Progress,7,Nick Martinez,607259,R,L,7.78,0.1784,88.15,99.6158,0.3998,0.1613,0.3232,74.52,48.16,39.89,23.42,41.18,16.9,7.07,33.52,87.39,0.424,0.1551,28.68,18.5,18.5,18.5,Tropicana Field,100,80,5,None,Open-Meteo forecast; MLB fallback,https://forecast.weather.gov/MapClick.php?lat=27.7682&lon=-82.6534,89,5,Yes,Yes,7,Yes,No,MLB Stats API; RotoWire,,H:2026/2025 P:2026/2025,,,Direct BvP not yet weighted; 2026/2025 Statcast baseline active,7,3,14,0,"Last 7 games: 3/14, 0 HR","platoon edge; pitcher baseline 7.1% barrel, 18.5 HR allowed",neutral batted-ball profile; pitcher fly-ball pressure modest,,
650859,Luis Rengifo,SD,TB,2026-08-29T20:10:00Z,In Progress,8,Nick Martinez,607259,R,S,4.44,0.083,87.52,97.7532,0.354,0.0989,0.3027,70.83,14.09,36.9,17.94,33.75,5.5,7.07,33.52,87.39,0.424,0.1551,28.68,18.5,18.5,18.5,Tropicana Field,100,80,5,None,Open-Meteo forecast; MLB fallback,https://forecast.weather.gov/MapClick.php?lat=27.7682&lon=-82.6534,89,5,Yes,Yes,8,Yes,No,MLB Stats API; RotoWire,,H:2026/2025 P:2026/2025,,,Direct BvP not yet weighted; 2026/2025 Statcast baseline active,7,2,20,0,"Last 7 games: 2/20, 0 HR","switch hitter; pitcher baseline 7.1% barrel, 18.5 HR allowed",neutral batted-ball profile; pitcher fly-ball pressure modest,,
687957,Dustin Harris,SD,TB,2026-08-29T20:10:00Z,In Progress,9,Nick Martinez,607259,R,L,1.11,0.1024,85.08,94.5714,0.3233,0.0771,0.2919,66.75,2.73,50.86,23.66,18.9,0.3,7.07,33.52,87.39,0.424,0.1551,28.68,18.5,18.5,18.5,Tropicana Field,100,80,5,None,Open-Meteo forecast; MLB fallback,https://forecast.weather.gov/MapClick.php?lat=27.7682&lon=-82.6534,89,5,Yes,Yes,9,Yes,No,MLB Stats API; RotoWire,,H:2026/2025 P:2026/2025,,,Direct BvP not yet weighted; 2026/2025 Statcast baseline active,7,8,16,0,Contact streak: 8/16 over last 7 games,"platoon edge; pitcher baseline 7.1% barrel, 18.5 HR allowed",neutral batted-ball profile; pitcher fly-ball pressure modest,,
650490,Yandy Díaz,TB,SD,2026-08-29T20:10:00Z,In Progress,1,Walker Buehler,621111,R,R,7.32,0.1687,91.39,103.1791,0.4499,0.1635,0.3544,73.5,37.23,23.32,19.58,49.0,21.5,8.45,38.43,88.88,0.4108,0.1582,23.58,17.1,17.1,17.1,Tropicana Field,100,80,5,None,Open-Meteo forecast; MLB fallback,https://forecast.weather.gov/MapClick.php?lat=27.7682&lon=-82.6534,89,5,Yes,Yes,1,Yes,No,MLB Stats API; RotoWire,,H:2026/2025 P:2026/2025,,,Direct BvP not yet weighted; 2026/2025 Statcast baseline active,7,7,28,1,"Last 7 games: 7/28, 1 HR","same-side matchup; pitcher baseline 8.4% barrel, 17.1 HR allowed",neutral batted-ball profile; pitcher fly-ball pressure modest,,
666018,Jonathan Aranda,TB,SD,2026-08-29T20:10:00Z,In Progress,2,Walker Buehler,621111,R,L,10.52,0.1499,91.67,101.2688,0.4625,0.1918,0.3575,70.22,12.41,32.78,29.92,48.2,15.4,8.45,38.43,88.88,0.4108,0.1582,23.58,17.1,17.1,17.1,Tropicana Field,100,80,5,None,Open-Meteo forecast; MLB fallback,https://forecast.weather.gov/MapClick.php?lat=27.7682&lon=-82.6534,89,5,Yes,Yes,2,Yes,No,MLB Stats API; RotoWire,,H:2026/2025 P:2026/2025,,,Direct BvP not yet weighted; 2026/2025 Statcast baseline active,7,6,25,2,Hot streak: 2 HR in last 7 games,"platoon edge; pitcher baseline 8.4% barrel, 17.1 HR allowed",neutral batted-ball profile; pitcher fly-ball pressure modest,,
691406,Junior Caminero,TB,SD,2026-08-29T20:10:00Z,In Progress,3,Walker Buehler,621111,R,R,13.16,0.2549,92.82,105.2799,0.4954,0.2278,0.3586,79.34,84.69,45.8,23.77,50.77,38.0,8.45,38.43,88.88,0.4108,0.1582,23.58,17.1,17.1,17.1,Tropicana Field,100,80,5,None,Open-Meteo forecast; MLB fallback,https://forecast.weather.gov/MapClick.php?lat=27.7682&lon=-82.6534,89,5,Yes,Yes,3,Yes,No,MLB Stats API; RotoWire,,H:2026/2025 P:2026/2025,,,Direct BvP not yet weighted; 2026/2025 Statcast baseline active,7,9,25,1,Contact streak: 9/25 over last 7 games,"same-side matchup; pitcher baseline 8.4% barrel, 17.1 HR allowed",EV profile; pitcher fly-ball pressure modest,,
689414,Liam Hicks,TB,SD,2026-08-29T20:10:00Z,In Progress,4,Walker Buehler,621111,R,L,3.88,0.1417,84.81,96.2284,0.3528,0.1018,0.3164,68.03,3.79,41.96,24.29,27.91,13.7,8.45,38.43,88.88,0.4108,0.1582,23.58,17.1,17.1,17.1,Tropicana Field,100,80,5,None,Open-Meteo forecast; MLB fallback,https://forecast.weather.gov/MapClick.php?lat=27.7682&lon=-82.6534,89,5,Yes,Yes,4,Yes,No,MLB Stats API; RotoWire,,H:2026/2025 P:2026/2025,,,Direct BvP not yet weighted; 2026/2025 Statcast baseline active,7,7,20,1,Contact streak: 7/20 over last 7 games,"platoon edge; pitcher baseline 8.4% barrel, 17.1 HR allowed",neutral batted-ball profile; pitcher fly-ball pressure modest,,
802415,Chandler Simpson,TB,SD,2026-08-29T20:10:00Z,In Progress,5,Walker Buehler,621111,R,L,0.0,0.0535,83.95,92.8305,0.3066,0.0382,0.2725,64.66,0.51,28.48,12.58,14.5,0.0,8.45,38.43,88.88,0.4108,0.1582,23.58,17.1,17.1,17.1,Tropicana Field,100,80,5,None,Open-Meteo forecast; MLB fallback,https://forecast.weather.gov/MapClick.php?lat=27.7682&lon=-82.6534,89,5,Yes,Yes,5,Yes,No,MLB Stats API; RotoWire,,H:2026/2025 P:2026/2025,,,Direct BvP not yet weighted; 2026/2025 Statcast baseline active,7,9,24,0,Contact streak: 9/24 over last 7 games,"platoon edge; pitcher baseline 8.4% barrel, 17.1 HR allowed",neutral batted-ball profile; pitcher fly-ball pressure modest,,
676356,Jonny DeLuca,TB,SD,2026-08-29T20:10:00Z,In Progress,6,Walker Buehler,621111,R,R,3.28,0.1517,85.67,97.4919,0.3451,0.0977,0.2733,72.82,29.29,46.51,21.85,30.68,5.6,8.45,38.43,88.88,0.4108,0.1582,23.58,17.1,17.1,17.1,Tropicana Field,100,80,5,None,Open-Meteo forecast; MLB fallback,https://forecast.weather.gov/MapClick.php?lat=27.7682&lon=-82.6534,89,5,Yes,Yes,6,Yes,No,MLB Stats API; RotoWire,,H:2026/2025 P:2026/2025,,,Direct BvP not yet weighted; 2026/2025 Statcast baseline active,7,8,26,0,"Last 7 games: 8/26, 0 HR","same-side matchup; pitcher baseline 8.4% barrel, 17.1 HR allowed",neutral batted-ball profile; pitcher fly-ball pressure modest,,
680700,Richie Palacios,TB,SD,2026-08-29T20:10:00Z,In Progress,7,Walker Buehler,621111,R,L,4.29,0.112,87.24,96.9639,0.3625,0.099,0.3194,68.84,3.59,35.69,21.4,32.48,3.8,8.45,38.43,88.88,0.4108,0.1582,23.58,17.1,17.1,17.1,Tropicana Field,100,80,5,None,Open-Meteo forecast; MLB fallback,https://forecast.weather.gov/MapClick.php?lat=27.7682&lon=-82.6534,89,5,Yes,Yes,7,Yes,No,MLB Stats API; RotoWire,,H:2026/2025 P:2026/2025,,,Direct BvP not yet weighted; 2026/2025 Statcast baseline active,7,1,24,0,"Last 7 games: 1/24, 0 HR","platoon edge; pitcher baseline 8.4% barrel, 17.1 HR allowed",neutral batted-ball profile; pitcher fly-ball pressure modest,,
656775,Cedric Mullins,TB,SD,2026-08-29T20:10:00Z,In Progress,8,Walker Buehler,621111,R,L,4.8,0.1582,88.1,97.8776,0.3183,0.126,0.2679,70.96,9.01,45.39,32.08,33.03,14.9,8.45,38.43,88.88,0.4108,0.1582,23.58,17.1,17.1,17.1,Tropicana Field,100,80,5,None,Open-Meteo forecast; MLB fallback,https://forecast.weather.gov/MapClick.php?lat=27.7682&lon=-82.6534,89,5,Yes,Yes,8,Yes,No,MLB Stats API; RotoWire,,H:2026/2025 P:2026/2025,,,Direct BvP not yet weighted; 2026/2025 Statcast baseline active,7,3,19,1,"Last 7 games: 3/19, 1 HR","platoon edge; pitcher baseline 8.4% barrel, 17.1 HR allowed",neutral batted-ball profile; pitcher fly-ball pressure modest,,
670764,Taylor Walls,TB,SD,2026-08-29T20:10:00Z,In Progress,9,Walker Buehler,621111,R,S,2.36,0.0815,85.95,95.4954,0.2712,0.0766,0.2519,68.35,2.06,37.84,28.77,23.32,2.6,8.45,38.43,88.88,0.4108,0.1582,23.58,17.1,17.1,17.1,Tropicana Field,100,80,5,None,Open-Meteo forecast; MLB fallback,https://forecast.weather.gov/MapClick.php?lat=27.7682&lon=-82.6534,89,5,Yes,Yes,9,Yes,No,MLB Stats API; RotoWire,,H:2026/2025 P:2026/2025,,,Direct BvP not yet weighted; 2026/2025 Statcast baseline active,7,3,21,0,"Last 7 games: 3/21, 0 HR","switch hitter; pitcher baseline 8.4% barrel, 17.1 HR allowed",neutral batted-ball profile; pitcher fly-ball pressure modest,,
664983,Jake McCarthy,COL,ATL,2026-08-29T20:10:00Z,In Progress,1,Martín Pérez,527048,L,L,5.02,0.1704,84.91,96.7198,0.3943,0.1301,0.3084,70.82,12.35,37.94,20.89,27.39,10.3,8.21,37.79,87.85,0.4199,0.1639,23.99,10.2,10.2,10.2,Truist Park,106,80,3,L To R,Open-Meteo forecast; MLB fallback,https://forecast.weather.gov/MapClick.php?lat=33.8907&lon=-84.4677,77,16,Yes,Yes,1,Yes,No,MLB Stats API; RotoWire,,H:2026/2025 P:2026/2025,,,Direct BvP not yet weighted; 2026/2025 Statcast baseline active,7,6,27,0,"Last 7 games: 6/27, 0 HR","same-side matchup; pitcher baseline 8.2% barrel, 10.2 HR allowed",neutral batted-ball profile; pitcher fly-ball pressure modest,,
694249,Cole Carrigg,COL,ATL,2026-08-29T20:10:00Z,In Progress,2,Martín Pérez,527048,L,S,5.2,0.18,87.0,98.2203,0.385,0.133,0.321,73.5,36.5,47.1,28.7,33.9,6.0,8.21,37.79,87.85,0.4199,0.1639,23.99,10.2,10.2,10.2,Truist Park,106,80,3,L To R,Open-Meteo forecast; MLB fallback,https://forecast.weather.gov/MapClick.php?lat=33.8907&lon=-84.4677,77,16,Yes,Yes,2,Yes,No,MLB Stats API; RotoWire,,H:2026 P:2026/2025,,,Direct BvP not yet weighted; 2026/2025 Statcast baseline active,7,4,29,1,"Last 7 games: 4/29, 1 HR","switch hitter; pitcher baseline 8.2% barrel, 10.2 HR allowed",neutral batted-ball profile; pitcher fly-ball pressure modest,,
696100,Hunter Goodman,COL,ATL,2026-08-29T20:10:00Z,In Progress,3,Martín Pérez,527048,L,R,15.56,0.2777,90.52,102.7933,0.4714,0.2357,0.3283,75.0,49.37,48.07,32.76,46.06,34.5,8.21,37.79,87.85,0.4199,0.1639,23.99,10.2,10.2,10.2,Truist Park,106,80,3,L To R,Open-Meteo forecast; MLB fallback,https://forecast.weather.gov/MapClick.php?lat=33.8907&lon=-84.4677,77,16,Yes,Yes,3,Yes,No,MLB Stats API; RotoWire,,H:2026/2025 P:2026/2025,,,Direct BvP not yet weighted; 2026/2025 Statcast baseline active,7,7,25,2,Hot streak: 2 HR in last 7 games,"platoon edge; pitcher baseline 8.2% barrel, 10.2 HR allowed",neutral batted-ball profile; pitcher fly-ball pressure modest,,
681198,TJ Rumfield,COL,ATL,2026-08-29T20:10:00Z,In Progress,4,Martín Pérez,527048,L,L,4.4,0.15,84.0,96.0611,0.374,0.12,0.327,68.6,8.1,41.6,28.4,27.4,13.0,8.21,37.79,87.85,0.4199,0.1639,23.99,10.2,10.2,10.2,Truist Park,106,80,3,L To R,Open-Meteo forecast; MLB fallback,https://forecast.weather.gov/MapClick.php?lat=33.8907&lon=-84.4677,77,16,Yes,Yes,4,Yes,No,MLB Stats API; RotoWire,,H:2026 P:2026/2025,,,Direct BvP not yet weighted; 2026/2025 Statcast baseline active,7,6,18,0,Contact streak: 6/18 over last 7 games,"same-side matchup; pitcher baseline 8.2% barrel, 10.2 HR allowed",neutral batted-ball profile; pitcher fly-ball pressure modest,,
681393,Connor Norby,COL,ATL,2026-08-29T20:10:00Z,In Progress,5,Martín Pérez,527048,L,R,7.93,0.1394,87.67,98.2605,0.3645,0.1501,0.2993,70.07,7.29,40.98,34.86,37.59,6.6,8.21,37.79,87.85,0.4199,0.1639,23.99,10.2,10.2,10.2,Truist Park,106,80,3,L To R,Open-Meteo forecast; MLB fallback,https://forecast.weather.gov/MapClick.php?lat=33.8907&lon=-84.4677,77,16,Yes,Yes,5,Yes,No,MLB Stats API; RotoWire,,H:2026/2025 P:2026/2025,,,Direct BvP not yet weighted; 2026/2025 Statcast baseline active,7,8,24,1,Contact streak: 8/24 over last 7 games,"platoon edge; pitcher baseline 8.2% barrel, 10.2 HR allowed",neutral batted-ball profile; pitcher fly-ball pressure modest,,
650489,Willi Castro,COL,ATL,2026-08-29T20:10:00Z,In Progress,6,Martín Pérez,527048,L,S,7.69,0.1547,87.26,100.0598,0.3855,0.1498,0.3088,72.44,25.9,42.04,30.27,39.12,13.8,8.21,37.79,87.85,0.4199,0.1639,23.99,10.2,10.2,10.2,Truist Park,106,80,3,L To R,Open-Meteo forecast; MLB fallback,https://forecast.weather.gov/MapClick.php?lat=33.8907&lon=-84.4677,77,16,Yes,Yes,6,Yes,No,MLB Stats API; RotoWire,,H:2026/2025 P:2026/2025,,,Direct BvP not yet weighted; 2026/2025 Statcast baseline active,7,6,25,1,"Last 7 games: 6/25, 1 HR","switch hitter; pitcher baseline 8.2% barrel, 10.2 HR allowed",neutral batted-ball profile; pitcher fly-ball pressure modest,,
666160,Mickey Moniak,COL,ATL,2026-08-29T20:10:00Z,In Progress,7,Martín Pérez,527048,L,L,11.28,0.2578,89.7,100.3956,0.4291,0.2,0.3013,74.19,43.39,45.89,37.96,43.13,21.9,8.21,37.79,87.85,0.4199,0.1639,23.99,10.2,10.2,10.2,Truist Park,106,80,3,L To R,Open-Meteo forecast; MLB fallback,https://forecast.weather.gov/MapClick.php?lat=33.8907&lon=-84.4677,77,16,Yes,Yes,7,Yes,No,MLB Stats API; RotoWire,,H:2026/2025 P:2026/2025,,,Direct BvP not yet weighted; 2026/2025 Statcast baseline active,7,4,27,1,"Last 7 games: 4/27, 1 HR","same-side matchup; pitcher baseline 8.2% barrel, 10.2 HR allowed",fly-ball profile; pitcher fly-ball pressure modest,,
687597,Jordan Beck,COL,ATL,2026-08-29T20:10:00Z,In Progress,8,Martín Pérez,527048,L,R,6.1,0.1258,87.05,98.578,0.3292,0.1087,0.2702,73.69,36.62,37.98,28.6,33.04,5.5,8.21,37.79,87.85,0.4199,0.1639,23.99,10.2,10.2,10.2,Truist Park,106,80,3,L To R,Open-Meteo forecast; MLB fallback,https://forecast.weather.gov/MapClick.php?lat=33.8907&lon=-84.4677,77,16,Yes,Yes,8,Yes,No,MLB Stats API; RotoWire,,H:2026/2025 P:2026/2025,,,Direct BvP not yet weighted; 2026/2025 Statcast baseline active,7,5,17,0,"Last 7 games: 5/17, 0 HR","platoon edge; pitcher baseline 8.2% barrel, 10.2 HR allowed",neutral batted-ball profile; pitcher fly-ball pressure modest,,
678662,Ezequiel Tovar,COL,ATL,2026-08-29T20:10:00Z,In Progress,9,Martín Pérez,527048,L,R,7.41,0.1323,88.07,99.0755,0.3892,0.1534,0.2917,71.95,20.82,37.68,29.85,35.4,9.7,8.21,37.79,87.85,0.4199,0.1639,23.99,10.2,10.2,10.2,Truist Park,106,80,3,L To R,Open-Meteo forecast; MLB fallback,https://forecast.weather.gov/MapClick.php?lat=33.8907&lon=-84.4677,77,16,Yes,Yes,9,Yes,No,MLB Stats API; RotoWire,,H:2026/2025 P:2026/2025,,,Direct BvP not yet weighted; 2026/2025 Statcast baseline active,7,6,18,1,Contact streak: 6/18 over last 7 games,"platoon edge; pitcher baseline 8.2% barrel, 10.2 HR allowed",neutral batted-ball profile; pitcher fly-ball pressure modest,,
686948,Drake Baldwin,ATL,COL,2026-08-29T20:10:00Z,In Progress,1,Zach Agnos,688642,R,L,12.47,0.1845,91.84,102.41,0.4954,0.2185,0.367,75.3,56.3,32.5,24.97,51.56,21.1,9.43,42.56,89.18,0.4792,0.198,31.84,7.8,7.8,7.8,Truist Park,106,80,3,L To R,Open-Meteo forecast; MLB fallback,https://forecast.weather.gov/MapClick.php?lat=33.8907&lon=-84.4677,77,16,Yes,Yes,1,Yes,No,MLB Stats API; RotoWire,,H:2026/2025 P:2026/2025,,,Direct BvP not yet weighted; 2026/2025 Statcast baseline active,7,10,26,1,Contact streak: 10/26 over last 7 games,"platoon edge; pitcher baseline 9.4% barrel, 7.8 HR allowed",neutral batted-ball profile; pitcher allows elevated contact,,
660670,Ronald Acuña Jr.,ATL,COL,2026-08-29T20:10:00Z,In Progress,2,Zach Agnos,688642,R,R,13.67,0.1909,90.95,103.0282,0.4916,0.2342,0.3725,76.12,63.09,36.3,27.39,47.53,15.4,9.43,42.56,89.18,0.4792,0.198,31.84,7.8,7.8,7.8,Truist Park,106,80,3,L To R,Open-Meteo forecast; MLB fallback,https://forecast.weather.gov/MapClick.php?lat=33.8907&lon=-84.4677,77,16,Yes,Yes,2,Yes,No,MLB Stats API; RotoWire,,H:2026/2025 P:2026/2025,,,Direct BvP not yet weighted; 2026/2025 Statcast baseline active,7,6,24,0,"Last 7 games: 6/24, 0 HR","same-side matchup; pitcher baseline 9.4% barrel, 7.8 HR allowed",neutral batted-ball profile; pitcher allows elevated contact,,
621566,Matt Olson,ATL,COL,2026-08-29T20:10:00Z,In Progress,3,Zach Agnos,688642,R,L,15.24,0.2554,92.88,103.8247,0.5123,0.2629,0.3607,74.53,47.68,38.42,33.27,50.99,34.6,9.43,42.56,89.18,0.4792,0.198,31.84,7.8,7.8,7.8,Truist Park,106,80,3,L To R,Open-Meteo forecast; MLB fallback,https://forecast.weather.gov/MapClick.php?lat=33.8907&lon=-84.4677,77,16,Yes,Yes,3,Yes,No,MLB Stats API; RotoWire,,H:2026/2025 P:2026/2025,,,Direct BvP not yet weighted; 2026/2025 Statcast baseline active,7,5,25,1,"Last 7 games: 5/25, 1 HR","platoon edge; pitcher baseline 9.4% barrel, 7.8 HR allowed",lift-pull EV profile; pitcher allows elevated contact,,
643289,Mauricio Dubón,ATL,COL,2026-08-29T20:10:00Z,In Progress,4,Zach Agnos,688642,R,R,3.02,0.1189,85.97,96.2938,0.3632,0.1015,0.2969,68.8,3.47,31.61,25.16,28.82,9.1,9.43,42.56,89.18,0.4792,0.198,31.84,7.8,7.8,7.8,Truist Park,106,80,3,L To R,Open-Meteo forecast; MLB fallback,https://forecast.weather.gov/MapClick.php?lat=33.8907&lon=-84.4677,77,16,Yes,Yes,4,Yes,No,MLB Stats API; RotoWire,,H:2026/2025 P:2026/2025,,,Direct BvP not yet weighted; 2026/2025 Statcast baseline active,7,8,25,0,Contact streak: 8/25 over last 7 games,"same-side matchup; pitcher baseline 9.4% barrel, 7.8 HR allowed",neutral batted-ball profile; pitcher allows elevated contact,,
671739,Michael Harris II,ATL,COL,2026-08-29T20:10:00Z,In Progress,5,Zach Agnos,688642,R,L,10.22,0.1894,90.41,103.2608,0.4667,0.1837,0.3346,74.72,47.19,36.71,22.21,46.97,21.4,9.43,42.56,89.18,0.4792,0.198,31.84,7.8,7.8,7.8,Truist Park,106,80,3,L To R,Open-Meteo forecast; MLB fallback,https://forecast.weather.gov/MapClick.php?lat=33.8907&lon=-84.4677,77,16,Yes,Yes,5,Yes,No,MLB Stats API; RotoWire,,H:2026/2025 P:2026/2025,,,Direct BvP not yet weighted; 2026/2025 Statcast baseline active,7,7,24,2,Hot streak: 2 HR in last 7 games,"platoon edge; pitcher baseline 9.4% barrel, 7.8 HR allowed",neutral batted-ball profile; pitcher allows elevated contact,,
645277,Ozzie Albies,ATL,COL,2026-08-29T20:10:00Z,In Progress,6,Zach Agnos,688642,R,S,4.34,0.1502,87.08,96.6645,0.3611,0.1244,0.2906,68.86,5.81,46.35,31.97,28.74,18.8,9.43,42.56,89.18,0.4792,0.198,31.84,7.8,7.8,7.8,Truist Park,106,80,3,L To R,Open-Meteo forecast; MLB fallback,https://forecast.weather.gov/MapClick.php?lat=33.8907&lon=-84.4677,77,16,Yes,Yes,6,Yes,No,MLB Stats API; RotoWire,,H:2026/2025 P:2026/2025,,,Direct BvP not yet weighted; 2026/2025 Statcast baseline active,7,9,26,0,Contact streak: 9/26 over last 7 games,"switch hitter; pitcher baseline 9.4% barrel, 7.8 HR allowed",neutral batted-ball profile; pitcher allows elevated contact,,
573262,Mike Yastrzemski,ATL,COL,2026-08-29T20:10:00Z,In Progress,7,Zach Agnos,688642,R,L,7.38,0.1567,90.8,99.8996,0.3847,0.1477,0.3171,71.31,8.23,45.27,31.12,43.58,11.4,9.43,42.56,89.18,0.4792,0.198,31.84,7.8,7.8,7.8,Truist Park,106,80,3,L To R,Open-Meteo forecast; MLB fallback,https://forecast.weather.gov/MapClick.php?lat=33.8907&lon=-84.4677,77,16,Yes,Yes,7,Yes,No,MLB Stats API; RotoWire,,H:2026/2025 P:2026/2025,,,Direct BvP not yet weighted; 2026/2025 Statcast baseline active,7,2,15,0,"Last 7 games: 2/15, 0 HR","platoon edge; pitcher baseline 9.4% barrel, 7.8 HR allowed",neutral batted-ball profile; pitcher allows elevated contact,,
663586,Austin Riley,ATL,COL,2026-08-29T20:10:00Z,In Progress,8,Zach Agnos,688642,R,R,12.89,0.1484,91.67,102.9561,0.4167,0.1935,0.3083,75.76,58.59,40.08,31.29,46.91,15.3,9.43,42.56,89.18,0.4792,0.198,31.84,7.8,7.8,7.8,Truist Park,106,80,3,L To R,Open-Meteo forecast; MLB fallback,https://forecast.weather.gov/MapClick.php?lat=33.8907&lon=-84.4677,77,16,Yes,Yes,8,Yes,No,MLB Stats API; RotoWire,,H:2026/2025 P:2026/2025,,,Direct BvP not yet weighted; 2026/2025 Statcast baseline active,7,3,21,0,"Last 7 games: 3/21, 0 HR","same-side matchup; pitcher baseline 9.4% barrel, 7.8 HR allowed",neutral batted-ball profile; pitcher allows elevated contact,,
642086,Dominic Smith,ATL,COL,2026-08-29T20:10:00Z,In Progress,9,Zach Agnos,688642,R,L,5.18,0.1267,87.7,97.7729,0.3812,0.1373,0.3011,68.5,5.78,37.28,28.54,33.47,7.1,9.43,42.56,89.18,0.4792,0.198,31.84,7.8,7.8,7.8,Truist Park,106,80,3,L To R,Open-Meteo forecast; MLB fallback,https://forecast.weather.gov/MapClick.php?lat=33.8907&lon=-84.4677,77,16,Yes,Yes,9,Yes,No,MLB Stats API; RotoWire,,H:2026/2025 P:2026/2025,,,Direct BvP not yet weighted; 2026/2025 Statcast baseline active,7,2,13,0,"Last 7 games: 2/13, 0 HR","platoon edge; pitcher baseline 9.4% barrel, 7.8 HR allowed",neutral batted-ball profile; pitcher allows elevated contact,,
679822,Justin Foscue,TEX,MIL,2026-08-29T23:15:00Z,Pre-Game,1,Shane Drohan,675660,L,R,7.63,0.1894,90.27,99.4642,0.3916,0.1754,0.2862,71.1,9.87,47.55,36.7,48.78,6.3,8.0,37.5,87.9,0.361,0.131,28.2,9.0,9.0,9.0,American Family Field,100,76,5,None,Open-Meteo forecast; MLB fallback,https://forecast.weather.gov/MapClick.php?lat=43.0280&lon=-87.9712,59,0,Yes,Yes,1,Yes,No,MLB Stats API; RotoWire,,H:2026/2025 P:2026,,,Direct BvP not yet weighted; 2026/2025 Statcast baseline active,7,6,23,1,"Last 7 games: 6/23, 1 HR","platoon edge; pitcher baseline 8.0% barrel, 9.0 HR allowed",fly-ball profile; pitcher fly-ball pressure modest,,
608369,Corey Seager,TEX,MIL,2026-08-29T23:15:00Z,Pre-Game,2,Shane Drohan,675660,L,L,14.81,0.1943,91.99,102.5639,0.4969,0.2427,0.3601,71.8,15.16,40.15,31.76,49.82,15.4,8.0,37.5,87.9,0.361,0.131,28.2,9.0,9.0,9.0,American Family Field,100,76,5,None,Open-Meteo forecast; MLB fallback,https://forecast.weather.gov/MapClick.php?lat=43.0280&lon=-87.9712,59,0,Yes,Yes,2,Yes,No,MLB Stats API; RotoWire,,H:2026/2025 P:2026,,,Direct BvP not yet weighted; 2026/2025 Statcast baseline active,7,7,28,0,"Last 7 games: 7/28, 0 HR","same-side matchup; pitcher baseline 8.0% barrel, 9.0 HR allowed",neutral batted-ball profile; pitcher fly-ball pressure modest,,
694671,Wyatt Langford,TEX,MIL,2026-08-29T23:15:00Z,Pre-Game,3,Shane Drohan,675660,L,R,9.1,0.1984,89.93,100.8686,0.413,0.1715,0.3257,72.68,25.68,42.75,28.71,42.03,17.1,8.0,37.5,87.9,0.361,0.131,28.2,9.0,9.0,9.0,American Family Field,100,76,5,None,Open-Meteo forecast; MLB fallback,https://forecast.weather.gov/MapClick.php?lat=43.0280&lon=-87.9712,59,0,Yes,Yes,3,Yes,No,MLB Stats API; RotoWire,,H:2026/2025 P:2026,,,Direct BvP not yet weighted; 2026/2025 Statcast baseline active,7,9,26,1,Contact streak: 9/26 over last 7 games,"platoon edge; pitcher baseline 8.0% barrel, 9.0 HR allowed",neutral batted-ball profile; pitcher fly-ball pressure modest,,
607043,Brandon Nimmo,TEX,MIL,2026-08-29T23:15:00Z,Pre-Game,4,Shane Drohan,675660,L,L,9.71,0.1614,92.04,102.0841,0.4533,0.1831,0.3441,72.27,27.25,32.4,26.12,50.41,16.6,8.0,37.5,87.9,0.361,0.131,28.2,9.0,9.0,9.0,American Family Field,100,76,5,None,Open-Meteo forecast; MLB fallback,https://forecast.weather.gov/MapClick.php?lat=43.0280&lon=-87.9712,59,0,Yes,Yes,4,Yes,No,MLB Stats API; RotoWire,,H:2026/2025 P:2026,,,Direct BvP not yet weighted; 2026/2025 Statcast baseline active,7,2,27,0,"Last 7 games: 2/27, 0 HR","same-side matchup; pitcher baseline 8.0% barrel, 9.0 HR allowed",EV profile; pitcher fly-ball pressure modest,,
677649,Ezequiel Duran,TEX,MIL,2026-08-29T23:15:00Z,Pre-Game,5,Shane Drohan,675660,L,R,5.12,0.1404,87.75,98.8676,0.3482,0.1139,0.2848,72.27,24.31,35.8,21.79,35.38,9.8,8.0,37.5,87.9,0.361,0.131,28.2,9.0,9.0,9.0,American Family Field,100,76,5,None,Open-Meteo forecast; MLB fallback,https://forecast.weather.gov/MapClick.php?lat=43.0280&lon=-87.9712,59,0,Yes,Yes,5,Yes,No,MLB Stats API; RotoWire,,H:2026/2025 P:2026,,,Direct BvP not yet weighted; 2026/2025 Statcast baseline active,7,10,26,1,Contact streak: 10/26 over last 7 games,"platoon edge; pitcher baseline 8.0% barrel, 9.0 HR allowed",neutral batted-ball profile; pitcher fly-ball pressure modest,,
669394,Jake Burger,TEX,MIL,2026-08-29T23:15:00Z,Pre-Game,6,Shane Drohan,675660,L,R,12.57,0.19,90.26,102.8761,0.4374,0.1998,0.317,75.37,58.42,41.18,28.25,47.73,20.9,8.0,37.5,87.9,0.361,0.131,28.2,9.0,9.0,9.0,American Family Field,100,76,5,None,Open-Meteo forecast; MLB fallback,https://forecast.weather.gov/MapClick.php?lat=43.0280&lon=-87.9712,59,0,Yes,Yes,6,Yes,No,MLB Stats API; RotoWire,,H:2026/2025 P:2026,,,Direct BvP not yet weighted; 2026/2025 Statcast baseline active,7,4,19,2,Hot streak: 2 HR in last 7 games,"platoon edge; pitcher baseline 8.0% barrel, 9.0 HR allowed",neutral batted-ball profile; pitcher fly-ball pressure modest,,
643376,Danny Jansen,TEX,MIL,2026-08-29T23:15:00Z,Pre-Game,7,Shane Drohan,675660,L,R,7.82,0.1756,87.25,97.7106,0.314,0.136,0.2689,70.06,6.74,55.17,29.54,34.52,7.7,8.0,37.5,87.9,0.361,0.131,28.2,9.0,9.0,9.0,American Family Field,100,76,5,None,Open-Meteo forecast; MLB fallback,https://forecast.weather.gov/MapClick.php?lat=43.0280&lon=-87.9712,59,0,Yes,Yes,7,Yes,No,MLB Stats API; RotoWire,,H:2026/2025 P:2026,,,Direct BvP not yet weighted; 2026/2025 Statcast baseline active,7,3,16,2,Hot streak: 2 HR in last 7 games,"platoon edge; pitcher baseline 8.0% barrel, 9.0 HR allowed",neutral batted-ball profile; pitcher fly-ball pressure modest,,
681351,Logan O'Hoppe,TEX,MIL,2026-08-29T23:15:00Z,Pre-Game,8,Shane Drohan,675660,L,R,10.71,0.1062,88.03,99.6832,0.3571,0.1494,0.2751,71.97,23.7,44.31,29.49,38.99,8.5,8.0,37.5,87.9,0.361,0.131,28.2,9.0,9.0,9.0,American Family Field,100,76,5,None,Open-Meteo forecast; MLB fallback,https://forecast.weather.gov/MapClick.php?lat=43.0280&lon=-87.9712,59,0,Yes,Yes,8,Yes,No,MLB Stats API; RotoWire,,H:2026/2025 P:2026,,,Direct BvP not yet weighted; 2026/2025 Statcast baseline active,7,3,20,0,"Last 7 games: 3/20, 0 HR","platoon edge; pitcher baseline 8.0% barrel, 9.0 HR allowed",neutral batted-ball profile; pitcher fly-ball pressure modest,,
683227,Cody Freeman,TEX,MIL,2026-08-29T23:15:00Z,Pre-Game,9,Shane Drohan,675660,L,R,1.26,0.0629,83.29,93.96,0.2378,0.0464,0.2346,66.95,0.45,41.11,17.55,19.71,0.9,8.0,37.5,87.9,0.361,0.131,28.2,9.0,9.0,9.0,American Family Field,100,76,5,None,Open-Meteo forecast; MLB fallback,https://forecast.weather.gov/MapClick.php?lat=43.0280&lon=-87.9712,59,0,Yes,Yes,9,Yes,No,MLB Stats API; RotoWire,,H:2026/2025 P:2026,,,Direct BvP not yet weighted; 2026/2025 Statcast baseline active,7,6,22,0,"Last 7 games: 6/22, 0 HR","platoon edge; pitcher baseline 8.0% barrel, 9.0 HR allowed",neutral batted-ball profile; pitcher fly-ball pressure modest,,
668930,Brice Turang,MIL,TEX,2026-08-29T23:15:00Z,Pre-Game,1,Cal Quantrill,615698,R,L,7.79,0.1659,90.4,100.3504,0.4262,0.1705,0.3378,70.18,13.34,27.72,24.06,43.06,17.3,8.58,37.09,89.07,0.433,0.1786,29.01,12.9,12.9,12.9,American Family Field,100,76,5,None,Open-Meteo forecast; MLB fallback,https://forecast.weather.gov/MapClick.php?lat=43.0280&lon=-87.9712,59,0,Yes,Yes,1,Yes,No,MLB Stats API; RotoWire,,H:2026/2025 P:2026/2025,,,Direct BvP not yet weighted; 2026/2025 Statcast baseline active,7,5,30,1,"Last 7 games: 5/30, 1 HR","platoon edge; pitcher baseline 8.6% barrel, 12.9 HR allowed",neutral batted-ball profile; pitcher fly-ball pressure modest,,
694192,Jackson Chourio,MIL,TEX,2026-08-29T23:15:00Z,Pre-Game,2,Cal Quantrill,615698,R,R,12.08,0.1916,91.05,101.8889,0.461,0.2063,0.3301,74.25,43.82,30.66,28.78,45.52,19.6,8.58,37.09,89.07,0.433,0.1786,29.01,12.9,12.9,12.9,American Family Field,100,76,5,None,Open-Meteo forecast; MLB fallback,https://forecast.weather.gov/MapClick.php?lat=43.0280&lon=-87.9712,59,0,Yes,Yes,2,Yes,No,MLB Stats API; RotoWire,,H:2026/2025 P:2026/2025,,,Direct BvP not yet weighted; 2026/2025 Statcast baseline active,7,9,29,2,Hot streak: 2 HR in last 7 games,"same-side matchup; pitcher baseline 8.6% barrel, 12.9 HR allowed",neutral batted-ball profile; pitcher fly-ball pressure modest,,
641343,Jake Bauers,MIL,TEX,2026-08-29T23:15:00Z,Pre-Game,3,Cal Quantrill,615698,R,L,13.84,0.2095,92.19,103.0546,0.4738,0.2216,0.368,76.57,70.0,40.97,30.61,50.78,18.2,8.58,37.09,89.07,0.433,0.1786,29.01,12.9,12.9,12.9,American Family Field,100,76,5,None,Open-Meteo forecast; MLB fallback,https://forecast.weather.gov/MapClick.php?lat=43.0280&lon=-87.9712,59,0,Yes,Yes,3,Yes,No,MLB Stats API; RotoWire,,H:2026/2025 P:2026/2025,,,Direct BvP not yet weighted; 2026/2025 Statcast baseline active,7,5,22,1,"Last 7 games: 5/22, 1 HR","platoon edge; pitcher baseline 8.6% barrel, 12.9 HR allowed",lift-pull EV profile; pitcher fly-ball pressure modest,,
661388,William Contreras,MIL,TEX,2026-08-29T23:15:00Z,Pre-Game,4,Cal Quantrill,615698,R,R,7.31,0.1278,90.4,101.5636,0.4224,0.1646,0.3315,73.34,36.16,36.11,24.08,45.14,13.5,8.58,37.09,89.07,0.433,0.1786,29.01,12.9,12.9,12.9,American Family Field,100,76,5,None,Open-Meteo forecast; MLB fallback,https://forecast.weather.gov/MapClick.php?lat=43.0280&lon=-87.9712,59,0,Yes,Yes,4,Yes,No,MLB Stats API; RotoWire,,H:2026/2025 P:2026/2025,,,Direct BvP not yet weighted; 2026/2025 Statcast baseline active,7,13,30,0,Contact streak: 13/30 over last 7 games,"same-side matchup; pitcher baseline 8.6% barrel, 12.9 HR allowed",neutral batted-ball profile; pitcher fly-ball pressure modest,,
669003,Garrett Mitchell,MIL,TEX,2026-08-29T23:15:00Z,Pre-Game,5,Cal Quantrill,615698,R,L,10.62,0.1342,92.22,103.7195,0.4096,0.1603,0.33,77.08,77.09,33.51,17.76,49.06,6.3,8.58,37.09,89.07,0.433,0.1786,29.01,12.9,12.9,12.9,American Family Field,100,76,5,None,Open-Meteo forecast; MLB fallback,https://forecast.weather.gov/MapClick.php?lat=43.0280&lon=-87.9712,59,0,Yes,Yes,5,Yes,No,MLB Stats API; RotoWire,,H:2026/2025 P:2026/2025,,,Direct BvP not yet weighted; 2026/2025 Statcast baseline active,7,7,18,1,Contact streak: 7/18 over last 7 games,"platoon edge; pitcher baseline 8.6% barrel, 12.9 HR allowed",EV profile; pitcher fly-ball pressure modest,,
592885,Christian Yelich,MIL,TEX,2026-08-29T23:15:00Z,Pre-Game,6,Cal Quantrill,615698,R,L,10.16,0.1572,89.22,101.0224,0.4061,0.1688,0.3181,73.09,31.83,33.61,18.74,44.02,15.0,8.58,37.09,89.07,0.433,0.1786,29.01,12.9,12.9,12.9,American Family Field,100,76,5,None,Open-Meteo forecast; MLB fallback,https://forecast.weather.gov/MapClick.php?lat=43.0280&lon=-87.9712,59,0,Yes,Yes,6,Yes,No,MLB Stats API; RotoWire,,H:2026/2025 P:2026/2025,,,Direct BvP not yet weighted; 2026/2025 Statcast baseline active,7,9,23,0,Contact streak: 9/23 over last 7 games,"platoon edge; pitcher baseline 8.6% barrel, 12.9 HR allowed",neutral batted-ball profile; pitcher fly-ball pressure modest,,
800325,Luis Lara,MIL,TEX,2026-08-29T23:15:00Z,Pre-Game,7,Cal Quantrill,615698,R,S,5.3,0.108,89.3,99.0198,0.366,0.092,0.319,71.6,17.5,29.5,16.8,43.2,1.0,8.58,37.09,89.07,0.433,0.1786,29.01,12.9,12.9,12.9,American Family Field,100,76,5,None,Open-Meteo forecast; MLB fallback,https://forecast.weather.gov/MapClick.php?lat=43.0280&lon=-87.9712,59,0,Yes,Yes,7,Yes,No,MLB Stats API; RotoWire,,H:2026 P:2026/2025,,,Direct BvP not yet weighted; 2026/2025 Statcast baseline active,7,9,21,0,Contact streak: 9/21 over last 7 games,"switch hitter; pitcher baseline 8.6% barrel, 12.9 HR allowed",neutral batted-ball profile; pitcher fly-ball pressure modest,,
806198,Cooper Pratt,MIL,TEX,2026-08-29T23:15:00Z,Pre-Game,8,Cal Quantrill,615698,R,R,3.3,0.085,86.9,96.7445,0.341,0.091,0.306,70.1,7.8,33.1,24.2,29.0,2.0,8.58,37.09,89.07,0.433,0.1786,29.01,12.9,12.9,12.9,American Family Field,100,76,5,None,Open-Meteo forecast; MLB fallback,https://forecast.weather.gov/MapClick.php?lat=43.0280&lon=-87.9712,59,0,Yes,Yes,8,Yes,No,MLB Stats API; RotoWire,,H:2026 P:2026/2025,,,Direct BvP not yet weighted; 2026/2025 Statcast baseline active,7,4,17,0,"Last 7 games: 4/17, 0 HR","same-side matchup; pitcher baseline 8.6% barrel, 12.9 HR allowed",neutral batted-ball profile; pitcher fly-ball pressure modest,,
666152,David Hamilton,MIL,TEX,2026-08-29T23:15:00Z,Pre-Game,9,Cal Quantrill,615698,R,L,4.25,0.1063,86.81,96.8234,0.3141,0.0953,0.2719,69.73,6.87,34.69,25.67,27.8,4.6,8.58,37.09,89.07,0.433,0.1786,29.01,12.9,12.9,12.9,American Family Field,100,76,5,None,Open-Meteo forecast; MLB fallback,https://forecast.weather.gov/MapClick.php?lat=43.0280&lon=-87.9712,59,0,Yes,Yes,9,Yes,No,MLB Stats API; RotoWire,,H:2026/2025 P:2026/2025,,,Direct BvP not yet weighted; 2026/2025 Statcast baseline active,7,10,27,1,Contact streak: 10/27 over last 7 games,"platoon edge; pitcher baseline 8.6% barrel, 12.9 HR allowed",neutral batted-ball profile; pitcher fly-ball pressure modest,,
702616,Jackson Holliday,BAL,ATH,2026-08-30T02:05:00Z,Pre-Game,1,Jack Perkins,678022,R,L,6.68,0.1253,87.61,98.1128,0.3732,0.1322,0.3084,70.6,7.48,33.59,24.12,36.04,9.3,9.11,36.44,87.8,0.3769,0.1489,33.75,13.1,13.1,13.1,Sutter Health Park,106,77,7,Out To LF,NOAA link only,https://forecast.weather.gov/MapClick.php?lat=38.5804&lon=-121.5139,,,Yes,No,1,Yes,Yes,MLB Stats API; RotoWire,RotoWire not confirmed,H:2026/2025 P:2026/2025,,,Direct BvP not yet weighted; 2026/2025 Statcast baseline active,7,7,31,0,"Last 7 games: 7/31, 0 HR","platoon edge; pitcher baseline 9.1% barrel, 13.1 HR allowed",neutral batted-ball profile; pitcher allows elevated contact,,
624413,Pete Alonso,BAL,ATH,2026-08-30T02:05:00Z,Pre-Game,2,Jack Perkins,678022,R,R,15.47,0.2408,93.99,104.2977,0.5566,0.2745,0.3909,74.78,48.79,36.15,30.67,56.29,33.8,9.11,36.44,87.8,0.3769,0.1489,33.75,13.1,13.1,13.1,Sutter Health Park,106,77,7,Out To LF,NOAA link only,https://forecast.weather.gov/MapClick.php?lat=38.5804&lon=-121.5139,,,Yes,No,2,Yes,Yes,MLB Stats API; RotoWire,RotoWire not confirmed,H:2026/2025 P:2026/2025,,,Direct BvP not yet weighted; 2026/2025 Statcast baseline active,7,9,28,3,Hot streak: 3 HR in last 7 games,"same-side matchup; pitcher baseline 9.1% barrel, 13.1 HR allowed",EV profile; pitcher allows elevated contact,,
683002,Gunnar Henderson,BAL,ATH,2026-08-30T02:05:00Z,Pre-Game,3,Jack Perkins,678022,R,L,7.41,0.1696,90.42,101.3329,0.4033,0.1504,0.3235,74.67,47.24,41.43,23.31,45.7,19.1,9.11,36.44,87.8,0.3769,0.1489,33.75,13.1,13.1,13.1,Sutter Health Park,106,77,7,Out To LF,NOAA link only,https://forecast.weather.gov/MapClick.php?lat=38.5804&lon=-121.5139,,,Yes,No,3,Yes,Yes,MLB Stats API; RotoWire,RotoWire not confirmed,H:2026/2025 P:2026/2025,,,Direct BvP not yet weighted; 2026/2025 Statcast baseline active,7,4,24,0,"Last 7 games: 4/24, 0 HR","platoon edge; pitcher baseline 9.1% barrel, 13.1 HR allowed",neutral batted-ball profile; pitcher allows elevated contact,,
687952,Christian Encarnacion-Strand,BAL,ATH,2026-08-30T02:05:00Z,Pre-Game,4,Jack Perkins,678022,R,R,14.53,0.2229,91.05,102.0981,0.5079,0.2612,0.3322,73.74,37.88,44.48,29.23,43.58,6.7,9.11,36.44,87.8,0.3769,0.1489,33.75,13.1,13.1,13.1,Sutter Health Park,106,77,7,Out To LF,NOAA link only,https://forecast.weather.gov/MapClick.php?lat=38.5804&lon=-121.5139,,,Yes,,,No,Yes,MLB Stats API; RotoWire,not found on RotoWire,H:2026/2025 P:2026/2025,,,Direct BvP not yet weighted; 2026/2025 Statcast baseline active,7,9,29,1,"Last 7 games: 9/29, 1 HR","same-side matchup; pitcher baseline 9.1% barrel, 13.1 HR allowed",neutral batted-ball profile; pitcher allows elevated contact,,
694212,Samuel Basallo,BAL,ATH,2026-08-30T02:05:00Z,Pre-Game,5,Jack Perkins,678022,R,L,11.7,0.1902,90.22,102.229,0.4275,0.1973,0.3113,74.8,49.21,42.04,28.84,44.05,13.1,9.11,36.44,87.8,0.3769,0.1489,33.75,13.1,13.1,13.1,Sutter Health Park,106,77,7,Out To LF,NOAA link only,https://forecast.weather.gov/MapClick.php?lat=38.5804&lon=-121.5139,,,Yes,No,4,Yes,Yes,MLB Stats API; RotoWire,RotoWire not confirmed; order MLB 5 vs RotoWire 4,H:2026/2025 P:2026/2025,,,Direct BvP not yet weighted; 2026/2025 Statcast baseline active,7,3,24,1,"Last 7 games: 3/24, 1 HR","platoon edge; pitcher baseline 9.1% barrel, 13.1 HR allowed",neutral batted-ball profile; pitcher allows elevated contact,,
687637,Dylan Beavers,BAL,ATH,2026-08-30T02:05:00Z,Pre-Game,6,Jack Perkins,678022,R,L,8.25,0.1513,88.59,99.3486,0.3905,0.1635,0.3202,72.41,21.4,40.46,32.09,36.47,5.4,9.11,36.44,87.8,0.3769,0.1489,33.75,13.1,13.1,13.1,Sutter Health Park,106,77,7,Out To LF,NOAA link only,https://forecast.weather.gov/MapClick.php?lat=38.5804&lon=-121.5139,,,Yes,No,6,Yes,Yes,MLB Stats API; RotoWire,RotoWire not confirmed,H:2026/2025 P:2026/2025,,,Direct BvP not yet weighted; 2026/2025 Statcast baseline active,7,7,20,1,Contact streak: 7/20 over last 7 games,"platoon edge; pitcher baseline 9.1% barrel, 13.1 HR allowed",neutral batted-ball profile; pitcher allows elevated contact,,
691723,Coby Mayo,BAL,ATH,2026-08-30T02:05:00Z,Pre-Game,7,Jack Perkins,678022,R,R,12.06,0.2088,90.52,102.8028,0.419,0.2006,0.3079,75.33,54.53,49.27,33.9,45.1,15.9,9.11,36.44,87.8,0.3769,0.1489,33.75,13.1,13.1,13.1,Sutter Health Park,106,77,7,Out To LF,NOAA link only,https://forecast.weather.gov/MapClick.php?lat=38.5804&lon=-121.5139,,,Yes,No,5,Yes,Yes,MLB Stats API; RotoWire,RotoWire not confirmed; order MLB 7 vs RotoWire 5,H:2026/2025 P:2026/2025,,,Direct BvP not yet weighted; 2026/2025 Statcast baseline active,7,6,25,1,"Last 7 games: 6/25, 1 HR","same-side matchup; pitcher baseline 9.1% barrel, 13.1 HR allowed",neutral batted-ball profile; pitcher allows elevated contact,,
681297,Colton Cowser,BAL,ATH,2026-08-30T02:05:00Z,Pre-Game,8,Jack Perkins,678022,R,L,11.79,0.1631,88.73,100.9417,0.4173,0.2016,0.3161,74.44,44.64,38.03,32.92,42.01,13.2,9.11,36.44,87.8,0.3769,0.1489,33.75,13.1,13.1,13.1,Sutter Health Park,106,77,7,Out To LF,NOAA link only,https://forecast.weather.gov/MapClick.php?lat=38.5804&lon=-121.5139,,,Yes,No,8,Yes,Yes,MLB Stats API; RotoWire,RotoWire not confirmed,H:2026/2025 P:2026/2025,,,Direct BvP not yet weighted; 2026/2025 Statcast baseline active,7,8,21,1,Contact streak: 8/21 over last 7 games,"platoon edge; pitcher baseline 9.1% barrel, 13.1 HR allowed",neutral batted-ball profile; pitcher allows elevated contact,,
665750,Leody Taveras,BAL,ATH,2026-08-30T02:05:00Z,Pre-Game,9,Jack Perkins,678022,R,S,4.93,0.1221,88.29,99.2447,0.3216,0.1117,0.2628,72.46,24.88,33.72,24.52,33.66,6.5,9.11,36.44,87.8,0.3769,0.1489,33.75,13.1,13.1,13.1,Sutter Health Park,106,77,7,Out To LF,NOAA link only,https://forecast.weather.gov/MapClick.php?lat=38.5804&lon=-121.5139,,,Yes,No,9,Yes,Yes,MLB Stats API; RotoWire,RotoWire not confirmed,H:2026/2025 P:2026/2025,,,Direct BvP not yet weighted; 2026/2025 Statcast baseline active,7,4,28,1,"Last 7 games: 4/28, 1 HR","switch hitter; pitcher baseline 9.1% barrel, 13.1 HR allowed",neutral batted-ball profile; pitcher allows elevated contact,,
703607,Henry Bolte,ATH,BAL,2026-08-30T02:05:00Z,Pre-Game,1,Shane Baz,669358,R,R,7.0,0.1,91.0,104.4724,0.354,0.114,0.304,76.9,72.5,31.3,16.4,47.9,6.0,7.47,41.5,90.12,0.3909,0.1462,25.57,15.5,15.5,15.5,Sutter Health Park,106,77,7,Out To LF,NOAA link only,https://forecast.weather.gov/MapClick.php?lat=38.5804&lon=-121.5139,,,Yes,Yes,1,Yes,No,MLB Stats API; RotoWire,,H:2026 P:2026/2025,,,Direct BvP not yet weighted; 2026/2025 Statcast baseline active,7,7,26,0,"Last 7 games: 7/26, 0 HR","same-side matchup; pitcher baseline 7.5% barrel, 15.5 HR allowed",neutral batted-ball profile; pitcher fly-ball pressure modest,,
643446,Jeff McNeil,ATH,BAL,2026-08-30T02:05:00Z,Pre-Game,2,Shane Baz,669358,R,L,2.79,0.1169,86.78,96.6463,0.3768,0.1027,0.3139,69.3,5.65,43.35,23.19,31.22,7.8,7.47,41.5,90.12,0.3909,0.1462,25.57,15.5,15.5,15.5,Sutter Health Park,106,77,7,Out To LF,NOAA link only,https://forecast.weather.gov/MapClick.php?lat=38.5804&lon=-121.5139,,,Yes,Yes,2,Yes,No,MLB Stats API; RotoWire,,H:2026/2025 P:2026/2025,,,Direct BvP not yet weighted; 2026/2025 Statcast baseline active,7,8,30,0,"Last 7 games: 8/30, 0 HR","platoon edge; pitcher baseline 7.5% barrel, 15.5 HR allowed",neutral batted-ball profile; pitcher fly-ball pressure modest,,
680869,Zack Gelof,ATH,BAL,2026-08-30T02:05:00Z,Pre-Game,3,Shane Baz,669358,R,R,9.28,0.1666,88.59,99.6436,0.3662,0.1648,0.2771,73.29,28.2,38.9,27.38,43.7,10.4,7.47,41.5,90.12,0.3909,0.1462,25.57,15.5,15.5,15.5,Sutter Health Park,106,77,7,Out To LF,NOAA link only,https://forecast.weather.gov/MapClick.php?lat=38.5804&lon=-121.5139,,,Yes,Yes,3,Yes,No,MLB Stats API; RotoWire,,H:2026/2025 P:2026/2025,,,Direct BvP not yet weighted; 2026/2025 Statcast baseline active,7,4,27,0,"Last 7 games: 4/27, 0 HR","same-side matchup; pitcher baseline 7.5% barrel, 15.5 HR allowed",neutral batted-ball profile; pitcher fly-ball pressure modest,,
671732,Lawrence Butler,ATH,BAL,2026-08-30T02:05:00Z,Pre-Game,4,Shane Baz,669358,R,L,8.08,0.1511,89.66,101.7001,0.3825,0.1472,0.3124,73.7,38.37,34.26,22.21,44.96,14.7,7.47,41.5,90.12,0.3909,0.1462,25.57,15.5,15.5,15.5,Sutter Health Park,106,77,7,Out To LF,NOAA link only,https://forecast.weather.gov/MapClick.php?lat=38.5804&lon=-121.5139,,,Yes,Yes,4,Yes,No,MLB Stats API; RotoWire,,H:2026/2025 P:2026/2025,,,Direct BvP not yet weighted; 2026/2025 Statcast baseline active,7,9,25,1,Contact streak: 9/25 over last 7 games,"platoon edge; pitcher baseline 7.5% barrel, 15.5 HR allowed",neutral batted-ball profile; pitcher fly-ball pressure modest,,
695720,Tommy White,ATH,BAL,2026-08-30T02:05:00Z,Pre-Game,5,Shane Baz,669358,R,R,8.7,0.073,85.8,97.3225,0.413,0.132,0.314,69.2,13.5,27.0,22.6,32.2,2.0,7.47,41.5,90.12,0.3909,0.1462,25.57,15.5,15.5,15.5,Sutter Health Park,106,77,7,Out To LF,NOAA link only,https://forecast.weather.gov/MapClick.php?lat=38.5804&lon=-121.5139,,,Yes,Yes,5,Yes,No,MLB Stats API; RotoWire,,H:2026 P:2026/2025,,,Direct BvP not yet weighted; 2026/2025 Statcast baseline active,7,9,28,0,Contact streak: 9/28 over last 7 games,"same-side matchup; pitcher baseline 7.5% barrel, 15.5 HR allowed",neutral batted-ball profile; pitcher fly-ball pressure modest,,
622268,Donovan Walton,ATH,BAL,2026-08-30T02:05:00Z,Pre-Game,6,Shane Baz,669358,R,L,3.15,0.112,89.17,97.6798,0.3639,0.1026,0.3083,67.78,0.42,36.37,21.67,35.47,2.8,7.47,41.5,90.12,0.3909,0.1462,25.57,15.5,15.5,15.5,Sutter Health Park,106,77,7,Out To LF,NOAA link only,https://forecast.weather.gov/MapClick.php?lat=38.5804&lon=-121.5139,,,Yes,Yes,6,Yes,No,MLB Stats API; RotoWire,,H:2026/2025 P:2026/2025,,,Direct BvP not yet weighted; 2026/2025 Statcast baseline active,7,5,19,1,"Last 7 games: 5/19, 1 HR","platoon edge; pitcher baseline 7.5% barrel, 15.5 HR allowed",neutral batted-ball profile; pitcher fly-ball pressure modest,,
691777,Max Muncy,ATH,BAL,2026-08-30T02:05:00Z,Pre-Game,7,Shane Baz,669358,R,R,11.15,0.1608,89.13,100.9537,0.3635,0.15,0.2831,73.87,43.37,41.14,23.42,40.17,7.6,7.47,41.5,90.12,0.3909,0.1462,25.57,15.5,15.5,15.5,Sutter Health Park,106,77,7,Out To LF,NOAA link only,https://forecast.weather.gov/MapClick.php?lat=38.5804&lon=-121.5139,,,Yes,Yes,7,Yes,No,MLB Stats API; RotoWire,,H:2026/2025 P:2026/2025,,,Direct BvP not yet weighted; 2026/2025 Statcast baseline active,7,7,25,2,Hot streak: 2 HR in last 7 games,"same-side matchup; pitcher baseline 7.5% barrel, 15.5 HR allowed",neutral batted-ball profile; pitcher fly-ball pressure modest,,
666126,Carlos Cortes,ATH,BAL,2026-08-30T02:05:00Z,Pre-Game,8,Shane Baz,669358,R,L,7.31,0.1724,89.31,99.577,0.3989,0.1455,0.3119,70.76,14.48,30.27,23.01,39.17,6.8,7.47,41.5,90.12,0.3909,0.1462,25.57,15.5,15.5,15.5,Sutter Health Park,106,77,7,Out To LF,NOAA link only,https://forecast.weather.gov/MapClick.php?lat=38.5804&lon=-121.5139,,,Yes,Yes,8,Yes,No,MLB Stats API; RotoWire,,H:2026/2025 P:2026/2025,,,Direct BvP not yet weighted; 2026/2025 Statcast baseline active,7,5,23,1,"Last 7 games: 5/23, 1 HR","platoon edge; pitcher baseline 7.5% barrel, 15.5 HR allowed",neutral batted-ball profile; pitcher fly-ball pressure modest,,
641680,Jonah Heim,ATH,BAL,2026-08-30T02:05:00Z,Pre-Game,9,Shane Baz,669358,R,S,6.73,0.1603,87.82,97.8491,0.367,0.1396,0.2893,69.77,9.45,40.49,27.97,33.31,11.7,7.47,41.5,90.12,0.3909,0.1462,25.57,15.5,15.5,15.5,Sutter Health Park,106,77,7,Out To LF,NOAA link only,https://forecast.weather.gov/MapClick.php?lat=38.5804&lon=-121.5139,,,Yes,Yes,9,Yes,No,MLB Stats API; RotoWire,,H:2026/2025 P:2026/2025,,,Direct BvP not yet weighted; 2026/2025 Statcast baseline active,7,4,26,1,"Last 7 games: 4/26, 1 HR","switch hitter; pitcher baseline 7.5% barrel, 15.5 HR allowed",neutral batted-ball profile; pitcher fly-ball pressure modest,,
656941,Kyle Schwarber,PHI,LAA,2026-08-30T02:07:00Z,Pre-Game,1,Ryan Johnson,696270,R,L,18.56,0.2971,93.18,104.3262,0.5257,0.2833,0.3779,77.16,75.56,54.49,33.25,53.58,44.8,9.69,37.26,87.89,0.4437,0.1868,33.81,12.4,12.4,12.4,Angel Stadium,101,93,8,R To L,Open-Meteo forecast; MLB fallback,https://forecast.weather.gov/MapClick.php?lat=33.8003&lon=-117.8827,49,0,No,No,1,Yes,Yes,RotoWire projected lineup; MLB probable pitchers,lineup projected / unconfirmed,H:2026/2025 P:2026/2025,,,Direct BvP not yet weighted; 2026/2025 Statcast baseline active,7,7,28,3,Hot streak: 3 HR in last 7 games,"platoon edge; pitcher baseline 9.7% barrel, 12.4 HR allowed",lift-pull EV profile; pitcher allows elevated contact,,
607208,Trea Turner,PHI,LAA,2026-08-30T02:07:00Z,Pre-Game,2,Ryan Johnson,696270,R,R,6.01,0.1439,88.67,99.3407,0.3785,0.1267,0.3007,71.45,19.0,35.03,25.13,40.35,16.4,9.69,37.26,87.89,0.4437,0.1868,33.81,12.4,12.4,12.4,Angel Stadium,101,93,8,R To L,Open-Meteo forecast; MLB fallback,https://forecast.weather.gov/MapClick.php?lat=33.8003&lon=-117.8827,49,0,No,No,2,Yes,Yes,RotoWire projected lineup; MLB probable pitchers,lineup projected / unconfirmed,H:2026/2025 P:2026/2025,,,Direct BvP not yet weighted; 2026/2025 Statcast baseline active,7,4,31,0,"Last 7 games: 4/31, 0 HR","same-side matchup; pitcher baseline 9.7% barrel, 12.4 HR allowed",neutral batted-ball profile; pitcher allows elevated contact,,
547180,Bryce Harper,PHI,LAA,2026-08-30T02:07:00Z,Pre-Game,3,Ryan Johnson,696270,R,L,11.67,0.2344,90.67,101.9261,0.5018,0.2282,0.3855,74.1,44.8,37.49,27.52,45.47,27.0,9.69,37.26,87.89,0.4437,0.1868,33.81,12.4,12.4,12.4,Angel Stadium,101,93,8,R To L,Open-Meteo forecast; MLB fallback,https://forecast.weather.gov/MapClick.php?lat=33.8003&lon=-117.8827,49,0,No,No,3,Yes,Yes,RotoWire projected lineup; MLB probable pitchers,lineup projected / unconfirmed,H:2026/2025 P:2026/2025,,,Direct BvP not yet weighted; 2026/2025 Statcast baseline active,7,10,27,2,Hot streak: 2 HR in last 7 games,"platoon edge; pitcher baseline 9.7% barrel, 12.4 HR allowed",neutral batted-ball profile; pitcher allows elevated contact,,
650333,Luis Arraez,PHI,LAA,2026-08-30T02:07:00Z,Pre-Game,4,Ryan Johnson,696270,R,L,1.17,0.1119,86.45,93.9444,0.377,0.0865,0.3072,62.92,0.12,30.03,28.52,18.66,6.6,9.69,37.26,87.89,0.4437,0.1868,33.81,12.4,12.4,12.4,Angel Stadium,101,93,8,R To L,Open-Meteo forecast; MLB fallback,https://forecast.weather.gov/MapClick.php?lat=33.8003&lon=-117.8827,49,0,No,No,4,Yes,Yes,RotoWire projected lineup; MLB probable pitchers,lineup projected / unconfirmed,H:2026/2025 P:2026/2025,,,Direct BvP not yet weighted; 2026/2025 Statcast baseline active,7,8,24,0,Contact streak: 8/24 over last 7 games,"platoon edge; pitcher baseline 9.7% barrel, 12.4 HR allowed",neutral batted-ball profile; pitcher allows elevated contact,,
664761,Alec Bohm,PHI,LAA,2026-08-30T02:07:00Z,Pre-Game,5,Ryan Johnson,696270,R,R,5.85,0.1339,90.52,100.2817,0.4081,0.1439,0.3212,71.21,14.49,28.42,22.37,43.6,13.1,9.69,37.26,87.89,0.4437,0.1868,33.81,12.4,12.4,12.4,Angel Stadium,101,93,8,R To L,Open-Meteo forecast; MLB fallback,https://forecast.weather.gov/MapClick.php?lat=33.8003&lon=-117.8827,49,0,No,No,5,Yes,Yes,RotoWire projected lineup; MLB probable pitchers,lineup projected / unconfirmed,H:2026/2025 P:2026/2025,,,Direct BvP not yet weighted; 2026/2025 Statcast baseline active,7,7,26,0,"Last 7 games: 7/26, 0 HR","same-side matchup; pitcher baseline 9.7% barrel, 12.4 HR allowed",neutral batted-ball profile; pitcher allows elevated contact,,
681082,Bryson Stott,PHI,LAA,2026-08-30T02:07:00Z,Pre-Game,6,Ryan Johnson,696270,R,L,5.52,0.141,88.72,98.4438,0.3972,0.1348,0.3242,69.72,6.68,34.66,27.59,35.66,10.2,9.69,37.26,87.89,0.4437,0.1868,33.81,12.4,12.4,12.4,Angel Stadium,101,93,8,R To L,Open-Meteo forecast; MLB fallback,https://forecast.weather.gov/MapClick.php?lat=33.8003&lon=-117.8827,49,0,No,No,6,Yes,Yes,RotoWire projected lineup; MLB probable pitchers,lineup projected / unconfirmed,H:2026/2025 P:2026/2025,,,Direct BvP not yet weighted; 2026/2025 Statcast baseline active,7,5,24,0,"Last 7 games: 5/24, 0 HR","platoon edge; pitcher baseline 9.7% barrel, 12.4 HR allowed",neutral batted-ball profile; pitcher allows elevated contact,,
669016,Brandon Marsh,PHI,LAA,2026-08-30T02:07:00Z,Pre-Game,7,Ryan Johnson,696270,R,L,8.47,0.1588,89.91,100.1648,0.4187,0.1592,0.3153,71.47,15.65,37.49,26.45,44.86,15.2,9.69,37.26,87.89,0.4437,0.1868,33.81,12.4,12.4,12.4,Angel Stadium,101,93,8,R To L,Open-Meteo forecast; MLB fallback,https://forecast.weather.gov/MapClick.php?lat=33.8003&lon=-117.8827,49,0,No,No,7,Yes,Yes,RotoWire projected lineup; MLB probable pitchers,lineup projected / unconfirmed,H:2026/2025 P:2026/2025,,,Direct BvP not yet weighted; 2026/2025 Statcast baseline active,7,4,19,0,"Last 7 games: 4/19, 0 HR","platoon edge; pitcher baseline 9.7% barrel, 12.4 HR allowed",neutral batted-ball profile; pitcher allows elevated contact,,
592663,J.T. Realmuto,PHI,LAA,2026-08-30T02:07:00Z,Pre-Game,8,Ryan Johnson,696270,R,R,5.58,0.1298,89.93,100.1909,0.3942,0.1363,0.3195,72.77,31.17,42.93,25.38,42.0,9.9,9.69,37.26,87.89,0.4437,0.1868,33.81,12.4,12.4,12.4,Angel Stadium,101,93,8,R To L,Open-Meteo forecast; MLB fallback,https://forecast.weather.gov/MapClick.php?lat=33.8003&lon=-117.8827,49,0,No,No,8,Yes,Yes,RotoWire projected lineup; MLB probable pitchers,lineup projected / unconfirmed,H:2026/2025 P:2026/2025,,,Direct BvP not yet weighted; 2026/2025 Statcast baseline active,7,7,23,1,"Last 7 games: 7/23, 1 HR","same-side matchup; pitcher baseline 9.7% barrel, 12.4 HR allowed",neutral batted-ball profile; pitcher allows elevated contact,,
702222,Justin Crawford,PHI,LAA,2026-08-30T02:07:00Z,Pre-Game,9,Ryan Johnson,696270,R,L,1.3,0.086,87.1,98.2448,0.322,0.063,0.286,69.1,5.7,26.9,16.9,35.5,2.0,9.69,37.26,87.89,0.4437,0.1868,33.81,12.4,12.4,12.4,Angel Stadium,101,93,8,R To L,Open-Meteo forecast; MLB fallback,https://forecast.weather.gov/MapClick.php?lat=33.8003&lon=-117.8827,49,0,No,No,9,Yes,Yes,RotoWire projected lineup; MLB probable pitchers,lineup projected / unconfirmed,H:2026 P:2026/2025,,,Direct BvP not yet weighted; 2026/2025 Statcast baseline active,7,3,17,0,"Last 7 games: 3/17, 0 HR","platoon edge; pitcher baseline 9.7% barrel, 12.4 HR allowed",neutral batted-ball profile; pitcher allows elevated contact,,
687263,Zach Neto,LAA,PHI,2026-08-30T02:07:00Z,Pre-Game,1,Cristopher Sánchez,650911,L,R,12.39,0.2009,90.02,100.3036,0.4306,0.209,0.3174,71.33,13.97,47.13,34.68,42.54,23.2,6.82,41.34,89.21,0.3548,0.1207,16.41,13.4,13.4,13.4,Angel Stadium,101,93,8,R To L,Open-Meteo forecast; MLB fallback,https://forecast.weather.gov/MapClick.php?lat=33.8003&lon=-117.8827,49,0,Yes,Yes,1,Yes,No,MLB Stats API; RotoWire,,H:2026/2025 P:2026/2025,,,Direct BvP not yet weighted; 2026/2025 Statcast baseline active,7,9,28,1,Contact streak: 9/28 over last 7 games,"platoon edge; pitcher baseline 6.8% barrel, 13.4 HR allowed",neutral batted-ball profile; pitcher fly-ball pressure modest,,
545361,Mike Trout,LAA,PHI,2026-08-30T02:07:00Z,Pre-Game,2,Cristopher Sánchez,650911,L,R,15.94,0.1958,90.27,102.879,0.4887,0.2418,0.3741,74.63,47.77,37.0,32.82,46.78,21.8,6.82,41.34,89.21,0.3548,0.1207,16.41,13.4,13.4,13.4,Angel Stadium,101,93,8,R To L,Open-Meteo forecast; MLB fallback,https://forecast.weather.gov/MapClick.php?lat=33.8003&lon=-117.8827,49,0,Yes,Yes,2,Yes,No,MLB Stats API; RotoWire,,H:2026/2025 P:2026/2025,,,Direct BvP not yet weighted; 2026/2025 Statcast baseline active,7,7,25,0,"Last 7 games: 7/25, 0 HR","platoon edge; pitcher baseline 6.8% barrel, 13.4 HR allowed",neutral batted-ball profile; pitcher fly-ball pressure modest,,
687093,Vaughn Grissom,LAA,PHI,2026-08-30T02:07:00Z,Pre-Game,3,Cristopher Sánchez,650911,L,R,6.9,0.14,87.8,99.0229,0.381,0.134,0.31,71.3,18.1,40.8,26.0,37.0,9.0,6.82,41.34,89.21,0.3548,0.1207,16.41,13.4,13.4,13.4,Angel Stadium,101,93,8,R To L,Open-Meteo forecast; MLB fallback,https://forecast.weather.gov/MapClick.php?lat=33.8003&lon=-117.8827,49,0,Yes,Yes,3,Yes,No,MLB Stats API; RotoWire,,H:2026 P:2026/2025,,,Direct BvP not yet weighted; 2026/2025 Statcast baseline active,7,5,24,2,Hot streak: 2 HR in last 7 games,"platoon edge; pitcher baseline 6.8% barrel, 13.4 HR allowed",neutral batted-ball profile; pitcher fly-ball pressure modest,,
642350,Jose Siri,LAA,PHI,2026-08-30T02:07:00Z,Pre-Game,4,Cristopher Sánchez,650911,L,R,15.8,0.1439,87.7,99.8407,0.3886,0.205,0.2799,73.22,36.27,31.2,44.02,38.76,4.9,6.82,41.34,89.21,0.3548,0.1207,16.41,13.4,13.4,13.4,Angel Stadium,101,93,8,R To L,Open-Meteo forecast; MLB fallback,https://forecast.weather.gov/MapClick.php?lat=33.8003&lon=-117.8827,49,0,Yes,Yes,4,Yes,No,MLB Stats API; RotoWire,,H:2026/2025 P:2026/2025,,,Direct BvP not yet weighted; 2026/2025 Statcast baseline active,7,3,21,0,"Last 7 games: 3/21, 0 HR","platoon edge; pitcher baseline 6.8% barrel, 13.4 HR allowed",fly-ball profile; pitcher fly-ball pressure modest,,
695681,Christian Moore,LAA,PHI,2026-08-30T02:07:00Z,Pre-Game,5,Cristopher Sánchez,650911,L,R,14.25,0.1195,89.67,99.8746,0.3156,0.1266,0.2645,73.19,29.42,22.51,27.22,37.14,2.8,6.82,41.34,89.21,0.3548,0.1207,16.41,13.4,13.4,13.4,Angel Stadium,101,93,8,R To L,Open-Meteo forecast; MLB fallback,https://forecast.weather.gov/MapClick.php?lat=33.8003&lon=-117.8827,49,0,Yes,Yes,5,Yes,No,MLB Stats API; RotoWire,,H:2026/2025 P:2026/2025,,,Direct BvP not yet weighted; 2026/2025 Statcast baseline active,7,3,22,1,"Last 7 games: 3/22, 1 HR","platoon edge; pitcher baseline 6.8% barrel, 13.4 HR allowed",neutral batted-ball profile; pitcher fly-ball pressure modest,,
672724,Oswald Peraza,LAA,PHI,2026-08-30T02:07:00Z,Pre-Game,6,Cristopher Sánchez,650911,L,R,6.77,0.1119,87.31,99.6963,0.3277,0.1141,0.2641,72.9,29.65,36.9,21.36,37.68,6.4,6.82,41.34,89.21,0.3548,0.1207,16.41,13.4,13.4,13.4,Angel Stadium,101,93,8,R To L,Open-Meteo forecast; MLB fallback,https://forecast.weather.gov/MapClick.php?lat=33.8003&lon=-117.8827,49,0,Yes,Yes,6,Yes,No,MLB Stats API; RotoWire,,H:2026/2025 P:2026/2025,,,Direct BvP not yet weighted; 2026/2025 Statcast baseline active,7,1,10,0,"Last 7 games: 1/10, 0 HR","platoon edge; pitcher baseline 6.8% barrel, 13.4 HR allowed",neutral batted-ball profile; pitcher fly-ball pressure modest,,
694203,Denzer Guzman,LAA,PHI,2026-08-30T02:07:00Z,Pre-Game,7,Cristopher Sánchez,650911,L,R,8.77,0.139,86.71,98.4876,0.3237,0.1141,0.2511,73.43,34.57,40.95,24.26,36.81,4.8,6.82,41.34,89.21,0.3548,0.1207,16.41,13.4,13.4,13.4,Angel Stadium,101,93,8,R To L,Open-Meteo forecast; MLB fallback,https://forecast.weather.gov/MapClick.php?lat=33.8003&lon=-117.8827,49,0,Yes,Yes,7,Yes,No,MLB Stats API; RotoWire,,H:2026/2025 P:2026/2025,,,Direct BvP not yet weighted; 2026/2025 Statcast baseline active,7,2,22,0,"Last 7 games: 2/22, 0 HR","platoon edge; pitcher baseline 6.8% barrel, 13.4 HR allowed",neutral batted-ball profile; pitcher fly-ball pressure modest,,
518595,Travis d'Arnaud,LAA,PHI,2026-08-30T02:07:00Z,Pre-Game,8,Cristopher Sánchez,650911,L,R,12.38,0.0935,87.64,97.717,0.3278,0.1561,0.2662,71.22,14.16,29.04,31.02,32.93,2.5,6.82,41.34,89.21,0.3548,0.1207,16.41,13.4,13.4,13.4,Angel Stadium,101,93,8,R To L,Open-Meteo forecast; MLB fallback,https://forecast.weather.gov/MapClick.php?lat=33.8003&lon=-117.8827,49,0,Yes,Yes,8,Yes,No,MLB Stats API; RotoWire,,H:2026/2025 P:2026/2025,,,Direct BvP not yet weighted; 2026/2025 Statcast baseline active,7,0,12,0,"Last 7 games: 0/12, 0 HR","platoon edge; pitcher baseline 6.8% barrel, 13.4 HR allowed",neutral batted-ball profile; pitcher fly-ball pressure modest,,
685133,Wade Meckler,LAA,PHI,2026-08-30T02:07:00Z,Pre-Game,9,Cristopher Sánchez,650911,L,L,3.1,0.092,86.5,96.5606,0.351,0.099,0.306,68.9,2.4,33.8,18.8,31.9,3.0,6.82,41.34,89.21,0.3548,0.1207,16.41,13.4,13.4,13.4,Angel Stadium,101,93,8,R To L,Open-Meteo forecast; MLB fallback,https://forecast.weather.gov/MapClick.php?lat=33.8003&lon=-117.8827,49,0,Yes,Yes,9,Yes,No,MLB Stats API; RotoWire,,H:2026 P:2026/2025,,,Direct BvP not yet weighted; 2026/2025 Statcast baseline active,7,4,23,0,"Last 7 games: 4/23, 0 HR","same-side matchup; pitcher baseline 6.8% barrel, 13.4 HR allowed",neutral batted-ball profile; pitcher fly-ball pressure modest,,
